session_id,cluster_id
1,1
2,5
3,0
4,0
5,0
6,0
7,1
8,0
9,5
10,7
11,4
12,5
13,3
14,6
15,1
16,2
17,5
18,4
19,5
20,3
21,5
22,4
23,1
24,5
25,0
26,4
27,5
28,5
29,4
30,5
31,1
32,3
33,1
34,7
35,4
36,2
37,5
38,4
39,0
40,4
41,3
42,3
43,7
44,1
45,4
46,4
47,5
48,2
49,1
50,7
51,4
52,5
53,3
54,2
55,0
56,5
57,2
58,4
59,0
60,5
61,7
62,3
63,0
64,7
65,4
66,3
67,1
68,7
69,5
70,7
71,3
72,0
73,6
74,2
75,7
76,1
77,7
78,6
79,5
80,5
81,5
82,5
83,2
84,7
85,6
86,5
87,4
88,0
89,0
90,2
91,5
92,6
93,3
94,1
95,0
96,5
97,2
98,6
99,5
100,5
101,7
102,5
103,3
104,7
105,7
106,2
107,1
108,5
109,4
110,1
111,7
112,5
113,5
114,3
115,6
116,5
117,6
118,3
119,5
120,5
121,5
122,3
123,2
124,5
125,1
126,0
127,3
128,6
129,6
130,2
131,0
132,5
133,7
134,6
135,2
136,4
137,3
138,1
139,5
140,3
141,5
142,5
143,1
144,5
145,5
146,5
147,2
148,7
149,3
150,2
151,6
152,0
153,5
154,7
155,4
156,6
157,1
158,6
159,5
160,2
161,6
162,0
163,0
164,6
165,7
166,6
167,0
168,1
169,7
170,5
171,5
172,7
173,5
174,2
175,7
176,7
177,2
178,2
179,7
180,3
181,1
182,2
183,5
184,1
185,2
186,1
187,2
188,4
189,3
190,0
191,0
192,1
193,5
194,5
195,2
196,1
197,5
198,5
199,0
200,4
201,1
202,7
203,6
204,6
205,7
206,5
207,5
208,3
209,4
210,5
211,1
212,1
213,5
214,7
215,5
216,4
217,4
218,0
219,2
220,1
221,0
222,5
223,6
224,6
225,0
226,0
227,7
228,3
229,4
230,7
231,5
232,1
233,6
234,0
235,0
236,1
237,4
238,5
239,1
240,6
241,3
242,5
243,2
244,1
245,0
246,7
247,0
248,1
249,2
250,4
251,7
252,7
253,5
254,4
255,6
256,0
257,5
258,7
259,3
260,2
261,5
262,1
263,4
264,2
265,2
266,5
267,5
268,2
269,6
270,5
271,4
272,3
273,5
274,4
275,5
276,5
277,1
278,1
279,1
280,7
281,7
282,5
283,0
284,7
285,7
286,2
287,5
288,7
289,5
290,2
291,5
292,1
293,0
294,5
295,6
296,5
297,0
298,2
299,5
300,4
301,5
302,2
303,6
304,5
305,5
306,2
307,1
308,2
309,6
310,7
311,7
312,2
313,4
314,5
315,6
316,5
317,3
318,2
319,0
320,5
321,1
322,0
323,6
324,0
325,5
326,1
327,5
328,4
329,4
330,5
331,1
332,5
333,7
334,5
335,2
336,5
337,5
338,7
339,7
340,7
341,1
342,1
343,2
344,1
345,0
346,3
347,4
348,1
349,3
350,2
351,3
352,7
353,6
354,2
355,4
356,3
357,2
358,3
359,3
360,5
361,3
362,2
363,4
364,5
365,1
366,5
367,7
368,6
369,5
370,2
371,5
372,7
373,2
374,7
375,1
376,3
377,5
378,2
379,4
380,4
381,5
382,1
383,5
384,6
385,4
386,5
387,3
388,4
389,6
390,2
391,1
392,4
393,0
394,5
395,5
396,0
397,4
398,7
399,0
400,7
401,6
402,3
403,3
404,7
405,4
406,0
407,7
408,1
409,0
410,3
411,4
412,4
413,5
414,5
415,7
416,5
417,1
418,6
419,4
420,1
421,4
422,1
423,0
424,1
425,5
426,4
427,5
428,2
429,5
430,3
431,3
432,7
433,1
434,0
435,5
436,3
437,5
438,4
439,4
440,7
441,4
442,6
443,6
444,7
445,2
446,5
447,6
448,0
449,2
450,2
451,5
452,5
453,3
454,2
455,4
456,1
457,3
458,6
459,5
460,5
461,5
462,1
463,2
464,5
465,7
466,5
467,4
468,0
469,0
470,7
471,7
472,5
473,0
474,0
475,4
476,5
477,6
478,5
479,1
480,5
481,1
482,1
483,0
484,0
485,5
486,5
487,5
488,5
489,5
490,4
491,7
492,0
493,1
494,7
495,3
496,4
497,4
498,1
499,2
500,7
501,1
502,2
503,5
504,5
505,7
506,4
507,0
508,5
509,7
510,3
511,5
512,1
513,1
514,1
515,4
516,5
517,5
518,5
519,4
520,0
521,7
522,1
523,1
524,5
525,1
526,5
527,6
528,7
529,1
530,7
531,5
532,4
533,0
534,5
535,6
536,0
537,5
538,0
539,5
540,5
541,3
542,1
543,0
544,1
545,7
546,3
547,2
548,5
549,6
550,7
551,5
552,6
553,1
554,4
555,5
556,1
557,2
558,0
559,6
560,7
561,5
562,5
563,1
564,5
565,3
566,4
567,2
568,2
569,0
570,6
571,6
572,4
573,6
574,1
575,2
576,4
577,5
578,4
579,2
580,3
581,4
582,5
583,1
584,1
585,6
586,4
587,4
588,2
589,7
590,2
591,7
592,2
593,3
594,5
595,5
596,4
597,5
598,2
599,7
600,1
601,1
602,5
603,1
604,1
605,5
606,5
607,5
608,5
609,0
610,5
611,3
612,0
613,5
614,0
615,1
616,5
617,7
618,2
619,0
620,5
621,1
622,2
623,0
624,1
625,5
626,5
627,2
628,5
629,1
630,7
631,1
632,2
633,3
634,0
635,7
636,3
637,7
638,1
639,7
640,5
641,5
642,6
643,7
644,5
645,4
646,4
647,2
648,1
649,4
650,5
651,4
652,4
653,1
654,5
655,4
656,3
657,6
658,5
659,4
660,5
661,5
662,6
663,1
664,2
665,2
666,0
667,7
668,2
669,4
670,0
671,0
672,7
673,5
674,0
675,7
676,5
677,5
678,4
679,0
680,5
681,6
682,5
683,5
684,4
685,4
686,7
687,4
688,3
689,5
690,1
691,3
692,2
693,4
694,1
695,1
696,0
697,7
698,5
699,7
700,4
701,2
702,7
703,5
704,5
705,3
706,4
707,2
708,1
709,2
710,5
711,7
712,2
713,2
714,5
715,7
716,2
717,5
718,7
719,1
720,0
721,0
722,1
723,5
724,0
725,5
726,7
727,4
728,7
729,0
730,7
731,5
732,0
733,2
734,2
735,5
736,6
737,2
738,4
739,5
740,1
741,7
742,5
743,2
744,1
745,1
746,1
747,5
748,6
749,1
750,5
751,7
752,6
753,0
754,2
755,0
756,3
757,5
758,4
759,7
760,7
761,3
762,7
763,3
764,1
765,5
766,6
767,4
768,0
769,1
770,5
771,6
772,5
773,4
774,1
775,1
776,2
777,7
778,7
779,2
780,5
781,2
782,2
783,3
784,4
785,5
786,2
787,7
788,3
789,6
790,3
791,3
792,6
793,2
794,6
795,5
796,0
797,6
798,4
799,7
800,1
801,5
802,1
803,1
804,4
805,4
806,5
807,7
808,2
809,0
810,5
811,7
812,6
813,5
814,5
815,1
816,2
817,0
818,0
819,7
820,7
821,5
822,5
823,7
824,7
825,0
826,4
827,1
828,4
829,5
830,7
831,5
832,2
833,3
834,5
835,7
836,2
837,0
838,4
839,2
840,0
841,2
842,4
843,7
844,1
845,5
846,4
847,4
848,5
849,1
850,5
851,5
852,0
853,7
854,3
855,6
856,1
857,1
858,2
859,5
860,7
861,7
862,5
863,7
864,4
865,5
866,4
867,5
868,5
869,7
870,6
871,0
872,7
873,0
874,3
875,7
876,7
877,1
878,5
879,1
880,1
881,5
882,2
883,6
884,7
885,2
886,5
887,5
888,0
889,5
890,3
891,0
892,5
893,7
894,5
895,3
896,1
897,5
898,6
899,5
900,6
901,4
902,5
903,0
904,0
905,3
906,5
907,6
908,5
909,5
910,5
911,1
912,1
913,0
914,3
915,7
916,7
917,5
918,4
919,6
920,1
921,4
922,4
923,5
924,5
925,5
926,4
927,5
928,5
929,0
930,4
931,2
932,3
933,4
934,6
935,7
936,5
937,0
938,1
939,3
940,4
941,2
942,5
943,5
944,1
945,1
946,7
947,1
948,1
949,3
950,0
951,1
952,4
953,4
954,2
955,1
956,1
957,7
958,6
959,2
960,3
961,3
962,4
963,5
964,3
965,3
966,1
967,4
968,7
969,5
970,4
971,1
972,3
973,7
974,5
975,5
976,7
977,7
978,5
979,0
980,2
981,7
982,3
983,1
984,2
985,0
986,7
987,7
988,7
989,7
990,2
991,6
992,1
993,3
994,2
995,4
996,4
997,7
998,0
999,3
1000,6
1001,3
1002,5
1003,2
1004,2
1005,4
1006,3
1007,5
1008,5
1009,6
1010,5
1011,2
1012,5
1013,0
1014,4
1015,1
1016,4
1017,4
1018,5
1019,5
1020,6
1021,0
1022,2
1023,0
1024,7
1025,5
1026,4
1027,1
1028,1
1029,6
1030,1
1031,2
1032,7
1033,5
1034,1
1035,4
1036,2
1037,5
1038,5
1039,5
1040,7
1041,3
1042,2
1043,5
1044,2
1045,0
1046,7
1047,7
1048,5
1049,7
1050,4
1051,1
1052,1
1053,4
1054,5
1055,5
1056,2
1057,5
1058,0
1059,7
1060,0
1061,7
1062,7
1063,4
1064,4
1065,7
1066,0
1067,2
1068,4
1069,5
1070,1
1071,7
1072,7
1073,5
1074,7
1075,2
1076,5
1077,7
1078,7
1079,5
1080,2
1081,3
1082,6
1083,4
1084,7
1085,1
1086,4
1087,0
1088,1
1089,4
1090,1
1091,5
1092,5
1093,5
1094,5
1095,3
1096,0
1097,7
1098,4
1099,2
1100,2
1101,5
1102,5
1103,0
1104,5
1105,0
1106,2
1107,2
1108,1
1109,6
1110,1
1111,1
1112,2
1113,1
1114,2
1115,1
1116,7
1117,7
1118,0
1119,7
1120,7
1121,5
1122,3
1123,0
1124,2
1125,4
1126,7
1127,3
1128,4
1129,0
1130,7
1131,4
1132,0
1133,5
1134,1
1135,3
1136,0
1137,2
1138,4
1139,3
1140,5
1141,2
1142,0
1143,3
1144,5
1145,1
1146,1
1147,1
1148,5
1149,7
1150,0
1151,0
1152,5
1153,1
1154,5
1155,5
1156,5
1157,2
1158,2
1159,0
1160,6
1161,5
1162,4
1163,0
1164,7
1165,2
1166,3
1167,0
1168,0
1169,6
1170,1
1171,7
1172,1
1173,0
1174,1
1175,7
1176,4
1177,0
1178,4
1179,5
1180,4
1181,3
1182,5
1183,4
1184,0
1185,7
1186,6
1187,3
1188,6
1189,7
1190,6
1191,5
1192,3
1193,0
1194,7
1195,2
1196,4
1197,1
1198,3
1199,6
1200,7
1201,1
1202,7
1203,0
1204,0
1205,7
1206,4
1207,3
1208,1
1209,1
1210,0
1211,4
1212,3
1213,7
1214,5
1215,5
1216,7
1217,6
1218,1
1219,7
1220,1
1221,7
1222,5
1223,1
1224,3
1225,2
1226,1
1227,3
1228,3
1229,3
1230,2
1231,2
1232,3
1233,7
1234,7
1235,2
1236,1
1237,2
1238,5
1239,3
1240,5
1241,6
1242,7
1243,0
1244,5
1245,5
1246,4
1247,6
1248,5
1249,5
1250,7
1251,5
1252,7
1253,4
1254,5
1255,5
1256,5
1257,3
1258,1
1259,5
1260,3
1261,0
1262,5
1263,2
1264,6
1265,5
1266,6
1267,3
1268,4
1269,4
1270,4
1271,1
1272,1
1273,5
1274,4
1275,7
1276,3
1277,2
1278,3
1279,3
1280,4
1281,5
1282,3
1283,4
1284,6
1285,2
1286,2
1287,4
1288,0
1289,0
1290,4
1291,2
1292,7
1293,6
1294,7
1295,2
1296,4
1297,1
1298,7
1299,7
1300,7
1301,5
1302,7
1303,5
1304,5
1305,7
1306,4
1307,1
1308,2
1309,1
1310,3
1311,5
1312,5
1313,3
1314,2
1315,6
1316,6
1317,3
1318,1
1319,2
1320,5
1321,2
1322,2
1323,3
1324,4
1325,6
1326,5
1327,1
1328,3
1329,0
1330,3
1331,0
1332,0
1333,7
1334,5
1335,4
1336,6
1337,2
1338,1
1339,1
1340,6
1341,5
1342,3
1343,5
1344,1
1345,1
1346,3
1347,4
1348,2
1349,5
1350,5
1351,2
1352,5
1353,6
1354,5
1355,0
1356,2
1357,4
1358,7
1359,7
1360,2
1361,2
1362,2
1363,3
1364,5
1365,5
1366,5
1367,4
1368,3
1369,7
1370,2
1371,3
1372,7
1373,5
1374,4
1375,2
1376,5
1377,5
1378,1
1379,5
1380,5
1381,6
1382,0
1383,2
1384,4
1385,0
1386,7
1387,7
1388,5
1389,6
1390,5
1391,2
1392,6
1393,2
1394,5
1395,5
1396,1
1397,6
1398,0
1399,3
1400,5
1401,6
1402,3
1403,2
1404,7
1405,5
1406,5
1407,5
1408,1
1409,4
1410,0
1411,6
1412,2
1413,2
1414,3
1415,5
1416,5
1417,5
1418,1
1419,4
1420,5
1421,5
1422,1
1423,1
1424,7
1425,6
1426,0
1427,4
1428,6
1429,4
1430,7
1431,0
1432,5
1433,5
1434,7
1435,3
1436,5
1437,2
1438,2
1439,2
1440,1
1441,2
1442,0
1443,1
1444,5
1445,7
1446,4
1447,1
1448,1
1449,5
1450,6
1451,2
1452,5
1453,1
1454,2
1455,5
1456,3
1457,1
1458,5
1459,6
1460,3
1461,3
1462,4
1463,3
1464,3
1465,7
1466,3
1467,7
1468,0
1469,7
1470,4
1471,3
1472,0
1473,1
1474,4
1475,5
1476,5
1477,5
1478,7
1479,0
1480,5
1481,6
1482,4
1483,5
1484,3
1485,1
1486,1
1487,5
1488,1
1489,7
1490,3
1491,1
1492,7
1493,5
1494,7
1495,3
1496,5
1497,1
1498,7
1499,5
1500,5
1501,7
1502,0
1503,5
1504,6
1505,0
1506,7
1507,6
1508,6
1509,5
1510,2
1511,6
1512,4
1513,1
1514,4
1515,6
1516,5
1517,0
1518,5
1519,2
1520,5
1521,2
1522,1
1523,3
1524,5
1525,2
1526,4
1527,1
1528,5
1529,6
1530,1
1531,1
1532,4
1533,3
1534,5
1535,1
1536,0
1537,0
1538,7
1539,2
1540,1
1541,2
1542,5
1543,2
1544,7
1545,7
1546,5
1547,1
1548,2
1549,2
1550,5
1551,3
1552,5
1553,5
1554,5
1555,5
1556,2
1557,4
1558,1
1559,5
1560,5
1561,2
1562,7
1563,1
1564,4
1565,7
1566,4
1567,7
1568,1
1569,5
1570,1
1571,3
1572,5
1573,4
1574,1
1575,4
1576,1
1577,5
1578,7
1579,5
1580,7
1581,6
1582,1
1583,4
1584,3
1585,3
1586,7
1587,4
1588,0
1589,5
1590,7
1591,7
1592,4
1593,0
1594,6
1595,5
1596,5
1597,5
1598,7
1599,4
1600,4
1601,4
1602,1
1603,5
1604,5
1605,3
1606,1
1607,7
1608,2
1609,2
1610,1
1611,4
1612,2
1613,0
1614,7
1615,4
1616,3
1617,5
1618,3
1619,7
1620,6
1621,6
1622,5
1623,2
1624,6
1625,5
1626,1
1627,7
1628,4
1629,1
1630,0
1631,1
1632,2
1633,7
1634,6
1635,5
1636,2
1637,4
1638,1
1639,5
1640,2
1641,6
1642,1
1643,0
1644,2
1645,2
1646,4
1647,6
1648,3
1649,1
1650,1
1651,5
1652,2
1653,5
1654,7
1655,7
1656,5
1657,7
1658,4
1659,4
1660,1
1661,4
1662,2
1663,6
1664,5
1665,1
1666,4
1667,2
1668,7
1669,7
1670,0
1671,3
1672,4
1673,7
1674,7
1675,5
1676,7
1677,5
1678,0
1679,5
1680,1
1681,4
1682,4
1683,2
1684,5
1685,4
1686,4
1687,1
1688,1
1689,4
1690,5
1691,2
1692,4
1693,2
1694,4
1695,5
1696,7
1697,0
1698,4
1699,5
1700,3
1701,6
1702,5
1703,5
1704,5
1705,5
1706,2
1707,2
1708,0
1709,3
1710,5
1711,6
1712,4
1713,4
1714,1
1715,7
1716,1
1717,5
1718,1
1719,1
1720,2
1721,4
1722,2
1723,7
1724,3
1725,2
1726,5
1727,6
1728,2
1729,2
1730,1
1731,4
1732,5
1733,4
1734,4
1735,0
1736,6
1737,3
1738,5
1739,5
1740,7
1741,5
1742,5
1743,7
1744,5
1745,5
1746,4
1747,1
1748,5
1749,6
1750,4
1751,5
1752,3
1753,7
1754,6
1755,4
1756,5
1757,2
1758,2
1759,4
1760,1
1761,0
1762,0
1763,5
1764,0
1765,5
1766,1
1767,7
1768,7
1769,1
1770,7
1771,4
1772,7
1773,4
1774,4
1775,6
1776,2
1777,4
1778,7
1779,0
1780,5
1781,4
1782,5
1783,7
1784,4
1785,0
1786,6
1787,1
1788,2
1789,7
1790,0
1791,7
1792,7
1793,7
1794,4
1795,4
1796,0
1797,2
1798,2
1799,7
1800,2
1801,5
1802,1
1803,5
1804,1
1805,0
1806,2
1807,2
1808,7
1809,1
1810,1
1811,5
1812,2
1813,7
1814,1
1815,6
1816,6
1817,3
1818,7
1819,7
1820,7
1821,2
1822,5
1823,5
1824,5
1825,5
1826,4
1827,7
1828,3
1829,0
1830,0
1831,4
1832,1
1833,6
1834,5
1835,1
1836,4
1837,2
1838,5
1839,7
1840,7
1841,3
1842,3
1843,5
1844,5
1845,2
1846,5
1847,5
1848,1
1849,5
1850,3
1851,5
1852,7
1853,7
1854,7
1855,6
1856,0
1857,7
1858,0
1859,3
1860,1
1861,5
1862,0
1863,0
1864,0
1865,4
1866,5
1867,4
1868,5
1869,5
1870,1
1871,7
1872,3
1873,7
1874,0
1875,0
1876,0
1877,1
1878,4
1879,4
1880,7
1881,1
1882,4
1883,7
1884,5
1885,5
1886,4
1887,1
1888,0
1889,0
1890,1
1891,0
1892,5
1893,7
1894,5
1895,5
1896,7
1897,7
1898,6
1899,4
1900,1
1901,3
1902,5
1903,5
1904,5
1905,4
1906,4
1907,0
1908,0
1909,6
1910,6
1911,5
1912,5
1913,4
1914,3
1915,5
1916,7
1917,4
1918,6
1919,2
1920,5
1921,5
1922,6
1923,3
1924,6
1925,0
1926,3
1927,5
1928,7
1929,4
1930,3
1931,5
1932,5
1933,0
1934,2
1935,5
1936,6
1937,7
1938,4
1939,1
1940,7
1941,2
1942,5
1943,6
1944,2
1945,2
1946,1
1947,0
1948,2
1949,1
1950,4
1951,7
1952,7
1953,3
1954,3
1955,1
1956,4
1957,5
1958,4
1959,5
1960,7
1961,7
1962,5
1963,0
1964,7
1965,5
1966,3
1967,7
1968,1
1969,0
1970,1
1971,7
1972,7
1973,1
1974,5
1975,2
1976,1
1977,0
1978,4
1979,2
1980,7
1981,7
1982,4
1983,5
1984,6
1985,7
1986,3
1987,1
1988,1
1989,5
1990,2
1991,1
1992,7
1993,6
1994,1
1995,1
1996,3
1997,1
1998,0
1999,4
2000,5
2001,4
2002,6
2003,6
2004,2
2005,0
2006,1
2007,1
2008,7
2009,4
2010,1
2011,7
2012,1
2013,1
2014,7
2015,4
2016,1
2017,4
2018,7
2019,5
2020,4
2021,4
2022,1
2023,2
2024,4
2025,3
2026,4
2027,5
2028,0
2029,6
2030,5
2031,5
2032,2
2033,1
2034,4
2035,0
2036,7
2037,5
2038,1
2039,6
2040,0
2041,5
2042,6
2043,4
2044,4
2045,4
2046,7
2047,6
2048,1
2049,2
2050,4
2051,2
2052,4
2053,1
2054,4
2055,2
2056,4
2057,5
2058,1
2059,7
2060,4
2061,2
2062,7
2063,7
2064,6
2065,7
2066,4
2067,4
2068,5
2069,4
2070,3
2071,0
2072,0
2073,5
2074,0
2075,5
2076,6
2077,4
2078,7
2079,1
2080,0
2081,6
2082,5
2083,3
2084,5
2085,5
2086,4
2087,1
2088,5
2089,5
2090,2
2091,5
2092,5
2093,3
2094,7
2095,5
2096,6
2097,2
2098,2
2099,7
2100,1
2101,4
2102,2
2103,1
2104,5
2105,7
2106,2
2107,4
2108,3
2109,1
2110,0
2111,5
2112,3
2113,3
2114,7
2115,3
2116,3
2117,0
2118,6
2119,5
2120,4
2121,5
2122,5
2123,3
2124,2
2125,2
2126,4
2127,0
2128,6
2129,0
2130,3
2131,6
2132,0
2133,2
2134,5
2135,1
2136,5
2137,5
2138,5
2139,3
2140,7
2141,7
2142,1
2143,0
2144,5
2145,2
2146,0
2147,6
2148,3
2149,7
2150,5
2151,7
2152,4
2153,3
2154,4
2155,1
2156,1
2157,3
2158,0
2159,5
2160,7
2161,5
2162,3
2163,4
2164,7
2165,7
2166,5
2167,6
2168,5
2169,2
2170,5
2171,2
2172,4
2173,7
2174,0
2175,4
2176,0
2177,2
2178,4
2179,7
2180,4
2181,4
2182,5
2183,1
2184,0
2185,4
2186,4
2187,7
2188,5
2189,5
2190,5
2191,1
2192,7
2193,2
2194,1
2195,2
2196,7
2197,4
2198,5
2199,4
2200,4
2201,0
2202,4
2203,5
2204,0
2205,7
2206,1
2207,2
2208,7
2209,7
2210,7
2211,2
2212,6
2213,5
2214,5
2215,6
2216,3
2217,5
2218,5
2219,7
2220,4
2221,6
2222,5
2223,6
2224,3
2225,5
2226,6
2227,4
2228,1
2229,2
2230,7
2231,6
2232,3
2233,0
2234,5
2235,7
2236,2
2237,6
2238,4
2239,5
2240,4
2241,0
2242,4
2243,5
2244,5
2245,0
2246,2
2247,6
2248,2
2249,3
2250,7
2251,1
2252,5
2253,3
2254,3
2255,1
2256,3
2257,1
2258,7
2259,3
2260,3
2261,4
2262,2
2263,5
2264,0
2265,2
2266,7
2267,1
2268,6
2269,7
2270,5
2271,4
2272,6
2273,2
2274,5
2275,3
2276,3
2277,5
2278,7
2279,7
2280,0
2281,7
2282,1
2283,3
2284,7
2285,0
2286,4
2287,2
2288,4
2289,1
2290,5
2291,5
2292,4
2293,7
2294,1
2295,5
2296,1
2297,7
2298,1
2299,5
2300,5
2301,5
2302,0
2303,5
2304,6
2305,2
2306,0
2307,7
2308,2
2309,4
2310,2
2311,4
2312,5
2313,2
2314,5
2315,2
2316,5
2317,0
2318,5
2319,0
2320,0
2321,4
2322,4
2323,2
2324,5
2325,6
2326,3
2327,7
2328,5
2329,4
2330,0
2331,2
2332,7
2333,0
2334,5
2335,1
2336,4
2337,1
2338,3
2339,7
2340,4
2341,0
2342,5
2343,2
2344,1
2345,7
2346,6
2347,5
2348,7
2349,7
2350,4
2351,0
2352,2
2353,5
2354,5
2355,6
2356,0
2357,2
2358,3
2359,1
2360,4
2361,3
2362,3
2363,1
2364,6
2365,3
2366,4
2367,3
2368,6
2369,5
2370,3
2371,6
2372,2
2373,6
2374,3
2375,3
2376,6
2377,3
2378,5
2379,3
2380,7
2381,5
2382,4
2383,5
2384,7
2385,1
2386,1
2387,6
2388,4
2389,6
2390,0
2391,0
2392,4
2393,2
2394,2
2395,7
2396,7
2397,5
2398,2
2399,5
2400,1
2401,1
2402,3
2403,5
2404,4
2405,5
2406,5
2407,5
2408,5
2409,5
2410,4
2411,7
2412,7
2413,3
2414,4
2415,5
2416,4
2417,4
2418,4
2419,5
2420,2
2421,0
2422,0
2423,0
2424,7
2425,6
2426,5
2427,3
2428,5
2429,7
2430,3
2431,2
2432,5
2433,7
2434,2
2435,7
2436,4
2437,0
2438,6
2439,0
2440,1
2441,1
2442,1
2443,2
2444,0
2445,0
2446,4
2447,7
2448,0
2449,5
2450,6
2451,0
2452,1
2453,4
2454,2
2455,5
2456,2
2457,5
2458,1
2459,1
2460,1
2461,4
2462,6
2463,0
2464,0
2465,1
2466,7
2467,4
2468,3
2469,2
2470,0
2471,2
2472,1
2473,6
2474,2
2475,2
2476,2
2477,1
2478,7
2479,4
2480,2
2481,1
2482,1
2483,5
2484,5
2485,7
2486,2
2487,6
2488,7
2489,1
2490,0
2491,4
2492,1
2493,5
2494,5
2495,2
2496,1
2497,5
2498,2
2499,3
2500,5
2501,3
2502,0
2503,6
2504,1
2505,7
2506,7
2507,3
2508,7
2509,4
2510,0
2511,1
2512,7
2513,1
2514,7
2515,1
2516,5
2517,0
2518,1
2519,1
2520,6
2521,4
2522,6
2523,5
2524,5
2525,0
2526,5
2527,3
2528,1
2529,5
2530,7
2531,2
2532,6
2533,6
2534,1
2535,5
2536,0
2537,2
2538,5
2539,7
2540,2
2541,2
2542,0
2543,2
2544,0
2545,7
2546,4
2547,1
2548,2
2549,5
2550,5
2551,6
2552,2
2553,7
2554,2
2555,4
2556,6
2557,5
2558,1
2559,5
2560,5
2561,4
2562,7
2563,5
2564,7
2565,7
2566,7
2567,6
2568,4
2569,4
2570,7
2571,0
2572,5
2573,5
2574,2
2575,0
2576,4
2577,0
2578,5
2579,7
2580,3
2581,1
2582,1
2583,2
2584,1
2585,1
2586,6
2587,6
2588,7
2589,7
2590,7
2591,2
2592,0
2593,4
2594,5
2595,2
2596,5
2597,0
2598,4
2599,6
2600,5
2601,4
2602,0
2603,7
2604,5
2605,7
2606,0
2607,3
2608,3
2609,3
2610,7
2611,1
2612,3
2613,5
2614,2
2615,0
2616,3
2617,1
2618,1
2619,1
2620,7
2621,0
2622,5
2623,6
2624,0
2625,7
2626,2
2627,1
2628,6
2629,2
2630,7
2631,4
2632,5
2633,7
2634,7
2635,5
2636,1
2637,2
2638,5
2639,2
2640,5
2641,5
2642,6
2643,5
2644,5
2645,5
2646,4
2647,6
2648,0
2649,1
2650,7
2651,2
2652,5
2653,3
2654,5
2655,5
2656,2
2657,5
2658,4
2659,0
2660,7
2661,3
2662,6
2663,5
2664,6
2665,1
2666,0
2667,3
2668,0
2669,0
2670,0
2671,2
2672,2
2673,1
2674,5
2675,1
2676,1
2677,5
2678,1
2679,1
2680,7
2681,2
2682,2
2683,0
2684,7
2685,4
2686,2
2687,1
2688,2
2689,1
2690,0
2691,3
2692,7
2693,5
2694,5
2695,5
2696,0
2697,5
2698,2
2699,5
2700,7
2701,7
2702,5
2703,0
2704,4
2705,5
2706,2
2707,2
2708,0
2709,1
2710,1
2711,4
2712,7
2713,2
2714,2
2715,4
2716,3
2717,1
2718,6
2719,6
2720,4
2721,1
2722,4
2723,5
2724,4
2725,1
2726,7
2727,6
2728,0
2729,5
2730,1
2731,5
2732,5
2733,2
2734,3
2735,4
2736,2
2737,3
2738,5
2739,7
2740,0
2741,5
2742,5
2743,1
2744,7
2745,2
2746,5
2747,2
2748,5
2749,2
2750,1
2751,6
2752,7
2753,3
2754,3
2755,1
2756,1
2757,6
2758,5
2759,0
2760,7
2761,0
2762,4
2763,5
2764,1
2765,2
2766,1
2767,5
2768,2
2769,0
2770,3
2771,2
2772,0
2773,0
2774,1
2775,5
2776,3
2777,3
2778,6
2779,5
2780,5
2781,5
2782,5
2783,1
2784,7
2785,3
2786,1
2787,4
2788,7
2789,5
2790,5
2791,7
2792,6
2793,2
2794,4
2795,2
2796,5
2797,5
2798,2
2799,7
2800,3
2801,2
2802,5
2803,5
2804,2
2805,7
2806,0
2807,1
2808,0
2809,5
2810,5
2811,7
2812,0
2813,5
2814,1
2815,5
2816,6
2817,0
2818,2
2819,2
2820,4
2821,7
2822,5
2823,2
2824,1
2825,5
2826,4
2827,5
2828,5
2829,1
2830,2
2831,3
2832,0
2833,7
2834,1
2835,5
2836,5
2837,2
2838,6
2839,7
2840,2
2841,5
2842,0
2843,2
2844,6
2845,6
2846,4
2847,4
2848,5
2849,6
2850,7
2851,6
2852,0
2853,7
2854,7
2855,6
2856,4
2857,0
2858,0
2859,4
2860,5
2861,3
2862,4
2863,4
2864,7
2865,1
2866,6
2867,0
2868,1
2869,2
2870,5
2871,7
2872,5
2873,4
2874,7
2875,5
2876,5
2877,4
2878,5
2879,4
2880,5
2881,1
2882,1
2883,7
2884,0
2885,3
2886,1
2887,5
2888,4
2889,3
2890,5
2891,6
2892,4
2893,5
2894,4
2895,1
2896,7
2897,5
2898,2
2899,1
2900,0
2901,0
2902,0
2903,5
2904,0
2905,4
2906,0
2907,1
2908,3
2909,5
2910,3
2911,7
2912,0
2913,1
2914,7
2915,4
2916,3
2917,0
2918,1
2919,1
2920,7
2921,6
2922,2
2923,1
2924,5
2925,5
2926,5
2927,5
2928,1
2929,2
2930,5
2931,5
2932,4
2933,4
2934,1
2935,2
2936,5
2937,6
2938,7
2939,0
2940,3
2941,6
2942,1
2943,7
2944,2
2945,7
2946,2
2947,0
2948,2
2949,2
2950,7
2951,1
2952,5
2953,1
2954,6
2955,7
2956,1
2957,6
2958,4
2959,3
2960,4
2961,5
2962,1
2963,0
2964,0
2965,5
2966,5
2967,4
2968,5
2969,0
2970,1
2971,3
2972,5
2973,0
2974,0
2975,1
2976,0
2977,4
2978,5
2979,1
2980,5
2981,3
2982,3
2983,5
2984,1
2985,2
2986,3
2987,7
2988,6
2989,5
2990,3
2991,2
2992,4
2993,5
2994,5
2995,5
2996,5
2997,1
2998,2
2999,7
3000,0
3001,3
3002,5
3003,0
3004,2
3005,7
3006,7
3007,0
3008,5
3009,5
3010,1
3011,5
3012,0
3013,2
3014,0
3015,5
3016,1
3017,6
3018,1
3019,4
3020,7
3021,4
3022,6
3023,1
3024,1
3025,6
3026,2
3027,4
3028,2
3029,5
3030,1
3031,5
3032,2
3033,5
3034,7
3035,2
3036,3
3037,2
3038,5
3039,5
3040,0
3041,5
3042,0
3043,0
3044,3
3045,4
3046,0
3047,4
3048,6
3049,2
3050,2
3051,4
3052,7
3053,5
3054,2
3055,6
3056,7
3057,4
3058,5
3059,2
3060,0
3061,5
3062,2
3063,2
3064,5
3065,5
3066,5
3067,0
3068,4
3069,2
3070,5
3071,5
3072,4
3073,6
3074,2
3075,5
3076,5
3077,0
3078,4
3079,5
3080,5
3081,0
3082,4
3083,4
3084,7
3085,2
3086,3
3087,2
3088,2
3089,2
3090,1
3091,1
3092,1
3093,6
3094,7
3095,7
3096,1
3097,6
3098,4
3099,0
3100,7
3101,5
3102,1
3103,6
3104,2
3105,5
3106,4
3107,1
3108,4
3109,0
3110,4
3111,5
3112,4
3113,7
3114,0
3115,7
3116,7
3117,4
3118,0
3119,1
3120,7
3121,3
3122,1
3123,7
3124,3
3125,2
3126,7
3127,0
3128,7
3129,6
3130,3
3131,1
3132,0
3133,5
3134,5
3135,6
3136,4
3137,2
3138,1
3139,5
3140,5
3141,1
3142,2
3143,5
3144,5
3145,7
3146,5
3147,4
3148,0
3149,6
3150,0
3151,0
3152,0
3153,5
3154,7
3155,0
3156,3
3157,0
3158,5
3159,5
3160,0
3161,1
3162,5
3163,1
3164,7
3165,5
3166,7
3167,0
3168,5
3169,2
3170,4
3171,2
3172,2
3173,1
3174,6
3175,7
3176,2
3177,1
3178,4
3179,2
3180,5
3181,0
3182,0
3183,4
3184,5
3185,2
3186,3
3187,4
3188,4
3189,1
3190,2
3191,5
3192,4
3193,5
3194,5
3195,0
3196,1
3197,4
3198,7
3199,6
3200,7
3201,4
3202,7
3203,5
3204,4
3205,4
3206,0
3207,2
3208,2
3209,7
3210,5
3211,1
3212,0
3213,1
3214,1
3215,2
3216,7
3217,5
3218,3
3219,4
3220,1
3221,1
3222,6
3223,3
3224,2
3225,1
3226,5
3227,0
3228,1
3229,1
3230,0
3231,6
3232,6
3233,0
3234,0
3235,5
3236,4
3237,1
3238,0
3239,2
3240,7
3241,5
3242,0
3243,3
3244,4
3245,2
3246,5
3247,2
3248,2
3249,3
3250,5
3251,2
3252,5
3253,2
3254,2
3255,2
3256,2
3257,2
3258,5
3259,0
3260,4
3261,7
3262,2
3263,1
3264,3
3265,5
3266,5
3267,5
3268,3
3269,1
3270,5
3271,2
3272,6
3273,4
3274,1
3275,4
3276,5
3277,2
3278,7
3279,0
3280,3
3281,2
3282,5
3283,6
3284,5
3285,0
3286,6
3287,4
3288,5
3289,0
3290,5
3291,1
3292,2
3293,4
3294,5
3295,5
3296,1
3297,3
3298,3
3299,6
3300,6
3301,5
3302,2
3303,7
3304,4
3305,5
3306,0
3307,4
3308,4
3309,2
3310,4
3311,5
3312,5
3313,1
3314,7
3315,0
3316,5
3317,3
3318,5
3319,0
3320,2
3321,4
3322,5
3323,6
3324,7
3325,5
3326,7
3327,1
3328,1
3329,4
3330,5
3331,2
3332,4
3333,5
3334,1
3335,5
3336,3
3337,7
3338,0
3339,6
3340,3
3341,6
3342,5
3343,5
3344,1
3345,0
3346,2
3347,2
3348,5
3349,5
3350,7
3351,5
3352,7
3353,0
3354,1
3355,3
3356,1
3357,7
3358,2
3359,1
3360,4
3361,4
3362,3
3363,5
3364,2
3365,0
3366,5
3367,0
3368,5
3369,7
3370,5
3371,0
3372,1
3373,7
3374,5
3375,2
3376,7
3377,5
3378,5
3379,2
3380,7
3381,1
3382,3
3383,7
3384,1
3385,5
3386,7
3387,4
3388,3
3389,6
3390,7
3391,7
3392,1
3393,2
3394,5
3395,1
3396,2
3397,0
3398,7
3399,7
3400,5
3401,1
3402,4
3403,6
3404,1
3405,2
3406,1
3407,4
3408,7
3409,7
3410,1
3411,5
3412,0
3413,1
3414,3
3415,4
3416,2
3417,6
3418,4
3419,5
3420,2
3421,0
3422,0
3423,7
3424,3
3425,5
3426,7
3427,2
3428,2
3429,5
3430,7
3431,1
3432,0
3433,7
3434,5
3435,4
3436,5
3437,2
3438,2
3439,3
3440,4
3441,7
3442,6
3443,5
3444,0
3445,5
3446,4
3447,4
3448,1
3449,6
3450,4
3451,3
3452,0
3453,0
3454,6
3455,2
3456,3
3457,4
3458,7
3459,5
3460,3
3461,7
3462,3
3463,4
3464,3
3465,2
3466,7
3467,2
3468,7
3469,4
3470,7
3471,3
3472,3
3473,2
3474,5
3475,2
3476,0
3477,4
3478,0
3479,2
3480,3
3481,5
3482,2
3483,4
3484,1
3485,0
3486,5
3487,1
3488,1
3489,1
3490,0
3491,1
3492,7
3493,7
3494,5
3495,4
3496,5
3497,4
3498,0
3499,4
3500,4
3501,5
3502,0
3503,1
3504,6
3505,7
3506,6
3507,1
3508,6
3509,5
3510,6
3511,5
3512,4
3513,4
3514,6
3515,1
3516,5
3517,6
3518,0
3519,7
3520,1
3521,1
3522,1
3523,6
3524,0
3525,1
3526,4
3527,4
3528,1
3529,3
3530,1
3531,1
3532,6
3533,2
3534,7
3535,7
3536,2
3537,4
3538,7
3539,5
3540,4
3541,3
3542,0
3543,3
3544,2
3545,0
3546,5
3547,3
3548,4
3549,5
3550,5
3551,4
3552,0
3553,4
3554,5
3555,0
3556,7
3557,2
3558,3
3559,5
3560,5
3561,7
3562,3
3563,7
3564,7
3565,2
3566,2
3567,6
3568,4
3569,3
3570,4
3571,0
3572,4
3573,5
3574,0
3575,7
3576,5
3577,7
3578,1
3579,5
3580,5
3581,1
3582,5
3583,1
3584,5
3585,5
3586,5
3587,4
3588,5
3589,0
3590,3
3591,4
3592,4
3593,0
3594,0
3595,0
3596,1
3597,3
3598,4
3599,1
3600,0
3601,7
3602,2
3603,5
3604,2
3605,0
3606,1
3607,7
3608,3
3609,1
3610,1
3611,7
3612,3
3613,7
3614,4
3615,3
3616,3
3617,1
3618,2
3619,2
3620,1
3621,5
3622,3
3623,1
3624,5
3625,2
3626,0
3627,2
3628,3
3629,2
3630,2
3631,5
3632,3
3633,4
3634,2
3635,2
3636,5
3637,5
3638,0
3639,3
3640,2
3641,5
3642,7
3643,7
3644,7
3645,1
3646,0
3647,5
3648,2
3649,5
3650,6
3651,7
3652,4
3653,6
3654,1
3655,4
3656,6
3657,1
3658,5
3659,7
3660,0
3661,7
3662,5
3663,3
3664,3
3665,1
3666,5
3667,1
3668,5
3669,4
3670,7
3671,7
3672,0
3673,1
3674,2
3675,1
3676,0
3677,0
3678,4
3679,0
3680,6
3681,0
3682,0
3683,0
3684,3
3685,0
3686,7
3687,7
3688,3
3689,3
3690,3
3691,7
3692,2
3693,0
3694,6
3695,1
3696,2
3697,7
3698,3
3699,6
3700,7
3701,7
3702,5
3703,2
3704,1
3705,4
3706,4
3707,5
3708,0
3709,4
3710,0
3711,6
3712,0
3713,0
3714,0
3715,7
3716,5
3717,7
3718,4
3719,7
3720,4
3721,5
3722,5
3723,1
3724,4
3725,2
3726,5
3727,3
3728,5
3729,5
3730,1
3731,5
3732,4
3733,6
3734,5
3735,2
3736,3
3737,1
3738,7
3739,7
3740,5
3741,2
3742,5
3743,7
3744,1
3745,5
3746,3
3747,5
3748,4
3749,4
3750,6
3751,0
3752,5
3753,5
3754,7
3755,3
3756,5
3757,7
3758,2
3759,3
3760,1
3761,0
3762,0
3763,5
3764,1
3765,3
3766,1
3767,2
3768,6
3769,2
3770,1
3771,0
3772,5
3773,1
3774,4
3775,2
3776,7
3777,0
3778,0
3779,7
3780,0
3781,4
3782,4
3783,2
3784,0
3785,2
3786,1
3787,3
3788,6
3789,2
3790,4
3791,2
3792,7
3793,2
3794,5
3795,4
3796,2
3797,2
3798,2
3799,5
3800,5
3801,4
3802,0
3803,5
3804,0
3805,4
3806,7
3807,4
3808,7
3809,0
3810,6
3811,1
3812,3
3813,5
3814,1
3815,1
3816,2
3817,4
3818,2
3819,7
3820,4
3821,2
3822,2
3823,0
3824,6
3825,1
3826,0
3827,7
3828,7
3829,3
3830,2
3831,1
3832,4
3833,2
3834,5
3835,2
3836,1
3837,2
3838,4
3839,2
3840,7
3841,1
3842,3
3843,2
3844,4
3845,5
3846,3
3847,3
3848,1
3849,1
3850,5
3851,4
3852,7
3853,2
3854,3
3855,2
3856,3
3857,1
3858,1
3859,5
3860,2
3861,2
3862,5
3863,5
3864,5
3865,2
3866,5
3867,4
3868,0
3869,2
3870,2
3871,7
3872,2
3873,6
3874,5
3875,4
3876,2
3877,0
3878,0
3879,1
3880,1
3881,5
3882,2
3883,7
3884,0
3885,1
3886,4
3887,5
3888,5
3889,7
3890,6
3891,2
3892,7
3893,4
3894,3
3895,1
3896,3
3897,3
3898,2
3899,2
3900,7
3901,7
3902,7
3903,7
3904,4
3905,5
3906,2
3907,4
3908,0
3909,0
3910,3
3911,5
3912,5
3913,4
3914,5
3915,5
3916,5
3917,5
3918,4
3919,5
3920,4
3921,7
3922,7
3923,6
3924,3
3925,7
3926,5
3927,1
3928,3
3929,7
3930,5
3931,7
3932,3
3933,3
3934,1
3935,2
3936,4
3937,5
3938,5
3939,1
3940,7
3941,4
3942,2
3943,5
3944,3
3945,0
3946,4
3947,7
3948,7
3949,2
3950,7
3951,5
3952,5
3953,2
3954,3
3955,1
3956,4
3957,4
3958,5
3959,4
3960,3
3961,4
3962,0
3963,1
3964,1
3965,3
3966,0
3967,2
3968,4
3969,7
3970,1
3971,4
3972,6
3973,4
3974,5
3975,4
3976,5
3977,7
3978,2
3979,0
3980,5
3981,3
3982,7
3983,3
3984,1
3985,3
3986,7
3987,5
3988,0
3989,3
3990,2
3991,5
3992,3
3993,2
3994,2
3995,4
3996,5
3997,2
3998,2
3999,0
4000,5
4001,7
4002,1
4003,1
4004,6
4005,1
4006,0
4007,1
4008,2
4009,1
4010,5
4011,7
4012,7
4013,6
4014,2
4015,0
4016,7
4017,0
4018,4
4019,1
4020,5
4021,0
4022,2
4023,3
4024,2
4025,2
4026,5
4027,1
4028,2
4029,4
4030,7
4031,2
4032,1
4033,0
4034,1
4035,7
4036,7
4037,7
4038,5
4039,7
4040,2
4041,6
4042,1
4043,5
4044,0
4045,1
4046,4
4047,5
4048,6
4049,3
4050,5
4051,5
4052,6
4053,4
4054,6
4055,4
4056,6
4057,1
4058,0
4059,5
4060,2
4061,2
4062,0
4063,5
4064,2
4065,2
4066,1
4067,2
4068,5
4069,4
4070,5
4071,5
4072,5
4073,5
4074,5
4075,5
4076,1
4077,1
4078,4
4079,2
4080,5
4081,1
4082,1
4083,5
4084,7
4085,2
4086,2
4087,1
4088,0
4089,6
4090,5
4091,0
4092,4
4093,0
4094,5
4095,3
4096,3
4097,1
4098,3
4099,0
4100,7
4101,2
4102,7
4103,5
4104,2
4105,7
4106,0
4107,5
4108,5
4109,0
4110,2
4111,5
4112,4
4113,1
4114,6
4115,4
4116,7
4117,1
4118,1
4119,1
4120,3
4121,7
4122,4
4123,1
4124,2
4125,2
4126,1
4127,2
4128,7
4129,0
4130,7
4131,1
4132,2
4133,1
4134,3
4135,5
4136,7
4137,5
4138,1
4139,1
4140,4
4141,1
4142,0
4143,5
4144,6
4145,3
4146,6
4147,0
4148,7
4149,0
4150,4
4151,1
4152,5
4153,1
4154,0
4155,7
4156,4
4157,0
4158,4
4159,5
4160,1
4161,7
4162,4
4163,1
4164,0
4165,5
4166,7
4167,0
4168,5
4169,7
4170,0
4171,1
4172,2
4173,6
4174,4
4175,7
4176,5
4177,0
4178,7
4179,7
4180,7
4181,7
4182,2
4183,5
4184,4
4185,5
4186,3
4187,4
4188,3
4189,4
4190,1
4191,0
4192,5
4193,1
4194,5
4195,2
4196,6
4197,5
4198,7
4199,7
4200,0
4201,7
4202,2
4203,2
4204,5
4205,5
4206,1
4207,4
4208,6
4209,4
4210,5
4211,5
4212,1
4213,5
4214,5
4215,1
4216,1
4217,2
4218,5
4219,4
4220,2
4221,4
4222,7
4223,6
4224,4
4225,5
4226,3
4227,3
4228,2
4229,0
4230,2
4231,1
4232,2
4233,2
4234,5
4235,4
4236,4
4237,6
4238,5
4239,5
4240,0
4241,1
4242,7
4243,2
4244,6
4245,7
4246,5
4247,2
4248,0
4249,2
4250,7
4251,7
4252,3
4253,5
4254,1
4255,5
4256,1
4257,3
4258,6
4259,4
4260,0
4261,3
4262,1
4263,5
4264,3
4265,5
4266,0
4267,5
4268,3
4269,0
4270,7
4271,2
4272,6
4273,1
4274,1
4275,2
4276,4
4277,5
4278,6
4279,1
4280,5
4281,4
4282,0
4283,5
4284,1
4285,2
4286,7
4287,2
4288,4
4289,5
4290,4
4291,7
4292,5
4293,4
4294,1
4295,4
4296,4
4297,5
4298,4
4299,4
4300,4
4301,3
4302,5
4303,2
4304,5
4305,5
4306,2
4307,5
4308,7
4309,0
4310,1
4311,0
4312,2
4313,1
4314,1
4315,0
4316,5
4317,5
4318,1
4319,2
4320,7
4321,7
4322,2
4323,2
4324,5
4325,4
4326,3
4327,3
4328,3
4329,4
4330,2
4331,1
4332,5
4333,1
4334,5
4335,1
4336,6
4337,6
4338,5
4339,4
4340,1
4341,3
4342,7
4343,5
4344,2
4345,2
4346,7
4347,3
4348,5
4349,5
4350,0
4351,0
4352,4
4353,2
4354,5
4355,7
4356,0
4357,1
4358,7
4359,2
4360,7
4361,0
4362,4
4363,6
4364,4
4365,1
4366,3
4367,1
4368,4
4369,0
4370,4
4371,1
4372,5
4373,2
4374,7
4375,0
4376,3
4377,4
4378,0
4379,6
4380,6
4381,5
4382,5
4383,5
4384,5
4385,1
4386,5
4387,5
4388,7
4389,7
4390,2
4391,4
4392,5
4393,3
4394,0
4395,4
4396,7
4397,5
4398,4
4399,1
4400,5
4401,0
4402,2
4403,7
4404,7
4405,7
4406,4
4407,1
4408,0
4409,0
4410,3
4411,5
4412,5
4413,4
4414,5
4415,5
4416,1
4417,5
4418,6
4419,7
4420,4
4421,4
4422,2
4423,1
4424,4
4425,4
4426,4
4427,5
4428,5
4429,4
4430,7
4431,5
4432,4
4433,2
4434,5
4435,6
4436,7
4437,2
4438,1
4439,0
4440,1
4441,2
4442,2
4443,2
4444,4
4445,1
4446,5
4447,2
4448,4
4449,0
4450,3
4451,0
4452,7
4453,1
4454,5
4455,0
4456,4
4457,5
4458,2
4459,0
4460,5
4461,2
4462,7
4463,5
4464,2
4465,1
4466,0
4467,5
4468,5
4469,5
4470,0
4471,6
4472,7
4473,3
4474,1
4475,4
4476,0
4477,4
4478,3
4479,7
4480,7
4481,2
4482,7
4483,1
4484,0
4485,0
4486,7
4487,5
4488,2
4489,6
4490,1
4491,4
4492,5
4493,1
4494,4
4495,5
4496,0
4497,7
4498,5
4499,1
4500,1
4501,2
4502,5
4503,0
4504,3
4505,7
4506,7
4507,5
4508,7
4509,2
4510,5
4511,4
4512,3
4513,1
4514,5
4515,4
4516,7
4517,0
4518,3
4519,1
4520,5
4521,5
4522,3
4523,4
4524,2
4525,4
4526,5
4527,7
4528,7
4529,0
4530,1
4531,3
4532,5
4533,1
4534,0
4535,5
4536,0
4537,1
4538,5
4539,0
4540,7
4541,3
4542,6
4543,0
4544,5
4545,7
4546,5
4547,1
4548,7
4549,0
4550,1
4551,1
4552,5
4553,2
4554,2
4555,2
4556,5
4557,4
4558,2
4559,5
4560,0
4561,2
4562,2
4563,1
4564,1
4565,2
4566,7
4567,0
4568,4
4569,1
4570,5
4571,4
4572,4
4573,1
4574,5
4575,4
4576,1
4577,1
4578,0
4579,5
4580,2
4581,4
4582,7
4583,5
4584,2
4585,5
4586,7
4587,0
4588,7
4589,3
4590,4
4591,3
4592,5
4593,0
4594,5
4595,4
4596,5
4597,5
4598,1
4599,1
4600,2
4601,1
4602,0
4603,5
4604,6
4605,0
4606,1
4607,1
4608,5
4609,5
4610,0
4611,3
4612,3
4613,5
4614,1
4615,5
4616,7
4617,2
4618,7
4619,3
4620,2
4621,2
4622,5
4623,1
4624,6
4625,5
4626,1
4627,5
4628,7
4629,1
4630,5
4631,5
4632,0
4633,5
4634,4
4635,1
4636,7
4637,3
4638,6
4639,4
4640,6
4641,4
4642,5
4643,1
4644,1
4645,1
4646,4
4647,5
4648,5
4649,6
4650,7
4651,6
4652,1
4653,3
4654,1
4655,5
4656,1
4657,6
4658,5
4659,1
4660,0
4661,3
4662,4
4663,2
4664,1
4665,0
4666,7
4667,5
4668,4
4669,7
4670,5
4671,2
4672,5
4673,2
4674,5
4675,1
4676,0
4677,7
4678,2
4679,1
4680,7
4681,2
4682,7
4683,4
4684,7
4685,7
4686,0
4687,5
4688,2
4689,2
4690,4
4691,1
4692,5
4693,1
4694,1
4695,1
4696,1
4697,5
4698,6
4699,3
4700,5
4701,6
4702,7
4703,6
4704,7
4705,7
4706,7
4707,7
4708,5
4709,0
4710,1
4711,0
4712,1
4713,2
4714,0
4715,1
4716,5
4717,5
4718,2
4719,4
4720,5
4721,5
4722,4
4723,7
4724,1
4725,2
4726,0
4727,7
4728,5
4729,2
4730,5
4731,2
4732,4
4733,6
4734,5
4735,2
4736,2
4737,6
4738,5
4739,2
4740,5
4741,6
4742,7
4743,5
4744,6
4745,2
4746,2
4747,0
4748,5
4749,0
4750,5
4751,2
4752,2
4753,2
4754,4
4755,0
4756,2
4757,0
4758,1
4759,6
4760,3
4761,5
4762,4
4763,2
4764,5
4765,1
4766,7
4767,1
4768,7
4769,4
4770,4
4771,5
4772,0
4773,7
4774,3
4775,7
4776,1
4777,3
4778,0
4779,0
4780,1
4781,3
4782,1
4783,7
4784,3
4785,0
4786,7
4787,3
4788,0
4789,7
4790,1
4791,5
4792,2
4793,7
4794,7
4795,1
4796,7
4797,1
4798,0
4799,0
4800,0
4801,1
4802,7
4803,7
4804,6
4805,5
4806,5
4807,4
4808,5
4809,1
4810,2
4811,5
4812,2
4813,5
4814,4
4815,4
4816,5
4817,5
4818,7
4819,0
4820,4
4821,7
4822,5
4823,5
4824,4
4825,0
4826,2
4827,1
4828,1
4829,2
4830,2
4831,5
4832,1
4833,6
4834,2
4835,7
4836,2
4837,3
4838,5
4839,1
4840,5
4841,5
4842,5
4843,4
4844,0
4845,5
4846,7
4847,0
4848,0
4849,3
4850,1
4851,1
4852,5
4853,1
4854,5
4855,4
4856,5
4857,3
4858,5
4859,4
4860,5
4861,4
4862,1
4863,1
4864,0
4865,3
4866,2
4867,7
4868,2
4869,5
4870,2
4871,5
4872,4
4873,0
4874,5
4875,5
4876,3
4877,7
4878,3
4879,5
4880,1
4881,5
4882,5
4883,3
4884,0
4885,5
4886,0
4887,3
4888,4
4889,1
4890,6
4891,7
4892,3
4893,1
4894,6
4895,2
4896,5
4897,4
4898,3
4899,1
4900,5
4901,0
4902,3
4903,5
4904,6
4905,5
4906,3
4907,3
4908,0
4909,5
4910,5
4911,1
4912,7
4913,1
4914,7
4915,4
4916,4
4917,0
4918,1
4919,5
4920,4
4921,1
4922,4
4923,4
4924,4
4925,5
4926,4
4927,2
4928,3
4929,0
4930,0
4931,5
4932,2
4933,7
4934,4
4935,2
4936,0
4937,7
4938,0
4939,5
4940,7
4941,2
4942,5
4943,5
4944,5
4945,2
4946,6
4947,5
4948,2
4949,0
4950,3
4951,5
4952,4
4953,1
4954,4
4955,0
4956,1
4957,5
4958,2
4959,7
4960,7
4961,1
4962,3
4963,7
4964,5
4965,4
4966,3
4967,4
4968,7
4969,6
4970,0
4971,3
4972,6
4973,0
4974,2
4975,7
4976,7
4977,5
4978,2
4979,2
4980,2
4981,2
4982,6
4983,5
4984,2
4985,2
4986,7
4987,2
4988,2
4989,5
4990,2
4991,7
4992,1
4993,7
4994,5
4995,7
4996,3
4997,2
4998,2
4999,2
5000,6
5001,2
5002,5
5003,4
5004,0
5005,0
5006,1
5007,3
5008,3
5009,2
5010,2
5011,2
5012,5
5013,3
5014,4
5015,2
5016,2
5017,3
5018,2
5019,0
5020,0
5021,0
5022,2
5023,5
5024,4
5025,2
5026,1
5027,4
5028,3
5029,1
5030,3
5031,2
5032,4
5033,2
5034,3
5035,1
5036,1
5037,6
5038,6
5039,0
5040,2
5041,6
5042,1
5043,2
5044,5
5045,0
5046,3
5047,5
5048,2
5049,1
5050,5
5051,0
5052,6
5053,0
5054,5
5055,5
5056,1
5057,6
5058,0
5059,1
5060,6
5061,5
5062,6
5063,6
5064,2
5065,2
5066,2
5067,3
5068,5
5069,5
5070,4
5071,7
5072,7
5073,7
5074,5
5075,4
5076,0
5077,2
5078,4
5079,7
5080,0
5081,2
5082,7
5083,3
5084,5
5085,5
5086,2
5087,6
5088,5
5089,5
5090,3
5091,7
5092,7
5093,5
5094,2
5095,2
5096,1
5097,7
5098,5
5099,4
5100,2
5101,7
5102,6
5103,5
5104,1
5105,3
5106,4
5107,7
5108,5
5109,1
5110,5
5111,1
5112,2
5113,2
5114,0
5115,1
5116,3
5117,4
5118,1
5119,0
5120,5
5121,4
5122,1
5123,5
5124,3
5125,2
5126,5
5127,1
5128,4
5129,7
5130,5
5131,0
5132,6
5133,5
5134,5
5135,5
5136,7
5137,2
5138,0
5139,4
5140,3
5141,7
5142,4
5143,2
5144,1
5145,5
5146,2
5147,5
5148,7
5149,5
5150,7
5151,0
5152,2
5153,5
5154,5
5155,7
5156,2
5157,7
5158,7
5159,7
5160,2
5161,1
5162,3
5163,4
5164,2
5165,4
5166,4
5167,0
5168,2
5169,1
5170,1
5171,0
5172,2
5173,1
5174,5
5175,5
5176,5
5177,5
5178,4
5179,0
5180,4
5181,4
5182,3
5183,6
5184,6
5185,7
5186,7
5187,3
5188,3
5189,1
5190,6
5191,4
5192,4
5193,5
5194,7
5195,0
5196,5
5197,5
5198,0
5199,5
5200,5
5201,4
5202,0
5203,0
5204,5
5205,6
5206,1
5207,5
5208,4
5209,7
5210,2
5211,1
5212,5
5213,7
5214,5
5215,5
5216,6
5217,1
5218,3
5219,2
5220,3
5221,7
5222,1
5223,7
5224,5
5225,4
5226,3
5227,5
5228,1
5229,1
5230,7
5231,5
5232,3
5233,7
5234,2
5235,3
5236,4
5237,3
5238,0
5239,1
5240,7
5241,1
5242,0
5243,2
5244,0
5245,6
5246,7
5247,5
5248,4
5249,7
5250,2
5251,2
5252,1
5253,3
5254,4
5255,7
5256,6
5257,2
5258,1
5259,1
5260,4
5261,7
5262,1
5263,1
5264,1
5265,4
5266,7
5267,5
5268,1
5269,4
5270,4
5271,0
5272,4
5273,6
5274,7
5275,5
5276,1
5277,2
5278,3
5279,2
5280,7
5281,5
5282,1
5283,5
5284,7
5285,2
5286,5
5287,7
5288,6
5289,1
5290,3
5291,5
5292,7
5293,2
5294,3
5295,7
5296,5
5297,4
5298,1
5299,2
5300,2
5301,5
5302,6
5303,0
5304,5
5305,5
5306,7
5307,5
5308,5
5309,0
5310,6
5311,1
5312,2
5313,0
5314,0
5315,1
5316,6
5317,1
5318,7
5319,5
5320,7
5321,1
5322,5
5323,2
5324,7
5325,0
5326,3
5327,5
5328,1
5329,1
5330,5
5331,3
5332,3
5333,7
5334,5
5335,0
5336,2
5337,4
5338,5
5339,5
5340,2
5341,1
5342,1
5343,2
5344,5
5345,0
5346,2
5347,7
5348,6
5349,2
5350,0
5351,7
5352,7
5353,7
5354,5
5355,1
5356,5
5357,4
5358,5
5359,0
5360,0
5361,1
5362,5
5363,2
5364,6
5365,4
5366,1
5367,6
5368,2
5369,6
5370,5
5371,2
5372,7
5373,0
5374,7
5375,5
5376,2
5377,2
5378,2
5379,0
5380,3
5381,1
5382,7
5383,2
5384,1
5385,3
5386,7
5387,7
5388,2
5389,4
5390,0
5391,2
5392,0
5393,1
5394,6
5395,4
5396,1
5397,3
5398,5
5399,4
5400,2
5401,5
5402,1
5403,3
5404,7
5405,0
5406,3
5407,7
5408,3
5409,4
5410,5
5411,6
5412,7
5413,3
5414,7
5415,2
5416,6
5417,6
5418,7
5419,2
5420,4
5421,7
5422,5
5423,7
5424,4
5425,6
5426,7
5427,7
5428,3
5429,2
5430,7
5431,0
5432,7
5433,3
5434,0
5435,5
5436,2
5437,5
5438,7
5439,0
5440,5
5441,1
5442,5
5443,7
5444,0
5445,3
5446,4
5447,5
5448,7
5449,2
5450,4
5451,3
5452,7
5453,5
5454,4
5455,3
5456,6
5457,0
5458,5
5459,4
5460,2
5461,2
5462,1
5463,5
5464,0
5465,4
5466,0
5467,3
5468,2
5469,7
5470,5
5471,5
5472,5
5473,6
5474,5
5475,5
5476,5
5477,5
5478,3
5479,5
5480,2
5481,2
5482,3
5483,7
5484,5
5485,4
5486,3
5487,5
5488,2
5489,0
5490,6
5491,5
5492,7
5493,3
5494,3
5495,1
5496,2
5497,1
5498,5
5499,7
5500,1
5501,0
5502,5
5503,7
5504,2
5505,4
5506,0
5507,5
5508,4
5509,2
5510,7
5511,7
5512,1
5513,5
5514,0
5515,5
5516,7
5517,1
5518,1
5519,1
5520,2
5521,3
5522,7
5523,5
5524,7
5525,4
5526,4
5527,0
5528,1
5529,2
5530,5
5531,0
5532,3
5533,0
5534,4
5535,5
5536,7
5537,5
5538,2
5539,2
5540,1
5541,0
5542,4
5543,4
5544,0
5545,5
5546,1
5547,7
5548,0
5549,0
5550,7
5551,7
5552,6
5553,5
5554,2
5555,1
5556,0
5557,5
5558,1
5559,0
5560,5
5561,7
5562,3
5563,5
5564,5
5565,5
5566,4
5567,7
5568,0
5569,3
5570,4
5571,7
5572,2
5573,4
5574,7
5575,5
5576,5
5577,7
5578,2
5579,4
5580,5
5581,2
5582,1
5583,2
5584,2
5585,5
5586,0
5587,3
5588,5
5589,5
5590,5
5591,0
5592,0
5593,5
5594,5
5595,5
5596,4
5597,5
5598,0
5599,2
5600,2
5601,6
5602,5
5603,4
5604,0
5605,5
5606,1
5607,7
5608,0
5609,7
5610,7
5611,3
5612,4
5613,4
5614,1
5615,1
5616,1
5617,5
5618,0
5619,7
5620,7
5621,1
5622,7
5623,0
5624,5
5625,7
5626,2
5627,0
5628,5
5629,3
5630,0
5631,5
5632,7
5633,5
5634,7
5635,5
5636,5
5637,1
5638,5
5639,1
5640,5
5641,4
5642,4
5643,5
5644,7
5645,1
5646,5
5647,4
5648,5
5649,5
5650,6
5651,2
5652,2
5653,0
5654,0
5655,4
5656,1
5657,5
5658,2
5659,6
5660,2
5661,3
5662,5
5663,4
5664,5
5665,4
5666,4
5667,4
5668,0
5669,6
5670,0
5671,2
5672,5
5673,6
5674,5
5675,5
5676,2
5677,2
5678,2
5679,1
5680,1
5681,5
5682,3
5683,2
5684,5
5685,4
5686,5
5687,7
5688,1
5689,5
5690,2
5691,1
5692,4
5693,5
5694,0
5695,7
5696,6
5697,7
5698,1
5699,4
5700,4
5701,2
5702,2
5703,5
5704,1
5705,6
5706,5
5707,2
5708,0
5709,1
5710,2
5711,7
5712,2
5713,1
5714,4
5715,0
5716,5
5717,5
5718,3
5719,0
5720,1
5721,1
5722,2
5723,1
5724,4
5725,7
5726,5
5727,1
5728,7
5729,3
5730,7
5731,5
5732,4
5733,4
5734,0
5735,3
5736,5
5737,7
5738,6
5739,2
5740,5
5741,7
5742,7
5743,1
5744,2
5745,2
5746,2
5747,0
5748,5
5749,0
5750,5
5751,5
5752,2
5753,5
5754,7
5755,6
5756,1
5757,5
5758,5
5759,6
5760,3
5761,1
5762,5
5763,4
5764,5
5765,7
5766,7
5767,7
5768,7
5769,2
5770,1
5771,0
5772,3
5773,2
5774,2
5775,1
5776,1
5777,7
5778,4
5779,2
5780,3
5781,6
5782,5
5783,4
5784,5
5785,4
5786,4
5787,5
5788,3
5789,6
5790,4
5791,3
5792,6
5793,6
5794,1
5795,3
5796,1
5797,1
5798,3
5799,4
5800,5
5801,3
5802,5
5803,3
5804,7
5805,1
5806,7
5807,7
5808,5
5809,3
5810,7
5811,4
5812,7
5813,5
5814,7
5815,4
5816,0
5817,0
5818,4
5819,4
5820,1
5821,5
5822,4
5823,1
5824,3
5825,0
5826,7
5827,4
5828,3
5829,6
5830,5
5831,5
5832,6
5833,1
5834,7
5835,2
5836,3
5837,4
5838,4
5839,4
5840,7
5841,4
5842,5
5843,5
5844,4
5845,5
5846,4
5847,6
5848,6
5849,4
5850,5
5851,2
5852,5
5853,6
5854,5
5855,1
5856,2
5857,6
5858,0
5859,0
5860,0
5861,5
5862,7
5863,5
5864,1
5865,5
5866,2
5867,4
5868,4
5869,3
5870,5
5871,6
5872,1
5873,0
5874,4
5875,5
5876,3
5877,0
5878,7
5879,0
5880,1
5881,2
5882,1
5883,1
5884,0
5885,2
5886,4
5887,7
5888,2
5889,7
5890,2
5891,6
5892,6
5893,5
5894,2
5895,7
5896,5
5897,3
5898,4
5899,2
5900,4
5901,4
5902,1
5903,6
5904,7
5905,5
5906,5
5907,4
5908,4
5909,1
5910,0
5911,3
5912,2
5913,2
5914,5
5915,7
5916,2
5917,1
5918,6
5919,5
5920,5
5921,5
5922,7
5923,0
5924,2
5925,2
5926,4
5927,7
5928,4
5929,4
5930,1
5931,1
5932,2
5933,5
5934,7
5935,2
5936,2
5937,6
5938,6
5939,7
5940,5
5941,4
5942,3
5943,2
5944,5
5945,4
5946,5
5947,1
5948,3
5949,0
5950,7
5951,7
5952,4
5953,5
5954,2
5955,1
5956,6
5957,5
5958,5
5959,1
5960,7
5961,4
5962,3
5963,4
5964,7
5965,5
5966,2
5967,5
5968,1
5969,5
5970,2
5971,2
5972,3
5973,7
5974,0
5975,1
5976,5
5977,6
5978,6
5979,1
5980,7
5981,4
5982,3
5983,1
5984,4
5985,7
5986,7
5987,3
5988,0
5989,6
5990,0
5991,4
5992,4
5993,5
5994,5
5995,6
5996,5
5997,5
5998,1
5999,5
6000,1
6001,4
6002,7
6003,5
6004,0
6005,0
6006,6
6007,5
6008,5
6009,4
6010,1
6011,4
6012,7
6013,4
6014,5
6015,5
6016,2
6017,5
6018,4
6019,6
6020,4
6021,5
6022,2
6023,2
6024,4
6025,5
6026,5
6027,5
6028,5
6029,2
6030,7
6031,1
6032,5
6033,3
6034,1
6035,0
6036,5
6037,5
6038,1
6039,1
6040,3
6041,1
6042,6
6043,7
6044,2
6045,6
6046,0
6047,5
6048,3
6049,1
6050,2
6051,5
6052,5
6053,6
6054,0
6055,5
6056,1
6057,0
6058,2
6059,0
6060,3
6061,6
6062,1
6063,2
6064,2
6065,5
6066,2
6067,2
6068,4
6069,5
6070,7
6071,5
6072,7
6073,5
6074,2
6075,1
6076,1
6077,7
6078,2
6079,6
6080,7
6081,5
6082,5
6083,3
6084,0
6085,0
6086,1
6087,2
6088,7
6089,2
6090,0
6091,2
6092,5
6093,4
6094,5
6095,2
6096,3
6097,0
6098,4
6099,4
6100,0
6101,7
6102,5
6103,0
6104,2
6105,6
6106,4
6107,1
6108,6
6109,0
6110,0
6111,7
6112,3
6113,4
6114,7
6115,6
6116,0
6117,1
6118,0
6119,5
6120,4
6121,1
6122,2
6123,2
6124,4
6125,0
6126,5
6127,4
6128,4
6129,4
6130,1
6131,1
6132,7
6133,5
6134,4
6135,6
6136,5
6137,1
6138,4
6139,0
6140,2
6141,0
6142,7
6143,2
6144,7
6145,6
6146,7
6147,2
6148,0
6149,7
6150,5
6151,3
6152,6
6153,5
6154,7
6155,3
6156,5
6157,4
6158,4
6159,2
6160,6
6161,3
6162,6
6163,5
6164,4
6165,6
6166,5
6167,2
6168,0
6169,7
6170,0
6171,2
6172,1
6173,6
6174,4
6175,2
6176,5
6177,0
6178,2
6179,6
6180,7
6181,7
6182,3
6183,3
6184,2
6185,0
6186,7
6187,5
6188,5
6189,7
6190,5
6191,1
6192,4
6193,0
6194,0
6195,2
6196,5
6197,6
6198,6
6199,5
6200,5
6201,5
6202,7
6203,6
6204,2
6205,4
6206,5
6207,5
6208,6
6209,1
6210,7
6211,4
6212,5
6213,6
6214,1
6215,4
6216,0
6217,5
6218,2
6219,6
6220,5
6221,0
6222,2
6223,3
6224,7
6225,5
6226,2
6227,5
6228,7
6229,6
6230,4
6231,3
6232,2
6233,1
6234,1
6235,2
6236,5
6237,1
6238,7
6239,4
6240,0
6241,3
6242,4
6243,5
6244,5
6245,0
6246,7
6247,1
6248,2
6249,4
6250,0
6251,6
6252,5
6253,3
6254,7
6255,4
6256,6
6257,3
6258,0
6259,3
6260,6
6261,7
6262,1
6263,5
6264,7
6265,6
6266,0
6267,0
6268,1
6269,5
6270,4
6271,5
6272,5
6273,5
6274,4
6275,7
6276,3
6277,6
6278,0
6279,7
6280,3
6281,7
6282,1
6283,4
6284,5
6285,5
6286,7
6287,1
6288,3
6289,3
6290,7
6291,5
6292,6
6293,5
6294,0
6295,4
6296,6
6297,4
6298,7
6299,5
6300,1
6301,3
6302,0
6303,7
6304,5
6305,2
6306,3
6307,0
6308,4
6309,4
6310,3
6311,3
6312,1
6313,5
6314,3
6315,7
6316,3
6317,3
6318,2
6319,1
6320,5
6321,7
6322,3
6323,1
6324,5
6325,0
6326,0
6327,0
6328,7
6329,4
6330,6
6331,3
6332,1
6333,6
6334,1
6335,2
6336,1
6337,2
6338,4
6339,2
6340,5
6341,2
6342,1
6343,6
6344,5
6345,0
6346,7
6347,1
6348,0
6349,0
6350,5
6351,7
6352,5
6353,5
6354,7
6355,2
6356,1
6357,3
6358,4
6359,7
6360,2
6361,6
6362,7
6363,5
6364,6
6365,7
6366,1
6367,7
6368,5
6369,2
6370,5
6371,0
6372,1
6373,5
6374,5
6375,2
6376,5
6377,7
6378,1
6379,5
6380,7
6381,5
6382,1
6383,1
6384,5
6385,1
6386,5
6387,0
6388,5
6389,4
6390,7
6391,4
6392,5
6393,6
6394,2
6395,1
6396,5
6397,2
6398,1
6399,6
6400,6
6401,1
6402,7
6403,7
6404,7
6405,6
6406,2
6407,5
6408,7
6409,5
6410,4
6411,4
6412,7
6413,5
6414,1
6415,7
6416,7
6417,3
6418,1
6419,7
6420,3
6421,7
6422,5
6423,0
6424,2
6425,5
6426,7
6427,1
6428,1
6429,0
6430,7
6431,1
6432,6
6433,4
6434,5
6435,5
6436,2
6437,5
6438,3
6439,4
6440,0
6441,0
6442,5
6443,5
6444,4
6445,4
6446,1
6447,2
6448,6
6449,5
6450,5
6451,1
6452,5
6453,3
6454,0
6455,2
6456,2
6457,3
6458,4
6459,2
6460,1
6461,3
6462,1
6463,5
6464,2
6465,6
6466,3
6467,1
6468,4
6469,3
6470,5
6471,4
6472,3
6473,6
6474,1
6475,5
6476,4
6477,4
6478,0
6479,7
6480,7
6481,4
6482,0
6483,3
6484,7
6485,3
6486,3
6487,0
6488,1
6489,4
6490,1
6491,3
6492,3
6493,4
6494,2
6495,2
6496,0
6497,6
6498,7
6499,5
6500,4
6501,5
6502,3
6503,1
6504,4
6505,7
6506,5
6507,0
6508,1
6509,5
6510,0
6511,4
6512,4
6513,7
6514,5
6515,4
6516,0
6517,0
6518,2
6519,0
6520,5
6521,5
6522,4
6523,1
6524,2
6525,7
6526,6
6527,6
6528,2
6529,7
6530,2
6531,3
6532,4
6533,1
6534,4
6535,0
6536,5
6537,1
6538,5
6539,7
6540,5
6541,4
6542,5
6543,7
6544,0
6545,3
6546,2
6547,5
6548,5
6549,5
6550,3
6551,5
6552,5
6553,6
6554,7
6555,1
6556,5
6557,2
6558,0
6559,5
6560,1
6561,3
6562,6
6563,2
6564,4
6565,5
6566,5
6567,5
6568,0
6569,1
6570,2
6571,1
6572,5
6573,4
6574,1
6575,7
6576,0
6577,0
6578,3
6579,5
6580,0
6581,4
6582,4
6583,6
6584,2
6585,7
6586,2
6587,5
6588,2
6589,0
6590,7
6591,2
6592,1
6593,1
6594,7
6595,0
6596,0
6597,6
6598,5
6599,6
6600,5
6601,6
6602,4
6603,5
6604,3
6605,0
6606,5
6607,1
6608,1
6609,5
6610,4
6611,1
6612,2
6613,7
6614,4
6615,2
6616,2
6617,3
6618,5
6619,5
6620,1
6621,2
6622,5
6623,5
6624,3
6625,2
6626,2
6627,1
6628,3
6629,2
6630,7
6631,7
6632,5
6633,5
6634,2
6635,5
6636,5
6637,2
6638,2
6639,4
6640,5
6641,5
6642,4
6643,5
6644,0
6645,7
6646,1
6647,7
6648,1
6649,1
6650,5
6651,4
6652,4
6653,6
6654,2
6655,4
6656,7
6657,0
6658,0
6659,0
6660,0
6661,3
6662,2
6663,1
6664,5
6665,4
6666,5
6667,5
6668,2
6669,5
6670,7
6671,7
6672,1
6673,4
6674,1
6675,5
6676,1
6677,5
6678,0
6679,2
6680,3
6681,6
6682,3
6683,7
6684,3
6685,5
6686,1
6687,7
6688,6
6689,7
6690,2
6691,3
6692,4
6693,4
6694,0
6695,0
6696,1
6697,1
6698,7
6699,3
6700,7
6701,7
6702,6
6703,4
6704,7
6705,0
6706,6
6707,5
6708,5
6709,1
6710,2
6711,2
6712,7
6713,5
6714,0
6715,3
6716,7
6717,5
6718,6
6719,1
6720,5
6721,0
6722,5
6723,5
6724,0
6725,4
6726,5
6727,5
6728,1
6729,1
6730,7
6731,6
6732,6
6733,5
6734,5
6735,4
6736,3
6737,4
6738,6
6739,7
6740,3
6741,7
6742,4
6743,1
6744,0
6745,7
6746,5
6747,4
6748,5
6749,2
6750,5
6751,4
6752,4
6753,4
6754,5
6755,0
6756,3
6757,4
6758,4
6759,5
6760,5
6761,7
6762,7
6763,6
6764,4
6765,3
6766,2
6767,5
6768,7
6769,2
6770,0
6771,0
6772,5
6773,5
6774,5
6775,5
6776,1
6777,5
6778,3
6779,3
6780,6
6781,2
6782,4
6783,5
6784,4
6785,7
6786,2
6787,0
6788,5
6789,5
6790,3
6791,4
6792,5
6793,4
6794,1
6795,0
6796,2
6797,1
6798,2
6799,3
6800,2
6801,0
6802,2
6803,7
6804,5
6805,2
6806,5
6807,2
6808,5
6809,1
6810,5
6811,2
6812,5
6813,0
6814,6
6815,2
6816,3
6817,4
6818,7
6819,4
6820,1
6821,7
6822,5
6823,5
6824,7
6825,7
6826,5
6827,5
6828,5
6829,6
6830,5
6831,1
6832,6
6833,7
6834,7
6835,1
6836,5
6837,2
6838,5
6839,7
6840,0
6841,3
6842,5
6843,4
6844,5
6845,2
6846,7
6847,7
6848,5
6849,6
6850,2
6851,7
6852,6
6853,1
6854,7
6855,4
6856,6
6857,2
6858,5
6859,6
6860,2
6861,7
6862,4
6863,1
6864,7
6865,1
6866,5
6867,5
6868,7
6869,4
6870,2
6871,2
6872,5
6873,7
6874,7
6875,0
6876,0
6877,4
6878,7
6879,7
6880,5
6881,3
6882,7
6883,1
6884,1
6885,5
6886,7
6887,0
6888,0
6889,2
6890,5
6891,0
6892,0
6893,4
6894,7
6895,7
6896,3
6897,7
6898,7
6899,3
6900,1
6901,6
6902,4
6903,5
6904,3
6905,0
6906,7
6907,3
6908,5
6909,0
6910,2
6911,1
6912,2
6913,6
6914,2
6915,1
6916,3
6917,1
6918,5
6919,5
6920,5
6921,1
6922,0
6923,1
6924,5
6925,3
6926,0
6927,5
6928,4
6929,2
6930,2
6931,4
6932,3
6933,7
6934,0
6935,7
6936,0
6937,7
6938,5
6939,5
6940,1
6941,3
6942,0
6943,5
6944,7
6945,7
6946,7
6947,4
6948,2
6949,5
6950,3
6951,7
6952,0
6953,4
6954,4
6955,1
6956,0
6957,7
6958,4
6959,3
6960,0
6961,3
6962,1
6963,3
6964,7
6965,4
6966,4
6967,2
6968,5
6969,4
6970,6
6971,7
6972,2
6973,4
6974,7
6975,1
6976,4
6977,5
6978,5
6979,7
6980,1
6981,1
6982,1
6983,5
6984,4
6985,1
6986,5
6987,5
6988,5
6989,0
6990,0
6991,4
6992,1
6993,6
6994,0
6995,7
6996,2
6997,3
6998,1
6999,0
7000,7
7001,7
7002,1
7003,4
7004,2
7005,4
7006,7
7007,1
7008,5
7009,5
7010,0
7011,2
7012,5
7013,4
7014,4
7015,5
7016,6
7017,0
7018,2
7019,0
7020,2
7021,2
7022,3
7023,5
7024,2
7025,4
7026,7
7027,2
7028,1
7029,3
7030,5
7031,7
7032,3
7033,6
7034,5
7035,0
7036,1
7037,1
7038,5
7039,4
7040,1
7041,3
7042,6
7043,2
7044,4
7045,6
7046,2
7047,6
7048,6
7049,0
7050,2
7051,6
7052,0
7053,3
7054,6
7055,5
7056,7
7057,7
7058,4
7059,3
7060,0
7061,5
7062,3
7063,0
7064,0
7065,7
7066,3
7067,6
7068,0
7069,3
7070,1
7071,2
7072,2
7073,0
7074,7
7075,0
7076,4
7077,5
7078,1
7079,5
7080,1
7081,7
7082,1
7083,5
7084,7
7085,0
7086,1
7087,4
7088,5
7089,4
7090,1
7091,7
7092,4
7093,5
7094,3
7095,0
7096,7
7097,3
7098,4
7099,5
7100,3
7101,1
7102,5
7103,3
7104,6
7105,5
7106,4
7107,3
7108,5
7109,0
7110,2
7111,1
7112,2
7113,1
7114,5
7115,5
7116,7
7117,7
7118,7
7119,4
7120,4
7121,0
7122,5
7123,4
7124,5
7125,1
7126,3
7127,6
7128,5
7129,2
7130,0
7131,5
7132,7
7133,1
7134,1
7135,7
7136,1
7137,5
7138,5
7139,5
7140,3
7141,7
7142,1
7143,7
7144,6
7145,4
7146,7
7147,2
7148,2
7149,1
7150,0
7151,2
7152,7
7153,7
7154,2
7155,5
7156,4
7157,7
7158,6
7159,1
7160,7
7161,6
7162,5
7163,4
7164,6
7165,5
7166,1
7167,0
7168,2
7169,7
7170,5
7171,5
7172,4
7173,7
7174,7
7175,2
7176,5
7177,1
7178,5
7179,7
7180,5
7181,7
7182,6
7183,7
7184,4
7185,1
7186,2
7187,1
7188,7
7189,5
7190,4
7191,5
7192,4
7193,7
7194,6
7195,1
7196,7
7197,7
7198,5
7199,5
7200,4
7201,5
7202,4
7203,3
7204,6
7205,5
7206,4
7207,6
7208,6
7209,4
7210,4
7211,5
7212,1
7213,7
7214,7
7215,7
7216,4
7217,0
7218,2
7219,3
7220,5
7221,7
7222,5
7223,3
7224,0
7225,7
7226,7
7227,1
7228,6
7229,6
7230,1
7231,5
7232,7
7233,1
7234,1
7235,7
7236,5
7237,1
7238,7
7239,4
7240,6
7241,2
7242,6
7243,6
7244,7
7245,3
7246,5
7247,6
7248,4
7249,5
7250,0
7251,3
7252,7
7253,6
7254,7
7255,6
7256,2
7257,2
7258,5
7259,4
7260,0
7261,5
7262,5
7263,5
7264,4
7265,0
7266,4
7267,5
7268,0
7269,0
7270,4
7271,7
7272,5
7273,6
7274,5
7275,1
7276,5
7277,5
7278,3
7279,2
7280,5
7281,2
7282,6
7283,5
7284,7
7285,3
7286,7
7287,6
7288,0
7289,7
7290,3
7291,5
7292,4
7293,4
7294,5
7295,2
7296,4
7297,2
7298,0
7299,5
7300,0
7301,7
7302,3
7303,3
7304,5
7305,2
7306,5
7307,0
7308,2
7309,5
7310,2
7311,1
7312,4
7313,0
7314,6
7315,7
7316,1
7317,6
7318,3
7319,5
7320,5
7321,6
7322,5
7323,4
7324,4
7325,7
7326,6
7327,4
7328,5
7329,3
7330,0
7331,4
7332,7
7333,1
7334,1
7335,1
7336,1
7337,7
7338,5
7339,5
7340,1
7341,0
7342,7
7343,4
7344,1
7345,0
7346,4
7347,6
7348,6
7349,6
7350,3
7351,3
7352,7
7353,6
7354,2
7355,4
7356,6
7357,1
7358,2
7359,5
7360,7
7361,6
7362,0
7363,5
7364,0
7365,5
7366,5
7367,4
7368,5
7369,3
7370,2
7371,5
7372,1
7373,1
7374,0
7375,4
7376,5
7377,4
7378,1
7379,6
7380,7
7381,5
7382,7
7383,1
7384,7
7385,7
7386,5
7387,5
7388,4
7389,7
7390,2
7391,3
7392,5
7393,1
7394,0
7395,1
7396,4
7397,0
7398,6
7399,5
7400,7
7401,4
7402,3
7403,2
7404,7
7405,2
7406,0
7407,0
7408,7
7409,7
7410,6
7411,6
7412,2
7413,3
7414,7
7415,0
7416,4
7417,6
7418,5
7419,7
7420,4
7421,2
7422,5
7423,7
7424,6
7425,7
7426,2
7427,5
7428,0
7429,5
7430,2
7431,1
7432,5
7433,3
7434,5
7435,7
7436,3
7437,7
7438,6
7439,7
7440,7
7441,2
7442,1
7443,6
7444,5
7445,1
7446,5
7447,1
7448,0
7449,3
7450,7
7451,1
7452,4
7453,5
7454,4
7455,1
7456,2
7457,4
7458,7
7459,4
7460,7
7461,7
7462,4
7463,2
7464,5
7465,7
7466,5
7467,5
7468,2
7469,2
7470,1
7471,1
7472,3
7473,5
7474,5
7475,5
7476,0
7477,5
7478,7
7479,7
7480,6
7481,1
7482,1
7483,5
7484,3
7485,5
7486,7
7487,3
7488,3
7489,0
7490,7
7491,2
7492,2
7493,2
7494,5
7495,1
7496,6
7497,7
7498,1
7499,6
7500,0
7501,4
7502,0
7503,1
7504,4
7505,1
7506,2
7507,4
7508,3
7509,3
7510,2
7511,4
7512,3
7513,5
7514,7
7515,5
7516,2
7517,5
7518,5
7519,2
7520,1
7521,5
7522,6
7523,5
7524,7
7525,5
7526,1
7527,2
7528,5
7529,4
7530,4
7531,5
7532,3
7533,6
7534,3
7535,6
7536,5
7537,7
7538,7
7539,7
7540,6
7541,5
7542,7
7543,7
7544,2
7545,7
7546,5
7547,1
7548,4
7549,5
7550,3
7551,4
7552,1
7553,0
7554,1
7555,1
7556,2
7557,2
7558,3
7559,5
7560,6
7561,7
7562,7
7563,7
7564,4
7565,1
7566,2
7567,5
7568,0
7569,7
7570,5
7571,0
7572,5
7573,7
7574,3
7575,4
7576,7
7577,0
7578,7
7579,5
7580,2
7581,7
7582,7
7583,4
7584,7
7585,0
7586,6
7587,7
7588,5
7589,5
7590,5
7591,7
7592,3
7593,7
7594,6
7595,0
7596,1
7597,5
7598,0
7599,2
7600,0
7601,1
7602,5
7603,4
7604,7
7605,2
7606,6
7607,1
7608,7
7609,5
7610,0
7611,5
7612,7
7613,7
7614,3
7615,0
7616,3
7617,6
7618,6
7619,4
7620,3
7621,1
7622,5
7623,4
7624,0
7625,4
7626,1
7627,7
7628,3
7629,5
7630,0
7631,4
7632,1
7633,0
7634,7
7635,0
7636,5
7637,2
7638,4
7639,4
7640,4
7641,7
7642,5
7643,7
7644,3
7645,1
7646,5
7647,7
7648,1
7649,1
7650,5
7651,7
7652,4
7653,4
7654,7
7655,4
7656,1
7657,0
7658,5
7659,6
7660,5
7661,0
7662,5
7663,1
7664,1
7665,4
7666,5
7667,3
7668,5
7669,1
7670,4
7671,7
7672,0
7673,2
7674,2
7675,5
7676,3
7677,0
7678,5
7679,5
7680,2
7681,7
7682,0
7683,0
7684,0
7685,3
7686,5
7687,3
7688,4
7689,4
7690,2
7691,4
7692,4
7693,5
7694,5
7695,5
7696,4
7697,0
7698,5
7699,0
7700,4
7701,0
7702,7
7703,4
7704,7
7705,4
7706,7
7707,5
7708,5
7709,5
7710,1
7711,7
7712,7
7713,5
7714,4
7715,6
7716,5
7717,2
7718,7
7719,5
7720,5
7721,4
7722,5
7723,2
7724,2
7725,7
7726,3
7727,6
7728,3
7729,4
7730,2
7731,1
7732,7
7733,7
7734,6
7735,2
7736,5
7737,4
7738,4
7739,5
7740,5
7741,4
7742,5
7743,6
7744,4
7745,5
7746,4
7747,0
7748,2
7749,7
7750,0
7751,5
7752,4
7753,6
7754,0
7755,7
7756,0
7757,1
7758,3
7759,3
7760,1
7761,5
7762,7
7763,7
7764,5
7765,3
7766,5
7767,4
7768,7
7769,3
7770,2
7771,7
7772,0
7773,0
7774,0
7775,0
7776,7
7777,0
7778,3
7779,5
7780,7
7781,2
7782,2
7783,3
7784,7
7785,5
7786,6
7787,5
7788,1
7789,5
7790,3
7791,3
7792,5
7793,0
7794,5
7795,6
7796,3
7797,7
7798,7
7799,1
7800,5
7801,7
7802,0
7803,5
7804,5
7805,5
7806,7
7807,2
7808,5
7809,1
7810,4
7811,4
7812,2
7813,7
7814,4
7815,0
7816,7
7817,1
7818,7
7819,4
7820,7
7821,3
7822,7
7823,3
7824,0
7825,6
7826,3
7827,0
7828,6
7829,6
7830,2
7831,2
7832,4
7833,4
7834,0
7835,5
7836,2
7837,7
7838,1
7839,4
7840,2
7841,5
7842,5
7843,2
7844,7
7845,0
7846,6
7847,1
7848,4
7849,5
7850,5
7851,7
7852,1
7853,5
7854,2
7855,6
7856,5
7857,3
7858,2
7859,7
7860,4
7861,4
7862,5
7863,4
7864,0
7865,4
7866,5
7867,2
7868,4
7869,0
7870,4
7871,7
7872,0
7873,5
7874,2
7875,4
7876,5
7877,5
7878,7
7879,3
7880,3
7881,0
7882,5
7883,5
7884,0
7885,5
7886,3
7887,7
7888,5
7889,1
7890,1
7891,5
7892,7
7893,2
7894,4
7895,4
7896,5
7897,4
7898,5
7899,1
7900,2
7901,7
7902,5
7903,0
7904,7
7905,5
7906,4
7907,3
7908,6
7909,5
7910,5
7911,5
7912,7
7913,1
7914,6
7915,6
7916,5
7917,2
7918,6
7919,5
7920,7
7921,1
7922,4
7923,1
7924,4
7925,3
7926,7
7927,1
7928,5
7929,2
7930,4
7931,5
7932,3
7933,2
7934,6
7935,4
7936,7
7937,7
7938,6
7939,2
7940,0
7941,6
7942,5
7943,0
7944,4
7945,5
7946,7
7947,2
7948,1
7949,1
7950,0
7951,0
7952,5
7953,2
7954,4
7955,7
7956,1
7957,5
7958,1
7959,2
7960,2
7961,1
7962,5
7963,7
7964,6
7965,3
7966,1
7967,7
7968,1
7969,5
7970,5
7971,2
7972,5
7973,5
7974,4
7975,6
7976,6
7977,5
7978,0
7979,7
7980,2
7981,1
7982,5
7983,7
7984,0
7985,0
7986,4
7987,7
7988,7
7989,1
7990,2
7991,2
7992,1
7993,0
7994,5
7995,0
7996,6
7997,0
7998,5
7999,2
8000,4
8001,1
8002,7
8003,7
8004,4
8005,3
8006,1
8007,7
8008,3
8009,5
8010,5
8011,5
8012,4
8013,1
8014,2
8015,3
8016,0
8017,5
8018,3
8019,0
8020,5
8021,0
8022,6
8023,4
8024,2
8025,5
8026,5
8027,1
8028,5
8029,1
8030,5
8031,5
8032,4
8033,5
8034,5
8035,5
8036,5
8037,7
8038,4
8039,5
8040,5
8041,7
8042,5
8043,3
8044,7
8045,4
8046,4
8047,4
8048,1
8049,2
8050,5
8051,4
8052,4
8053,3
8054,1
8055,2
8056,5
8057,5
8058,4
8059,2
8060,1
8061,3
8062,5
8063,7
8064,1
8065,3
8066,6
8067,4
8068,6
8069,5
8070,6
8071,3
8072,1
8073,7
8074,6
8075,4
8076,1
8077,7
8078,6
8079,5
8080,7
8081,5
8082,2
8083,5
8084,0
8085,5
8086,1
8087,5
8088,6
8089,0
8090,7
8091,0
8092,7
8093,7
8094,0
8095,2
8096,4
8097,5
8098,3
8099,7
8100,7
8101,3
8102,7
8103,0
8104,1
8105,2
8106,3
8107,0
8108,5
8109,7
8110,1
8111,5
8112,4
8113,1
8114,5
8115,7
8116,6
8117,1
8118,0
8119,3
8120,0
8121,1
8122,4
8123,1
8124,3
8125,5
8126,4
8127,3
8128,3
8129,1
8130,4
8131,5
8132,7
8133,2
8134,5
8135,7
8136,1
8137,5
8138,5
8139,7
8140,7
8141,6
8142,7
8143,4
8144,3
8145,1
8146,3
8147,5
8148,0
8149,2
8150,5
8151,6
8152,1
8153,1
8154,1
8155,7
8156,1
8157,7
8158,2
8159,2
8160,5
8161,5
8162,5
8163,5
8164,7
8165,2
8166,6
8167,5
8168,5
8169,0
8170,2
8171,1
8172,7
8173,7
8174,6
8175,3
8176,5
8177,5
8178,7
8179,5
8180,4
8181,2
8182,5
8183,5
8184,4
8185,4
8186,0
8187,3
8188,7
8189,5
8190,5
8191,0
8192,5
8193,0
8194,7
8195,4
8196,6
8197,5
8198,4
8199,0
8200,5
8201,1
8202,7
8203,1
8204,0
8205,5
8206,1
8207,5
8208,3
8209,4
8210,1
8211,5
8212,5
8213,4
8214,0
8215,7
8216,0
8217,7
8218,4
8219,1
8220,7
8221,4
8222,7
8223,4
8224,1
8225,5
8226,7
8227,2
8228,3
8229,0
8230,3
8231,6
8232,1
8233,1
8234,7
8235,0
8236,7
8237,4
8238,3
8239,5
8240,1
8241,3
8242,6
8243,1
8244,4
8245,2
8246,4
8247,1
8248,5
8249,5
8250,5
8251,7
8252,7
8253,0
8254,0
8255,5
8256,6
8257,0
8258,6
8259,2
8260,3
8261,4
8262,6
8263,4
8264,1
8265,1
8266,0
8267,4
8268,7
8269,2
8270,4
8271,7
8272,6
8273,1
8274,5
8275,1
8276,5
8277,0
8278,3
8279,1
8280,1
8281,7
8282,5
8283,7
8284,0
8285,7
8286,1
8287,7
8288,2
8289,0
8290,2
8291,4
8292,5
8293,2
8294,3
8295,7
8296,6
8297,7
8298,2
8299,2
8300,4
8301,5
8302,7
8303,3
8304,3
8305,1
8306,1
8307,7
8308,6
8309,6
8310,0
8311,7
8312,6
8313,6
8314,4
8315,0
8316,7
8317,7
8318,6
8319,0
8320,2
8321,1
8322,1
8323,2
8324,7
8325,7
8326,1
8327,3
8328,0
8329,5
8330,0
8331,5
8332,2
8333,5
8334,2
8335,6
8336,5
8337,1
8338,2
8339,3
8340,7
8341,0
8342,6
8343,5
8344,1
8345,6
8346,5
8347,4
8348,0
8349,1
8350,7
8351,7
8352,5
8353,1
8354,1
8355,2
8356,1
8357,3
8358,2
8359,1
8360,5
8361,7
8362,6
8363,1
8364,5
8365,5
8366,0
8367,7
8368,1
8369,7
8370,3
8371,0
8372,3
8373,6
8374,6
8375,7
8376,3
8377,2
8378,6
8379,0
8380,5
8381,2
8382,4
8383,1
8384,1
8385,4
8386,4
8387,5
8388,1
8389,7
8390,2
8391,6
8392,0
8393,4
8394,0
8395,1
8396,5
8397,2
8398,1
8399,7
8400,2
8401,5
8402,0
8403,3
8404,4
8405,3
8406,7
8407,4
8408,4
8409,4
8410,2
8411,1
8412,5
8413,5
8414,7
8415,5
8416,3
8417,0
8418,0
8419,7
8420,0
8421,0
8422,5
8423,7
8424,2
8425,4
8426,3
8427,2
8428,3
8429,1
8430,6
8431,1
8432,0
8433,5
8434,5
8435,7
8436,1
8437,3
8438,0
8439,7
8440,0
8441,6
8442,7
8443,1
8444,7
8445,5
8446,6
8447,0
8448,1
8449,7
8450,3
8451,6
8452,6
8453,0
8454,2
8455,0
8456,5
8457,5
8458,7
8459,2
8460,5
8461,5
8462,5
8463,1
8464,5
8465,7
8466,0
8467,0
8468,3
8469,3
8470,7
8471,2
8472,5
8473,1
8474,0
8475,0
8476,4
8477,5
8478,7
8479,1
8480,1
8481,5
8482,5
8483,5
8484,2
8485,4
8486,3
8487,2
8488,0
8489,7
8490,4
8491,2
8492,4
8493,6
8494,2
8495,1
8496,3
8497,0
8498,6
8499,3
8500,0
8501,5
8502,1
8503,7
8504,0
8505,0
8506,2
8507,6
8508,7
8509,0
8510,4
8511,1
8512,1
8513,1
8514,6
8515,4
8516,5
8517,5
8518,4
8519,3
8520,7
8521,1
8522,1
8523,4
8524,5
8525,5
8526,5
8527,7
8528,7
8529,1
8530,5
8531,0
8532,0
8533,4
8534,1
8535,0
8536,0
8537,7
8538,5
8539,1
8540,7
8541,5
8542,2
8543,4
8544,7
8545,7
8546,0
8547,5
8548,5
8549,3
8550,3
8551,0
8552,1
8553,6
8554,7
8555,3
8556,1
8557,1
8558,1
8559,7
8560,5
8561,3
8562,6
8563,7
8564,2
8565,5
8566,3
8567,1
8568,3
8569,5
8570,5
8571,5
8572,4
8573,6
8574,7
8575,5
8576,0
8577,1
8578,4
8579,6
8580,7
8581,0
8582,4
8583,0
8584,7
8585,5
8586,5
8587,5
8588,7
8589,5
8590,5
8591,5
8592,4
8593,5
8594,5
8595,0
8596,6
8597,7
8598,5
8599,1
8600,7
8601,6
8602,7
8603,5
8604,4
8605,5
8606,5
8607,7
8608,1
8609,5
8610,2
8611,7
8612,7
8613,1
8614,4
8615,7
8616,7
8617,2
8618,7
8619,2
8620,1
8621,7
8622,0
8623,2
8624,7
8625,7
8626,0
8627,1
8628,7
8629,1
8630,7
8631,5
8632,6
8633,1
8634,6
8635,5
8636,5
8637,1
8638,3
8639,1
8640,4
8641,5
8642,7
8643,7
8644,4
8645,7
8646,4
8647,3
8648,3
8649,0
8650,6
8651,5
8652,3
8653,5
8654,6
8655,7
8656,0
8657,7
8658,7
8659,0
8660,1
8661,0
8662,7
8663,1
8664,7
8665,1
8666,4
8667,5
8668,5
8669,5
8670,7
8671,4
8672,7
8673,1
8674,3
8675,0
8676,5
8677,5
8678,4
8679,7
8680,4
8681,0
8682,5
8683,2
8684,0
8685,5
8686,6
8687,5
8688,4
8689,5
8690,7
8691,0
8692,4
8693,5
8694,5
8695,0
8696,2
8697,5
8698,6
8699,6
8700,6
8701,2
8702,5
8703,0
8704,1
8705,1
8706,0
8707,5
8708,1
8709,6
8710,4
8711,2
8712,5
8713,7
8714,2
8715,1
8716,0
8717,5
8718,6
8719,1
8720,4
8721,2
8722,5
8723,1
8724,5
8725,5
8726,5
8727,6
8728,7
8729,5
8730,4
8731,6
8732,0
8733,2
8734,1
8735,3
8736,6
8737,5
8738,7
8739,6
8740,4
8741,6
8742,6
8743,3
8744,6
8745,4
8746,1
8747,2
8748,4
8749,3
8750,3
8751,7
8752,7
8753,2
8754,5
8755,5
8756,2
8757,5
8758,2
8759,0
8760,5
8761,0
8762,6
8763,1
8764,7
8765,5
8766,0
8767,7
8768,1
8769,0
8770,7
8771,7
8772,5
8773,5
8774,3
8775,7
8776,0
8777,7
8778,6
8779,2
8780,5
8781,1
8782,6
8783,0
8784,2
8785,4
8786,5
8787,0
8788,7
8789,5
8790,1
8791,4
8792,3
8793,7
8794,0
8795,6
8796,5
8797,7
8798,7
8799,5
8800,0
8801,2
8802,1
8803,7
8804,5
8805,7
8806,6
8807,7
8808,5
8809,0
8810,1
8811,7
8812,7
8813,5
8814,1
8815,1
8816,7
8817,5
8818,7
8819,2
8820,2
8821,7
8822,2
8823,7
8824,4
8825,4
8826,1
8827,5
8828,5
8829,0
8830,0
8831,6
8832,7
8833,0
8834,3
8835,7
8836,7
8837,7
8838,5
8839,7
8840,4
8841,7
8842,4
8843,2
8844,3
8845,7
8846,2
8847,5
8848,5
8849,6
8850,6
8851,5
8852,5
8853,2
8854,1
8855,6
8856,1
8857,6
8858,4
8859,2
8860,5
8861,0
8862,5
8863,7
8864,6
8865,1
8866,0
8867,1
8868,5
8869,7
8870,2
8871,7
8872,7
8873,3
8874,5
8875,5
8876,7
8877,1
8878,5
8879,5
8880,5
8881,7
8882,3
8883,5
8884,0
8885,5
8886,7
8887,7
8888,0
8889,6
8890,2
8891,4
8892,7
8893,1
8894,7
8895,7
8896,1
8897,6
8898,2
8899,5
8900,5
8901,0
8902,7
8903,6
8904,0
8905,0
8906,7
8907,6
8908,3
8909,4
8910,5
8911,3
8912,0
8913,7
8914,7
8915,6
8916,1
8917,1
8918,7
8919,5
8920,1
8921,5
8922,3
8923,3
8924,5
8925,4
8926,7
8927,1
8928,0
8929,0
8930,6
8931,0
8932,7
8933,4
8934,5
8935,7
8936,6
8937,1
8938,6
8939,0
8940,0
8941,1
8942,3
8943,5
8944,4
8945,7
8946,3
8947,4
8948,0
8949,6
8950,1
8951,4
8952,3
8953,6
8954,5
8955,4
8956,5
8957,7
8958,3
8959,6
8960,5
8961,0
8962,1
8963,4
8964,7
8965,7
8966,3
8967,4
8968,4
8969,1
8970,4
8971,6
8972,7
8973,4
8974,7
8975,7
8976,5
8977,0
8978,5
8979,0
8980,2
8981,0
8982,0
8983,5
8984,6
8985,7
8986,5
8987,7
8988,5
8989,0
8990,7
8991,5
8992,0
8993,0
8994,5
8995,7
8996,7
8997,7
8998,7
8999,6
9000,0
9001,1
9002,5
9003,6
9004,6
9005,2
9006,2
9007,1
9008,4
9009,4
9010,5
9011,0
9012,2
9013,7
9014,6
9015,3
9016,3
9017,1
9018,1
9019,5
9020,6
9021,5
9022,0
9023,5
9024,7
9025,3
9026,0
9027,3
9028,6
9029,1
9030,2
9031,6
9032,4
9033,0
9034,5
9035,1
9036,2
9037,2
9038,0
9039,3
9040,5
9041,4
9042,7
9043,5
9044,3
9045,3
9046,4
9047,5
9048,1
9049,1
9050,6
9051,1
9052,0
9053,0
9054,1
9055,2
9056,4
9057,5
9058,1
9059,4
9060,5
9061,4
9062,3
9063,5
9064,6
9065,0
9066,7
9067,5
9068,2
9069,5
9070,5
9071,1
9072,6
9073,5
9074,2
9075,0
9076,0
9077,4
9078,3
9079,1
9080,3
9081,1
9082,5
9083,7
9084,7
9085,0
9086,6
9087,0
9088,3
9089,1
9090,3
9091,0
9092,0
9093,7
9094,5
9095,5
9096,4
9097,7
9098,5
9099,2
9100,4
9101,2
9102,2
9103,0
9104,6
9105,5
9106,6
9107,5
9108,4
9109,0
9110,4
9111,5
9112,4
9113,6
9114,3
9115,3
9116,4
9117,5
9118,7
9119,7
9120,5
9121,6
9122,5
9123,4
9124,0
9125,5
9126,2
9127,5
9128,2
9129,2
9130,7
9131,5
9132,5
9133,7
9134,5
9135,4
9136,6
9137,4
9138,6
9139,5
9140,5
9141,4
9142,4
9143,2
9144,0
9145,1
9146,5
9147,1
9148,5
9149,3
9150,3
9151,5
9152,0
9153,0
9154,5
9155,2
9156,7
9157,1
9158,5
9159,2
9160,5
9161,7
9162,3
9163,2
9164,0
9165,1
9166,6
9167,0
9168,5
9169,0
9170,1
9171,2
9172,1
9173,0
9174,0
9175,5
9176,1
9177,5
9178,1
9179,2
9180,7
9181,7
9182,2
9183,3
9184,5
9185,1
9186,2
9187,4
9188,4
9189,2
9190,7
9191,0
9192,7
9193,7
9194,5
9195,5
9196,5
9197,5
9198,7
9199,1
9200,7
9201,2
9202,2
9203,1
9204,5
9205,0
9206,5
9207,0
9208,1
9209,5
9210,6
9211,0
9212,3
9213,5
9214,1
9215,1
9216,5
9217,4
9218,6
9219,7
9220,0
9221,4
9222,2
9223,1
9224,0
9225,2
9226,4
9227,0
9228,2
9229,2
9230,1
9231,7
9232,1
9233,1
9234,6
9235,1
9236,7
9237,3
9238,5
9239,1
9240,2
9241,5
9242,6
9243,6
9244,3
9245,4
9246,5
9247,1
9248,5
9249,0
9250,1
9251,7
9252,7
9253,1
9254,6
9255,1
9256,2
9257,2
9258,7
9259,7
9260,5
9261,1
9262,0
9263,4
9264,0
9265,2
9266,5
9267,1
9268,1
9269,0
9270,0
9271,0
9272,4
9273,6
9274,7
9275,0
9276,5
9277,7
9278,6
9279,5
9280,6
9281,5
9282,2
9283,5
9284,1
9285,2
9286,3
9287,6
9288,7
9289,7
9290,5
9291,6
9292,2
9293,5
9294,4
9295,2
9296,3
9297,1
9298,5
9299,6
9300,2
9301,7
9302,5
9303,0
9304,6
9305,6
9306,5
9307,0
9308,6
9309,1
9310,2
9311,0
9312,7
9313,5
9314,4
9315,7
9316,5
9317,1
9318,5
9319,1
9320,5
9321,7
9322,1
9323,0
9324,1
9325,3
9326,5
9327,7
9328,6
9329,6
9330,1
9331,5
9332,7
9333,5
9334,7
9335,1
9336,1
9337,7
9338,5
9339,7
9340,2
9341,7
9342,1
9343,1
9344,0
9345,5
9346,7
9347,6
9348,1
9349,5
9350,1
9351,2
9352,6
9353,3
9354,1
9355,1
9356,6
9357,6
9358,4
9359,6
9360,5
9361,5
9362,7
9363,7
9364,7
9365,0
9366,5
9367,0
9368,7
9369,0
9370,1
9371,2
9372,0
9373,0
9374,1
9375,1
9376,3
9377,6
9378,6
9379,2
9380,5
9381,7
9382,0
9383,4
9384,7
9385,7
9386,5
9387,3
9388,7
9389,5
9390,4
9391,5
9392,7
9393,7
9394,6
9395,4
9396,5
9397,7
9398,4
9399,3
9400,3
9401,3
9402,0
9403,7
9404,5
9405,0
9406,4
9407,6
9408,1
9409,4
9410,6
9411,7
9412,1
9413,7
9414,3
9415,5
9416,1
9417,7
9418,7
9419,0
9420,5
9421,3
9422,6
9423,7
9424,3
9425,5
9426,7
9427,4
9428,7
9429,5
9430,2
9431,7
9432,0
9433,0
9434,5
9435,4
9436,7
9437,4
9438,4
9439,5
9440,7
9441,0
9442,5
9443,5
9444,4
9445,1
9446,3
9447,0
9448,5
9449,1
9450,0
9451,4
9452,3
9453,7
9454,0
9455,1
9456,1
9457,1
9458,7
9459,7
9460,3
9461,5
9462,1
9463,1
9464,5
9465,2
9466,5
9467,6
9468,2
9469,4
9470,7
9471,5
9472,5
9473,1
9474,3
9475,5
9476,5
9477,7
9478,5
9479,4
9480,1
9481,4
9482,5
9483,7
9484,1
9485,5
9486,7
9487,5
9488,5
9489,1
9490,7
9491,2
9492,3
9493,5
9494,1
9495,2
9496,6
9497,4
9498,1
9499,7
9500,7
9501,3
9502,6
9503,3
9504,0
9505,4
9506,2
9507,7
9508,4
9509,5
9510,5
9511,2
9512,4
9513,1
9514,4
9515,6
9516,1
9517,1
9518,6
9519,0
9520,5
9521,0
9522,4
9523,5
9524,5
9525,5
9526,2
9527,5
9528,4
9529,4
9530,7
9531,7
9532,0
9533,4
9534,7
9535,3
9536,5
9537,2
9538,2
9539,7
9540,4
9541,1
9542,4
9543,1
9544,5
9545,7
9546,2
9547,5
9548,3
9549,7
9550,7
9551,4
9552,7
9553,4
9554,2
9555,6
9556,7
9557,1
9558,5
9559,5
9560,5
9561,7
9562,5
9563,1
9564,4
9565,4
9566,6
9567,7
9568,1
9569,7
9570,0
9571,0
9572,0
9573,4
9574,2
9575,3
9576,5
9577,6
9578,2
9579,7
9580,5
9581,5
9582,0
9583,4
9584,2
9585,1
9586,1
9587,1
9588,4
9589,4
9590,5
9591,5
9592,4
9593,3
9594,5
9595,7
9596,7
9597,4
9598,1
9599,3
9600,4
9601,0
9602,7
9603,7
9604,3
9605,7
9606,2
9607,0
9608,5
9609,5
9610,5
9611,5
9612,5
9613,6
9614,1
9615,2
9616,7
9617,5
9618,3
9619,2
9620,3
9621,1
9622,5
9623,7
9624,2
9625,6
9626,3
9627,7
9628,4
9629,6
9630,5
9631,0
9632,3
9633,0
9634,5
9635,2
9636,5
9637,5
9638,7
9639,1
9640,2
9641,5
9642,3
9643,4
9644,1
9645,4
9646,0
9647,5
9648,0
9649,5
9650,4
9651,1
9652,7
9653,5
9654,5
9655,5
9656,5
9657,1
9658,1
9659,1
9660,7
9661,3
9662,3
9663,0
9664,7
9665,0
9666,5
9667,2
9668,2
9669,4
9670,3
9671,3
9672,5
9673,4
9674,5
9675,7
9676,4
9677,3
9678,5
9679,5
9680,3
9681,1
9682,1
9683,6
9684,1
9685,7
9686,3
9687,1
9688,2
9689,0
9690,5
9691,7
9692,5
9693,2
9694,4
9695,6
9696,6
9697,7
9698,5
9699,1
9700,5
9701,0
9702,2
9703,0
9704,5
9705,3
9706,3
9707,0
9708,7
9709,7
9710,0
9711,7
9712,5
9713,0
9714,3
9715,1
9716,5
9717,5
9718,1
9719,5
9720,5
9721,3
9722,3
9723,3
9724,0
9725,7
9726,5
9727,2
9728,4
9729,1
9730,1
9731,0
9732,5
9733,3
9734,3
9735,7
9736,4
9737,0
9738,6
9739,1
9740,2
9741,7
9742,1
9743,1
9744,4
9745,5
9746,6
9747,5
9748,7
9749,6
9750,0
9751,0
9752,5
9753,0
9754,1
9755,5
9756,5
9757,7
9758,5
9759,4
9760,0
9761,0
9762,5
9763,1
9764,2
9765,0
9766,0
9767,1
9768,4
9769,5
9770,1
9771,6
9772,7
9773,7
9774,7
9775,2
9776,7
9777,6
9778,2
9779,7
9780,5
9781,6
9782,3
9783,3
9784,5
9785,6
9786,6
9787,3
9788,7
9789,5
9790,7
9791,5
9792,7
9793,5
9794,0
9795,7
9796,1
9797,7
9798,0
9799,0
9800,6
9801,4
9802,4
9803,6
9804,7
9805,5
9806,5
9807,5
9808,5
9809,3
9810,0
9811,6
9812,7
9813,0
9814,2
9815,5
9816,3
9817,0
9818,7
9819,1
9820,0
9821,5
9822,5
9823,7
9824,7
9825,5
9826,0
9827,5
9828,5
9829,6
9830,0
9831,0
9832,7
9833,2
9834,7
9835,7
9836,3
9837,7
9838,3
9839,7
9840,7
9841,4
9842,0
9843,5
9844,6
9845,0
9846,1
9847,1
9848,7
9849,2
9850,3
9851,2
9852,5
9853,5
9854,6
9855,5
9856,7
9857,4
9858,7
9859,7
9860,7
9861,0
9862,6
9863,6
9864,7
9865,5
9866,3
9867,7
9868,1
9869,6
9870,7
9871,5
9872,1
9873,4
9874,5
9875,1
9876,5
9877,7
9878,3
9879,1
9880,5
9881,6
9882,0
9883,2
9884,4
9885,7
9886,4
9887,5
9888,4
9889,4
9890,5
9891,5
9892,7
9893,2
9894,3
9895,7
9896,2
9897,0
9898,0
9899,6
9900,7
9901,5
9902,7
9903,5
9904,6
9905,4
9906,3
9907,5
9908,1
9909,4
9910,1
9911,5
9912,3
9913,5
9914,3
9915,7
9916,4
9917,5
9918,1
9919,5
9920,6
9921,0
9922,0
9923,6
9924,7
9925,7
9926,1
9927,4
9928,1
9929,1
9930,4
9931,1
9932,6
9933,3
9934,5
9935,1
9936,2
9937,2
9938,5
9939,2
9940,6
9941,4
9942,1
9943,2
9944,4
9945,7
9946,5
9947,0
9948,4
9949,7
9950,0
9951,6
9952,5
9953,5
9954,7
9955,5
9956,1
9957,6
9958,0
9959,7
9960,2
9961,2
9962,5
9963,4
9964,4
9965,3
9966,2
9967,2
9968,4
9969,1
9970,0
9971,0
9972,7
9973,1
9974,5
9975,2
9976,5
9977,7
9978,7
9979,6
9980,1
9981,7
9982,1
9983,2
9984,3
9985,5
9986,2
9987,1
9988,5
9989,6
9990,7
9991,5
9992,7
9993,7
9994,1
9995,0
9996,7
9997,7
9998,0
9999,3
10000,4
10001,0
10002,1
10003,1
10004,3
10005,0
10006,3
10007,6
10008,5
10009,5
10010,3
10011,2
10012,5
10013,5
10014,1
10015,5
10016,1
10017,7
10018,5
10019,5
10020,5
10021,5
10022,7
10023,5
10024,7
10025,4
10026,1
10027,2
10028,1
10029,1
10030,5
10031,7
10032,1
10033,3
10034,1
10035,6
10036,5
10037,4
10038,5
10039,5
10040,5
10041,5
10042,5
10043,1
10044,3
10045,6
10046,6
10047,5
10048,4
10049,5
10050,4
10051,3
10052,3
10053,1
10054,0
10055,1
10056,0
10057,0
10058,4
10059,5
10060,7
10061,7
10062,5
10063,7
10064,1
10065,5
10066,3
10067,4
10068,5
10069,3
10070,0
10071,5
10072,3
10073,4
10074,6
10075,6
10076,3
10077,7
10078,4
10079,2
10080,4
10081,3
10082,4
10083,3
10084,6
10085,0
10086,3
10087,3
10088,4
10089,5
10090,1
10091,3
10092,5
10093,7
10094,5
10095,0
10096,1
10097,4
10098,7
10099,4
10100,5
10101,7
10102,7
10103,5
10104,0
10105,5
10106,5
10107,6
10108,2
10109,1
10110,6
10111,6
10112,1
10113,6
10114,4
10115,3
10116,0
10117,5
10118,5
10119,5
10120,4
10121,3
10122,4
10123,0
10124,4
10125,4
10126,3
10127,5
10128,5
10129,7
10130,7
10131,6
10132,6
10133,2
10134,5
10135,4
10136,7
10137,0
10138,1
10139,5
10140,2
10141,5
10142,3
10143,1
10144,7
10145,7
10146,5
10147,7
10148,0
10149,1
10150,3
10151,6
10152,1
10153,5
10154,5
10155,1
10156,5
10157,0
10158,6
10159,0
10160,5
10161,4
10162,4
10163,4
10164,7
10165,4
10166,3
10167,7
10168,4
10169,1
10170,3
10171,0
10172,0
10173,1
10174,7
10175,6
10176,0
10177,3
10178,1
10179,4
10180,2
10181,5
10182,5
10183,5
10184,7
10185,6
10186,5
10187,1
10188,6
10189,5
10190,5
10191,1
10192,1
10193,7
10194,3
10195,5
10196,7
10197,1
10198,5
10199,3
10200,1
10201,5
10202,0
10203,5
10204,1
10205,1
10206,6
10207,2
10208,0
10209,0
10210,5
10211,1
10212,1
10213,0
10214,6
10215,6
10216,5
10217,7
10218,5
10219,5
10220,1
10221,4
10222,5
10223,7
10224,4
10225,0
10226,6
10227,0
10228,7
10229,1
10230,7
10231,6
10232,1
10233,2
10234,1
10235,1
10236,5
10237,4
10238,5
10239,1
10240,4
10241,7
10242,4
10243,3
10244,4
10245,4
10246,1
10247,4
10248,5
10249,2
10250,7
10251,7
10252,3
10253,3
10254,1
10255,5
10256,1
10257,5
10258,0
10259,5
10260,6
10261,4
10262,2
10263,3
10264,3
10265,4
10266,7
10267,3
10268,0
10269,3
10270,4
10271,5
10272,7
10273,2
10274,4
10275,5
10276,3
10277,1
10278,2
10279,1
10280,5
10281,5
10282,3
10283,1
10284,0
10285,0
10286,6
10287,5
10288,4
10289,5
10290,7
10291,5
10292,5
10293,4
10294,4
10295,1
10296,6
10297,1
10298,6
10299,5
10300,3
10301,5
10302,5
10303,2
10304,0
10305,7
10306,0
10307,3
10308,7
10309,5
10310,7
10311,4
10312,1
10313,4
10314,4
10315,1
10316,3
10317,1
10318,5
10319,1
10320,1
10321,1
10322,5
10323,4
10324,5
10325,3
10326,5
10327,4
10328,3
10329,5
10330,4
10331,4
10332,4
10333,7
10334,2
10335,3
10336,0
10337,4
10338,7
10339,5
10340,2
10341,4
10342,0
10343,4
10344,5
10345,7
10346,6
10347,4
10348,7
10349,2
10350,7
10351,0
10352,7
10353,1
10354,6
10355,2
10356,6
10357,1
10358,3
10359,2
10360,0
10361,5
10362,0
10363,6
10364,4
10365,1
10366,0
10367,4
10368,2
10369,3
10370,5
10371,1
10372,0
10373,1
10374,2
10375,2
10376,0
10377,1
10378,6
10379,3
10380,7
10381,7
10382,4
10383,5
10384,1
10385,5
10386,0
10387,2
10388,1
10389,6
10390,4
10391,5
10392,0
10393,1
10394,1
10395,7
10396,5
10397,5
10398,7
10399,7
10400,7
10401,5
10402,7
10403,1
10404,5
10405,1
10406,7
10407,2
10408,3
10409,2
10410,0
10411,5
10412,5
10413,1
10414,1
10415,4
10416,2
10417,5
10418,7
10419,3
10420,1
10421,5
10422,5
10423,7
10424,7
10425,7
10426,4
10427,7
10428,1
10429,1
10430,1
10431,1
10432,7
10433,1
10434,5
10435,1
10436,2
10437,7
10438,5
10439,1
10440,0
10441,7
10442,7
10443,7
10444,5
10445,5
10446,0
10447,5
10448,3
10449,4
10450,0
10451,3
10452,7
10453,0
10454,6
10455,6
10456,4
10457,7
10458,4
10459,5
10460,7
10461,3
10462,1
10463,1
10464,1
10465,3
10466,6
10467,1
10468,5
10469,7
10470,5
10471,5
10472,1
10473,7
10474,3
10475,2
10476,7
10477,3
10478,1
10479,5
10480,0
10481,6
10482,5
10483,0
10484,5
10485,7
10486,7
10487,6
10488,3
10489,7
10490,5
10491,6
10492,7
10493,5
10494,1
10495,6
10496,5
10497,3
10498,5
10499,5
10500,5
10501,6
10502,4
10503,5
10504,7
10505,4
10506,7
10507,6
10508,5
10509,3
10510,6
10511,5
10512,7
10513,0
10514,3
10515,4
10516,5
10517,3
10518,2
10519,4
10520,6
10521,2
10522,0
10523,4
10524,2
10525,6
10526,0
10527,4
10528,0
10529,1
10530,7
10531,7
10532,1
10533,5
10534,5
10535,0
10536,5
10537,7
10538,6
10539,7
10540,4
10541,5
10542,6
10543,7
10544,5
10545,4
10546,0
10547,0
10548,1
10549,5
10550,0
10551,0
10552,7
10553,4
10554,4
10555,3
10556,7
10557,4
10558,1
10559,4
10560,5
10561,6
10562,4
10563,1
10564,4
10565,0
10566,3
10567,0
10568,1
10569,5
10570,5
10571,7
10572,1
10573,6
10574,1
10575,3
10576,1
10577,0
10578,6
10579,0
10580,1
10581,3
10582,7
10583,7
10584,7
10585,7
10586,3
10587,2
10588,6
10589,3
10590,4
10591,1
10592,4
10593,5
10594,5
10595,4
10596,3
10597,7
10598,7
10599,5
10600,7
10601,2
10602,5
10603,0
10604,6
10605,4
10606,3
10607,7
10608,0
10609,6
10610,1
10611,0
10612,1
10613,1
10614,6
10615,5
10616,4
10617,4
10618,1
10619,5
10620,4
10621,5
10622,5
10623,7
10624,7
10625,3
10626,4
10627,7
10628,5
10629,0
10630,4
10631,0
10632,2
10633,7
10634,5
10635,0
10636,3
10637,1
10638,1
10639,0
10640,5
10641,3
10642,2
10643,5
10644,5
10645,4
10646,3
10647,7
10648,4
10649,6
10650,6
10651,7
10652,7
10653,6
10654,5
10655,5
10656,7
10657,3
10658,1
10659,6
10660,7
10661,7
10662,7
10663,0
10664,7
10665,0
10666,5
10667,1
10668,4
10669,1
10670,3
10671,7
10672,2
10673,7
10674,6
10675,5
10676,5
10677,4
10678,4
10679,7
10680,0
10681,5
10682,0
10683,7
10684,1
10685,7
10686,1
10687,1
10688,6
10689,0
10690,3
10691,0
10692,5
10693,0
10694,7
10695,3
10696,0
10697,7
10698,4
10699,1
10700,1
10701,7
10702,5
10703,7
10704,5
10705,4
10706,1
10707,4
10708,6
10709,2
10710,3
10711,4
10712,4
10713,0
10714,3
10715,7
10716,1
10717,7
10718,5
10719,5
10720,2
10721,0
10722,7
10723,5
10724,2
10725,0
10726,2
10727,7
10728,2
10729,6
10730,2
10731,7
10732,7
10733,1
10734,7
10735,7
10736,7
10737,6
10738,0
10739,4
10740,4
10741,5
10742,1
10743,7
10744,7
10745,5
10746,5
10747,1
10748,1
10749,6
10750,0
10751,5
10752,5
10753,5
10754,2
10755,5
10756,0
10757,1
10758,2
10759,6
10760,0
10761,2
10762,0
10763,4
10764,1
10765,1
10766,2
10767,0
10768,0
10769,4
10770,1
10771,1
10772,0
10773,5
10774,5
10775,0
10776,1
10777,1
10778,3
10779,1
10780,7
10781,1
10782,0
10783,4
10784,5
10785,6
10786,1
10787,2
10788,7
10789,7
10790,6
10791,7
10792,6
10793,1
10794,7
10795,7
10796,3
10797,0
10798,6
10799,6
10800,4
10801,1
10802,6
10803,0
10804,4
10805,0
10806,5
10807,3
10808,5
10809,1
10810,0
10811,5
10812,0
10813,5
10814,6
10815,4
10816,4
10817,5
10818,1
10819,1
10820,7
10821,5
10822,1
10823,4
10824,0
10825,1
10826,7
10827,5
10828,1
10829,0
10830,7
10831,7
10832,7
10833,1
10834,3
10835,4
10836,1
10837,0
10838,6
10839,2
10840,6
10841,5
10842,7
10843,5
10844,5
10845,6
10846,4
10847,1
10848,1
10849,4
10850,5
10851,3
10852,5
10853,5
10854,0
10855,6
10856,4
10857,1
10858,2
10859,1
10860,2
10861,0
10862,0
10863,5
10864,7
10865,5
10866,1
10867,2
10868,7
10869,1
10870,6
10871,6
10872,7
10873,1
10874,0
10875,4
10876,0
10877,3
10878,4
10879,5
10880,0
10881,7
10882,5
10883,7
10884,0
10885,6
10886,3
10887,3
10888,5
10889,5
10890,5
10891,5
10892,4
10893,6
10894,3
10895,5
10896,4
10897,0
10898,2
10899,7
10900,0
10901,0
10902,7
10903,4
10904,7
10905,5
10906,0
10907,7
10908,0
10909,1
10910,7
10911,5
10912,0
10913,1
10914,2
10915,7
10916,3
10917,0
10918,3
10919,5
10920,7
10921,1
10922,7
10923,4
10924,6
10925,7
10926,4
10927,5
10928,1
10929,1
10930,1
10931,5
10932,0
10933,5
10934,4
10935,1
10936,7
10937,7
10938,2
10939,5
10940,7
10941,5
10942,5
10943,6
10944,0
10945,5
10946,7
10947,4
10948,1
10949,4
10950,3
10951,3
10952,4
10953,0
10954,5
10955,4
10956,2
10957,4
10958,1
10959,3
10960,5
10961,5
10962,4
10963,2
10964,4
10965,4
10966,3
10967,7
10968,5
10969,7
10970,6
10971,4
10972,5
10973,4
10974,3
10975,6
10976,3
10977,1
10978,7
10979,5
10980,1
10981,4
10982,4
10983,7
10984,5
10985,5
10986,5
10987,3
10988,1
10989,3
10990,1
10991,7
10992,1
10993,5
10994,3
10995,4
10996,0
10997,7
10998,6
10999,4
11000,7
11001,7
11002,4
11003,5
11004,1
11005,5
11006,5
11007,1
11008,5
11009,1
11010,1
11011,0
11012,1
11013,1
11014,7
11015,3
11016,7
11017,0
11018,0
11019,4
11020,4
11021,7
11022,0
11023,7
11024,5
11025,5
11026,5
11027,5
11028,5
11029,5
11030,0
11031,1
11032,1
11033,1
11034,0
11035,7
11036,5
11037,4
11038,5
11039,5
11040,6
11041,1
11042,7
11043,3
11044,5
11045,7
11046,4
11047,4
11048,7
11049,6
11050,5
11051,1
11052,5
11053,4
11054,2
11055,7
11056,5
11057,1
11058,4
11059,0
11060,3
11061,5
11062,7
11063,5
11064,6
11065,7
11066,0
11067,3
11068,1
11069,0
11070,4
11071,7
11072,3
11073,5
11074,1
11075,0
11076,5
11077,1
11078,6
11079,7
11080,0
11081,4
11082,7
11083,5
11084,2
11085,5
11086,5
11087,5
11088,1
11089,5
11090,4
11091,7
11092,7
11093,6
11094,6
11095,5
11096,7
11097,7
11098,1
11099,2
11100,7
11101,7
11102,2
11103,7
11104,5
11105,5
11106,5
11107,5
11108,6
11109,3
11110,5
11111,6
11112,7
11113,4
11114,0
11115,7
11116,4
11117,7
11118,7
11119,7
11120,0
11121,4
11122,5
11123,5
11124,5
11125,1
11126,4
11127,1
11128,1
11129,4
11130,4
11131,2
11132,4
11133,4
11134,5
11135,1
11136,1
11137,6
11138,7
11139,0
11140,5
11141,0
11142,6
11143,2
11144,3
11145,0
11146,0
11147,4
11148,0
11149,6
11150,3
11151,1
11152,6
11153,6
11154,5
11155,1
11156,7
11157,5
11158,5
11159,3
11160,7
11161,4
11162,5
11163,7
11164,1
11165,5
11166,5
11167,4
11168,6
11169,7
11170,2
11171,6
11172,7
11173,2
11174,7
11175,6
11176,4
11177,1
11178,7
11179,7
11180,5
11181,0
11182,5
11183,5
11184,7
11185,2
11186,1
11187,5
11188,0
11189,0
11190,6
11191,2
11192,1
11193,1
11194,2
11195,3
11196,1
11197,0
11198,5
11199,3
11200,1
11201,3
11202,1
11203,7
11204,0
11205,4
11206,6
11207,2
11208,5
11209,4
11210,5
11211,3
11212,3
11213,7
11214,0
11215,1
11216,6
11217,3
11218,4
11219,3
11220,1
11221,6
11222,7
11223,1
11224,2
11225,2
11226,7
11227,6
11228,7
11229,3
11230,7
11231,4
11232,5
11233,5
11234,5
11235,1
11236,7
11237,3
11238,1
11239,0
11240,5
11241,2
11242,2
11243,7
11244,7
11245,7
11246,7
11247,4
11248,0
11249,7
11250,2
11251,4
11252,4
11253,7
11254,5
11255,1
11256,6
11257,0
11258,3
11259,7
11260,6
11261,7
11262,5
11263,5
11264,7
11265,0
11266,3
11267,3
11268,7
11269,7
11270,7
11271,1
11272,1
11273,3
11274,3
11275,5
11276,3
11277,0
11278,7
11279,5
11280,3
11281,6
11282,7
11283,7
11284,0
11285,7
11286,5
11287,0
11288,5
11289,1
11290,2
11291,4
11292,2
11293,7
11294,5
11295,5
11296,6
11297,2
11298,7
11299,7
11300,0
11301,7
11302,0
11303,6
11304,3
11305,0
11306,3
11307,6
11308,1
11309,0
11310,2
11311,1
11312,2
11313,4
11314,0
11315,7
11316,4
11317,1
11318,4
11319,6
11320,0
11321,3
11322,3
11323,1
11324,2
11325,1
11326,3
11327,2
11328,7
11329,2
11330,4
11331,6
11332,6
11333,7
11334,4
11335,1
11336,6
11337,5
11338,6
11339,0
11340,4
11341,6
11342,0
11343,0
11344,4
11345,1
11346,0
11347,6
11348,5
11349,1
11350,5
11351,7
11352,5
11353,1
11354,3
11355,7
11356,5
11357,4
11358,6
11359,4
11360,5
11361,4
11362,0
11363,5
11364,5
11365,5
11366,4
11367,4
11368,0
11369,2
11370,0
11371,5
11372,3
11373,6
11374,7
11375,7
11376,7
11377,1
11378,5
11379,5
11380,5
11381,1
11382,0
11383,7
11384,5
11385,5
11386,4
11387,1
11388,7
11389,5
11390,0
11391,4
11392,1
11393,1
11394,4
11395,3
11396,0
11397,7
11398,0
11399,4
11400,5
11401,6
11402,6
11403,2
11404,5
11405,5
11406,1
11407,5
11408,1
11409,3
11410,1
11411,7
11412,6
11413,1
11414,7
11415,1
11416,2
11417,3
11418,7
11419,2
11420,1
11421,5
11422,3
11423,7
11424,5
11425,3
11426,1
11427,1
11428,2
11429,5
11430,5
11431,0
11432,3
11433,1
11434,1
11435,5
11436,5
11437,7
11438,7
11439,4
11440,1
11441,5
11442,0
11443,0
11444,2
11445,3
11446,0
11447,1
11448,0
11449,3
11450,2
11451,4
11452,4
11453,6
11454,6
11455,0
11456,0
11457,4
11458,0
11459,7
11460,7
11461,5
11462,7
11463,7
11464,5
11465,4
11466,6
11467,2
11468,5
11469,4
11470,6
11471,4
11472,1
11473,7
11474,0
11475,1
11476,5
11477,0
11478,0
11479,6
11480,3
11481,1
11482,1
11483,0
11484,5
11485,4
11486,7
11487,3
11488,0
11489,7
11490,1
11491,2
11492,6
11493,6
11494,4
11495,5
11496,5
11497,4
11498,5
11499,2
11500,1
11501,6
11502,7
11503,2
11504,1
11505,1
11506,1
11507,2
11508,3
11509,7
11510,1
11511,6
11512,3
11513,1
11514,7
11515,6
11516,4
11517,2
11518,3
11519,3
11520,1
11521,7
11522,2
11523,2
11524,5
11525,5
11526,6
11527,1
11528,7
11529,7
11530,0
11531,1
11532,5
11533,6
11534,3
11535,6
11536,4
11537,5
11538,3
11539,3
11540,0
11541,5
11542,6
11543,7
11544,6
11545,1
11546,1
11547,0
11548,4
11549,1
11550,5
11551,5
11552,5
11553,0
11554,7
11555,5
11556,2
11557,2
11558,5
11559,4
11560,5
11561,0
11562,0
11563,3
11564,7
11565,2
11566,5
11567,5
11568,7
11569,2
11570,1
11571,5
11572,7
11573,6
11574,7
11575,4
11576,5
11577,4
11578,7
11579,1
11580,5
11581,0
11582,7
11583,1
11584,7
11585,7
11586,1
11587,0
11588,6
11589,2
11590,7
11591,5
11592,0
11593,5
11594,7
11595,6
11596,5
11597,5
11598,5
11599,7
11600,1
11601,5
11602,5
11603,2
11604,1
11605,2
11606,5
11607,0
11608,3
11609,1
11610,4
11611,1
11612,5
11613,3
11614,5
11615,5
11616,0
11617,7
11618,7
11619,1
11620,0
11621,5
11622,1
11623,5
11624,2
11625,5
11626,2
11627,6
11628,6
11629,7
11630,5
11631,4
11632,0
11633,0
11634,5
11635,5
11636,7
11637,7
11638,4
11639,5
11640,3
11641,1
11642,0
11643,3
11644,1
11645,7
11646,5
11647,6
11648,5
11649,7
11650,7
11651,7
11652,1
11653,3
11654,1
11655,6
11656,1
11657,7
11658,5
11659,0
11660,4
11661,6
11662,4
11663,2
11664,7
11665,5
11666,7
11667,5
11668,0
11669,2
11670,7
11671,4
11672,7
11673,1
11674,4
11675,5
11676,5
11677,0
11678,1
11679,2
11680,6
11681,7
11682,7
11683,7
11684,5
11685,5
11686,4
11687,7
11688,5
11689,7
11690,7
11691,5
11692,5
11693,2
11694,7
11695,0
11696,6
11697,6
11698,4
11699,0
11700,1
11701,3
11702,1
11703,7
11704,6
11705,5
11706,7
11707,6
11708,2
11709,7
11710,5
11711,7
11712,1
11713,3
11714,1
11715,5
11716,2
11717,0
11718,5
11719,1
11720,7
11721,6
11722,7
11723,1
11724,1
11725,3
11726,7
11727,5
11728,6
11729,5
11730,5
11731,6
11732,6
11733,5
11734,4
11735,5
11736,1
11737,1
11738,5
11739,4
11740,4
11741,5
11742,0
11743,5
11744,4
11745,0
11746,4
11747,5
11748,7
11749,2
11750,5
11751,3
11752,7
11753,5
11754,6
11755,5
11756,1
11757,4
11758,5
11759,4
11760,1
11761,4
11762,5
11763,5
11764,4
11765,2
11766,1
11767,7
11768,1
11769,6
11770,7
11771,1
11772,7
11773,5
11774,6
11775,5
11776,7
11777,6
11778,2
11779,2
11780,2
11781,2
11782,0
11783,6
11784,4
11785,7
11786,5
11787,5
11788,5
11789,5
11790,4
11791,5
11792,4
11793,4
11794,0
11795,1
11796,7
11797,4
11798,5
11799,5
11800,5
11801,0
11802,5
11803,2
11804,4
11805,4
11806,5
11807,0
11808,6
11809,4
11810,1
11811,2
11812,2
11813,3
11814,5
11815,0
11816,4
11817,4
11818,1
11819,2
11820,0
11821,0
11822,5
11823,2
11824,2
11825,1
11826,5
11827,0
11828,6
11829,7
11830,7
11831,5
11832,0
11833,6
11834,6
11835,7
11836,1
11837,7
11838,7
11839,0
11840,5
11841,7
11842,1
11843,4
11844,1
11845,7
11846,4
11847,2
11848,1
11849,7
11850,5
11851,2
11852,0
11853,7
11854,5
11855,0
11856,5
11857,4
11858,3
11859,5
11860,6
11861,5
11862,2
11863,3
11864,6
11865,3
11866,5
11867,4
11868,1
11869,2
11870,4
11871,7
11872,7
11873,5
11874,3
11875,1
11876,0
11877,1
11878,4
11879,3
11880,1
11881,7
11882,1
11883,4
11884,0
11885,5
11886,1
11887,1
11888,5
11889,0
11890,1
11891,7
11892,7
11893,2
11894,5
11895,4
11896,2
11897,1
11898,3
11899,6
11900,6
11901,1
11902,1
11903,5
11904,5
11905,4
11906,2
11907,4
11908,7
11909,1
11910,5
11911,5
11912,6
11913,4
11914,6
11915,5
11916,4
11917,5
11918,4
11919,5
11920,4
11921,7
11922,7
11923,5
11924,7
11925,5
11926,5
11927,4
11928,5
11929,0
11930,5
11931,7
11932,0
11933,5
11934,0
11935,7
11936,3
11937,2
11938,2
11939,5
11940,5
11941,5
11942,4
11943,6
11944,4
11945,6
11946,0
11947,2
11948,5
11949,5
11950,0
11951,4
11952,1
11953,3
11954,2
11955,3
11956,7
11957,0
11958,5
11959,5
11960,2
11961,5
11962,2
11963,6
11964,6
11965,4
11966,7
11967,3
11968,7
11969,0
11970,7
11971,7
11972,6
11973,2
11974,5
11975,4
11976,0
11977,5
11978,3
11979,7
11980,7
11981,5
11982,2
11983,6
11984,7
11985,7
11986,6
11987,7
11988,4
11989,4
11990,7
11991,4
11992,7
11993,3
11994,5
11995,7
11996,7
11997,5
11998,2
11999,7
12000,3
12001,1
12002,5
12003,0
12004,6
12005,7
12006,5
12007,0
12008,0
12009,0
12010,6
12011,0
12012,4
12013,5
12014,5
12015,4
12016,4
12017,6
12018,0
12019,1
12020,6
12021,1
12022,1
12023,7
12024,5
12025,7
12026,3
12027,5
12028,5
12029,5
12030,3
12031,5
12032,7
12033,2
12034,7
12035,7
12036,1
12037,6
12038,3
12039,0
12040,7
12041,7
12042,6
12043,1
12044,3
12045,5
12046,7
12047,5
12048,3
12049,4
12050,4
12051,6
12052,0
12053,7
12054,5
12055,6
12056,1
12057,1
12058,2
12059,0
12060,4
12061,7
12062,7
12063,6
12064,2
12065,5
12066,5
12067,5
12068,1
12069,3
12070,0
12071,1
12072,5
12073,2
12074,3
12075,5
12076,5
12077,0
12078,3
12079,4
12080,7
12081,4
12082,1
12083,7
12084,1
12085,4
12086,5
12087,5
12088,4
12089,7
12090,6
12091,4
12092,2
12093,3
12094,2
12095,6
12096,2
12097,3
12098,0
12099,5
12100,4
12101,5
12102,1
12103,7
12104,4
12105,6
12106,4
12107,0
12108,1
12109,5
12110,6
12111,5
12112,2
12113,4
12114,3
12115,5
12116,0
12117,7
12118,7
12119,6
12120,1
12121,7
12122,6
12123,2
12124,4
12125,5
12126,4
12127,5
12128,5
12129,2
12130,0
12131,2
12132,3
12133,7
12134,5
12135,0
12136,5
12137,4
12138,5
12139,4
12140,6
12141,1
12142,7
12143,5
12144,1
12145,2
12146,5
12147,7
12148,2
12149,7
12150,5
12151,3
12152,4
12153,7
12154,3
12155,7
12156,2
12157,7
12158,6
12159,6
12160,7
12161,1
12162,7
12163,7
12164,3
12165,0
12166,5
12167,5
12168,5
12169,1
12170,5
12171,3
12172,4
12173,7
12174,6
12175,4
12176,3
12177,2
12178,2
12179,7
12180,5
12181,5
12182,6
12183,6
12184,0
12185,5
12186,3
12187,7
12188,4
12189,7
12190,7
12191,0
12192,4
12193,5
12194,5
12195,6
12196,4
12197,0
12198,4
12199,1
12200,2
12201,3
12202,7
12203,5
12204,5
12205,0
12206,7
12207,5
12208,1
12209,3
12210,5
12211,5
12212,0
12213,4
12214,7
12215,7
12216,5
12217,5
12218,5
12219,2
12220,7
12221,4
12222,3
12223,5
12224,1
12225,5
12226,7
12227,2
12228,7
12229,7
12230,4
12231,5
12232,4
12233,5
12234,0
12235,0
12236,5
12237,0
12238,0
12239,5
12240,7
12241,1
12242,5
12243,3
12244,6
12245,4
12246,6
12247,5
12248,1
12249,0
12250,7
12251,7
12252,3
12253,4
12254,7
12255,0
12256,0
12257,6
12258,0
12259,5
12260,3
12261,2
12262,1
12263,0
12264,7
12265,7
12266,4
12267,7
12268,3
12269,5
12270,3
12271,5
12272,4
12273,5
12274,3
12275,0
12276,4
12277,7
12278,5
12279,1
12280,7
12281,2
12282,7
12283,7
12284,7
12285,5
12286,0
12287,3
12288,1
12289,5
12290,7
12291,3
12292,1
12293,5
12294,6
12295,3
12296,1
12297,1
12298,5
12299,5
12300,0
12301,3
12302,4
12303,5
12304,4
12305,1
12306,4
12307,5
12308,4
12309,5
12310,7
12311,5
12312,4
12313,7
12314,0
12315,4
12316,5
12317,1
12318,6
12319,7
12320,2
12321,1
12322,5
12323,7
12324,0
12325,0
12326,7
12327,2
12328,5
12329,1
12330,5
12331,2
12332,4
12333,4
12334,7
12335,4
12336,4
12337,5
12338,6
12339,6
12340,5
12341,6
12342,0
12343,0
12344,5
12345,5
12346,5
12347,3
12348,6
12349,4
12350,6
12351,7
12352,0
12353,2
12354,5
12355,0
12356,0
12357,7
12358,0
12359,6
12360,4
12361,0
12362,7
12363,0
12364,7
12365,3
12366,7
12367,3
12368,1
12369,5
12370,0
12371,5
12372,0
12373,3
12374,0
12375,0
12376,6
12377,0
12378,5
12379,1
12380,1
12381,7
12382,4
12383,1
12384,0
12385,0
12386,5
12387,5
12388,4
12389,3
12390,7
12391,5
12392,7
12393,5
12394,0
12395,0
12396,7
12397,5
12398,7
12399,5
12400,4
12401,7
12402,0
12403,5
12404,3
12405,4
12406,7
12407,6
12408,3
12409,5
12410,4
12411,7
12412,5
12413,7
12414,3
12415,5
12416,0
12417,5
12418,0
12419,7
12420,4
12421,7
12422,6
12423,7
12424,7
12425,7
12426,1
12427,4
12428,3
12429,0
12430,0
12431,1
12432,5
12433,5
12434,2
12435,5
12436,5
12437,6
12438,3
12439,5
12440,3
12441,5
12442,1
12443,3
12444,2
12445,7
12446,6
12447,5
12448,4
12449,0
12450,6
12451,5
12452,5
12453,7
12454,5
12455,7
12456,1
12457,5
12458,4
12459,5
12460,5
12461,6
12462,3
12463,6
12464,1
12465,1
12466,7
12467,0
12468,0
12469,5
12470,5
12471,5
12472,5
12473,6
12474,4
12475,7
12476,1
12477,3
12478,4
12479,5
12480,7
12481,4
12482,5
12483,1
12484,6
12485,3
12486,2
12487,1
12488,4
12489,5
12490,7
12491,5
12492,5
12493,4
12494,1
12495,6
12496,2
12497,4
12498,5
12499,2
12500,5
12501,5
12502,7
12503,0
12504,7
12505,7
12506,1
12507,1
12508,6
12509,5
12510,4
12511,7
12512,6
12513,1
12514,0
12515,1
12516,4
12517,5
12518,0
12519,5
12520,1
12521,5
12522,1
12523,5
12524,5
12525,7
12526,7
12527,5
12528,0
12529,4
12530,7
12531,7
12532,1
12533,2
12534,6
12535,0
12536,0
12537,2
12538,6
12539,3
12540,0
12541,7
12542,0
12543,5
12544,5
12545,1
12546,5
12547,7
12548,1
12549,1
12550,5
12551,1
12552,5
12553,5
12554,5
12555,5
12556,0
12557,0
12558,7
12559,1
12560,6
12561,4
12562,0
12563,7
12564,0
12565,3
12566,6
12567,0
12568,0
12569,5
12570,7
12571,4
12572,1
12573,5
12574,5
12575,6
12576,2
12577,2
12578,4
12579,1
12580,4
12581,7
12582,5
12583,4
12584,7
12585,5
12586,4
12587,3
12588,5
12589,6
12590,6
12591,3
12592,4
12593,4
12594,3
12595,6
12596,4
12597,6
12598,5
12599,5
12600,5
12601,1
12602,2
12603,6
12604,3
12605,1
12606,5
12607,4
12608,0
12609,7
12610,5
12611,0
12612,7
12613,0
12614,0
12615,0
12616,0
12617,5
12618,6
12619,4
12620,5
12621,5
12622,7
12623,1
12624,6
12625,0
12626,5
12627,1
12628,7
12629,5
12630,6
12631,5
12632,5
12633,7
12634,6
12635,0
12636,4
12637,2
12638,7
12639,0
12640,2
12641,6
12642,1
12643,7
12644,7
12645,6
12646,7
12647,5
12648,6
12649,6
12650,5
12651,5
12652,4
12653,6
12654,7
12655,2
12656,1
12657,6
12658,1
12659,7
12660,7
12661,5
12662,7
12663,5
12664,1
12665,2
12666,7
12667,6
12668,0
12669,5
12670,1
12671,1
12672,1
12673,3
12674,3
12675,7
12676,3
12677,7
12678,4
12679,6
12680,7
12681,7
12682,5
12683,4
12684,7
12685,7
12686,6
12687,5
12688,5
12689,5
12690,7
12691,6
12692,7
12693,5
12694,4
12695,7
12696,6
12697,7
12698,5
12699,3
12700,7
12701,3
12702,2
12703,7
12704,5
12705,0
12706,5
12707,7
12708,5
12709,6
12710,1
12711,5
12712,6
12713,0
12714,0
12715,7
12716,5
12717,5
12718,6
12719,2
12720,6
12721,4
12722,3
12723,4
12724,6
12725,5
12726,1
12727,7
12728,5
12729,2
12730,3
12731,5
12732,7
12733,5
12734,7
12735,7
12736,3
12737,1
12738,5
12739,0
12740,5
12741,5
12742,0
12743,7
12744,1
12745,5
12746,3
12747,7
12748,3
12749,5
12750,5
12751,6
12752,7
12753,5
12754,5
12755,1
12756,1
12757,0
12758,5
12759,7
12760,5
12761,4
12762,1
12763,7
12764,5
12765,7
12766,5
12767,7
12768,7
12769,7
12770,5
12771,0
12772,7
12773,7
12774,5
12775,5
12776,5
12777,1
12778,7
12779,1
12780,7
12781,6
12782,5
12783,6
12784,1
12785,5
12786,2
12787,7
12788,5
12789,5
12790,4
12791,1
12792,2
12793,7
12794,2
12795,7
12796,6
12797,0
12798,5
12799,6
12800,0
12801,4
12802,1
12803,7
12804,6
12805,6
12806,7
12807,2
12808,3
12809,5
12810,7
12811,4
12812,7
12813,2
12814,7
12815,3
12816,7
12817,6
12818,4
12819,6
12820,7
12821,5
12822,5
12823,7
12824,1
12825,4
12826,1
12827,7
12828,7
12829,7
12830,4
12831,6
12832,5
12833,4
12834,5
12835,0
12836,4
12837,5
12838,7
12839,7
12840,3
12841,5
12842,4
12843,7
12844,7
12845,7
12846,0
12847,4
12848,0
12849,0
12850,7
12851,6
12852,3
12853,1
12854,0
12855,7
12856,0
12857,7
12858,4
12859,5
12860,5
12861,2
12862,0
12863,3
12864,0
12865,0
12866,5
12867,6
12868,7
12869,7
12870,1
12871,3
12872,3
12873,2
12874,0
12875,4
12876,0
12877,4
12878,2
12879,4
12880,1
12881,4
12882,5
12883,7
12884,0
12885,3
12886,0
12887,1
12888,5
12889,2
12890,7
12891,5
12892,2
12893,1
12894,2
12895,3
12896,7
12897,6
12898,5
12899,3
12900,5
12901,5
12902,1
12903,2
12904,1
12905,0
12906,7
12907,1
12908,5
12909,1
12910,5
12911,0
12912,2
12913,4
12914,0
12915,4
12916,5
12917,5
12918,4
12919,5
12920,6
12921,1
12922,3
12923,5
12924,1
12925,6
12926,6
12927,1
12928,7
12929,4
12930,1
12931,6
12932,5
12933,5
12934,2
12935,7
12936,7
12937,5
12938,3
12939,6
12940,7
12941,5
12942,5
12943,0
12944,6
12945,5
12946,6
12947,7
12948,5
12949,3
12950,7
12951,7
12952,6
12953,1
12954,4
12955,5
12956,0
12957,5
12958,7
12959,5
12960,6
12961,7
12962,7
12963,1
12964,3
12965,5
12966,3
12967,7
12968,5
12969,3
12970,3
12971,3
12972,3
12973,5
12974,5
12975,6
12976,2
12977,5
12978,4
12979,1
12980,7
12981,2
12982,1
12983,5
12984,7
12985,5
12986,3
12987,3
12988,6
12989,0
12990,5
12991,2
12992,0
12993,5
12994,1
12995,0
12996,2
12997,0
12998,3
12999,4
13000,5
13001,6
13002,4
13003,5
13004,7
13005,0
13006,7
13007,5
13008,7
13009,5
13010,0
13011,5
13012,2
13013,7
13014,0
13015,1
13016,7
13017,7
13018,7
13019,7
13020,1
13021,5
13022,3
13023,1
13024,7
13025,3
13026,5
13027,7
13028,0
13029,6
13030,7
13031,7
13032,2
13033,5
13034,2
13035,1
13036,1
13037,5
13038,5
13039,4
13040,7
13041,5
13042,1
13043,5
13044,0
13045,7
13046,0
13047,5
13048,0
13049,2
13050,0
13051,5
13052,1
13053,1
13054,5
13055,1
13056,5
13057,1
13058,3
13059,5
13060,5
13061,7
13062,7
13063,5
13064,4
13065,7
13066,6
13067,5
13068,5
13069,5
13070,6
13071,6
13072,4
13073,4
13074,7
13075,0
13076,0
13077,4
13078,4
13079,4
13080,5
13081,4
13082,7
13083,7
13084,1
13085,7
13086,5
13087,5
13088,0
13089,4
13090,3
13091,6
13092,0
13093,0
13094,1
13095,5
13096,1
13097,5
13098,5
13099,1
13100,1
13101,5
13102,2
13103,5
13104,0
13105,0
13106,0
13107,6
13108,4
13109,3
13110,5
13111,4
13112,0
13113,1
13114,0
13115,0
13116,1
13117,4
13118,5
13119,5
13120,0
13121,0
13122,5
13123,5
13124,1
13125,2
13126,0
13127,7
13128,0
13129,2
13130,3
13131,2
13132,5
13133,3
13134,7
13135,7
13136,3
13137,5
13138,5
13139,2
13140,4
13141,1
13142,7
13143,4
13144,6
13145,2
13146,1
13147,0
13148,1
13149,2
13150,5
13151,7
13152,4
13153,6
13154,1
13155,7
13156,7
13157,0
13158,7
13159,0
13160,0
13161,7
13162,1
13163,3
13164,3
13165,5
13166,7
13167,1
13168,0
13169,1
13170,6
13171,7
13172,5
13173,2
13174,2
13175,1
13176,0
13177,5
13178,7
13179,6
13180,5
13181,7
13182,3
13183,4
13184,7
13185,5
13186,7
13187,7
13188,7
13189,5
13190,6
13191,4
13192,2
13193,1
13194,5
13195,0
13196,3
13197,4
13198,2
13199,1
13200,4
13201,5
13202,3
13203,4
13204,2
13205,0
13206,0
13207,2
13208,2
13209,3
13210,5
13211,4
13212,0
13213,1
13214,2
13215,0
13216,7
13217,5
13218,0
13219,0
13220,1
13221,1
13222,5
13223,0
13224,5
13225,7
13226,4
13227,4
13228,6
13229,5
13230,5
13231,7
13232,0
13233,2
13234,1
13235,5
13236,0
13237,5
13238,5
13239,7
13240,4
13241,7
13242,1
13243,6
13244,0
13245,1
13246,1
13247,1
13248,3
13249,3
13250,2
13251,3
13252,5
13253,4
13254,7
13255,1
13256,5
13257,7
13258,5
13259,7
13260,4
13261,4
13262,3
13263,4
13264,5
13265,7
13266,2
13267,7
13268,5
13269,4
13270,3
13271,7
13272,5
13273,7
13274,0
13275,3
13276,5
13277,5
13278,7
13279,7
13280,5
13281,0
13282,4
13283,0
13284,4
13285,5
13286,1
13287,2
13288,7
13289,4
13290,0
13291,1
13292,3
13293,7
13294,7
13295,6
13296,0
13297,1
13298,7
13299,5
13300,5
13301,1
13302,5
13303,2
13304,5
13305,5
13306,4
13307,1
13308,4
13309,2
13310,3
13311,0
13312,3
13313,7
13314,2
13315,1
13316,1
13317,0
13318,1
13319,7
13320,5
13321,4
13322,5
13323,4
13324,0
13325,0
13326,6
13327,2
13328,7
13329,4
13330,1
13331,5
13332,1
13333,7
13334,2
13335,0
13336,4
13337,5
13338,6
13339,3
13340,3
13341,7
13342,6
13343,5
13344,7
13345,3
13346,7
13347,2
13348,5
13349,3
13350,3
13351,7
13352,5
13353,0
13354,3
13355,4
13356,6
13357,5
13358,5
13359,2
13360,7
13361,6
13362,1
13363,5
13364,5
13365,6
13366,7
13367,5
13368,4
13369,2
13370,1
13371,7
13372,2
13373,1
13374,1
13375,6
13376,5
13377,7
13378,5
13379,6
13380,7
13381,7
13382,3
13383,7
13384,6
13385,3
13386,4
13387,4
13388,7
13389,0
13390,7
13391,5
13392,3
13393,5
13394,5
13395,7
13396,4
13397,4
13398,0
13399,7
13400,5
13401,5
13402,7
13403,5
13404,2
13405,0
13406,1
13407,7
13408,1
13409,0
13410,0
13411,2
13412,1
13413,3
13414,1
13415,1
13416,7
13417,7
13418,5
13419,1
13420,4
13421,7
13422,7
13423,7
13424,2
13425,2
13426,3
13427,7
13428,5
13429,5
13430,7
13431,4
13432,5
13433,5
13434,4
13435,1
13436,5
13437,5
13438,3
13439,3
13440,7
13441,7
13442,6
13443,0
13444,4
13445,5
13446,1
13447,3
13448,5
13449,1
13450,6
13451,2
13452,2
13453,0
13454,6
13455,5
13456,5
13457,4
13458,7
13459,2
13460,1
13461,1
13462,2
13463,7
13464,5
13465,6
13466,7
13467,3
13468,6
13469,2
13470,7
13471,7
13472,5
13473,1
13474,7
13475,7
13476,6
13477,5
13478,7
13479,1
13480,5
13481,4
13482,4
13483,5
13484,1
13485,0
13486,3
13487,5
13488,0
13489,7
13490,6
13491,7
13492,1
13493,5
13494,5
13495,5
13496,7
13497,4
13498,2
13499,5
13500,1
13501,7
13502,4
13503,5
13504,7
13505,2
13506,0
13507,5
13508,0
13509,1
13510,4
13511,1
13512,5
13513,6
13514,0
13515,7
13516,6
13517,3
13518,2
13519,2
13520,7
13521,1
13522,6
13523,5
13524,1
13525,2
13526,2
13527,7
13528,5
13529,3
13530,4
13531,5
13532,6
13533,7
13534,1
13535,4
13536,5
13537,7
13538,3
13539,5
13540,5
13541,5
13542,5
13543,5
13544,7
13545,4
13546,7
13547,5
13548,4
13549,6
13550,5
13551,1
13552,0
13553,3
13554,4
13555,7
13556,0
13557,3
13558,7
13559,7
13560,3
13561,5
13562,1
13563,0
13564,4
13565,5
13566,3
13567,1
13568,3
13569,2
13570,7
13571,7
13572,7
13573,6
13574,5
13575,7
13576,6
13577,1
13578,5
13579,5
13580,7
13581,5
13582,1
13583,0
13584,6
13585,1
13586,6
13587,5
13588,5
13589,5
13590,2
13591,2
13592,7
13593,4
13594,1
13595,4
13596,4
13597,1
13598,5
13599,3
13600,5
13601,1
13602,0
13603,6
13604,7
13605,0
13606,6
13607,3
13608,7
13609,3
13610,1
13611,7
13612,7
13613,1
13614,6
13615,0
13616,4
13617,6
13618,6
13619,1
13620,7
13621,2
13622,5
13623,7
13624,1
13625,7
13626,4
13627,3
13628,3
13629,4
13630,3
13631,1
13632,0
13633,7
13634,5
13635,5
13636,5
13637,5
13638,5
13639,7
13640,7
13641,2
13642,1
13643,5
13644,5
13645,3
13646,4
13647,7
13648,0
13649,7
13650,3
13651,6
13652,0
13653,5
13654,1
13655,5
13656,7
13657,1
13658,1
13659,0
13660,1
13661,4
13662,4
13663,2
13664,1
13665,1
13666,2
13667,7
13668,3
13669,6
13670,6
13671,0
13672,6
13673,5
13674,2
13675,1
13676,1
13677,1
13678,1
13679,4
13680,5
13681,6
13682,7
13683,0
13684,2
13685,5
13686,6
13687,2
13688,0
13689,0
13690,0
13691,5
13692,1
13693,4
13694,5
13695,3
13696,7
13697,4
13698,5
13699,5
13700,5
13701,3
13702,7
13703,6
13704,1
13705,7
13706,7
13707,7
13708,7
13709,0
13710,2
13711,7
13712,2
13713,4
13714,3
13715,4
13716,1
13717,5
13718,4
13719,5
13720,5
13721,0
13722,7
13723,1
13724,5
13725,7
13726,7
13727,3
13728,4
13729,4
13730,5
13731,3
13732,3
13733,3
13734,2
13735,2
13736,5
13737,7
13738,7
13739,3
13740,0
13741,4
13742,1
13743,1
13744,2
13745,7
13746,1
13747,5
13748,7
13749,5
13750,5
13751,4
13752,3
13753,2
13754,0
13755,0
13756,3
13757,5
13758,7
13759,5
13760,2
13761,5
13762,5
13763,7
13764,6
13765,1
13766,4
13767,4
13768,7
13769,4
13770,0
13771,5
13772,5
13773,0
13774,7
13775,4
13776,7
13777,6
13778,0
13779,5
13780,5
13781,6
13782,7
13783,7
13784,7
13785,5
13786,5
13787,5
13788,5
13789,1
13790,5
13791,3
13792,3
13793,5
13794,7
13795,6
13796,2
13797,5
13798,0
13799,7
13800,6
13801,6
13802,4
13803,5
13804,7
13805,5
13806,7
13807,2
13808,5
13809,0
13810,4
13811,1
13812,1
13813,1
13814,5
13815,2
13816,7
13817,0
13818,6
13819,5
13820,5
13821,1
13822,7
13823,5
13824,1
13825,0
13826,6
13827,1
13828,7
13829,7
13830,1
13831,4
13832,5
13833,7
13834,0
13835,3
13836,0
13837,3
13838,2
13839,5
13840,5
13841,7
13842,7
13843,6
13844,1
13845,0
13846,1
13847,2
13848,5
13849,7
13850,3
13851,5
13852,5
13853,0
13854,5
13855,5
13856,5
13857,4
13858,7
13859,5
13860,7
13861,0
13862,3
13863,5
13864,4
13865,7
13866,1
13867,5
13868,4
13869,6
13870,0
13871,0
13872,2
13873,3
13874,1
13875,0
13876,2
13877,1
13878,5
13879,5
13880,3
13881,4
13882,3
13883,1
13884,2
13885,7
13886,6
13887,5
13888,0
13889,4
13890,5
13891,5
13892,1
13893,4
13894,2
13895,5
13896,7
13897,4
13898,6
13899,7
13900,5
13901,1
13902,4
13903,3
13904,1
13905,4
13906,5
13907,5
13908,7
13909,6
13910,5
13911,1
13912,4
13913,6
13914,7
13915,0
13916,5
13917,7
13918,7
13919,3
13920,6
13921,1
13922,2
13923,3
13924,6
13925,7
13926,7
13927,2
13928,6
13929,3
13930,1
13931,5
13932,5
13933,5
13934,1
13935,0
13936,1
13937,5
13938,1
13939,0
13940,7
13941,3
13942,1
13943,0
13944,6
13945,1
13946,4
13947,1
13948,5
13949,6
13950,5
13951,6
13952,4
13953,5
13954,7
13955,5
13956,7
13957,1
13958,5
13959,0
13960,7
13961,2
13962,4
13963,2
13964,0
13965,5
13966,1
13967,5
13968,7
13969,2
13970,6
13971,2
13972,0
13973,4
13974,7
13975,4
13976,3
13977,5
13978,0
13979,0
13980,6
13981,3
13982,7
13983,0
13984,3
13985,2
13986,5
13987,4
13988,1
13989,1
13990,4
13991,5
13992,5
13993,6
13994,7
13995,7
13996,1
13997,5
13998,2
13999,2
14000,1
14001,7
14002,2
14003,0
14004,3
14005,6
14006,7
14007,6
14008,3
14009,2
14010,1
14011,5
14012,5
14013,5
14014,7
14015,7
14016,1
14017,2
14018,0
14019,5
14020,3
14021,1
14022,7
14023,1
14024,6
14025,4
14026,0
14027,6
14028,7
14029,7
14030,5
14031,5
14032,7
14033,6
14034,7
14035,0
14036,5
14037,5
14038,1
14039,4
14040,6
14041,6
14042,5
14043,0
14044,2
14045,7
14046,7
14047,6
14048,5
14049,6
14050,6
14051,2
14052,5
14053,5
14054,3
14055,4
14056,1
14057,7
14058,7
14059,2
14060,0
14061,1
14062,0
14063,5
14064,7
14065,5
14066,6
14067,7
14068,0
14069,1
14070,0
14071,1
14072,7
14073,7
14074,0
14075,0
14076,6
14077,3
14078,4
14079,7
14080,0
14081,6
14082,5
14083,0
14084,7
14085,6
14086,3
14087,2
14088,5
14089,5
14090,4
14091,4
14092,1
14093,0
14094,4
14095,2
14096,1
14097,5
14098,3
14099,1
14100,1
14101,2
14102,7
14103,2
14104,1
14105,4
14106,6
14107,2
14108,1
14109,1
14110,7
14111,3
14112,5
14113,5
14114,1
14115,5
14116,5
14117,4
14118,0
14119,5
14120,7
14121,7
14122,3
14123,5
14124,4
14125,7
14126,6
14127,5
14128,5
14129,5
14130,5
14131,2
14132,5
14133,2
14134,5
14135,1
14136,0
14137,3
14138,1
14139,3
14140,5
14141,5
14142,0
14143,5
14144,5
14145,4
14146,4
14147,7
14148,5
14149,7
14150,7
14151,5
14152,2
14153,0
14154,5
14155,0
14156,5
14157,1
14158,1
14159,7
14160,5
14161,5
14162,7
14163,0
14164,2
14165,0
14166,5
14167,7
14168,4
14169,5
14170,3
14171,4
14172,0
14173,5
14174,7
14175,1
14176,5
14177,0
14178,7
14179,1
14180,7
14181,1
14182,0
14183,2
14184,2
14185,3
14186,4
14187,3
14188,5
14189,2
14190,3
14191,1
14192,5
14193,1
14194,1
14195,4
14196,0
14197,1
14198,3
14199,1
14200,2
14201,0
14202,4
14203,6
14204,1
14205,2
14206,5
14207,1
14208,5
14209,5
14210,1
14211,0
14212,5
14213,5
14214,4
14215,5
14216,5
14217,4
14218,4
14219,7
14220,1
14221,5
14222,5
14223,5
14224,5
14225,0
14226,5
14227,2
14228,1
14229,7
14230,7
14231,6
14232,6
14233,4
14234,1
14235,7
14236,2
14237,7
14238,7
14239,2
14240,5
14241,1
14242,4
14243,7
14244,2
14245,5
14246,5
14247,0
14248,3
14249,5
14250,7
14251,0
14252,5
14253,7
14254,0
14255,5
14256,0
14257,0
14258,2
14259,7
14260,5
14261,1
14262,7
14263,7
14264,1
14265,7
14266,7
14267,5
14268,7
14269,7
14270,4
14271,1
14272,6
14273,1
14274,2
14275,4
14276,4
14277,5
14278,5
14279,2
14280,5
14281,5
14282,4
14283,6
14284,1
14285,7
14286,0
14287,0
14288,5
14289,5
14290,5
14291,2
14292,7
14293,7
14294,7
14295,6
14296,3
14297,6
14298,6
14299,0
14300,5
14301,5
14302,4
14303,1
14304,3
14305,4
14306,2
14307,4
14308,5
14309,4
14310,3
14311,2
14312,1
14313,6
14314,1
14315,4
14316,5
14317,7
14318,5
14319,0
14320,0
14321,5
14322,5
14323,1
14324,5
14325,0
14326,1
14327,6
14328,1
14329,3
14330,7
14331,7
14332,4
14333,1
14334,2
14335,2
14336,1
14337,4
14338,6
14339,5
14340,7
14341,1
14342,4
14343,6
14344,7
14345,7
14346,5
14347,5
14348,7
14349,5
14350,1
14351,0
14352,7
14353,3
14354,1
14355,7
14356,5
14357,7
14358,0
14359,0
14360,5
14361,6
14362,5
14363,4
14364,3
14365,1
14366,5
14367,0
14368,7
14369,7
14370,0
14371,4
14372,5
14373,7
14374,2
14375,3
14376,4
14377,7
14378,7
14379,1
14380,0
14381,7
14382,1
14383,5
14384,4
14385,5
14386,0
14387,0
14388,0
14389,5
14390,7
14391,1
14392,4
14393,1
14394,1
14395,0
14396,7
14397,5
14398,3
14399,0
14400,2
14401,1
14402,2
14403,4
14404,5
14405,7
14406,7
14407,0
14408,1
14409,0
14410,2
14411,5
14412,5
14413,4
14414,5
14415,2
14416,7
14417,3
14418,0
14419,0
14420,2
14421,6
14422,7
14423,0
14424,0
14425,6
14426,7
14427,3
14428,0
14429,5
14430,5
14431,6
14432,1
14433,1
14434,4
14435,0
14436,5
14437,5
14438,0
14439,5
14440,1
14441,5
14442,5
14443,1
14444,5
14445,1
14446,4
14447,0
14448,2
14449,5
14450,1
14451,5
14452,4
14453,4
14454,5
14455,0
14456,3
14457,7
14458,2
14459,7
14460,7
14461,4
14462,7
14463,4
14464,7
14465,7
14466,4
14467,2
14468,7
14469,6
14470,3
14471,4
14472,5
14473,1
14474,1
14475,5
14476,0
14477,5
14478,2
14479,4
14480,1
14481,3
14482,2
14483,0
14484,1
14485,5
14486,4
14487,7
14488,5
14489,5
14490,5
14491,1
14492,7
14493,0
14494,5
14495,7
14496,4
14497,1
14498,0
14499,5
14500,1
14501,5
14502,1
14503,4
14504,4
14505,0
14506,0
14507,5
14508,1
14509,0
14510,4
14511,3
14512,5
14513,0
14514,7
14515,2
14516,1
14517,5
14518,6
14519,7
14520,1
14521,6
14522,6
14523,6
14524,0
14525,1
14526,7
14527,6
14528,3
14529,7
14530,4
14531,7
14532,5
14533,5
14534,2
14535,2
14536,5
14537,7
14538,7
14539,3
14540,0
14541,5
14542,0
14543,7
14544,5
14545,4
14546,2
14547,1
14548,5
14549,2
14550,3
14551,5
14552,5
14553,1
14554,1
14555,2
14556,1
14557,5
14558,4
14559,2
14560,5
14561,5
14562,4
14563,4
14564,6
14565,7
14566,1
14567,2
14568,3
14569,3
14570,2
14571,2
14572,1
14573,2
14574,4
14575,3
14576,5
14577,2
14578,6
14579,3
14580,7
14581,1
14582,6
14583,4
14584,6
14585,5
14586,5
14587,7
14588,7
14589,3
14590,3
14591,5
14592,0
14593,4
14594,2
14595,4
14596,0
14597,0
14598,7
14599,5
14600,7
14601,3
14602,4
14603,4
14604,4
14605,5
14606,5
14607,7
14608,7
14609,6
14610,5
14611,5
14612,5
14613,2
14614,7
14615,1
14616,6
14617,7
14618,2
14619,4
14620,5
14621,5
14622,6
14623,5
14624,4
14625,1
14626,2
14627,7
14628,2
14629,2
14630,6
14631,5
14632,3
14633,0
14634,3
14635,6
14636,0
14637,6
14638,2
14639,6
14640,6
14641,5
14642,4
14643,0
14644,1
14645,6
14646,5
14647,5
14648,7
14649,1
14650,7
14651,3
14652,5
14653,7
14654,7
14655,2
14656,4
14657,2
14658,2
14659,1
14660,3
14661,0
14662,4
14663,5
14664,6
14665,4
14666,6
14667,5
14668,5
14669,4
14670,0
14671,5
14672,2
14673,0
14674,7
14675,6
14676,5
14677,5
14678,4
14679,5
14680,4
14681,7
14682,4
14683,7
14684,3
14685,3
14686,4
14687,5
14688,5
14689,5
14690,7
14691,1
14692,4
14693,2
14694,5
14695,1
14696,4
14697,5
14698,7
14699,6
14700,1
14701,4
14702,1
14703,7
14704,0
14705,3
14706,5
14707,5
14708,4
14709,0
14710,5
14711,7
14712,5
14713,5
14714,0
14715,7
14716,6
14717,2
14718,6
14719,0
14720,7
14721,1
14722,3
14723,3
14724,0
14725,6
14726,7
14727,0
14728,4
14729,1
14730,4
14731,5
14732,0
14733,5
14734,5
14735,4
14736,4
14737,4
14738,4
14739,4
14740,5
14741,4
14742,3
14743,4
14744,1
14745,7
14746,1
14747,5
14748,0
14749,5
14750,4
14751,2
14752,1
14753,0
14754,6
14755,3
14756,0
14757,7
14758,5
14759,4
14760,7
14761,3
14762,3
14763,6
14764,6
14765,2
14766,3
14767,2
14768,0
14769,3
14770,1
14771,0
14772,4
14773,5
14774,1
14775,5
14776,4
14777,1
14778,5
14779,0
14780,0
14781,2
14782,7
14783,4
14784,5
14785,3
14786,3
14787,1
14788,1
14789,1
14790,2
14791,4
14792,7
14793,4
14794,4
14795,5
14796,5
14797,0
14798,0
14799,5
14800,7
14801,4
14802,3
14803,5
14804,1
14805,4
14806,0
14807,1
14808,2
14809,5
14810,2
14811,1
14812,4
14813,0
14814,2
14815,1
14816,3
14817,7
14818,3
14819,1
14820,5
14821,4
14822,7
14823,4
14824,5
14825,6
14826,3
14827,7
14828,1
14829,7
14830,4
14831,2
14832,3
14833,4
14834,5
14835,4
14836,4
14837,4
14838,0
14839,5
14840,0
14841,7
14842,7
14843,5
14844,0
14845,2
14846,4
14847,3
14848,0
14849,4
14850,1
14851,0
14852,2
14853,4
14854,5
14855,7
14856,3
14857,0
14858,6
14859,1
14860,6
14861,2
14862,1
14863,5
14864,1
14865,6
14866,1
14867,0
14868,4
14869,3
14870,4
14871,4
14872,6
14873,4
14874,7
14875,5
14876,5
14877,2
14878,5
14879,5
14880,7
14881,1
14882,7
14883,5
14884,2
14885,0
14886,0
14887,7
14888,3
14889,0
14890,1
14891,2
14892,5
14893,6
14894,6
14895,5
14896,5
14897,7
14898,5
14899,5
14900,7
14901,4
14902,7
14903,2
14904,5
14905,0
14906,5
14907,7
14908,5
14909,0
14910,7
14911,7
14912,1
14913,6
14914,0
14915,7
14916,7
14917,0
14918,5
14919,5
14920,1
14921,4
14922,7
14923,3
14924,6
14925,2
14926,2
14927,4
14928,7
14929,4
14930,1
14931,3
14932,6
14933,7
14934,5
14935,5
14936,5
14937,2
14938,5
14939,5
14940,5
14941,2
14942,1
14943,5
14944,3
14945,0
14946,7
14947,6
14948,0
14949,6
14950,6
14951,3
14952,4
14953,3
14954,5
14955,4
14956,4
14957,5
14958,3
14959,1
14960,5
14961,5
14962,5
14963,3
14964,3
14965,5
14966,5
14967,1
14968,4
14969,6
14970,0
14971,2
14972,5
14973,7
14974,7
14975,0
14976,1
14977,0
14978,4
14979,7
14980,2
14981,5
14982,1
14983,5
14984,6
14985,1
14986,0
14987,5
14988,6
14989,7
14990,5
14991,6
14992,0
14993,0
14994,6
14995,2
14996,5
14997,7
14998,7
14999,0
15000,2
15001,1
15002,5
15003,5
15004,5
15005,1
15006,5
15007,2
15008,1
15009,1
15010,7
15011,0
15012,0
15013,0
15014,5
15015,5
15016,5
15017,4
15018,4
15019,4
15020,4
15021,2
15022,7
15023,4
15024,5
15025,5
15026,7
15027,3
15028,4
15029,4
15030,7
15031,0
15032,2
15033,3
15034,5
15035,5
15036,2
15037,2
15038,2
15039,1
15040,7
15041,5
15042,7
15043,7
15044,2
15045,4
15046,2
15047,4
15048,1
15049,0
15050,7
15051,4
15052,4
15053,3
15054,0
15055,5
15056,1
15057,1
15058,0
15059,3
15060,1
15061,6
15062,1
15063,6
15064,2
15065,1
15066,0
15067,7
15068,7
15069,2
15070,0
15071,5
15072,4
15073,5
15074,4
15075,3
15076,4
15077,1
15078,1
15079,2
15080,0
15081,3
15082,7
15083,7
15084,4
15085,4
15086,7
15087,4
15088,7
15089,4
15090,3
15091,3
15092,7
15093,5
15094,6
15095,0
15096,1
15097,0
15098,5
15099,4
15100,4
15101,0
15102,5
15103,1
15104,7
15105,7
15106,2
15107,5
15108,2
15109,5
15110,2
15111,5
15112,3
15113,0
15114,3
15115,0
15116,4
15117,1
15118,1
15119,4
15120,5
15121,1
15122,3
15123,3
15124,4
15125,3
15126,1
15127,4
15128,3
15129,7
15130,6
15131,3
15132,5
15133,2
15134,2
15135,2
15136,1
15137,0
15138,6
15139,3
15140,3
15141,1
15142,7
15143,3
15144,0
15145,7
15146,7
15147,7
15148,4
15149,5
15150,7
15151,1
15152,5
15153,5
15154,5
15155,7
15156,2
15157,4
15158,2
15159,0
15160,3
15161,2
15162,5
15163,5
15164,1
15165,1
15166,4
15167,1
15168,6
15169,7
15170,5
15171,4
15172,7
15173,6
15174,1
15175,7
15176,1
15177,2
15178,0
15179,2
15180,6
15181,7
15182,1
15183,2
15184,7
15185,3
15186,3
15187,7
15188,3
15189,0
15190,1
15191,1
15192,6
15193,4
15194,4
15195,5
15196,7
15197,4
15198,4
15199,4
15200,0
15201,6
15202,3
15203,4
15204,7
15205,1
15206,7
15207,4
15208,1
15209,0
15210,5
15211,7
15212,1
15213,7
15214,0
15215,5
15216,4
15217,4
15218,7
15219,1
15220,0
15221,5
15222,6
15223,5
15224,4
15225,4
15226,0
15227,7
15228,3
15229,6
15230,5
15231,5
15232,7
15233,2
15234,4
15235,5
15236,5
15237,4
15238,1
15239,6
15240,5
15241,0
15242,4
15243,4
15244,6
15245,5
15246,4
15247,5
15248,5
15249,5
15250,1
15251,5
15252,6
15253,1
15254,3
15255,5
15256,7
15257,7
15258,2
15259,1
15260,5
15261,5
15262,1
15263,7
15264,1
15265,1
15266,5
15267,4
15268,6
15269,2
15270,5
15271,5
15272,7
15273,7
15274,5
15275,0
15276,0
15277,5
15278,4
15279,5
15280,5
15281,3
15282,5
15283,5
15284,4
15285,4
15286,7
15287,0
15288,3
15289,1
15290,5
15291,5
15292,2
15293,5
15294,2
15295,5
15296,3
15297,5
15298,0
15299,1
15300,6
15301,0
15302,7
15303,1
15304,2
15305,2
15306,5
15307,3
15308,5
15309,4
15310,0
15311,5
15312,1
15313,4
15314,5
15315,2
15316,7
15317,1
15318,3
15319,4
15320,4
15321,0
15322,0
15323,4
15324,4
15325,5
15326,1
15327,5
15328,7
15329,1
15330,5
15331,4
15332,4
15333,4
15334,2
15335,2
15336,5
15337,7
15338,5
15339,2
15340,0
15341,1
15342,5
15343,7
15344,7
15345,0
15346,4
15347,1
15348,1
15349,0
15350,2
15351,7
15352,5
15353,4
15354,0
15355,3
15356,7
15357,0
15358,7
15359,7
15360,4
15361,0
15362,1
15363,1
15364,3
15365,4
15366,5
15367,2
15368,2
15369,1
15370,5
15371,1
15372,4
15373,3
15374,6
15375,1
15376,2
15377,5
15378,0
15379,2
15380,3
15381,0
15382,5
15383,3
15384,0
15385,1
15386,0
15387,2
15388,3
15389,6
15390,1
15391,0
15392,6
15393,6
15394,1
15395,4
15396,4
15397,4
15398,0
15399,7
15400,6
15401,0
15402,5
15403,1
15404,2
15405,5
15406,5
15407,2
15408,7
15409,5
15410,0
15411,4
15412,6
15413,7
15414,4
15415,4
15416,1
15417,5
15418,5
15419,1
15420,5
15421,7
15422,3
15423,0
15424,5
15425,3
15426,7
15427,7
15428,5
15429,2
15430,5
15431,1
15432,3
15433,5
15434,7
15435,0
15436,7
15437,7
15438,4
15439,0
15440,1
15441,5
15442,2
15443,7
15444,7
15445,0
15446,4
15447,5
15448,3
15449,6
15450,2
15451,4
15452,2
15453,0
15454,5
15455,1
15456,5
15457,2
15458,5
15459,5
15460,1
15461,5
15462,5
15463,7
15464,4
15465,7
15466,3
15467,2
15468,0
15469,1
15470,5
15471,0
15472,7
15473,0
15474,1
15475,2
15476,7
15477,2
15478,4
15479,2
15480,3
15481,7
15482,4
15483,3
15484,6
15485,5
15486,5
15487,3
15488,7
15489,6
15490,4
15491,4
15492,5
15493,5
15494,5
15495,6
15496,3
15497,4
15498,3
15499,0
15500,1
15501,6
15502,0
15503,0
15504,3
15505,1
15506,2
15507,7
15508,3
15509,7
15510,5
15511,0
15512,0
15513,4
15514,1
15515,2
15516,0
15517,5
15518,1
15519,6
15520,5
15521,7
15522,3
15523,3
15524,3
15525,0
15526,5
15527,7
15528,7
15529,0
15530,4
15531,6
15532,6
15533,7
15534,3
15535,3
15536,2
15537,4
15538,5
15539,2
15540,4
15541,1
15542,5
15543,2
15544,6
15545,1
15546,0
15547,1
15548,4
15549,0
15550,4
15551,5
15552,4
15553,5
15554,0
15555,7
15556,7
15557,7
15558,7
15559,5
15560,3
15561,2
15562,0
15563,4
15564,4
15565,5
15566,7
15567,6
15568,6
15569,7
15570,1
15571,5
15572,7
15573,4
15574,0
15575,1
15576,1
15577,4
15578,6
15579,2
15580,5
15581,3
15582,5
15583,4
15584,1
15585,2
15586,5
15587,3
15588,2
15589,6
15590,4
15591,1
15592,1
15593,3
15594,0
15595,5
15596,1
15597,2
15598,4
15599,2
15600,4
15601,5
15602,1
15603,4
15604,7
15605,1
15606,7
15607,1
15608,1
15609,1
15610,0
15611,3
15612,0
15613,5
15614,5
15615,5
15616,1
15617,7
15618,5
15619,5
15620,7
15621,5
15622,1
15623,5
15624,2
15625,3
15626,5
15627,2
15628,0
15629,3
15630,5
15631,5
15632,5
15633,1
15634,2
15635,0
15636,5
15637,5
15638,0
15639,3
15640,2
15641,3
15642,2
15643,1
15644,2
15645,1
15646,1
15647,5
15648,1
15649,5
15650,5
15651,4
15652,6
15653,5
15654,2
15655,7
15656,6
15657,4
15658,4
15659,5
15660,5
15661,4
15662,5
15663,3
15664,7
15665,5
15666,3
15667,5
15668,3
15669,6
15670,7
15671,2
15672,4
15673,1
15674,4
15675,4
15676,5
15677,7
15678,7
15679,7
15680,7
15681,5
15682,6
15683,1
15684,5
15685,0
15686,7
15687,1
15688,2
15689,5
15690,4
15691,5
15692,5
15693,0
15694,4
15695,5
15696,6
15697,5
15698,3
15699,4
15700,4
15701,7
15702,7
15703,6
15704,5
15705,5
15706,3
15707,5
15708,7
15709,4
15710,1
15711,4
15712,0
15713,4
15714,6
15715,5
15716,2
15717,1
15718,3
15719,5
15720,6
15721,6
15722,7
15723,7
15724,6
15725,3
15726,5
15727,5
15728,2
15729,0
15730,5
15731,4
15732,7
15733,7
15734,3
15735,3
15736,5
15737,5
15738,0
15739,1
15740,4
15741,1
15742,1
15743,5
15744,2
15745,7
15746,4
15747,4
15748,2
15749,0
15750,2
15751,3
15752,3
15753,7
15754,5
15755,7
15756,6
15757,5
15758,3
15759,1
15760,5
15761,7
15762,5
15763,5
15764,4
15765,2
15766,5
15767,1
15768,2
15769,5
15770,4
15771,7
15772,1
15773,6
15774,7
15775,1
15776,5
15777,7
15778,6
15779,4
15780,7
15781,3
15782,3
15783,3
15784,6
15785,4
15786,5
15787,7
15788,4
15789,6
15790,0
15791,3
15792,1
15793,6
15794,7
15795,7
15796,6
15797,7
15798,7
15799,5
15800,0
15801,1
15802,7
15803,7
15804,1
15805,4
15806,4
15807,1
15808,7
15809,7
15810,5
15811,0
15812,2
15813,1
15814,5
15815,7
15816,7
15817,5
15818,4
15819,5
15820,6
15821,7
15822,3
15823,7
15824,3
15825,4
15826,7
15827,7
15828,3
15829,3
15830,6
15831,4
15832,5
15833,5
15834,3
15835,4
15836,1
15837,5
15838,2
15839,5
15840,6
15841,1
15842,7
15843,4
15844,4
15845,1
15846,0
15847,2
15848,7
15849,3
15850,5
15851,0
15852,4
15853,1
15854,7
15855,5
15856,5
15857,5
15858,2
15859,0
15860,1
15861,6
15862,5
15863,2
15864,0
15865,6
15866,1
15867,5
15868,1
15869,5
15870,5
15871,7
15872,5
15873,7
15874,1
15875,2
15876,3
15877,7
15878,5
15879,7
15880,4
15881,1
15882,1
15883,1
15884,1
15885,4
15886,7
15887,2
15888,5
15889,5
15890,1
15891,5
15892,7
15893,5
15894,5
15895,3
15896,7
15897,5
15898,7
15899,2
15900,5
15901,5
15902,0
15903,7
15904,7
15905,2
15906,0
15907,0
15908,6
15909,4
15910,1
15911,2
15912,2
15913,6
15914,4
15915,5
15916,7
15917,6
15918,1
15919,6
15920,0
15921,4
15922,7
15923,5
15924,4
15925,3
15926,3
15927,4
15928,0
15929,7
15930,5
15931,5
15932,1
15933,5
15934,0
15935,3
15936,6
15937,5
15938,2
15939,7
15940,1
15941,2
15942,7
15943,7
15944,0
15945,7
15946,4
15947,0
15948,1
15949,4
15950,5
15951,5
15952,1
15953,1
15954,5
15955,4
15956,0
15957,3
15958,5
15959,1
15960,6
15961,0
15962,0
15963,7
15964,5
15965,5
15966,7
15967,7
15968,0
15969,5
15970,7
15971,2
15972,7
15973,4
15974,5
15975,1
15976,5
15977,7
15978,5
15979,7
15980,5
15981,1
15982,5
15983,3
15984,4
15985,7
15986,3
15987,7
15988,1
15989,7
15990,7
15991,1
15992,2
15993,4
15994,5
15995,7
15996,5
15997,3
15998,5
15999,1
16000,5
16001,6
16002,0
16003,7
16004,7
16005,1
16006,1
16007,2
16008,7
16009,0
16010,5
16011,1
16012,7
16013,7
16014,3
16015,7
16016,5
16017,4
16018,5
16019,1
16020,1
16021,5
16022,0
16023,0
16024,1
16025,7
16026,2
16027,2
16028,7
16029,1
16030,6
16031,5
16032,0
16033,0
16034,4
16035,6
16036,5
16037,1
16038,5
16039,0
16040,1
16041,6
16042,5
16043,3
16044,1
16045,5
16046,2
16047,4
16048,6
16049,1
16050,7
16051,7
16052,7
16053,5
16054,4
16055,7
16056,3
16057,3
16058,0
16059,7
16060,4
16061,1
16062,7
16063,6
16064,4
16065,4
16066,5
16067,3
16068,0
16069,2
16070,7
16071,7
16072,5
16073,5
16074,4
16075,0
16076,1
16077,1
16078,7
16079,4
16080,5
16081,0
16082,5
16083,3
16084,2
16085,5
16086,7
16087,7
16088,3
16089,0
16090,4
16091,5
16092,5
16093,2
16094,4
16095,7
16096,0
16097,7
16098,4
16099,5
16100,5
16101,1
16102,2
16103,0
16104,3
16105,7
16106,2
16107,0
16108,5
16109,7
16110,1
16111,1
16112,6
16113,4
16114,1
16115,5
16116,1
16117,3
16118,5
16119,7
16120,5
16121,7
16122,5
16123,1
16124,4
16125,5
16126,0
16127,2
16128,5
16129,3
16130,3
16131,5
16132,2
16133,2
16134,6
16135,5
16136,7
16137,3
16138,7
16139,7
16140,0
16141,7
16142,2
16143,1
16144,5
16145,1
16146,2
16147,4
16148,2
16149,5
16150,3
16151,0
16152,3
16153,2
16154,1
16155,0
16156,5
16157,5
16158,3
16159,7
16160,3
16161,4
16162,7
16163,5
16164,4
16165,0
16166,5
16167,0
16168,4
16169,0
16170,3
16171,7
16172,1
16173,3
16174,5
16175,0
16176,5
16177,5
16178,7
16179,1
16180,3
16181,1
16182,4
16183,1
16184,1
16185,5
16186,5
16187,4
16188,0
16189,0
16190,4
16191,6
16192,7
16193,1
16194,5
16195,6
16196,5
16197,7
16198,2
16199,6
16200,4
16201,4
16202,1
16203,1
16204,0
16205,7
16206,6
16207,2
16208,0
16209,1
16210,4
16211,1
16212,0
16213,3
16214,5
16215,2
16216,3
16217,2
16218,1
16219,2
16220,1
16221,7
16222,4
16223,2
16224,5
16225,0
16226,5
16227,3
16228,5
16229,5
16230,6
16231,6
16232,3
16233,7
16234,5
16235,0
16236,5
16237,0
16238,7
16239,1
16240,5
16241,2
16242,7
16243,2
16244,7
16245,4
16246,4
16247,7
16248,0
16249,1
16250,1
16251,7
16252,3
16253,2
16254,5
16255,5
16256,7
16257,0
16258,5
16259,7
16260,6
16261,2
16262,2
16263,1
16264,7
16265,6
16266,2
16267,7
16268,1
16269,5
16270,3
16271,1
16272,1
16273,1
16274,3
16275,1
16276,5
16277,0
16278,7
16279,3
16280,2
16281,4
16282,5
16283,5
16284,7
16285,5
16286,3
16287,5
16288,0
16289,3
16290,0
16291,7
16292,4
16293,0
16294,5
16295,7
16296,6
16297,7
16298,4
16299,3
16300,0
16301,2
16302,7
16303,0
16304,4
16305,5
16306,6
16307,3
16308,7
16309,0
16310,2
16311,1
16312,3
16313,2
16314,5
16315,7
16316,7
16317,1
16318,4
16319,6
16320,2
16321,1
16322,1
16323,3
16324,1
16325,6
16326,2
16327,7
16328,6
16329,7
16330,4
16331,0
16332,7
16333,2
16334,2
16335,5
16336,3
16337,5
16338,3
16339,4
16340,2
16341,4
16342,7
16343,4
16344,7
16345,4
16346,4
16347,4
16348,0
16349,7
16350,0
16351,4
16352,1
16353,5
16354,7
16355,4
16356,5
16357,3
16358,5
16359,4
16360,5
16361,5
16362,2
16363,4
16364,2
16365,5
16366,1
16367,5
16368,3
16369,0
16370,1
16371,6
16372,1
16373,4
16374,1
16375,6
16376,0
16377,6
16378,4
16379,2
16380,2
16381,4
16382,7
16383,1
16384,1
16385,1
16386,5
16387,1
16388,0
16389,1
16390,3
16391,5
16392,4
16393,4
16394,7
16395,3
16396,5
16397,5
16398,0
16399,5
16400,4
16401,3
16402,5
16403,5
16404,2
16405,4
16406,1
16407,6
16408,0
16409,5
16410,7
16411,0
16412,0
16413,7
16414,3
16415,5
16416,0
16417,1
16418,5
16419,7
16420,5
16421,3
16422,1
16423,5
16424,2
16425,7
16426,0
16427,1
16428,3
16429,4
16430,1
16431,7
16432,4
16433,2
16434,5
16435,2
16436,6
16437,7
16438,6
16439,6
16440,4
16441,6
16442,0
16443,4
16444,3
16445,4
16446,1
16447,3
16448,0
16449,5
16450,2
16451,1
16452,6
16453,2
16454,5
16455,7
16456,0
16457,5
16458,4
16459,3
16460,7
16461,3
16462,6
16463,4
16464,7
16465,5
16466,0
16467,7
16468,0
16469,1
16470,3
16471,1
16472,1
16473,4
16474,5
16475,5
16476,7
16477,5
16478,7
16479,0
16480,1
16481,3
16482,7
16483,7
16484,5
16485,3
16486,2
16487,6
16488,4
16489,5
16490,2
16491,5
16492,5
16493,1
16494,1
16495,4
16496,2
16497,7
16498,0
16499,5
16500,2
16501,5
16502,1
16503,5
16504,5
16505,4
16506,5
16507,5
16508,5
16509,6
16510,5
16511,0
16512,2
16513,0
16514,5
16515,7
16516,5
16517,1
16518,2
16519,3
16520,7
16521,0
16522,3
16523,5
16524,5
16525,5
16526,1
16527,5
16528,7
16529,5
16530,3
16531,5
16532,4
16533,4
16534,7
16535,1
16536,4
16537,1
16538,7
16539,0
16540,4
16541,1
16542,3
16543,7
16544,1
16545,3
16546,7
16547,5
16548,0
16549,1
16550,5
16551,2
16552,3
16553,1
16554,2
16555,5
16556,5
16557,5
16558,0
16559,5
16560,5
16561,4
16562,2
16563,6
16564,7
16565,2
16566,4
16567,7
16568,2
16569,2
16570,0
16571,6
16572,6
16573,1
16574,4
16575,0
16576,7
16577,4
16578,3
16579,4
16580,5
16581,1
16582,4
16583,5
16584,5
16585,7
16586,7
16587,7
16588,5
16589,2
16590,4
16591,4
16592,7
16593,5
16594,0
16595,1
16596,3
16597,0
16598,7
16599,6
16600,7
16601,0
16602,3
16603,2
16604,1
16605,5
16606,6
16607,5
16608,4
16609,4
16610,7
16611,5
16612,7
16613,3
16614,7
16615,5
16616,7
16617,1
16618,2
16619,1
16620,0
16621,0
16622,7
16623,6
16624,4
16625,7
16626,5
16627,4
16628,4
16629,0
16630,5
16631,4
16632,4
16633,3
16634,3
16635,0
16636,1
16637,0
16638,4
16639,7
16640,5
16641,2
16642,2
16643,5
16644,7
16645,6
16646,5
16647,1
16648,2
16649,1
16650,5
16651,0
16652,7
16653,1
16654,7
16655,7
16656,5
16657,4
16658,7
16659,1
16660,0
16661,4
16662,0
16663,5
16664,3
16665,5
16666,1
16667,0
16668,6
16669,3
16670,7
16671,1
16672,3
16673,5
16674,5
16675,1
16676,4
16677,5
16678,5
16679,6
16680,4
16681,6
16682,7
16683,1
16684,5
16685,4
16686,4
16687,6
16688,7
16689,4
16690,1
16691,4
16692,4
16693,5
16694,7
16695,7
16696,0
16697,7
16698,5
16699,0
16700,6
16701,5
16702,4
16703,3
16704,2
16705,1
16706,0
16707,4
16708,6
16709,7
16710,3
16711,5
16712,2
16713,5
16714,5
16715,0
16716,0
16717,4
16718,2
16719,3
16720,1
16721,1
16722,3
16723,5
16724,5
16725,3
16726,3
16727,1
16728,3
16729,7
16730,4
16731,0
16732,3
16733,4
16734,5
16735,4
16736,2
16737,4
16738,1
16739,5
16740,3
16741,6
16742,2
16743,4
16744,7
16745,0
16746,5
16747,3
16748,5
16749,1
16750,5
16751,0
16752,5
16753,3
16754,4
16755,5
16756,5
16757,1
16758,3
16759,6
16760,7
16761,7
16762,4
16763,1
16764,5
16765,5
16766,3
16767,4
16768,4
16769,5
16770,0
16771,4
16772,5
16773,6
16774,0
16775,2
16776,1
16777,7
16778,2
16779,5
16780,4
16781,5
16782,1
16783,2
16784,3
16785,1
16786,7
16787,5
16788,5
16789,5
16790,7
16791,2
16792,1
16793,5
16794,5
16795,4
16796,7
16797,0
16798,1
16799,2
16800,3
16801,5
16802,2
16803,5
16804,7
16805,1
16806,4
16807,5
16808,3
16809,6
16810,2
16811,1
16812,4
16813,4
16814,7
16815,0
16816,7
16817,5
16818,4
16819,4
16820,2
16821,4
16822,7
16823,5
16824,4
16825,5
16826,4
16827,4
16828,0
16829,5
16830,5
16831,2
16832,3
16833,1
16834,2
16835,1
16836,4
16837,3
16838,0
16839,2
16840,7
16841,0
16842,6
16843,7
16844,5
16845,0
16846,3
16847,7
16848,6
16849,4
16850,1
16851,5
16852,6
16853,2
16854,7
16855,2
16856,1
16857,2
16858,7
16859,0
16860,7
16861,1
16862,3
16863,6
16864,1
16865,5
16866,1
16867,1
16868,2
16869,7
16870,0
16871,7
16872,4
16873,1
16874,4
16875,0
16876,7
16877,1
16878,1
16879,2
16880,7
16881,0
16882,7
16883,3
16884,2
16885,0
16886,2
16887,1
16888,1
16889,4
16890,2
16891,1
16892,0
16893,4
16894,5
16895,0
16896,7
16897,1
16898,7
16899,7
16900,4
16901,4
16902,2
16903,5
16904,5
16905,0
16906,7
16907,1
16908,5
16909,0
16910,4
16911,7
16912,5
16913,1
16914,7
16915,1
16916,7
16917,0
16918,6
16919,5
16920,2
16921,1
16922,5
16923,5
16924,7
16925,3
16926,0
16927,3
16928,0
16929,1
16930,1
16931,3
16932,6
16933,5
16934,5
16935,6
16936,1
16937,0
16938,0
16939,3
16940,7
16941,6
16942,7
16943,7
16944,4
16945,4
16946,7
16947,7
16948,3
16949,5
16950,0
16951,3
16952,3
16953,5
16954,1
16955,7
16956,3
16957,5
16958,1
16959,0
16960,3
16961,6
16962,7
16963,5
16964,7
16965,6
16966,1
16967,7
16968,2
16969,5
16970,1
16971,1
16972,5
16973,7
16974,3
16975,7
16976,5
16977,0
16978,1
16979,7
16980,5
16981,2
16982,7
16983,5
16984,3
16985,3
16986,2
16987,4
16988,5
16989,1
16990,2
16991,2
16992,7
16993,5
16994,5
16995,7
16996,5
16997,5
16998,5
16999,1
17000,4
17001,5
17002,5
17003,4
17004,1
17005,0
17006,4
17007,5
17008,5
17009,5
17010,5
17011,3
17012,5
17013,5
17014,2
17015,3
17016,4
17017,7
17018,5
17019,4
17020,6
17021,3
17022,6
17023,7
17024,7
17025,5
17026,4
17027,5
17028,7
17029,7
17030,5
17031,0
17032,7
17033,4
17034,7
17035,1
17036,5
17037,7
17038,3
17039,2
17040,1
17041,6
17042,7
17043,5
17044,3
17045,2
17046,5
17047,7
17048,1
17049,3
17050,5
17051,0
17052,3
17053,2
17054,5
17055,4
17056,1
17057,2
17058,0
17059,5
17060,4
17061,0
17062,0
17063,3
17064,7
17065,0
17066,5
17067,1
17068,2
17069,0
17070,2
17071,3
17072,7
17073,7
17074,4
17075,3
17076,1
17077,2
17078,7
17079,4
17080,7
17081,3
17082,7
17083,6
17084,7
17085,7
17086,4
17087,7
17088,6
17089,3
17090,0
17091,4
17092,3
17093,2
17094,5
17095,3
17096,0
17097,5
17098,2
17099,2
17100,5
17101,5
17102,2
17103,6
17104,7
17105,5
17106,2
17107,2
17108,5
17109,3
17110,5
17111,3
17112,5
17113,4
17114,5
17115,2
17116,7
17117,1
17118,7
17119,7
17120,3
17121,4
17122,2
17123,4
17124,4
17125,7
17126,7
17127,7
17128,7
17129,2
17130,4
17131,7
17132,1
17133,1
17134,2
17135,7
17136,4
17137,0
17138,2
17139,2
17140,4
17141,6
17142,7
17143,1
17144,7
17145,4
17146,2
17147,7
17148,5
17149,5
17150,0
17151,1
17152,0
17153,5
17154,5
17155,3
17156,0
17157,5
17158,5
17159,2
17160,1
17161,4
17162,0
17163,0
17164,1
17165,1
17166,2
17167,5
17168,0
17169,1
17170,0
17171,7
17172,4
17173,3
17174,7
17175,4
17176,3
17177,5
17178,7
17179,1
17180,0
17181,5
17182,1
17183,5
17184,5
17185,4
17186,7
17187,7
17188,4
17189,6
17190,7
17191,1
17192,6
17193,1
17194,5
17195,5
17196,3
17197,7
17198,0
17199,7
17200,5
17201,2
17202,7
17203,4
17204,2
17205,7
17206,5
17207,7
17208,2
17209,1
17210,6
17211,3
17212,6
17213,2
17214,1
17215,4
17216,6
17217,3
17218,0
17219,6
17220,7
17221,0
17222,0
17223,5
17224,4
17225,0
17226,6
17227,4
17228,7
17229,7
17230,5
17231,4
17232,3
17233,1
17234,5
17235,2
17236,5
17237,6
17238,1
17239,7
17240,1
17241,1
17242,0
17243,2
17244,5
17245,7
17246,7
17247,5
17248,1
17249,0
17250,1
17251,2
17252,2
17253,7
17254,7
17255,6
17256,7
17257,3
17258,5
17259,0
17260,4
17261,5
17262,7
17263,5
17264,3
17265,7
17266,2
17267,7
17268,6
17269,5
17270,4
17271,5
17272,3
17273,0
17274,5
17275,7
17276,0
17277,5
17278,0
17279,5
17280,7
17281,1
17282,1
17283,5
17284,2
17285,4
17286,4
17287,4
17288,4
17289,0
17290,7
17291,6
17292,5
17293,5
17294,7
17295,3
17296,2
17297,2
17298,4
17299,1
17300,7
17301,6
17302,5
17303,7
17304,1
17305,5
17306,4
17307,3
17308,6
17309,5
17310,2
17311,5
17312,2
17313,7
17314,7
17315,0
17316,7
17317,7
17318,0
17319,6
17320,3
17321,5
17322,7
17323,6
17324,4
17325,5
17326,7
17327,5
17328,5
17329,0
17330,2
17331,1
17332,3
17333,7
17334,5
17335,3
17336,5
17337,5
17338,2
17339,5
17340,0
17341,0
17342,1
17343,2
17344,7
17345,6
17346,5
17347,6
17348,4
17349,4
17350,2
17351,6
17352,6
17353,0
17354,4
17355,3
17356,0
17357,3
17358,1
17359,4
17360,5
17361,1
17362,5
17363,5
17364,0
17365,4
17366,4
17367,1
17368,5
17369,5
17370,5
17371,5
17372,7
17373,1
17374,1
17375,3
17376,0
17377,6
17378,0
17379,5
17380,2
17381,7
17382,4
17383,2
17384,0
17385,3
17386,5
17387,0
17388,5
17389,4
17390,6
17391,5
17392,1
17393,2
17394,4
17395,1
17396,1
17397,5
17398,1
17399,5
17400,7
17401,6
17402,6
17403,1
17404,0
17405,5
17406,2
17407,6
17408,5
17409,4
17410,1
17411,0
17412,0
17413,2
17414,0
17415,6
17416,4
17417,5
17418,3
17419,7
17420,6
17421,7
17422,3
17423,5
17424,1
17425,4
17426,0
17427,6
17428,5
17429,4
17430,5
17431,6
17432,1
17433,4
17434,7
17435,2
17436,1
17437,6
17438,1
17439,1
17440,7
17441,6
17442,5
17443,7
17444,1
17445,5
17446,5
17447,5
17448,1
17449,2
17450,5
17451,4
17452,5
17453,1
17454,3
17455,7
17456,1
17457,0
17458,1
17459,2
17460,7
17461,6
17462,5
17463,5
17464,6
17465,7
17466,5
17467,2
17468,2
17469,3
17470,0
17471,0
17472,5
17473,5
17474,4
17475,4
17476,1
17477,6
17478,2
17479,3
17480,6
17481,3
17482,5
17483,2
17484,5
17485,2
17486,3
17487,3
17488,0
17489,2
17490,2
17491,2
17492,5
17493,7
17494,7
17495,4
17496,3
17497,5
17498,6
17499,5
17500,2
17501,1
17502,2
17503,5
17504,5
17505,5
17506,1
17507,2
17508,5
17509,1
17510,2
17511,7
17512,4
17513,7
17514,0
17515,7
17516,4
17517,5
17518,5
17519,7
17520,2
17521,3
17522,7
17523,6
17524,2
17525,7
17526,1
17527,6
17528,3
17529,0
17530,1
17531,6
17532,3
17533,4
17534,0
17535,2
17536,0
17537,7
17538,5
17539,1
17540,5
17541,5
17542,5
17543,7
17544,7
17545,5
17546,5
17547,0
17548,6
17549,3
17550,2
17551,4
17552,0
17553,7
17554,4
17555,7
17556,1
17557,0
17558,3
17559,5
17560,5
17561,4
17562,2
17563,5
17564,3
17565,4
17566,4
17567,4
17568,1
17569,7
17570,7
17571,7
17572,4
17573,0
17574,5
17575,7
17576,2
17577,3
17578,4
17579,0
17580,7
17581,2
17582,0
17583,7
17584,7
17585,2
17586,7
17587,5
17588,1
17589,1
17590,7
17591,7
17592,0
17593,4
17594,1
17595,6
17596,1
17597,3
17598,5
17599,5
17600,1
17601,7
17602,1
17603,6
17604,7
17605,7
17606,6
17607,5
17608,2
17609,5
17610,2
17611,5
17612,1
17613,7
17614,3
17615,6
17616,7
17617,4
17618,4
17619,2
17620,1
17621,5
17622,2
17623,1
17624,0
17625,2
17626,4
17627,6
17628,0
17629,0
17630,7
17631,1
17632,4
17633,5
17634,5
17635,0
17636,1
17637,1
17638,1
17639,7
17640,6
17641,3
17642,7
17643,2
17644,0
17645,1
17646,3
17647,5
17648,0
17649,1
17650,4
17651,7
17652,6
17653,7
17654,7
17655,6
17656,0
17657,7
17658,7
17659,2
17660,3
17661,7
17662,6
17663,7
17664,1
17665,5
17666,2
17667,5
17668,1
17669,3
17670,1
17671,4
17672,5
17673,4
17674,0
17675,5
17676,0
17677,4
17678,5
17679,1
17680,2
17681,5
17682,5
17683,6
17684,0
17685,1
17686,0
17687,2
17688,1
17689,5
17690,5
17691,0
17692,1
17693,5
17694,6
17695,1
17696,5
17697,0
17698,2
17699,7
17700,3
17701,5
17702,4
17703,1
17704,3
17705,4
17706,5
17707,5
17708,7
17709,5
17710,7
17711,7
17712,0
17713,5
17714,1
17715,4
17716,4
17717,6
17718,2
17719,0
17720,2
17721,2
17722,5
17723,0
17724,4
17725,1
17726,5
17727,4
17728,7
17729,7
17730,4
17731,5
17732,5
17733,3
17734,5
17735,7
17736,7
17737,7
17738,7
17739,5
17740,5
17741,3
17742,0
17743,5
17744,1
17745,7
17746,2
17747,5
17748,4
17749,5
17750,7
17751,6
17752,2
17753,7
17754,5
17755,0
17756,5
17757,4
17758,0
17759,5
17760,1
17761,7
17762,5
17763,6
17764,1
17765,6
17766,0
17767,1
17768,4
17769,0
17770,4
17771,1
17772,7
17773,2
17774,5
17775,2
17776,2
17777,7
17778,0
17779,7
17780,5
17781,4
17782,5
17783,1
17784,5
17785,3
17786,2
17787,2
17788,7
17789,6
17790,4
17791,3
17792,4
17793,2
17794,5
17795,0
17796,6
17797,1
17798,0
17799,4
17800,3
17801,0
17802,7
17803,7
17804,4
17805,2
17806,5
17807,4
17808,1
17809,6
17810,5
17811,7
17812,3
17813,5
17814,2
17815,4
17816,6
17817,6
17818,2
17819,5
17820,6
17821,7
17822,1
17823,0
17824,4
17825,5
17826,5
17827,0
17828,1
17829,1
17830,3
17831,3
17832,0
17833,1
17834,1
17835,0
17836,0
17837,2
17838,0
17839,5
17840,1
17841,5
17842,0
17843,6
17844,1
17845,0
17846,3
17847,5
17848,1
17849,7
17850,7
17851,2
17852,5
17853,4
17854,1
17855,1
17856,4
17857,5
17858,3
17859,2
17860,4
17861,5
17862,6
17863,4
17864,2
17865,7
17866,7
17867,5
17868,0
17869,0
17870,6
17871,1
17872,5
17873,7
17874,2
17875,1
17876,0
17877,0
17878,5
17879,5
17880,4
17881,0
17882,1
17883,7
17884,5
17885,1
17886,5
17887,4
17888,4
17889,5
17890,5
17891,5
17892,5
17893,3
17894,7
17895,5
17896,1
17897,1
17898,5
17899,0
17900,6
17901,0
17902,5
17903,1
17904,4
17905,3
17906,3
17907,7
17908,7
17909,6
17910,2
17911,0
17912,3
17913,1
17914,7
17915,0
17916,0
17917,5
17918,2
17919,2
17920,4
17921,4
17922,2
17923,3
17924,4
17925,3
17926,7
17927,5
17928,2
17929,5
17930,1
17931,7
17932,2
17933,3
17934,7
17935,2
17936,4
17937,3
17938,6
17939,1
17940,5
17941,7
17942,6
17943,4
17944,2
17945,3
17946,2
17947,7
17948,5
17949,1
17950,0
17951,4
17952,7
17953,4
17954,1
17955,0
17956,7
17957,5
17958,1
17959,5
17960,2
17961,4
17962,1
17963,1
17964,5
17965,1
17966,3
17967,4
17968,2
17969,5
17970,5
17971,7
17972,5
17973,5
17974,2
17975,2
17976,3
17977,1
17978,4
17979,7
17980,6
17981,3
17982,6
17983,4
17984,4
17985,5
17986,6
17987,0
17988,2
17989,7
17990,4
17991,2
17992,6
17993,2
17994,1
17995,6
17996,6
17997,0
17998,3
17999,5
18000,5
18001,3
18002,0
18003,5
18004,4
18005,3
18006,3
18007,5
18008,7
18009,0
18010,5
18011,0
18012,3
18013,1
18014,5
18015,7
18016,6
18017,4
18018,2
18019,5
18020,7
18021,3
18022,3
18023,7
18024,1
18025,7
18026,5
18027,4
18028,3
18029,0
18030,5
18031,5
18032,5
18033,5
18034,0
18035,4
18036,0
18037,0
18038,0
18039,1
18040,1
18041,7
18042,5
18043,5
18044,4
18045,4
18046,1
18047,1
18048,2
18049,1
18050,5
18051,2
18052,5
18053,7
18054,1
18055,2
18056,6
18057,5
18058,4
18059,3
18060,5
18061,4
18062,7
18063,6
18064,1
18065,3
18066,4
18067,1
18068,2
18069,3
18070,5
18071,5
18072,5
18073,7
18074,0
18075,0
18076,0
18077,5
18078,6
18079,3
18080,6
18081,4
18082,1
18083,5
18084,2
18085,4
18086,0
18087,5
18088,5
18089,7
18090,5
18091,0
18092,4
18093,1
18094,4
18095,4
18096,1
18097,7
18098,7
18099,4
18100,1
18101,5
18102,5
18103,0
18104,4
18105,4
18106,5
18107,5
18108,3
18109,5
18110,4
18111,7
18112,3
18113,1
18114,0
18115,1
18116,4
18117,5
18118,2
18119,7
18120,1
18121,6
18122,5
18123,5
18124,4
18125,3
18126,0
18127,7
18128,7
18129,7
18130,4
18131,5
18132,2
18133,7
18134,1
18135,3
18136,3
18137,1
18138,7
18139,6
18140,0
18141,7
18142,6
18143,1
18144,7
18145,0
18146,1
18147,2
18148,1
18149,4
18150,7
18151,7
18152,6
18153,4
18154,4
18155,7
18156,4
18157,1
18158,6
18159,4
18160,2
18161,2
18162,2
18163,2
18164,7
18165,4
18166,5
18167,5
18168,4
18169,4
18170,5
18171,7
18172,5
18173,0
18174,7
18175,0
18176,6
18177,0
18178,0
18179,2
18180,7
18181,1
18182,6
18183,1
18184,1
18185,1
18186,3
18187,5
18188,0
18189,5
18190,1
18191,5
18192,7
18193,6
18194,1
18195,4
18196,3
18197,5
18198,4
18199,1
18200,5
18201,3
18202,0
18203,0
18204,1
18205,1
18206,5
18207,2
18208,7
18209,7
18210,1
18211,7
18212,1
18213,3
18214,1
18215,0
18216,1
18217,7
18218,5
18219,4
18220,4
18221,7
18222,7
18223,6
18224,7
18225,4
18226,0
18227,5
18228,6
18229,0
18230,7
18231,2
18232,4
18233,5
18234,7
18235,7
18236,5
18237,3
18238,6
18239,5
18240,0
18241,5
18242,3
18243,1
18244,5
18245,6
18246,3
18247,5
18248,4
18249,1
18250,7
18251,5
18252,1
18253,2
18254,7
18255,5
18256,1
18257,5
18258,5
18259,1
18260,0
18261,7
18262,7
18263,2
18264,7
18265,6
18266,0
18267,2
18268,6
18269,7
18270,2
18271,4
18272,1
18273,1
18274,1
18275,0
18276,6
18277,1
18278,5
18279,5
18280,7
18281,5
18282,7
18283,5
18284,3
18285,7
18286,7
18287,3
18288,0
18289,0
18290,1
18291,3
18292,7
18293,1
18294,4
18295,1
18296,4
18297,1
18298,5
18299,4
18300,1
18301,2
18302,0
18303,4
18304,5
18305,4
18306,7
18307,2
18308,5
18309,7
18310,7
18311,1
18312,4
18313,7
18314,1
18315,3
18316,2
18317,4
18318,5
18319,7
18320,1
18321,6
18322,2
18323,2
18324,4
18325,7
18326,6
18327,6
18328,2
18329,5
18330,6
18331,0
18332,0
18333,0
18334,4
18335,2
18336,2
18337,7
18338,4
18339,1
18340,4
18341,7
18342,2
18343,5
18344,0
18345,4
18346,0
18347,6
18348,1
18349,6
18350,2
18351,2
18352,6
18353,1
18354,7
18355,0
18356,5
18357,2
18358,4
18359,6
18360,5
18361,5
18362,5
18363,4
18364,7
18365,0
18366,6
18367,6
18368,5
18369,0
18370,3
18371,2
18372,4
18373,7
18374,5
18375,5
18376,6
18377,4
18378,3
18379,2
18380,4
18381,7
18382,5
18383,1
18384,4
18385,2
18386,3
18387,5
18388,0
18389,4
18390,7
18391,4
18392,3
18393,1
18394,7
18395,7
18396,0
18397,2
18398,5
18399,4
18400,1
18401,3
18402,4
18403,5
18404,1
18405,5
18406,1
18407,5
18408,7
18409,0
18410,4
18411,7
18412,0
18413,6
18414,7
18415,1
18416,3
18417,7
18418,1
18419,6
18420,5
18421,4
18422,5
18423,3
18424,1
18425,7
18426,7
18427,0
18428,7
18429,4
18430,0
18431,5
18432,4
18433,5
18434,2
18435,2
18436,4
18437,7
18438,7
18439,5
18440,1
18441,2
18442,2
18443,0
18444,4
18445,4
18446,0
18447,7
18448,5
18449,5
18450,4
18451,3
18452,3
18453,1
18454,1
18455,4
18456,7
18457,7
18458,1
18459,4
18460,5
18461,1
18462,5
18463,4
18464,4
18465,3
18466,7
18467,1
18468,5
18469,4
18470,1
18471,2
18472,7
18473,3
18474,4
18475,1
18476,2
18477,1
18478,4
18479,1
18480,2
18481,5
18482,0
18483,3
18484,4
18485,0
18486,0
18487,3
18488,5
18489,4
18490,4
18491,3
18492,3
18493,5
18494,1
18495,5
18496,5
18497,7
18498,3
18499,6
18500,5
18501,2
18502,6
18503,4
18504,4
18505,0
18506,2
18507,4
18508,1
18509,5
18510,1
18511,2
18512,7
18513,4
18514,5
18515,0
18516,6
18517,5
18518,7
18519,4
18520,5
18521,5
18522,2
18523,5
18524,6
18525,7
18526,0
18527,6
18528,5
18529,4
18530,6
18531,0
18532,3
18533,4
18534,5
18535,4
18536,5
18537,5
18538,5
18539,1
18540,0
18541,7
18542,3
18543,5
18544,5
18545,0
18546,1
18547,7
18548,5
18549,6
18550,6
18551,3
18552,5
18553,7
18554,7
18555,2
18556,6
18557,5
18558,4
18559,3
18560,0
18561,4
18562,7
18563,1
18564,1
18565,3
18566,1
18567,4
18568,1
18569,4
18570,1
18571,7
18572,3
18573,7
18574,7
18575,1
18576,5
18577,1
18578,4
18579,5
18580,1
18581,4
18582,4
18583,3
18584,1
18585,7
18586,2
18587,3
18588,4
18589,6
18590,5
18591,3
18592,5
18593,2
18594,5
18595,7
18596,5
18597,4
18598,3
18599,7
18600,3
18601,2
18602,4
18603,0
18604,4
18605,4
18606,5
18607,1
18608,5
18609,4
18610,1
18611,4
18612,4
18613,1
18614,1
18615,4
18616,4
18617,7
18618,0
18619,3
18620,0
18621,1
18622,0
18623,2
18624,7
18625,7
18626,4
18627,0
18628,5
18629,4
18630,4
18631,1
18632,4
18633,0
18634,5
18635,2
18636,0
18637,4
18638,5
18639,5
18640,4
18641,7
18642,1
18643,5
18644,1
18645,1
18646,7
18647,5
18648,6
18649,2
18650,1
18651,4
18652,6
18653,5
18654,5
18655,3
18656,4
18657,1
18658,5
18659,6
18660,5
18661,2
18662,0
18663,2
18664,0
18665,5
18666,7
18667,0
18668,7
18669,3
18670,0
18671,5
18672,5
18673,0
18674,1
18675,6
18676,4
18677,1
18678,6
18679,2
18680,1
18681,5
18682,4
18683,7
18684,0
18685,6
18686,3
18687,5
18688,6
18689,5
18690,7
18691,4
18692,5
18693,1
18694,2
18695,4
18696,4
18697,5
18698,0
18699,5
18700,5
18701,7
18702,5
18703,7
18704,3
18705,7
18706,6
18707,5
18708,3
18709,5
18710,5
18711,6
18712,1
18713,3
18714,5
18715,7
18716,7
18717,2
18718,2
18719,2
18720,1
18721,5
18722,7
18723,3
18724,5
18725,7
18726,0
18727,1
18728,1
18729,0
18730,3
18731,1
18732,4
18733,7
18734,1
18735,1
18736,5
18737,5
18738,1
18739,3
18740,4
18741,5
18742,7
18743,6
18744,3
18745,1
18746,5
18747,3
18748,2
18749,3
18750,5
18751,5
18752,5
18753,3
18754,5
18755,2
18756,5
18757,1
18758,5
18759,5
18760,6
18761,5
18762,7
18763,7
18764,2
18765,4
18766,7
18767,6
18768,5
18769,0
18770,2
18771,7
18772,5
18773,5
18774,5
18775,3
18776,3
18777,7
18778,4
18779,6
18780,6
18781,5
18782,1
18783,5
18784,3
18785,0
18786,7
18787,5
18788,7
18789,3
18790,1
18791,5
18792,7
18793,2
18794,5
18795,3
18796,2
18797,5
18798,2
18799,1
18800,5
18801,7
18802,3
18803,2
18804,2
18805,3
18806,7
18807,1
18808,2
18809,1
18810,5
18811,7
18812,1
18813,7
18814,7
18815,0
18816,1
18817,5
18818,3
18819,5
18820,4
18821,4
18822,5
18823,4
18824,3
18825,3
18826,5
18827,0
18828,2
18829,3
18830,1
18831,5
18832,1
18833,2
18834,2
18835,2
18836,7
18837,4
18838,4
18839,1
18840,5
18841,6
18842,4
18843,5
18844,7
18845,7
18846,5
18847,5
18848,0
18849,5
18850,1
18851,2
18852,2
18853,4
18854,0
18855,5
18856,1
18857,3
18858,6
18859,5
18860,7
18861,2
18862,5
18863,7
18864,6
18865,4
18866,6
18867,7
18868,3
18869,1
18870,2
18871,7
18872,1
18873,1
18874,0
18875,4
18876,7
18877,5
18878,5
18879,5
18880,2
18881,1
18882,5
18883,5
18884,7
18885,0
18886,7
18887,7
18888,6
18889,1
18890,5
18891,2
18892,5
18893,0
18894,5
18895,4
18896,2
18897,5
18898,4
18899,5
18900,0
18901,0
18902,5
18903,3
18904,4
18905,7
18906,6
18907,2
18908,4
18909,2
18910,2
18911,1
18912,1
18913,4
18914,4
18915,5
18916,1
18917,1
18918,7
18919,5
18920,4
18921,4
18922,7
18923,2
18924,3
18925,5
18926,7
18927,0
18928,1
18929,5
18930,4
18931,5
18932,6
18933,7
18934,2
18935,3
18936,5
18937,1
18938,7
18939,7
18940,1
18941,7
18942,6
18943,2
18944,5
18945,1
18946,5
18947,5
18948,0
18949,5
18950,5
18951,3
18952,3
18953,1
18954,5
18955,3
18956,2
18957,7
18958,1
18959,0
18960,5
18961,4
18962,1
18963,2
18964,4
18965,2
18966,2
18967,3
18968,5
18969,1
18970,2
18971,4
18972,5
18973,4
18974,6
18975,1
18976,5
18977,5
18978,6
18979,0
18980,6
18981,4
18982,4
18983,3
18984,5
18985,5
18986,7
18987,1
18988,2
18989,5
18990,5
18991,0
18992,2
18993,7
18994,4
18995,1
18996,3
18997,1
18998,6
18999,6
19000,1
19001,1
19002,5
19003,5
19004,5
19005,5
19006,1
19007,2
19008,2
19009,5
19010,4
19011,4
19012,7
19013,4
19014,2
19015,7
19016,5
19017,1
19018,0
19019,6
19020,3
19021,7
19022,5
19023,1
19024,1
19025,5
19026,5
19027,5
19028,2
19029,0
19030,3
19031,4
19032,6
19033,7
19034,5
19035,3
19036,0
19037,1
19038,3
19039,1
19040,5
19041,2
19042,7
19043,2
19044,5
19045,3
19046,0
19047,3
19048,1
19049,2
19050,3
19051,3
19052,5
19053,5
19054,3
19055,5
19056,4
19057,1
19058,1
19059,2
19060,3
19061,1
19062,1
19063,5
19064,5
19065,5
19066,2
19067,4
19068,5
19069,5
19070,0
19071,5
19072,7
19073,3
19074,5
19075,7
19076,5
19077,3
19078,3
19079,7
19080,4
19081,1
19082,7
19083,2
19084,3
19085,2
19086,7
19087,1
19088,4
19089,4
19090,5
19091,4
19092,2
19093,6
19094,5
19095,1
19096,5
19097,4
19098,4
19099,4
19100,0
19101,5
19102,2
19103,4
19104,2
19105,0
19106,0
19107,5
19108,3
19109,4
19110,4
19111,3
19112,4
19113,7
19114,7
19115,7
19116,5
19117,7
19118,2
19119,0
19120,3
19121,1
19122,5
19123,2
19124,3
19125,6
19126,5
19127,4
19128,1
19129,0
19130,6
19131,4
19132,5
19133,7
19134,7
19135,3
19136,5
19137,1
19138,5
19139,4
19140,1
19141,2
19142,4
19143,4
19144,5
19145,7
19146,2
19147,0
19148,5
19149,6
19150,4
19151,0
19152,5
19153,6
19154,1
19155,7
19156,7
19157,6
19158,1
19159,0
19160,4
19161,1
19162,6
19163,5
19164,2
19165,3
19166,1
19167,0
19168,1
19169,1
19170,1
19171,5
19172,5
19173,1
19174,1
19175,3
19176,4
19177,3
19178,7
19179,3
19180,5
19181,0
19182,0
19183,1
19184,3
19185,2
19186,5
19187,1
19188,4
19189,7
19190,2
19191,4
19192,4
19193,0
19194,0
19195,3
19196,2
19197,1
19198,6
19199,4
19200,5
19201,0
19202,7
19203,2
19204,5
19205,5
19206,4
19207,7
19208,1
19209,4
19210,5
19211,4
19212,3
19213,7
19214,5
19215,0
19216,2
19217,6
19218,0
19219,3
19220,5
19221,1
19222,7
19223,1
19224,3
19225,7
19226,1
19227,5
19228,3
19229,1
19230,1
19231,1
19232,2
19233,0
19234,1
19235,0
19236,5
19237,3
19238,1
19239,2
19240,3
19241,1
19242,4
19243,0
19244,1
19245,3
19246,1
19247,5
19248,5
19249,1
19250,5
19251,5
19252,6
19253,4
19254,7
19255,4
19256,1
19257,4
19258,5
19259,1
19260,7
19261,5
19262,2
19263,5
19264,1
19265,7
19266,4
19267,7
19268,1
19269,2
19270,2
19271,4
19272,4
19273,5
19274,4
19275,3
19276,5
19277,7
19278,4
19279,1
19280,7
19281,1
19282,4
19283,3
19284,7
19285,1
19286,7
19287,2
19288,1
19289,2
19290,5
19291,4
19292,2
19293,6
19294,1
19295,2
19296,3
19297,2
19298,5
19299,3
19300,1
19301,1
19302,6
19303,5
19304,5
19305,1
19306,5
19307,0
19308,4
19309,3
19310,4
19311,3
19312,7
19313,0
19314,4
19315,5
19316,4
19317,3
19318,5
19319,5
19320,5
19321,6
19322,6
19323,1
19324,7
19325,7
19326,6
19327,1
19328,7
19329,7
19330,4
19331,2
19332,0
19333,7
19334,1
19335,5
19336,5
19337,3
19338,2
19339,2
19340,4
19341,5
19342,1
19343,4
19344,7
19345,2
19346,1
19347,7
19348,7
19349,7
19350,3
19351,0
19352,6
19353,7
19354,4
19355,6
19356,3
19357,0
19358,5
19359,4
19360,4
19361,7
19362,5
19363,1
19364,0
19365,6
19366,5
19367,5
19368,6
19369,1
19370,2
19371,0
19372,0
19373,1
19374,4
19375,6
19376,0
19377,4
19378,1
19379,5
19380,3
19381,1
19382,2
19383,4
19384,5
19385,3
19386,1
19387,1
19388,1
19389,7
19390,2
19391,5
19392,7
19393,7
19394,0
19395,4
19396,5
19397,2
19398,5
19399,3
19400,4
19401,5
19402,4
19403,7
19404,5
19405,7
19406,2
19407,7
19408,2
19409,1
19410,7
19411,6
19412,2
19413,3
19414,6
19415,1
19416,5
19417,7
19418,5
19419,5
19420,3
19421,6
19422,0
19423,3
19424,5
19425,5
19426,0
19427,2
19428,3
19429,5
19430,0
19431,4
19432,7
19433,4
19434,4
19435,0
19436,5
19437,3
19438,4
19439,0
19440,4
19441,2
19442,7
19443,4
19444,5
19445,4
19446,5
19447,0
19448,3
19449,7
19450,4
19451,5
19452,7
19453,5
19454,5
19455,2
19456,7
19457,5
19458,2
19459,4
19460,6
19461,4
19462,7
19463,2
19464,1
19465,5
19466,2
19467,0
19468,5
19469,4
19470,7
19471,2
19472,4
19473,0
19474,2
19475,5
19476,1
19477,5
19478,5
19479,2
19480,5
19481,5
19482,1
19483,0
19484,4
19485,7
19486,0
19487,2
19488,5
19489,5
19490,5
19491,3
19492,4
19493,0
19494,2
19495,5
19496,4
19497,3
19498,7
19499,1
19500,5
19501,5
19502,7
19503,1
19504,5
19505,5
19506,7
19507,1
19508,5
19509,4
19510,1
19511,4
19512,7
19513,2
19514,7
19515,6
19516,7
19517,2
19518,5
19519,5
19520,4
19521,0
19522,4
19523,6
19524,4
19525,2
19526,4
19527,0
19528,1
19529,3
19530,5
19531,5
19532,5
19533,5
19534,2
19535,4
19536,1
19537,6
19538,4
19539,4
19540,4
19541,7
19542,4
19543,5
19544,4
19545,0
19546,3
19547,7
19548,7
19549,4
19550,3
19551,5
19552,3
19553,4
19554,1
19555,7
19556,4
19557,7
19558,4
19559,1
19560,5
19561,0
19562,6
19563,0
19564,4
19565,5
19566,7
19567,1
19568,1
19569,3
19570,1
19571,1
19572,5
19573,3
19574,4
19575,0
19576,4
19577,0
19578,1
19579,4
19580,7
19581,6
19582,1
19583,5
19584,7
19585,4
19586,2
19587,2
19588,7
19589,1
19590,1
19591,5
19592,5
19593,1
19594,5
19595,0
19596,7
19597,3
19598,4
19599,2
19600,0
19601,5
19602,6
19603,7
19604,3
19605,7
19606,4
19607,6
19608,5
19609,7
19610,3
19611,5
19612,0
19613,5
19614,5
19615,5
19616,6
19617,5
19618,0
19619,5
19620,4
19621,3
19622,0
19623,1
19624,6
19625,3
19626,5
19627,5
19628,0
19629,6
19630,5
19631,4
19632,7
19633,5
19634,7
19635,7
19636,2
19637,0
19638,4
19639,4
19640,2
19641,0
19642,6
19643,5
19644,7
19645,3
19646,4
19647,6
19648,5
19649,5
19650,7
19651,5
19652,4
19653,1
19654,4
19655,4
19656,5
19657,2
19658,1
19659,0
19660,4
19661,3
19662,0
19663,1
19664,7
19665,1
19666,5
19667,5
19668,0
19669,3
19670,3
19671,4
19672,5
19673,1
19674,7
19675,6
19676,6
19677,0
19678,1
19679,5
19680,0
19681,4
19682,3
19683,5
19684,0
19685,7
19686,1
19687,1
19688,4
19689,3
19690,5
19691,7
19692,0
19693,0
19694,0
19695,3
19696,6
19697,4
19698,3
19699,0
19700,1
19701,4
19702,4
19703,6
19704,5
19705,7
19706,3
19707,4
19708,2
19709,0
19710,0
19711,7
19712,1
19713,3
19714,7
19715,7
19716,4
19717,4
19718,4
19719,1
19720,4
19721,5
19722,4
19723,0
19724,2
19725,6
19726,2
19727,5
19728,7
19729,5
19730,1
19731,1
19732,7
19733,5
19734,7
19735,7
19736,7
19737,5
19738,6
19739,0
19740,6
19741,7
19742,0
19743,4
19744,5
19745,4
19746,4
19747,1
19748,7
19749,4
19750,7
19751,6
19752,4
19753,3
19754,7
19755,4
19756,7
19757,0
19758,1
19759,2
19760,1
19761,4
19762,5
19763,5
19764,1
19765,5
19766,7
19767,4
19768,7
19769,1
19770,6
19771,4
19772,2
19773,1
19774,3
19775,1
19776,6
19777,1
19778,5
19779,2
19780,4
19781,5
19782,5
19783,6
19784,0
19785,5
19786,5
19787,2
19788,5
19789,7
19790,3
19791,1
19792,4
19793,3
19794,3
19795,4
19796,5
19797,7
19798,7
19799,2
19800,5
19801,5
19802,7
19803,7
19804,7
19805,5
19806,2
19807,0
19808,2
19809,4
19810,6
19811,5
19812,4
19813,4
19814,7
19815,3
19816,1
19817,1
19818,7
19819,5
19820,2
19821,7
19822,2
19823,6
19824,2
19825,3
19826,7
19827,5
19828,4
19829,2
19830,4
19831,0
19832,5
19833,5
19834,2
19835,1
19836,4
19837,2
19838,5
19839,5
19840,5
19841,7
19842,7
19843,4
19844,4
19845,3
19846,5
19847,3
19848,2
19849,1
19850,5
19851,4
19852,0
19853,5
19854,5
19855,5
19856,1
19857,5
19858,7
19859,7
19860,0
19861,5
19862,4
19863,1
19864,4
19865,5
19866,4
19867,5
19868,1
19869,4
19870,3
19871,5
19872,6
19873,1
19874,7
19875,4
19876,1
19877,7
19878,3
19879,4
19880,0
19881,5
19882,1
19883,5
19884,0
19885,5
19886,3
19887,7
19888,5
19889,7
19890,0
19891,2
19892,4
19893,4
19894,4
19895,1
19896,3
19897,5
19898,1
19899,6
19900,2
19901,4
19902,5
19903,2
19904,7
19905,5
19906,4
19907,5
19908,5
19909,6
19910,2
19911,1
19912,1
19913,5
19914,4
19915,0
19916,1
19917,1
19918,5
19919,4
19920,7
19921,4
19922,3
19923,4
19924,3
19925,5
19926,5
19927,7
19928,7
19929,5
19930,6
19931,2
19932,4
19933,6
19934,4
19935,6
19936,4
19937,4
19938,5
19939,2
19940,5
19941,5
19942,4
19943,1
19944,0
19945,7
19946,0
19947,2
19948,3
19949,5
19950,7
19951,1
19952,1
19953,0
19954,1
19955,4
19956,1
19957,4
19958,5
19959,3
19960,0
19961,7
19962,7
19963,5
19964,7
19965,7
19966,5
19967,7
19968,1
19969,5
19970,5
19971,2
19972,1
19973,3
19974,5
19975,5
19976,6
19977,4
19978,5
19979,3
19980,6
19981,4
19982,5
19983,3
19984,5
19985,2
19986,4
19987,5
19988,4
19989,1
19990,4
19991,7
19992,1
19993,0
19994,4
19995,2
19996,7
19997,7
19998,0
19999,4
20000,4
20001,3
20002,4
20003,4
20004,6
20005,1
20006,5
20007,3
20008,3
20009,4
20010,7
20011,3
20012,3
20013,1
20014,3
20015,1
20016,3
20017,4
20018,0
20019,7
20020,5
20021,6
20022,7
20023,5
20024,4
20025,4
20026,5
20027,1
20028,5
20029,4
20030,0
20031,1
20032,3
20033,1
20034,7
20035,4
20036,2
20037,6
20038,5
20039,7
20040,6
20041,2
20042,3
20043,7
20044,3
20045,2
20046,3
20047,3
20048,0
20049,5
20050,7
20051,5
20052,3
20053,5
20054,7
20055,5
20056,5
20057,0
20058,4
20059,4
20060,4
20061,4
20062,6
20063,7
20064,6
20065,3
20066,0
20067,1
20068,1
20069,5
20070,3
20071,0
20072,3
20073,3
20074,0
20075,5
20076,4
20077,3
20078,0
20079,6
20080,4
20081,7
20082,5
20083,0
20084,2
20085,4
20086,7
20087,5
20088,2
20089,6
20090,4
20091,5
20092,5
20093,0
20094,5
20095,4
20096,3
20097,5
20098,6
20099,7
20100,5
20101,0
20102,1
20103,4
20104,1
20105,4
20106,4
20107,5
20108,5
20109,5
20110,5
20111,0
20112,0
20113,2
20114,2
20115,4
20116,4
20117,4
20118,0
20119,6
20120,4
20121,7
20122,7
20123,7
20124,5
20125,5
20126,4
20127,5
20128,4
20129,4
20130,0
20131,7
20132,5
20133,1
20134,4
20135,1
20136,3
20137,4
20138,5
20139,1
20140,1
20141,1
20142,3
20143,7
20144,1
20145,6
20146,7
20147,1
20148,1
20149,6
20150,2
20151,5
20152,1
20153,4
20154,7
20155,5
20156,1
20157,1
20158,1
20159,1
20160,6
20161,6
20162,4
20163,5
20164,4
20165,6
20166,5
20167,1
20168,1
20169,0
20170,5
20171,5
20172,1
20173,4
20174,7
20175,5
20176,0
20177,4
20178,2
20179,7
20180,0
20181,7
20182,5
20183,4
20184,7
20185,3
20186,3
20187,2
20188,7
20189,5
20190,2
20191,7
20192,7
20193,7
20194,1
20195,7
20196,1
20197,5
20198,6
20199,6
20200,4
20201,6
20202,5
20203,0
20204,0
20205,5
20206,4
20207,1
20208,5
20209,1
20210,4
20211,4
20212,7
20213,5
20214,1
20215,4
20216,4
20217,1
20218,5
20219,3
20220,5
20221,3
20222,0
20223,0
20224,7
20225,3
20226,6
20227,4
20228,0
20229,0
20230,4
20231,2
20232,1
20233,3
20234,1
20235,7
20236,1
20237,4
20238,0
20239,3
20240,4
20241,5
20242,7
20243,1
20244,7
20245,5
20246,5
20247,4
20248,4
20249,4
20250,4
20251,4
20252,1
20253,7
20254,0
20255,5
20256,5
20257,1
20258,0
20259,2
20260,0
20261,1
20262,2
20263,0
20264,1
20265,5
20266,2
20267,1
20268,0
20269,2
20270,0
20271,0
20272,4
20273,5
20274,0
20275,7
20276,6
20277,3
20278,4
20279,4
20280,2
20281,0
20282,4
20283,7
20284,3
20285,1
20286,0
20287,5
20288,4
20289,5
20290,3
20291,3
20292,6
20293,2
20294,4
20295,2
20296,1
20297,1
20298,0
20299,5
20300,3
20301,5
20302,4
20303,4
20304,5
20305,2
20306,3
20307,0
20308,2
20309,4
20310,2
20311,7
20312,2
20313,7
20314,4
20315,2
20316,2
20317,2
20318,7
20319,5
20320,3
20321,2
20322,0
20323,5
20324,2
20325,5
20326,6
20327,2
20328,7
20329,1
20330,1
20331,4
20332,4
20333,4
20334,5
20335,1
20336,1
20337,5
20338,4
20339,6
20340,4
20341,1
20342,4
20343,2
20344,4
20345,1
20346,0
20347,0
20348,7
20349,5
20350,4
20351,4
20352,1
20353,2
20354,0
20355,1
20356,2
20357,4
20358,4
20359,4
20360,1
20361,5
20362,3
20363,7
20364,0
20365,6
20366,3
20367,7
20368,3
20369,4
20370,5
20371,0
20372,5
20373,7
20374,4
20375,7
20376,2
20377,2
20378,1
20379,2
20380,5
20381,5
20382,1
20383,4
20384,4
20385,4
20386,7
20387,0
20388,0
20389,0
20390,3
20391,7
20392,7
20393,7
20394,7
20395,2
20396,4
20397,7
20398,0
20399,7
20400,3
20401,2
20402,1
20403,4
20404,4
20405,1
20406,1
20407,3
20408,7
20409,1
20410,5
20411,0
20412,7
20413,1
20414,2
20415,5
20416,5
20417,3
20418,4
20419,4
20420,4
20421,7
20422,3
20423,5
20424,3
20425,5
20426,2
20427,4
20428,4
20429,4
20430,3
20431,1
20432,3
20433,0
20434,3
20435,3
20436,4
20437,5
20438,3
20439,0
20440,7
20441,1
20442,5
20443,7
20444,4
20445,0
20446,4
20447,5
20448,4
20449,0
20450,4
20451,5
20452,3
20453,1
20454,2
20455,5
20456,0
20457,0
20458,2
20459,4
20460,6
20461,2
20462,5
20463,3
20464,3
20465,5
20466,1
20467,0
20468,7
20469,4
20470,5
20471,4
20472,5
20473,4
20474,1
20475,5
20476,5
20477,0
20478,5
20479,5
20480,4
20481,0
20482,1
20483,7
20484,6
20485,5
20486,2
20487,2
20488,5
20489,7
20490,1
20491,4
20492,1
20493,3
20494,0
20495,4
20496,7
20497,0
20498,1
20499,2
20500,1
20501,1
20502,6
20503,4
20504,4
20505,0
20506,4
20507,2
20508,5
20509,1
20510,0
20511,7
20512,5
20513,4
20514,3
20515,6
20516,4
20517,7
20518,3
20519,0
20520,5
20521,1
20522,4
20523,0
20524,5
20525,2
20526,7
20527,5
20528,6
20529,7
20530,1
20531,3
20532,1
20533,4
20534,4
20535,4
20536,1
20537,4
20538,7
20539,7
20540,6
20541,7
20542,5
20543,7
20544,2
20545,5
20546,3
20547,4
20548,2
20549,5
20550,5
20551,5
20552,5
20553,3
20554,2
20555,2
20556,5
20557,5
20558,4
20559,1
20560,2
20561,1
20562,7
20563,4
20564,5
20565,4
20566,4
20567,5
20568,5
20569,0
20570,4
20571,2
20572,4
20573,2
20574,1
20575,0
20576,7
20577,7
20578,5
20579,5
20580,6
20581,5
20582,5
20583,4
20584,5
20585,2
20586,1
20587,7
20588,7
20589,6
20590,0
20591,4
20592,5
20593,6
20594,3
20595,7
20596,2
20597,6
20598,3
20599,0
20600,2
20601,4
20602,3
20603,3
20604,1
20605,0
20606,2
20607,6
20608,2
20609,6
20610,6
20611,1
20612,5
20613,1
20614,6
20615,0
20616,3
20617,0
20618,1
20619,7
20620,1
20621,0
20622,5
20623,2
20624,7
20625,5
20626,7
20627,5
20628,3
20629,1
20630,5
20631,5
20632,5
20633,4
20634,5
20635,4
20636,3
20637,7
20638,0
20639,6
20640,4
20641,1
20642,1
20643,7
20644,1
20645,1
20646,5
20647,5
20648,4
20649,0
20650,6
20651,6
20652,5
20653,4
20654,1
20655,0
20656,4
20657,5
20658,3
20659,4
20660,1
20661,7
20662,7
20663,2
20664,5
20665,3
20666,5
20667,5
20668,6
20669,5
20670,7
20671,4
20672,1
20673,0
20674,3
20675,6
20676,2
20677,1
20678,5
20679,4
20680,6
20681,5
20682,6
20683,3
20684,0
20685,5
20686,1
20687,2
20688,3
20689,3
20690,6
20691,0
20692,4
20693,5
20694,7
20695,6
20696,1
20697,1
20698,2
20699,6
20700,5
20701,7
20702,5
20703,1
20704,1
20705,4
20706,4
20707,5
20708,2
20709,1
20710,2
20711,4
20712,4
20713,2
20714,6
20715,1
20716,5
20717,4
20718,3
20719,5
20720,5
20721,3
20722,4
20723,1
20724,7
20725,4
20726,0
20727,5
20728,5
20729,7
20730,5
20731,7
20732,2
20733,5
20734,5
20735,7
20736,1
20737,1
20738,6
20739,1
20740,5
20741,2
20742,5
20743,5
20744,1
20745,2
20746,0
20747,5
20748,5
20749,4
20750,0
20751,3
20752,4
20753,5
20754,1
20755,3
20756,4
20757,4
20758,5
20759,2
20760,3
20761,0
20762,2
20763,4
20764,1
20765,5
20766,5
20767,5
20768,5
20769,7
20770,7
20771,2
20772,7
20773,1
20774,5
20775,7
20776,6
20777,2
20778,4
20779,7
20780,2
20781,4
20782,4
20783,4
20784,1
20785,5
20786,5
20787,2
20788,3
20789,1
20790,4
20791,0
20792,3
20793,0
20794,2
20795,1
20796,6
20797,0
20798,1
20799,6
20800,5
20801,0
20802,5
20803,5
20804,5
20805,3
20806,4
20807,5
20808,4
20809,7
20810,4
20811,7
20812,3
20813,5
20814,1
20815,4
20816,1
20817,1
20818,2
20819,4
20820,1
20821,2
20822,5
20823,5
20824,7
20825,0
20826,4
20827,4
20828,2
20829,0
20830,1
20831,1
20832,7
20833,5
20834,4
20835,1
20836,7
20837,1
20838,6
20839,1
20840,4
20841,4
20842,5
20843,6
20844,7
20845,3
20846,5
20847,1
20848,1
20849,0
20850,3
20851,1
20852,1
20853,0
20854,5
20855,5
20856,1
20857,3
20858,1
20859,2
20860,0
20861,7
20862,2
20863,7
20864,5
20865,5
20866,5
20867,3
20868,2
20869,2
20870,1
20871,3
20872,0
20873,2
20874,2
20875,4
20876,2
20877,7
20878,4
20879,7
20880,0
20881,3
20882,1
20883,7
20884,0
20885,5
20886,0
20887,2
20888,4
20889,7
20890,2
20891,5
20892,0
20893,4
20894,5
20895,3
20896,5
20897,5
20898,1
20899,1
20900,2
20901,5
20902,6
20903,5
20904,4
20905,4
20906,3
20907,4
20908,1
20909,4
20910,0
20911,5
20912,4
20913,5
20914,1
20915,2
20916,7
20917,0
20918,2
20919,0
20920,0
20921,1
20922,5
20923,4
20924,7
20925,0
20926,1
20927,7
20928,7
20929,6
20930,6
20931,5
20932,5
20933,5
20934,2
20935,7
20936,3
20937,2
20938,1
20939,4
20940,2
20941,1
20942,1
20943,6
20944,5
20945,4
20946,1
20947,5
20948,7
20949,2
20950,0
20951,5
20952,0
20953,2
20954,0
20955,0
20956,2
20957,3
20958,1
20959,4
20960,6
20961,4
20962,3
20963,0
20964,7
20965,7
20966,5
20967,4
20968,3
20969,5
20970,1
20971,1
20972,2
20973,3
20974,4
20975,3
20976,1
20977,7
20978,7
20979,6
20980,1
20981,1
20982,2
20983,1
20984,1
20985,1
20986,5
20987,7
20988,0
20989,4
20990,1
20991,0
20992,3
20993,6
20994,0
20995,3
20996,5
20997,7
20998,7
20999,4
21000,5
21001,3
21002,2
21003,1
21004,0
21005,0
21006,1
21007,1
21008,6
21009,4
21010,3
21011,7
21012,3
21013,4
21014,1
21015,1
21016,1
21017,1
21018,5
21019,2
21020,7
21021,1
21022,4
21023,5
21024,4
21025,0
21026,1
21027,3
21028,2
21029,0
21030,4
21031,3
21032,2
21033,2
21034,5
21035,0
21036,0
21037,4
21038,4
21039,4
21040,6
21041,1
21042,5
21043,0
21044,1
21045,1
21046,5
21047,4
21048,5
21049,5
21050,4
21051,5
21052,6
21053,4
21054,6
21055,4
21056,7
21057,5
21058,5
21059,5
21060,5
21061,7
21062,6
21063,5
21064,4
21065,0
21066,0
21067,1
21068,4
21069,4
21070,1
21071,1
21072,2
21073,7
21074,1
21075,5
21076,4
21077,5
21078,4
21079,2
21080,4
21081,6
21082,4
21083,0
21084,5
21085,0
21086,3
21087,5
21088,3
21089,5
21090,1
21091,2
21092,6
21093,6
21094,4
21095,5
21096,6
21097,4
21098,4
21099,2
21100,4
21101,5
21102,0
21103,6
21104,4
21105,2
21106,2
21107,4
21108,1
21109,1
21110,6
21111,4
21112,3
21113,6
21114,6
21115,6
21116,3
21117,5
21118,2
21119,5
21120,2
21121,7
21122,7
21123,1
21124,1
21125,0
21126,5
21127,1
21128,6
21129,4
21130,1
21131,0
21132,7
21133,3
21134,2
21135,0
21136,2
21137,2
21138,2
21139,2
21140,1
21141,6
21142,3
21143,0
21144,4
21145,4
21146,1
21147,5
21148,3
21149,6
21150,7
21151,0
21152,0
21153,5
21154,0
21155,5
21156,1
21157,5
21158,5
21159,7
21160,4
21161,6
21162,2
21163,1
21164,0
21165,0
21166,5
21167,3
21168,2
21169,7
21170,5
21171,3
21172,2
21173,2
21174,6
21175,7
21176,1
21177,1
21178,6
21179,5
21180,2
21181,0
21182,5
21183,5
21184,7
21185,0
21186,5
21187,5
21188,4
21189,1
21190,3
21191,3
21192,7
21193,0
21194,7
21195,5
21196,0
21197,0
21198,5
21199,5
21200,0
21201,4
21202,4
21203,0
21204,4
21205,2
21206,5
21207,7
21208,4
21209,5
21210,5
21211,3
21212,4
21213,1
21214,7
21215,7
21216,4
21217,5
21218,7
21219,1
21220,2
21221,2
21222,5
21223,1
21224,1
21225,1
21226,7
21227,6
21228,0
21229,3
21230,1
21231,4
21232,1
21233,4
21234,6
21235,0
21236,1
21237,3
21238,1
21239,6
21240,6
21241,1
21242,2
21243,1
21244,3
21245,5
21246,1
21247,5
21248,0
21249,5
21250,6
21251,5
21252,4
21253,3
21254,1
21255,4
21256,4
21257,3
21258,2
21259,2
21260,2
21261,1
21262,5
21263,4
21264,1
21265,4
21266,5
21267,0
21268,5
21269,1
21270,7
21271,4
21272,2
21273,1
21274,0
21275,5
21276,2
21277,6
21278,0
21279,3
21280,7
21281,4
21282,1
21283,5
21284,5
21285,4
21286,6
21287,1
21288,3
21289,6
21290,0
21291,7
21292,7
21293,5
21294,0
21295,1
21296,2
21297,2
21298,7
21299,1
21300,1
21301,3
21302,0
21303,4
21304,0
21305,5
21306,7
21307,7
21308,4
21309,7
21310,5
21311,1
21312,1
21313,4
21314,5
21315,5
21316,0
21317,1
21318,2
21319,3
21320,1
21321,0
21322,1
21323,4
21324,0
21325,5
21326,2
21327,7
21328,4
21329,3
21330,6
21331,3
21332,2
21333,1
21334,4
21335,1
21336,7
21337,3
21338,0
21339,2
21340,4
21341,7
21342,1
21343,5
21344,3
21345,7
21346,6
21347,4
21348,7
21349,7
21350,2
21351,1
21352,1
21353,5
21354,5
21355,7
21356,2
21357,1
21358,2
21359,2
21360,5
21361,5
21362,5
21363,4
21364,7
21365,5
21366,1
21367,4
21368,0
21369,5
21370,0
21371,4
21372,4
21373,5
21374,3
21375,0
21376,0
21377,5
21378,4
21379,2
21380,5
21381,5
21382,1
21383,5
21384,5
21385,2
21386,6
21387,2
21388,0
21389,3
21390,4
21391,4
21392,4
21393,5
21394,7
21395,2
21396,1
21397,1
21398,5
21399,6
21400,1
21401,5
21402,5
21403,1
21404,5
21405,5
21406,1
21407,4
21408,4
21409,3
21410,0
21411,4
21412,4
21413,2
21414,5
21415,5
21416,5
21417,1
21418,0
21419,1
21420,7
21421,5
21422,4
21423,7
21424,4
21425,5
21426,4
21427,5
21428,4
21429,1
21430,7
21431,0
21432,2
21433,4
21434,5
21435,7
21436,7
21437,7
21438,7
21439,4
21440,1
21441,0
21442,1
21443,0
21444,5
21445,7
21446,1
21447,4
21448,5
21449,4
21450,3
21451,7
21452,7
21453,7
21454,1
21455,3
21456,3
21457,5
21458,7
21459,2
21460,3
21461,0
21462,7
21463,2
21464,2
21465,7
21466,6
21467,1
21468,5
21469,4
21470,7
21471,5
21472,4
21473,4
21474,6
21475,7
21476,2
21477,7
21478,2
21479,5
21480,0
21481,1
21482,3
21483,3
21484,5
21485,1
21486,1
21487,2
21488,1
21489,7
21490,2
21491,0
21492,0
21493,4
21494,1
21495,6
21496,3
21497,5
21498,7
21499,6
21500,5
21501,2
21502,5
21503,4
21504,5
21505,7
21506,7
21507,6
21508,0
21509,1
21510,7
21511,5
21512,1
21513,5
21514,1
21515,1
21516,3
21517,1
21518,2
21519,5
21520,4
21521,3
21522,1
21523,5
21524,7
21525,7
21526,4
21527,7
21528,7
21529,7
21530,5
21531,5
21532,5
21533,5
21534,3
21535,5
21536,7
21537,4
21538,7
21539,5
21540,5
21541,4
21542,6
21543,0
21544,4
21545,1
21546,2
21547,6
21548,6
21549,7
21550,3
21551,2
21552,7
21553,4
21554,4
21555,5
21556,3
21557,5
21558,1
21559,1
21560,4
21561,7
21562,2
21563,5
21564,0
21565,0
21566,3
21567,4
21568,0
21569,0
21570,2
21571,0
21572,3
21573,3
21574,5
21575,4
21576,4
21577,0
21578,2
21579,2
21580,1
21581,0
21582,0
21583,4
21584,0
21585,5
21586,2
21587,5
21588,3
21589,7
21590,1
21591,5
21592,4
21593,0
21594,0
21595,4
21596,5
21597,0
21598,7
21599,7
21600,5
21601,7
21602,6
21603,2
21604,7
21605,7
21606,4
21607,1
21608,5
21609,5
21610,0
21611,2
21612,1
21613,1
21614,2
21615,0
21616,1
21617,3
21618,1
21619,5
21620,3
21621,4
21622,1
21623,1
21624,5
21625,7
21626,4
21627,3
21628,1
21629,0
21630,0
21631,5
21632,1
21633,3
21634,0
21635,5
21636,7
21637,5
21638,5
21639,6
21640,6
21641,5
21642,1
21643,7
21644,2
21645,5
21646,1
21647,7
21648,3
21649,6
21650,5
21651,2
21652,2
21653,2
21654,5
21655,2
21656,5
21657,7
21658,7
21659,0
21660,7
21661,7
21662,7
21663,4
21664,4
21665,4
21666,4
21667,6
21668,2
21669,6
21670,2
21671,7
21672,5
21673,1
21674,1
21675,7
21676,7
21677,5
21678,5
21679,7
21680,5
21681,1
21682,1
21683,4
21684,7
21685,1
21686,6
21687,7
21688,4
21689,4
21690,5
21691,4
21692,0
21693,7
21694,7
21695,2
21696,6
21697,4
21698,4
21699,0
21700,1
21701,5
21702,1
21703,0
21704,1
21705,2
21706,1
21707,1
21708,7
21709,1
21710,4
21711,7
21712,7
21713,4
21714,5
21715,0
21716,7
21717,2
21718,6
21719,6
21720,2
21721,1
21722,2
21723,5
21724,2
21725,3
21726,7
21727,0
21728,0
21729,5
21730,4
21731,4
21732,7
21733,5
21734,5
21735,0
21736,5
21737,3
21738,5
21739,3
21740,6
21741,1
21742,1
21743,5
21744,5
21745,3
21746,1
21747,5
21748,6
21749,3
21750,2
21751,5
21752,2
21753,7
21754,7
21755,6
21756,3
21757,6
21758,3
21759,3
21760,1
21761,1
21762,1
21763,1
21764,1
21765,5
21766,5
21767,3
21768,1
21769,1
21770,1
21771,1
21772,5
21773,7
21774,6
21775,3
21776,1
21777,1
21778,2
21779,5
21780,7
21781,7
21782,6
21783,6
21784,7
21785,6
21786,4
21787,1
21788,5
21789,3
21790,6
21791,3
21792,2
21793,0
21794,4
21795,5
21796,7
21797,2
21798,6
21799,5
21800,7
21801,2
21802,7
21803,3
21804,2
21805,5
21806,2
21807,7
21808,2
21809,2
21810,3
21811,2
21812,5
21813,5
21814,1
21815,4
21816,4
21817,3
21818,7
21819,4
21820,4
21821,1
21822,5
21823,7
21824,0
21825,0
21826,5
21827,5
21828,7
21829,5
21830,5
21831,5
21832,5
21833,5
21834,3
21835,6
21836,0
21837,5
21838,0
21839,6
21840,7
21841,4
21842,5
21843,2
21844,0
21845,2
21846,7
21847,4
21848,1
21849,5
21850,1
21851,5
21852,4
21853,4
21854,1
21855,7
21856,2
21857,1
21858,7
21859,7
21860,3
21861,7
21862,6
21863,5
21864,1
21865,4
21866,1
21867,2
21868,7
21869,0
21870,1
21871,1
21872,0
21873,0
21874,4
21875,5
21876,1
21877,3
21878,4
21879,2
21880,1
21881,5
21882,3
21883,2
21884,4
21885,0
21886,4
21887,4
21888,3
21889,0
21890,1
21891,1
21892,0
21893,2
21894,1
21895,5
21896,7
21897,1
21898,4
21899,4
21900,5
21901,2
21902,3
21903,4
21904,5
21905,5
21906,7
21907,7
21908,6
21909,5
21910,5
21911,7
21912,5
21913,6
21914,1
21915,2
21916,4
21917,6
21918,0
21919,1
21920,7
21921,4
21922,4
21923,1
21924,1
21925,0
21926,1
21927,1
21928,4
21929,5
21930,7
21931,0
21932,1
21933,0
21934,7
21935,5
21936,7
21937,5
21938,5
21939,5
21940,3
21941,4
21942,0
21943,2
21944,4
21945,5
21946,4
21947,3
21948,7
21949,6
21950,3
21951,2
21952,7
21953,7
21954,7
21955,1
21956,2
21957,5
21958,7
21959,5
21960,5
21961,3
21962,3
21963,3
21964,5
21965,0
21966,4
21967,0
21968,6
21969,2
21970,2
21971,0
21972,5
21973,0
21974,2
21975,5
21976,1
21977,5
21978,2
21979,7
21980,2
21981,1
21982,2
21983,7
21984,5
21985,5
21986,2
21987,2
21988,6
21989,4
21990,4
21991,5
21992,7
21993,6
21994,6
21995,6
21996,1
21997,1
21998,5
21999,5
22000,3
22001,7
22002,7
22003,2
22004,5
22005,5
22006,1
22007,2
22008,5
22009,5
22010,5
22011,3
22012,5
22013,6
22014,2
22015,1
22016,7
22017,2
22018,2
22019,5
22020,2
22021,5
22022,5
22023,2
22024,0
22025,4
22026,1
22027,2
22028,0
22029,2
22030,1
22031,5
22032,4
22033,5
22034,6
22035,1
22036,3
22037,2
22038,4
22039,5
22040,7
22041,0
22042,4
22043,7
22044,0
22045,7
22046,0
22047,3
22048,1
22049,7
22050,4
22051,5
22052,5
22053,3
22054,0
22055,5
22056,0
22057,4
22058,1
22059,6
22060,3
22061,0
22062,7
22063,5
22064,3
22065,0
22066,3
22067,4
22068,4
22069,4
22070,4
22071,6
22072,5
22073,4
22074,5
22075,4
22076,7
22077,4
22078,1
22079,1
22080,5
22081,5
22082,1
22083,3
22084,7
22085,2
22086,0
22087,5
22088,0
22089,5
22090,7
22091,5
22092,3
22093,2
22094,6
22095,5
22096,4
22097,3
22098,0
22099,7
22100,1
22101,2
22102,1
22103,4
22104,7
22105,1
22106,0
22107,1
22108,7
22109,3
22110,5
22111,7
22112,3
22113,5
22114,7
22115,7
22116,5
22117,7
22118,7
22119,2
22120,2
22121,6
22122,5
22123,2
22124,4
22125,7
22126,2
22127,1
22128,1
22129,1
22130,5
22131,2
22132,7
22133,5
22134,2
22135,2
22136,1
22137,5
22138,4
22139,0
22140,5
22141,0
22142,2
22143,2
22144,6
22145,6
22146,2
22147,5
22148,7
22149,5
22150,6
22151,1
22152,1
22153,5
22154,5
22155,4
22156,2
22157,4
22158,3
22159,5
22160,1
22161,1
22162,3
22163,7
22164,0
22165,5
22166,1
22167,7
22168,1
22169,2
22170,5
22171,1
22172,4
22173,7
22174,2
22175,5
22176,7
22177,7
22178,2
22179,1
22180,5
22181,5
22182,5
22183,2
22184,1
22185,5
22186,2
22187,3
22188,4
22189,5
22190,3
22191,7
22192,7
22193,6
22194,3
22195,7
22196,3
22197,5
22198,5
22199,1
22200,7
22201,5
22202,0
22203,3
22204,0
22205,0
22206,4
22207,5
22208,4
22209,7
22210,3
22211,6
22212,4
22213,1
22214,4
22215,0
22216,2
22217,4
22218,1
22219,2
22220,0
22221,4
22222,0
22223,0
22224,3
22225,5
22226,2
22227,2
22228,7
22229,1
22230,7
22231,6
22232,5
22233,1
22234,3
22235,1
22236,6
22237,0
22238,1
22239,7
22240,7
22241,5
22242,0
22243,3
22244,6
22245,7
22246,5
22247,4
22248,0
22249,5
22250,2
22251,0
22252,7
22253,1
22254,5
22255,6
22256,7
22257,7
22258,6
22259,6
22260,4
22261,7
22262,6
22263,0
22264,5
22265,6
22266,7
22267,2
22268,1
22269,4
22270,2
22271,1
22272,7
22273,7
22274,4
22275,2
22276,4
22277,4
22278,7
22279,3
22280,4
22281,5
22282,1
22283,4
22284,5
22285,7
22286,1
22287,1
22288,7
22289,5
22290,5
22291,7
22292,4
22293,5
22294,4
22295,5
22296,5
22297,2
22298,5
22299,4
22300,7
22301,4
22302,2
22303,4
22304,6
22305,7
22306,7
22307,7
22308,5
22309,7
22310,0
22311,5
22312,7
22313,1
22314,5
22315,0
22316,1
22317,0
22318,7
22319,1
22320,1
22321,0
22322,1
22323,6
22324,5
22325,4
22326,4
22327,6
22328,0
22329,1
22330,6
22331,2
22332,3
22333,4
22334,2
22335,2
22336,2
22337,2
22338,1
22339,3
22340,0
22341,5
22342,7
22343,3
22344,4
22345,7
22346,6
22347,6
22348,2
22349,5
22350,5
22351,5
22352,0
22353,2
22354,7
22355,6
22356,4
22357,7
22358,5
22359,4
22360,0
22361,5
22362,5
22363,4
22364,4
22365,0
22366,1
22367,4
22368,4
22369,0
22370,5
22371,5
22372,5
22373,0
22374,1
22375,5
22376,6
22377,1
22378,4
22379,1
22380,0
22381,2
22382,7
22383,0
22384,5
22385,3
22386,7
22387,2
22388,5
22389,1
22390,0
22391,0
22392,1
22393,2
22394,5
22395,2
22396,5
22397,1
22398,4
22399,6
22400,5
22401,5
22402,0
22403,1
22404,5
22405,3
22406,7
22407,3
22408,4
22409,2
22410,5
22411,7
22412,0
22413,0
22414,7
22415,1
22416,5
22417,5
22418,2
22419,4
22420,1
22421,7
22422,5
22423,4
22424,7
22425,2
22426,1
22427,1
22428,4
22429,4
22430,2
22431,0
22432,0
22433,1
22434,7
22435,5
22436,0
22437,3
22438,7
22439,1
22440,1
22441,7
22442,1
22443,1
22444,6
22445,3
22446,5
22447,7
22448,2
22449,0
22450,3
22451,7
22452,2
22453,7
22454,2
22455,6
22456,7
22457,3
22458,0
22459,6
22460,4
22461,7
22462,6
22463,1
22464,1
22465,0
22466,4
22467,1
22468,7
22469,1
22470,3
22471,5
22472,4
22473,4
22474,7
22475,5
22476,0
22477,7
22478,3
22479,6
22480,2
22481,2
22482,0
22483,2
22484,0
22485,7
22486,2
22487,1
22488,0
22489,1
22490,1
22491,5
22492,2
22493,4
22494,5
22495,7
22496,5
22497,5
22498,1
22499,2
22500,5
22501,4
22502,1
22503,1
22504,3
22505,4
22506,2
22507,7
22508,6
22509,4
22510,6
22511,1
22512,3
22513,3
22514,3
22515,2
22516,7
22517,2
22518,3
22519,5
22520,7
22521,5
22522,1
22523,1
22524,7
22525,7
22526,2
22527,3
22528,1
22529,7
22530,0
22531,4
22532,2
22533,6
22534,4
22535,4
22536,3
22537,2
22538,6
22539,5
22540,5
22541,0
22542,6
22543,4
22544,2
22545,0
22546,7
22547,1
22548,5
22549,5
22550,4
22551,6
22552,5
22553,5
22554,7
22555,7
22556,1
22557,1
22558,5
22559,5
22560,7
22561,0
22562,4
22563,6
22564,0
22565,7
22566,7
22567,5
22568,4
22569,7
22570,5
22571,4
22572,0
22573,1
22574,7
22575,1
22576,5
22577,0
22578,6
22579,4
22580,2
22581,1
22582,3
22583,4
22584,1
22585,4
22586,1
22587,4
22588,4
22589,4
22590,5
22591,4
22592,5
22593,1
22594,4
22595,4
22596,2
22597,4
22598,4
22599,1
22600,7
22601,7
22602,3
22603,0
22604,5
22605,5
22606,0
22607,1
22608,7
22609,5
22610,2
22611,5
22612,2
22613,5
22614,7
22615,1
22616,3
22617,1
22618,0
22619,3
22620,6
22621,6
22622,1
22623,5
22624,4
22625,0
22626,7
22627,1
22628,2
22629,2
22630,7
22631,7
22632,1
22633,4
22634,2
22635,4
22636,1
22637,2
22638,2
22639,4
22640,1
22641,4
22642,1
22643,1
22644,0
22645,3
22646,7
22647,5
22648,2
22649,4
22650,4
22651,5
22652,5
22653,4
22654,4
22655,5
22656,5
22657,1
22658,0
22659,5
22660,0
22661,4
22662,3
22663,2
22664,4
22665,4
22666,1
22667,5
22668,4
22669,3
22670,2
22671,7
22672,4
22673,1
22674,4
22675,4
22676,1
22677,5
22678,3
22679,4
22680,0
22681,5
22682,4
22683,6
22684,1
22685,6
22686,1
22687,5
22688,4
22689,5
22690,1
22691,3
22692,5
22693,1
22694,4
22695,5
22696,2
22697,3
22698,4
22699,5
22700,5
22701,7
22702,0
22703,7
22704,7
22705,1
22706,1
22707,5
22708,3
22709,5
22710,7
22711,1
22712,3
22713,0
22714,7
22715,4
22716,3
22717,5
22718,7
22719,5
22720,1
22721,1
22722,2
22723,0
22724,5
22725,0
22726,3
22727,5
22728,0
22729,5
22730,2
22731,5
22732,0
22733,7
22734,4
22735,4
22736,0
22737,4
22738,2
22739,5
22740,0
22741,5
22742,4
22743,2
22744,2
22745,3
22746,5
22747,5
22748,7
22749,0
22750,1
22751,4
22752,5
22753,1
22754,7
22755,7
22756,4
22757,7
22758,2
22759,0
22760,7
22761,7
22762,4
22763,0
22764,2
22765,2
22766,7
22767,5
22768,4
22769,5
22770,4
22771,1
22772,1
22773,6
22774,5
22775,5
22776,5
22777,4
22778,5
22779,7
22780,5
22781,0
22782,1
22783,7
22784,2
22785,7
22786,2
22787,1
22788,4
22789,1
22790,4
22791,0
22792,2
22793,0
22794,5
22795,0
22796,5
22797,2
22798,1
22799,5
22800,1
22801,4
22802,7
22803,1
22804,3
22805,0
22806,7
22807,0
22808,6
22809,2
22810,3
22811,1
22812,1
22813,0
22814,0
22815,4
22816,1
22817,1
22818,4
22819,4
22820,3
22821,5
22822,1
22823,4
22824,7
22825,1
22826,5
22827,4
22828,2
22829,7
22830,6
22831,0
22832,5
22833,1
22834,0
22835,2
22836,5
22837,5
22838,4
22839,4
22840,7
22841,5
22842,4
22843,2
22844,5
22845,2
22846,1
22847,5
22848,5
22849,7
22850,6
22851,4
22852,5
22853,2
22854,0
22855,2
22856,5
22857,3
22858,6
22859,5
22860,5
22861,4
22862,0
22863,2
22864,6
22865,5
22866,5
22867,4
22868,2
22869,5
22870,1
22871,3
22872,0
22873,2
22874,6
22875,4
22876,0
22877,5
22878,2
22879,4
22880,0
22881,7
22882,2
22883,2
22884,7
22885,7
22886,1
22887,4
22888,0
22889,0
22890,4
22891,4
22892,5
22893,1
22894,2
22895,5
22896,7
22897,5
22898,1
22899,0
22900,1
22901,1
22902,1
22903,7
22904,7
22905,1
22906,7
22907,1
22908,1
22909,3
22910,2
22911,6
22912,4
22913,1
22914,7
22915,7
22916,4
22917,1
22918,4
22919,1
22920,1
22921,4
22922,2
22923,5
22924,1
22925,4
22926,7
22927,5
22928,7
22929,5
22930,2
22931,4
22932,0
22933,1
22934,0
22935,5
22936,1
22937,0
22938,1
22939,7
22940,5
22941,4
22942,5
22943,5
22944,5
22945,5
22946,7
22947,5
22948,1
22949,6
22950,1
22951,4
22952,2
22953,1
22954,4
22955,5
22956,1
22957,1
22958,0
22959,2
22960,5
22961,2
22962,2
22963,0
22964,2
22965,0
22966,5
22967,1
22968,4
22969,5
22970,0
22971,2
22972,3
22973,6
22974,4
22975,5
22976,1
22977,7
22978,2
22979,2
22980,4
22981,4
22982,7
22983,5
22984,1
22985,4
22986,1
22987,5
22988,5
22989,4
22990,7
22991,5
22992,3
22993,5
22994,1
22995,6
22996,2
22997,1
22998,7
22999,7
23000,5
23001,1
23002,1
23003,1
23004,1
23005,7
23006,5
23007,2
23008,5
23009,7
23010,0
23011,5
23012,2
23013,6
23014,5
23015,6
23016,5
23017,2
23018,7
23019,4
23020,2
23021,1
23022,1
23023,5
23024,1
23025,4
23026,7
23027,4
23028,2
23029,1
23030,6
23031,3
23032,5
23033,4
23034,4
23035,4
23036,4
23037,1
23038,5
23039,6
23040,3
23041,4
23042,1
23043,1
23044,5
23045,2
23046,1
23047,3
23048,2
23049,1
23050,5
23051,6
23052,0
23053,5
23054,4
23055,5
23056,5
23057,5
23058,3
23059,7
23060,6
23061,2
23062,5
23063,3
23064,3
23065,1
23066,1
23067,4
23068,1
23069,5
23070,7
23071,6
23072,2
23073,1
23074,3
23075,4
23076,7
23077,2
23078,3
23079,7
23080,3
23081,1
23082,1
23083,1
23084,4
23085,2
23086,6
23087,0
23088,7
23089,7
23090,1
23091,7
23092,3
23093,1
23094,1
23095,7
23096,1
23097,5
23098,4
23099,0
23100,4
23101,7
23102,4
23103,2
23104,2
23105,4
23106,1
23107,3
23108,4
23109,1
23110,0
23111,0
23112,0
23113,4
23114,2
23115,7
23116,7
23117,5
23118,7
23119,7
23120,2
23121,2
23122,6
23123,2
23124,4
23125,0
23126,4
23127,2
23128,4
23129,4
23130,6
23131,1
23132,3
23133,7
23134,5
23135,7
23136,0
23137,0
23138,4
23139,7
23140,3
23141,2
23142,5
23143,7
23144,0
23145,2
23146,7
23147,7
23148,5
23149,5
23150,5
23151,5
23152,0
23153,5
23154,2
23155,0
23156,3
23157,4
23158,7
23159,1
23160,4
23161,4
23162,5
23163,5
23164,6
23165,7
23166,2
23167,7
23168,6
23169,4
23170,1
23171,2
23172,4
23173,7
23174,2
23175,7
23176,4
23177,0
23178,6
23179,1
23180,1
23181,7
23182,0
23183,5
23184,0
23185,5
23186,3
23187,4
23188,7
23189,1
23190,7
23191,7
23192,5
23193,3
23194,3
23195,7
23196,1
23197,3
23198,3
23199,5
23200,0
23201,5
23202,5
23203,5
23204,2
23205,7
23206,4
23207,5
23208,0
23209,2
23210,6
23211,0
23212,1
23213,7
23214,4
23215,7
23216,0
23217,5
23218,4
23219,3
23220,5
23221,6
23222,2
23223,7
23224,1
23225,2
23226,5
23227,7
23228,4
23229,6
23230,7
23231,0
23232,7
23233,1
23234,0
23235,6
23236,4
23237,5
23238,7
23239,0
23240,7
23241,3
23242,0
23243,1
23244,1
23245,2
23246,1
23247,5
23248,5
23249,5
23250,0
23251,3
23252,5
23253,4
23254,0
23255,4
23256,1
23257,3
23258,6
23259,7
23260,0
23261,1
23262,0
23263,2
23264,6
23265,5
23266,1
23267,4
23268,7
23269,0
23270,6
23271,0
23272,4
23273,5
23274,7
23275,1
23276,2
23277,7
23278,4
23279,3
23280,4
23281,3
23282,2
23283,1
23284,5
23285,5
23286,7
23287,1
23288,3
23289,4
23290,1
23291,1
23292,1
23293,1
23294,5
23295,3
23296,1
23297,4
23298,1
23299,0
23300,6
23301,4
23302,1
23303,2
23304,4
23305,5
23306,0
23307,5
23308,7
23309,4
23310,5
23311,0
23312,0
23313,1
23314,7
23315,5
23316,4
23317,6
23318,7
23319,1
23320,2
23321,1
23322,1
23323,7
23324,1
23325,7
23326,7
23327,7
23328,7
23329,1
23330,4
23331,3
23332,3
23333,2
23334,1
23335,7
23336,4
23337,5
23338,5
23339,4
23340,7
23341,5
23342,1
23343,4
23344,6
23345,7
23346,6
23347,7
23348,4
23349,5
23350,1
23351,3
23352,0
23353,2
23354,7
23355,1
23356,4
23357,0
23358,5
23359,1
23360,4
23361,5
23362,4
23363,5
23364,7
23365,0
23366,1
23367,0
23368,2
23369,0
23370,7
23371,0
23372,1
23373,0
23374,4
23375,1
23376,5
23377,6
23378,2
23379,6
23380,5
23381,4
23382,1
23383,1
23384,6
23385,5
23386,6
23387,6
23388,5
23389,3
23390,2
23391,4
23392,4
23393,3
23394,7
23395,1
23396,7
23397,7
23398,1
23399,1
23400,3
23401,7
23402,2
23403,5
23404,0
23405,4
23406,1
23407,1
23408,5
23409,3
23410,3
23411,6
23412,0
23413,4
23414,5
23415,7
23416,5
23417,5
23418,4
23419,3
23420,3
23421,3
23422,1
23423,4
23424,0
23425,7
23426,4
23427,7
23428,7
23429,1
23430,5
23431,2
23432,4
23433,7
23434,6
23435,5
23436,2
23437,7
23438,4
23439,0
23440,4
23441,2
23442,5
23443,1
23444,1
23445,2
23446,4
23447,6
23448,5
23449,5
23450,0
23451,7
23452,5
23453,4
23454,4
23455,0
23456,4
23457,7
23458,5
23459,5
23460,1
23461,1
23462,2
23463,5
23464,5
23465,7
23466,2
23467,1
23468,3
23469,7
23470,4
23471,3
23472,0
23473,4
23474,4
23475,6
23476,5
23477,4
23478,1
23479,6
23480,5
23481,1
23482,5
23483,7
23484,3
23485,3
23486,5
23487,2
23488,2
23489,1
23490,4
23491,1
23492,5
23493,4
23494,6
23495,4
23496,2
23497,5
23498,0
23499,4
23500,7
23501,5
23502,7
23503,7
23504,4
23505,1
23506,4
23507,4
23508,4
23509,3
23510,4
23511,1
23512,2
23513,5
23514,4
23515,1
23516,2
23517,7
23518,3
23519,5
23520,4
23521,1
23522,0
23523,0
23524,4
23525,0
23526,1
23527,1
23528,6
23529,2
23530,5
23531,1
23532,4
23533,4
23534,5
23535,1
23536,2
23537,4
23538,0
23539,2
23540,1
23541,7
23542,2
23543,7
23544,5
23545,2
23546,0
23547,2
23548,2
23549,4
23550,1
23551,5
23552,4
23553,6
23554,6
23555,7
23556,6
23557,6
23558,0
23559,7
23560,6
23561,7
23562,0
23563,1
23564,0
23565,4
23566,2
23567,7
23568,4
23569,1
23570,2
23571,5
23572,0
23573,7
23574,4
23575,4
23576,1
23577,3
23578,6
23579,1
23580,5
23581,1
23582,5
23583,2
23584,4
23585,1
23586,0
23587,6
23588,3
23589,7
23590,0
23591,7
23592,1
23593,1
23594,6
23595,7
23596,1
23597,5
23598,6
23599,4
23600,4
23601,0
23602,7
23603,7
23604,3
23605,5
23606,0
23607,2
23608,0
23609,2
23610,4
23611,5
23612,2
23613,5
23614,3
23615,3
23616,5
23617,0
23618,3
23619,2
23620,4
23621,0
23622,5
23623,2
23624,3
23625,2
23626,1
23627,7
23628,1
23629,7
23630,7
23631,2
23632,5
23633,6
23634,1
23635,5
23636,6
23637,0
23638,5
23639,3
23640,2
23641,5
23642,2
23643,3
23644,5
23645,1
23646,5
23647,3
23648,0
23649,5
23650,1
23651,4
23652,5
23653,5
23654,1
23655,5
23656,7
23657,0
23658,3
23659,4
23660,2
23661,1
23662,4
23663,2
23664,1
23665,0
23666,5
23667,4
23668,3
23669,7
23670,3
23671,4
23672,7
23673,3
23674,7
23675,1
23676,0
23677,2
23678,0
23679,0
23680,1
23681,0
23682,2
23683,5
23684,7
23685,6
23686,5
23687,2
23688,4
23689,5
23690,3
23691,2
23692,5
23693,2
23694,7
23695,2
23696,4
23697,7
23698,1
23699,5
23700,4
23701,7
23702,5
23703,1
23704,6
23705,2
23706,4
23707,5
23708,0
23709,1
23710,4
23711,2
23712,3
23713,1
23714,5
23715,5
23716,1
23717,1
23718,4
23719,1
23720,1
23721,7
23722,4
23723,3
23724,5
23725,2
23726,1
23727,5
23728,0
23729,5
23730,0
23731,0
23732,7
23733,5
23734,7
23735,1
23736,4
23737,6
23738,1
23739,4
23740,7
23741,1
23742,4
23743,2
23744,6
23745,1
23746,7
23747,2
23748,0
23749,3
23750,4
23751,2
23752,7
23753,3
23754,4
23755,3
23756,0
23757,7
23758,6
23759,7
23760,2
23761,7
23762,4
23763,2
23764,5
23765,5
23766,1
23767,5
23768,5
23769,2
23770,5
23771,6
23772,2
23773,1
23774,3
23775,3
23776,4
23777,3
23778,4
23779,3
23780,3
23781,4
23782,0
23783,4
23784,5
23785,1
23786,7
23787,0
23788,2
23789,5
23790,3
23791,2
23792,0
23793,7
23794,1
23795,1
23796,3
23797,1
23798,1
23799,4
23800,0
23801,2
23802,0
23803,3
23804,4
23805,3
23806,4
23807,2
23808,5
23809,0
23810,0
23811,4
23812,7
23813,4
23814,5
23815,2
23816,7
23817,6
23818,5
23819,5
23820,2
23821,5
23822,7
23823,0
23824,5
23825,0
23826,1
23827,7
23828,1
23829,1
23830,3
23831,0
23832,2
23833,5
23834,1
23835,5
23836,7
23837,4
23838,5
23839,5
23840,1
23841,5
23842,2
23843,1
23844,3
23845,2
23846,1
23847,1
23848,7
23849,3
23850,5
23851,4
23852,6
23853,0
23854,7
23855,6
23856,1
23857,4
23858,5
23859,1
23860,5
23861,0
23862,0
23863,1
23864,0
23865,3
23866,5
23867,0
23868,5
23869,4
23870,1
23871,0
23872,1
23873,5
23874,1
23875,1
23876,4
23877,0
23878,7
23879,3
23880,1
23881,1
23882,5
23883,1
23884,4
23885,2
23886,6
23887,4
23888,4
23889,6
23890,1
23891,5
23892,0
23893,5
23894,2
23895,2
23896,7
23897,4
23898,0
23899,3
23900,2
23901,0
23902,1
23903,0
23904,1
23905,3
23906,4
23907,5
23908,0
23909,5
23910,2
23911,4
23912,7
23913,4
23914,6
23915,0
23916,5
23917,5
23918,1
23919,7
23920,0
23921,0
23922,2
23923,0
23924,3
23925,0
23926,4
23927,0
23928,5
23929,4
23930,1
23931,2
23932,2
23933,6
23934,0
23935,5
23936,6
23937,1
23938,1
23939,6
23940,1
23941,4
23942,1
23943,7
23944,7
23945,4
23946,1
23947,1
23948,2
23949,1
23950,2
23951,4
23952,7
23953,1
23954,5
23955,7
23956,2
23957,6
23958,5
23959,7
23960,0
23961,5
23962,1
23963,1
23964,2
23965,4
23966,5
23967,4
23968,3
23969,7
23970,4
23971,4
23972,7
23973,5
23974,4
23975,5
23976,7
23977,4
23978,1
23979,4
23980,5
23981,7
23982,1
23983,5
23984,3
23985,5
23986,4
23987,7
23988,2
23989,4
23990,0
23991,2
23992,0
23993,1
23994,5
23995,2
23996,1
23997,0
23998,4
23999,1
24000,1
24001,0
24002,3
24003,7
24004,2
24005,5
24006,4
24007,4
24008,5
24009,1
24010,2
24011,1
24012,1
24013,0
24014,1
24015,5
24016,3
24017,3
24018,1
24019,1
24020,5
24021,4
24022,3
24023,3
24024,7
24025,4
24026,5
