session_id,cluster_id,distance_to_centroid,rank_within_cluster
17915,0,0.9420097538625019,1
20793,0,0.9654835185057665,2
11587,0,1.2138142718073226,3
20605,0,1.3083647875168418,4
12107,0,1.3371621344285707,5
1045,0,1.352637551751431,6
6348,0,1.3803539056904521,7
6349,0,1.4774283859296422,8
5708,0,1.479789467015752,9
5653,0,1.4820061264833977,10
4164,0,1.4838596471650154,11
17876,0,1.4852701646228519,12
22963,0,1.5497267103911938,13
13274,0,1.5624376335393717,14
12536,0,1.593216057288029,15
15685,0,1.5970100321583083,16
19742,0,1.6036987578563016,17
17842,0,1.6081248734415468,18
21370,0,1.6148767147983758,19
7217,0,1.6343230902458779,20
5654,0,1.6682674870497385,21
12514,0,1.6727563620188004,22
7774,0,1.6763993641997683,23
10351,0,1.682663501005316,24
3206,0,1.687055329284589,25
20617,0,1.6963226086981982,26
23898,0,1.6992430458855985,27
12070,0,1.7030711732048802,28
1168,0,1.7112983282143979,29
22086,0,1.7179550827738477,30
131,0,1.7193146800012225,31
4062,0,1.7204708570750227,32
245,0,1.7213769001744288,33
2740,0,1.7250926266665507,34
17552,0,1.7258220734081482,35
22164,0,1.7262747114253916,36
12197,0,1.7376682073625982,37
2773,0,1.738964986648493,38
17457,0,1.7433361631064188,39
13160,0,1.758156418065086,40
11855,0,1.7585743998451067,41
21376,0,1.7630298650317855,42
6714,0,1.7724723978757253,43
7121,0,1.7727570125348733,44
1289,0,1.7829099774093495,45
10157,0,1.783112710363365,46
18515,0,1.7855242622717629,47
2963,0,1.7926793562161398,48
20920,0,1.7941010852491743,49
13861,0,1.7953123041602215,50
12568,0,1.7965827390182805,51
17249,0,1.8022522413558393,52
9707,0,1.8078767590013793,53
8253,0,1.8082552492300255,54
16706,0,1.8140519040178276,55
23010,0,1.815127647041512,56
7415,0,1.8184224537138445,57
11189,0,1.8234165424362387,58
22728,0,1.8243199981422142,59
9998,0,1.8249975284895223,60
3306,0,1.8333885053507952,61
6695,0,1.8351388470824537,62
13014,0,1.8410039478056772,63
21461,0,1.844515245777982,64
13959,0,1.8461866282046464,65
221,0,1.8494248830345064,66
23923,0,1.853711354091656,67
20569,0,1.854604188689343,68
15200,0,1.856145756043377,69
20223,0,1.8598281514495647,70
5825,0,1.8600587215360258,71
21441,0,1.8643731834902546,72
12384,0,1.8664719599740658,73
12363,0,1.8665077906385643,74
17384,0,1.8682437002799834,75
13817,0,1.8722404583660666,76
22413,0,1.8737703353182866,77
6605,0,1.8748381491288357,78
17644,0,1.8778469457740368,79
9665,0,1.8802906275174083,80
14074,0,1.8812615305681701,81
6307,0,1.8872247465087069,82
720,0,1.889441489365432,83
18636,0,1.9024942666048406,84
5514,0,1.903639649254777,85
17340,0,1.906521221383542,86
4351,0,1.9071643248630727,87
985,0,1.9089461087024757,88
5884,0,1.9118729049341583,89
18430,0,1.9135735922424653,90
23617,0,1.9137409128555654,91
15013,0,1.9158707001232955,92
8546,0,1.9168889260589739,93
16212,0,1.917459866046785,94
6423,0,1.920047620154785,95
11957,0,1.9217379791756555,96
507,0,1.9281566058299127,97
10639,0,1.929129953011691,98
14251,0,1.929129953011691,99
10812,0,1.9294303728710454,100
8148,0,1.929629658383151,101
837,0,1.9298829157287554,102
19364,0,1.9324407952764364,103
7845,0,1.938348425359357,104
21043,0,1.9396271072202824,105
8107,0,1.94238201767816,106
12352,0,1.9431621654796138,107
840,0,1.9474243375269615,108
14970,0,1.9515259662457307,109
22106,0,1.96361864709669,110
7568,0,1.9653159069686894,111
9052,0,1.9678592788997842,112
13508,0,1.9684729877980958,113
3289,0,1.96955560349038,114
16937,0,1.9702219357007946,115
9826,0,1.982872161946272,116
13283,0,1.9872481686503851,117
3762,0,1.9902675777214625,118
21925,0,1.9963179266175817,119
21410,0,1.9967804236056423,120
4149,0,1.9991178845762905,121
17222,0,2.0056729142563454,122
19595,0,2.0056729142563454,123
15525,0,2.0067664185639145,124
23136,0,2.0098362237968432,125
10148,0,2.017892976850276,126
11832,0,2.018517454247857,127
11633,0,2.0202130564717624,128
12402,0,2.020709013713706,129
10880,0,2.023154622334074,130
22215,0,2.0253390268364675,131
13773,0,2.0254488381998996,132
13114,0,2.0267982324753846,133
20268,0,2.031013027172538,134
14387,0,2.034853564118531,135
7085,0,2.039363047942055,136
11141,0,2.03985863939863,137
7815,0,2.040319545469219,138
15070,0,2.0429268828751206,139
5195,0,2.0447877647331922,140
23621,0,2.0447877647331922,141
16774,0,2.0478286484269566,142
14257,0,2.0508514163545195,143
9794,0,2.0513753394044842,144
13871,0,2.0533649574882933,145
8866,0,2.0586342537039624,146
3081,0,2.0628438783460554,147
4819,0,2.0628438783460554,148
3478,0,2.063467025451319,149
6999,0,2.0641422313583013,150
23099,0,2.064607702755748,151
3693,0,2.0647920585910184,152
7150,0,2.0647920585910184,153
8993,0,2.0647920585910184,154
4534,0,2.06588695692705,155
9817,0,2.0668466249859523,156
7630,0,2.0669531965353554,157
5303,0,2.0684147058820255,158
11066,0,2.068452913952253,159
12835,0,2.0703247680064423,160
3127,0,2.0709045515743916,161
14719,0,2.073173749801871,162
9921,0,2.0746751874266796,163
14780,0,2.0746751874266796,164
468,0,2.0782483970362033,165
1593,0,2.0782483970362033,166
2319,0,2.0782483970362033,167
3132,0,2.0782483970362033,168
3160,0,2.0782483970362033,169
3681,0,2.0782483970362033,170
4779,0,2.0782483970362033,171
4908,0,2.0782483970362033,172
6478,0,2.0782483970362033,173
8884,0,2.0782483970362033,174
9164,0,2.0782483970362033,175
9269,0,2.0782483970362033,176
10535,0,2.0782483970362033,177
11018,0,2.0782483970362033,178
12059,0,2.0782483970362033,179
12418,0,2.0782483970362033,180
12905,0,2.0782483970362033,181
13028,0,2.0782483970362033,182
13453,0,2.0782483970362033,183
13485,0,2.0782483970362033,184
14256,0,2.0782483970362033,185
14509,0,2.0782483970362033,186
15401,0,2.0782483970362033,187
16521,0,2.0782483970362033,188
17697,0,2.0782483970362033,189
19577,0,2.0782483970362033,190
19677,0,2.0782483970362033,191
22736,0,2.0782483970362033,192
23997,0,2.0782483970362033,193
8094,0,2.0796917267010318,194
12989,0,2.0800348213724247,195
17376,0,2.081244338538813,196
9897,0,2.0814697239324587,197
19486,0,2.0819498958153866,198
17471,0,2.082720943631305,199
16009,0,2.096478393963466,200
6909,0,2.0965016325089914,201
2117,0,2.0995155775398526,202
23590,0,2.099528461043831,203
13290,0,2.10094261303127,204
20655,0,2.10094261303127,205
5004,0,2.1009461769704463,206
11368,0,2.103996801479806,207
4394,0,2.1059081642101707,208
7095,0,2.1059081642101707,209
3109,0,2.1060176849468575,210
492,0,2.106146432923986,211
3157,0,2.1072218882828864,212
21973,0,2.1098878627775384,213
1779,0,2.1136427154044073,214
17624,0,2.1155717578455997,215
15529,0,2.117661696965612,216
21135,0,2.117705443579902,217
23861,0,2.1207915635278467,218
10446,0,2.1247301175096993,219
1708,0,2.1281722711474007,220
1204,0,2.1289780189839185,221
19218,0,2.1292568615392335,222
14118,0,2.1295473737117807,223
15749,0,2.1328408450007377,224
17835,0,2.1330624362716097,225
9737,0,2.133258666122394,226
6787,0,2.13362143014819,227
4772,0,2.1344138774958203,228
3999,0,2.1350639634018003,229
2683,0,2.1354752519869726,230
10760,0,2.137958173055005,231
23311,0,2.137958173055005,232
469,0,2.1384416999756555,233
2906,0,2.139448272802095,234
3988,0,2.1398828172833397,235
6266,0,2.1409049683298442,236
17488,0,2.1409049683298442,237
5466,0,2.1420224911395307,238
5719,0,2.1453651990555613,239
7269,0,2.148103862134677,240
23546,0,2.149091684730383,241
12542,0,2.1495442096807698,242
1537,0,2.1509568345961076,243
1862,0,2.1509568345961076,244
2597,0,2.1509568345961076,245
2808,0,2.1509568345961076,246
4177,0,2.1509568345961076,247
5859,0,2.1509568345961076,248
6046,0,2.1509568345961076,249
8912,0,2.1509568345961076,250
13176,0,2.1509568345961076,251
13605,0,2.1509568345961076,252
14201,0,2.1509568345961076,253
14885,0,2.1509568345961076,254
15275,0,2.1509568345961076,255
15276,0,2.1509568345961076,256
15635,0,2.1509568345961076,257
15790,0,2.1509568345961076,258
15944,0,2.1509568345961076,259
18412,0,2.1509568345961076,260
18620,0,2.1509568345961076,261
19422,0,2.1509568345961076,262
23260,0,2.1509568345961076,263
13168,0,2.1511672754489277,264
14026,0,2.1511672754489277,265
16169,0,2.151597559230181,266
13093,0,2.153095932089095,267
13195,0,2.1546735552225145,268
10202,0,2.1559453986098758,269
2132,0,2.156878561526061,270
12864,0,2.157259785450173,271
8120,0,2.1597069260148785,272
6085,0,2.160908621992042,273
14993,0,2.1633558264318524,274
18662,0,2.1633558264318524,275
9109,0,2.1641080047412284,276
15811,0,2.164801688740563,277
4006,0,2.166922690258552,278
21933,0,2.1673564179534206,279
11314,0,2.1688726935519873,280
23472,0,2.169175740626756,281
3646,0,2.172058917864931,282
23572,0,2.172271558240353,283
15011,0,2.174571722402444,284
22449,0,2.1747836712883064,285
7624,0,2.17572905056766,286
4260,0,2.175838131363053,287
18684,0,2.1759802445027896,288
20254,0,2.1759802445027896,289
23657,0,2.1759802445027896,290
15612,0,2.1762914649326137,291
11239,0,2.176548335772039,292
538,0,2.179153661195957,293
8418,0,2.179899003077393,294
9373,0,2.1803350911457153,295
4711,0,2.1810553376724537,296
18848,0,2.1824428295726648,297
520,0,2.183220669728883,298
19194,0,2.1837024303956296,299
20590,0,2.1837024303956296,300
15512,0,2.188151591678883,301
569,0,2.188753110569905,302
753,0,2.188753110569905,303
1426,0,2.188753110569905,304
5360,0,2.188753110569905,305
6004,0,2.188753110569905,306
7406,0,2.188753110569905,307
14596,0,2.188753110569905,308
14661,0,2.188753110569905,309
16068,0,2.188753110569905,310
18178,0,2.188753110569905,311
21892,0,2.188753110569905,312
21918,0,2.188753110569905,313
23312,0,2.188753110569905,314
23522,0,2.188753110569905,315
2470,0,2.1898051540839427,316
3712,0,2.1898677525778045,317
23371,0,2.1915709293509082,318
12377,0,2.1925353617368835,319
3524,0,2.193373462991728,320
2080,0,2.1935386066719302,321
11884,0,2.195446731813323,322
17534,0,2.1955705039576774,323
72,0,2.1964303902192737,324
666,0,2.1964303902192737,325
1184,0,2.1964303902192737,326
2127,0,2.1964303902192737,327
3683,0,2.1964303902192737,328
4567,0,2.1964303902192737,329
4587,0,2.1964303902192737,330
6110,0,2.1964303902192737,331
6771,0,2.1964303902192737,332
7364,0,2.1964303902192737,333
7598,0,2.1964303902192737,334
8216,0,2.1964303902192737,335
8833,0,2.1964303902192737,336
9601,0,2.1964303902192737,337
10450,0,2.1964303902192737,338
11677,0,2.1964303902192737,339
12314,0,2.1964303902192737,340
14714,0,2.1964303902192737,341
15554,0,2.1964303902192737,342
16309,0,2.1964303902192737,343
17426,0,2.1964303902192737,344
19692,0,2.1964303902192737,345
19944,0,2.1964303902192737,346
20388,0,2.1964303902192737,347
20801,0,2.1964303902192737,348
20910,0,2.1964303902192737,349
21181,0,2.1964303902192737,350
21338,0,2.1964303902192737,351
21581,0,2.1964303902192737,352
22065,0,2.1964303902192737,353
22222,0,2.1964303902192737,354
22315,0,2.1964303902192737,355
22791,0,2.1964303902192737,356
22872,0,2.1964303902192737,357
23369,0,2.1964303902192737,358
23523,0,2.1964303902192737,359
4033,0,2.1978215618923205,360
9191,0,2.1978540058008265,361
18369,0,2.1985727689499384,362
13104,0,2.201062820599213,363
5051,0,2.2011758643343793,364
10876,0,2.2012119169900743,365
12854,0,2.201866073487308,366
8982,0,2.2022037156324736,367
15054,0,2.2033329702339297,368
15712,0,2.2044660871161805,369
18002,0,2.207198815061643,370
9382,0,2.207333293577548,371
9369,0,2.208384729417873,372
5591,0,2.2086045557426512,373
671,0,2.209954191445673,374
21375,0,2.2105125456287302,375
6345,0,2.2110007514070564,376
11852,0,2.211924077421763,377
14857,0,2.212437107170354,378
12018,0,2.213570433879403,379
21615,0,2.213884445461981,380
21165,0,2.214638990597464,381
6952,0,2.2162954362705087,382
13552,0,2.2204332760088827,383
19070,0,2.2204332760088827,384
3421,0,2.2206533337891208,385
20347,0,2.2210490706158725,386
9144,0,2.2211042264451133,387
2867,0,2.221225966625731,388
7773,0,2.2232303891539504,389
16770,0,2.2235305243271797,390
5058,0,2.224233289369512,391
16511,0,2.224464137231346,392
2074,0,2.22710377766087,393
22321,0,2.2283888030117067,394
4240,0,2.23239168081083,395
199,0,2.2329518776208666,396
873,0,2.2329518776208666,397
937,0,2.2329518776208666,398
1856,0,2.2329518776208666,399
1907,0,2.2329518776208666,400
2233,0,2.2329518776208666,401
2241,0,2.2329518776208666,402
2517,0,2.2329518776208666,403
2542,0,2.2329518776208666,404
2602,0,2.2329518776208666,405
2669,0,2.2329518776208666,406
2857,0,2.2329518776208666,407
3353,0,2.2329518776208666,408
3422,0,2.2329518776208666,409
3452,0,2.2329518776208666,410
3777,0,2.2329518776208666,411
3784,0,2.2329518776208666,412
4157,0,2.2329518776208666,413
4361,0,2.2329518776208666,414
4378,0,2.2329518776208666,415
4686,0,2.2329518776208666,416
4970,0,2.2329518776208666,417
5988,0,2.2329518776208666,418
6294,0,2.2329518776208666,419
6705,0,2.2329518776208666,420
6891,0,2.2329518776208666,421
7313,0,2.2329518776208666,422
7824,0,2.2329518776208666,423
8497,0,2.2329518776208666,424
8551,0,2.2329518776208666,425
8904,0,2.2329518776208666,426
8961,0,2.2329518776208666,427
9173,0,2.2329518776208666,428
9271,0,2.2329518776208666,429
9724,0,2.2329518776208666,430
9950,0,2.2329518776208666,431
10453,0,2.2329518776208666,432
10782,0,2.2329518776208666,433
10944,0,2.2329518776208666,434
11204,0,2.2329518776208666,435
11302,0,2.2329518776208666,436
12135,0,2.2329518776208666,437
12370,0,2.2329518776208666,438
12449,0,2.2329518776208666,439
12518,0,2.2329518776208666,440
12876,0,2.2329518776208666,441
14018,0,2.2329518776208666,442
14075,0,2.2329518776208666,443
14142,0,2.2329518776208666,444
14225,0,2.2329518776208666,445
14351,0,2.2329518776208666,446
14633,0,2.2329518776208666,447
14999,0,2.2329518776208666,448
15391,0,2.2329518776208666,449
15499,0,2.2329518776208666,450
15628,0,2.2329518776208666,451
15962,0,2.2329518776208666,452
16300,0,2.2329518776208666,453
16621,0,2.2329518776208666,454
17137,0,2.2329518776208666,455
17329,0,2.2329518776208666,456
17387,0,2.2329518776208666,457
17412,0,2.2329518776208666,458
17414,0,2.2329518776208666,459
17823,0,2.2329518776208666,460
17916,0,2.2329518776208666,461
17997,0,2.2329518776208666,462
18560,0,2.2329518776208666,463
19376,0,2.2329518776208666,464
19693,0,2.2329518776208666,465
19694,0,2.2329518776208666,466
21577,0,2.2329518776208666,467
22024,0,2.2329518776208666,468
22488,0,2.2329518776208666,469
23177,0,2.2329518776208666,470
23234,0,2.2329518776208666,471
23299,0,2.2329518776208666,472
23728,0,2.2329518776208666,473
23862,0,2.2329518776208666,474
12848,0,2.2346148133507104,475
17798,0,2.2358379331623826,476
3367,0,2.2368076914038624,477
16548,0,2.2415656425474695,478
10932,0,2.2421379754096935,479
6595,0,2.242919075482425,480
16398,0,2.2436475663150075,481
23208,0,2.2466062453806552,482
6325,0,2.24673353452986,483
6755,0,2.2482809273914897,484
18545,0,2.249194052962384,485
1762,0,2.2534261160847358,486
8169,0,2.255382473239086,487
16977,0,2.2574898028843404,488
22781,0,2.258512375617773,489
7595,0,2.259331059874073,490
1355,0,2.260647962190601,491
13809,0,2.2606654543736155,492
11456,0,2.262374612211983,493
7754,0,2.2631172455893225,494
23921,0,2.2645550335513525,495
8888,0,2.2670992165547856,496
12468,0,2.271184405158814,497
12614,0,2.271184405158814,498
6558,0,2.271741310827329,499
10810,0,2.2726555594075206,500
2421,0,2.272657283975826,501
732,0,2.2730164294807955,502
2451,0,2.2733582613015253,503
8199,0,2.276174175715922,504
6875,0,2.2763557490640594,505
12372,0,2.2765708680831076,506
4886,0,2.2769058760571736,507
423,0,2.2775061913221104,508
19699,0,2.2775923142299717,509
21568,0,2.2781164678826658,510
6990,0,2.279143976181745,511
14254,0,2.2797381904605065,512
9532,0,2.2797834108057486,513
17635,0,2.282322178810361,514
11145,0,2.2828889120855482,515
10908,0,2.2840460679697774,516
7052,0,2.2848601207882893,517
9433,0,2.284898940554298,518
5531,0,2.2849026353807975,519
4496,0,2.2851447804424168,520
14838,0,2.2853022535404603,521
16885,0,2.2857692949062014,522
8417,0,2.2858236618631116,523
4309,0,2.2860580793677148,524
11431,0,2.2862779432352913,525
8453,0,2.286381203533734,526
8681,0,2.286442592558655,527
13046,0,2.2867784755026688,528
10410,0,2.288447036496368,529
2904,0,2.2893057636835916,530
14917,0,2.291255566124031,531
10996,0,2.2916171831689236,532
8695,0,2.291977869602607,533
9760,0,2.291977869602607,534
10342,0,2.291977869602607,535
10579,0,2.291977869602607,536
10629,0,2.291977869602607,537
10803,0,2.291977869602607,538
11929,0,2.291977869602607,539
12797,0,2.291977869602607,540
14768,0,2.291977869602607,541
17180,0,2.291977869602607,542
23439,0,2.291977869602607,543
1136,0,2.292206331127087,544
20229,0,2.292846982090024,545
11370,0,2.293724919406128,546
17170,0,2.29399135653753,547
8992,0,2.294576751768519,548
19757,0,2.2946517971032985,549
9372,0,2.294732922351841,550
6387,0,2.2948665656254534,551
20203,0,2.2962566491833702,552
12608,0,2.296354039629683,553
1764,0,2.297426698441369,554
13324,0,2.2987973880499424,555
18355,0,2.299006751361358,556
15562,0,2.3001298173384623,557
1864,0,2.3025049566169606,558
13659,0,2.3026561110272405,559
22880,0,2.3027349114641456,560
9169,0,2.303573116704411,561
3962,0,2.304126753277801,562
297,0,2.3043350492109673,563
2575,0,2.3043350492109673,564
3227,0,2.3043350492109673,565
3589,0,2.3043350492109673,566
4248,0,2.3043350492109673,567
5359,0,2.3043350492109673,568
8432,0,2.3043350492109673,569
8829,0,2.3043350492109673,570
10123,0,2.3043350492109673,571
10208,0,2.3043350492109673,572
11458,0,2.3043350492109673,573
11820,0,2.3043350492109673,574
11876,0,2.3043350492109673,575
12258,0,2.3043350492109673,576
12503,0,2.3043350492109673,577
14370,0,2.3043350492109673,578
14748,0,2.3043350492109673,579
15095,0,2.3043350492109673,580
16277,0,2.3043350492109673,581
17150,0,2.3043350492109673,582
18664,0,2.3043350492109673,583
18729,0,2.3043350492109673,584
19447,0,2.3043350492109673,585
19807,0,2.3043350492109673,586
20074,0,2.3043350492109673,587
20298,0,2.3043350492109673,588
21565,0,2.3043350492109673,589
22970,0,2.3043350492109673,590
23112,0,2.3043350492109673,591
23144,0,2.3043350492109673,592
23867,0,2.3043350492109673,593
20364,0,2.306241671633785,594
22205,0,2.308507050355081,595
19993,0,2.3104435817591105,596
7997,0,2.3114132740927733,597
1891,0,2.311426428928239,598
4517,0,2.311925483641227,599
8703,0,2.312392729882305,600
21025,0,2.3134358184591752,601
3672,0,2.3151656637534646,602
3909,0,2.3151656637534646,603
7777,0,2.3151656637534646,604
18331,0,2.3151656637534646,605
8366,0,2.3153267896000616,606
17242,0,2.317187071480851,607
3397,0,2.317469370450013,608
7978,0,2.3223248691963043,609
2174,0,2.322356900461527,610
9731,0,2.3230969700806066,611
2621,0,2.323299087343445,612
609,0,2.323557778689162,613
16416,0,2.3236928556620984,614
14418,0,2.324087232019243,615
13778,0,2.3244377674876775,616
6429,0,2.3250564022720623,617
14709,0,2.325108930001698,618
23586,0,2.3253016957199453,619
8330,0,2.325302012569508,620
19493,0,2.3258126446727756,621
6168,0,2.3275725376508145,622
11815,0,2.3277353504414564,623
7657,0,2.3281398305693424,624
11396,0,2.3281398305693424,625
6,0,2.32882314511741,626
88,0,2.3292575837475407,627
14806,0,2.332720375009603,628
18618,0,2.334558507676368,629
7884,0,2.336766056430746,630
1998,0,2.3368313426534026,631
10480,0,2.337216495961447,632
15594,0,2.337216495961447,633
4408,0,2.3384874062659162,634
4938,0,2.3384874062659162,635
15445,0,2.3384874062659162,636
20599,0,2.3389018480530064,637
10225,0,2.3420423236151584,638
3042,0,2.3432311878505194,639
11284,0,2.3440225040818183,640
2184,0,2.344335488253475,641
19151,0,2.345118759252147,642
13244,0,2.345563134081688,643
22383,0,2.345659829178927,644
2668,0,2.3465102408833065,645
16188,0,2.347515598277336,646
5747,0,2.3484150358460005,647
19313,0,2.3495446339018633,648
5431,0,2.3520039294901043,649
4864,0,2.3535460853604344,650
13488,0,2.3539308476518386,651
484,0,2.3549118872143056,652
14889,0,2.355283079292701,653
9087,0,2.3558363546550316,654
23262,0,2.3562777548965967,655
20449,0,2.3568157678241053,656
16288,0,2.3589393055699923,657
18991,0,2.3610658633053725,658
12995,0,2.361080524957632,659
4930,0,2.361963505855256,660
21838,0,2.3642980393929443,661
16841,0,2.364512501362549,662
9262,0,2.369894894436981,663
8504,0,2.3705077418840794,664
21418,0,2.370923964265515,665
14060,0,2.371068994489261,666
12011,0,2.3713714352836486,667
2806,0,2.3723862550500643,668
234,0,2.3737935383776114,669
16662,0,2.374015768504769,670
18485,0,2.3761802275198307,671
2939,0,2.3773077500688657,672
10360,0,2.377519390996814,673
17629,0,2.377519390996814,674
18769,0,2.377519390996814,675
24013,0,2.377519390996814,676
8440,0,2.3812105461560678,677
19659,0,2.3812944891021566,678
16257,0,2.382851450970882,679
18396,0,2.3835411401894784,680
15345,0,2.3836883508500426,681
12395,0,2.38549376945394,682
5244,0,2.3855871109800226,683
3060,0,2.389925609729198,684
21659,0,2.389925609729198,685
8420,0,2.391144492938069,686
2423,0,2.392142406085811,687
16539,0,2.392697018021896,688
5618,0,2.3930792744774076,689
13212,0,2.3936981948876714,690
10258,0,2.3951372133353086,691
5053,0,2.395528708915929,692
1735,0,2.3958583998686183,693
11139,0,2.3968665971579965,694
6035,0,2.3977022758087796,695
8193,0,2.398513677270131,696
17769,0,2.3995501934015557,697
15159,0,2.4000138045445714,698
167,0,2.4021699804971584,699
7167,0,2.4025320212866865,700
4844,0,2.4030005211578374,701
17723,0,2.4038535623277943,702
473,0,2.405961174752095,703
11616,0,2.4061435642460998,704
11011,0,2.4074645098328378,705
10775,0,2.4080493359998325,706
10682,0,2.4081568828352045,707
10768,0,2.408310668301303,708
11969,0,2.408613470148207,709
12358,0,2.4090737701598224,710
12324,0,2.4095217330844068,711
14367,0,2.4095217330844068,712
20925,0,2.4120847582226776,713
23756,0,2.4120847582226776,714
2577,0,2.413723015990863,715
7298,0,2.4144709943570706,716
13755,0,2.4151549269791035,717
16075,0,2.4151549269791035,718
15321,0,2.415366892605702,719
7330,0,2.4156171538216515,720
3155,0,2.416464494932535,721
9075,0,2.417051746482537,722
17168,0,2.4178059910113494,723
1431,0,2.4190495609460156,724
7993,0,2.4190495609460156,725
20066,0,2.4190495609460156,726
17156,0,2.420784334257581,727
14380,0,2.421643375599227,728
8901,0,2.422134354618744,729
18075,0,2.42214088044668,730
18173,0,2.4231151503868387,731
7950,0,2.4265341098412,732
1066,0,2.4282937750517872,733
16620,0,2.4299267234345963,734
20169,0,2.4316482340471994,735
12713,0,2.43518522091368,736
14247,0,2.4352361521269144,737
4503,0,2.435494343760491,738
18365,0,2.4362036654839403,739
7677,0,2.4362791974150197,740
22390,0,2.436816003096887,741
22934,0,2.4368431981942438,742
15214,0,2.438537844992871,743
3679,0,2.4400840870935347,744
4109,0,2.4425150435846135,745
9124,0,2.442749261787114,746
10756,0,2.442749261787114,747
11257,0,2.442749261787114,748
12098,0,2.442749261787114,749
18526,0,2.442749261787114,750
17712,0,2.4427839097837163,751
12615,0,2.4433611542712215,752
23352,0,2.4461678134400566,753
3077,0,2.446506182549495,754
18011,0,2.447179533288722,755
22958,0,2.447437256953725,756
9103,0,2.448551905390489,757
8929,0,2.449161551045089,758
5335,0,2.4499993854570756,759
15453,0,2.4538460858544693,760
7068,0,2.4541921809631404,761
11642,0,2.4541921809631404,762
12429,0,2.4541921809631404,763
17832,0,2.4541921809631404,764
11632,0,2.4566144811861697,765
15354,0,2.4579817548178537,766
5668,0,2.4580180601701866,767
17845,0,2.4584236696443797,768
1167,0,2.458993632024529,769
10691,0,2.4596336048962533,770
22577,0,2.4596336048962533,771
3167,0,2.4610213815899145,772
20354,0,2.461288233799599,773
24001,0,2.461729718590609,774
13683,0,2.4631193314916455,775
16290,0,2.4637193198097505,776
6936,0,2.4638759619459307,777
17318,0,2.463964876814647,778
9303,0,2.4642854133626657,779
14643,0,2.464504276464808,780
1118,0,2.46491900753349,781
8229,0,2.4650446881087547,782
19527,0,2.4651530170850635,783
8536,0,2.465337143841025,784
8905,0,2.4656099971091194,785
8421,0,2.467110584367505,786
9011,0,2.467502127087784,787
13335,0,2.467684609143281,788
23558,0,2.4680344698166965,789
15738,0,2.469278786447098,790
2333,0,2.469507586608038,791
9810,0,2.4701635175366072,792
5604,0,2.4705286291240878,793
18344,0,2.4714697259861516,794
9519,0,2.472200912419732,795
21152,0,2.4722420036560044,796
13845,0,2.472298928899558,797
6801,0,2.4723997355165817,798
10304,0,2.4729930035848966,799
19159,0,2.4740360666482797,800
16468,0,2.476406209803584,801
20575,0,2.47853432317911,802
5039,0,2.479174421505811,803
3802,0,2.4792950609669853,804
5568,0,2.4807163023542422,805
11932,0,2.4810210614686796,806
8019,0,2.4814973180723006,807
63,0,2.48167203923548,808
22369,0,2.4820817453466404,809
1678,0,2.4823003715589875,810
10213,0,2.4825460990381387,811
8091,0,2.4826919000656127,812
13281,0,2.4846416768449084,813
3238,0,2.4857297336021964,814
23231,0,2.4860438947524197,815
18726,0,2.486136396725489,816
11442,0,2.486900293475429,817
4536,0,2.4881523592000994,818
7362,0,2.488528039061117,819
23254,0,2.489207058545291,820
9447,0,2.4892269478984552,821
14975,0,2.494079761793579,822
3682,0,2.4952955433820194,823
3979,0,2.4952955433820194,824
10285,0,2.4952955433820194,825
16033,0,2.4952955433820194,826
23424,0,2.497025109598716,827
6989,0,2.497167918603375,828
7684,0,2.497336848268865,829
9607,0,2.4999110594492957,830
15066,0,2.4999110594492957,831
6327,0,2.500267845380777,832
22365,0,2.5003783163431024,833
13754,0,2.5007836775822287,834
19545,0,2.500895716123516,835
16412,0,2.501035433930291,836
15435,0,2.501048415436844,837
7268,0,2.5028817211165264,838
3826,0,2.503855504164795,839
12205,0,2.5044394561716623,840
10565,0,2.50499971054966,841
15398,0,2.506080097245034,842
17162,0,2.50628444916007,843
13978,0,2.506344190586241,844
399,0,2.506441701573205,845
543,0,2.506441701573205,846
796,0,2.506441701573205,847
1142,0,2.506441701573205,848
1670,0,2.506441701573205,849
2536,0,2.506441701573205,850
2606,0,2.506441701573205,851
4315,0,2.506441701573205,852
4375,0,2.506441701573205,853
5203,0,2.506441701573205,854
5314,0,2.506441701573205,855
5405,0,2.506441701573205,856
6109,0,2.506441701573205,857
6724,0,2.506441701573205,858
6795,0,2.506441701573205,859
7063,0,2.506441701573205,860
7345,0,2.506441701573205,861
7448,0,2.506441701573205,862
7615,0,2.506441701573205,863
7834,0,2.506441701573205,864
7872,0,2.506441701573205,865
8204,0,2.506441701573205,866
8371,0,2.506441701573205,867
8622,0,2.506441701573205,868
8766,0,2.506441701573205,869
9026,0,2.506441701573205,870
9270,0,2.506441701573205,871
9861,0,2.506441701573205,872
10336,0,2.506441701573205,873
10713,0,2.506441701573205,874
11390,0,2.506441701573205,875
12165,0,2.506441701573205,876
12300,0,2.506441701573205,877
12416,0,2.506441701573205,878
12625,0,2.506441701573205,879
12800,0,2.506441701573205,880
13770,0,2.506441701573205,881
13825,0,2.506441701573205,882
14771,0,2.506441701573205,883
14986,0,2.506441701573205,884
15410,0,2.506441701573205,885
16039,0,2.506441701573205,886
17881,0,2.506441701573205,887
18091,0,2.506441701573205,888
19371,0,2.506441701573205,889
19960,0,2.506441701573205,890
20030,0,2.506441701573205,891
20263,0,2.506441701573205,892
20615,0,2.506441701573205,893
23678,0,2.506441701573205,894
23877,0,2.506441701573205,895
3708,0,2.5072858414522026,896
4401,0,2.507605867741353,897
6487,0,2.5077217294290963,898
10603,0,2.5077722579787105,899
619,0,2.5082581806977493,900
1163,0,2.508491229020485,901
20872,0,2.508491229020485,902
22028,0,2.508491229020485,903
18034,0,2.5092172651489038,904
163,0,2.510491569381715,905
2351,0,2.5131897892789836,906
20322,0,2.5145823599402712,907
20955,0,2.5157901632427957,908
1177,0,2.5167892747530574,909
4093,0,2.5178930983154695,910
15423,0,2.5188717332818427,911
19357,0,2.519002551350208,912
7585,0,2.519114388757038,913
11488,0,2.519118636162432,914
11668,0,2.5196757634979465,915
852,0,2.521227555841691,916
18114,0,2.5213232958099447,917
152,0,2.522417199889332,918
21131,0,2.522500569840408,919
2448,0,2.523963237946494,920
17836,0,2.5246707196754863,921
6148,0,2.525151449373038,922
1863,0,2.5266696036856984,923
3285,0,2.5270554410436925,924
16637,0,2.5272036585521973,925
12528,0,2.52744142966212,926
13398,0,2.527559541140175,927
6568,0,2.527896339504339,928
17341,0,2.528009914186013,929
5045,0,2.5288556305242382,930
8732,0,2.5289370300888687,931
558,0,2.529378819591524,932
15226,0,2.529378819591524,933
25,0,2.529669285696378,934
19235,0,2.529669285696378,935
3099,0,2.5311455457960057,936
20433,0,2.5318178510278604,937
14727,0,2.5330148820453644,938
755,0,2.53309438348823,939
9701,0,2.535828082538319,940
16815,0,2.5364235436102254,941
17795,0,2.538288116236955,942
4778,0,2.538640371274621,943
3242,0,2.539027498628261,944
20726,0,2.539637191578838,945
1785,0,2.5406213611325117,946
20112,0,2.5406213611325117,947
8402,0,2.5406660605151523,948
4088,0,2.5411836395512832,949
13632,0,2.5418455431999445,950
12862,0,2.5421534726615187,951
23357,0,2.5421534726615187,952
1105,0,2.543224663588147,953
15058,0,2.543230092688268,954
12886,0,2.5438905747913387,955
14003,0,2.5444106307451144,956
7775,0,2.545214318857206,957
18901,0,2.545591861061727,958
2110,0,2.5467621603456942,959
3233,0,2.5481696721592626,960
2690,0,2.548292932472089,961
14945,0,2.5492908552929707,962
2330,0,2.549671107101012,963
1536,0,2.5497587495838423,964
5923,0,2.5499112397217196,965
3181,0,2.551123906670696,966
11946,0,2.5512543234749616,967
4170,0,2.551760789668928,968
1876,0,2.5517846166870584,969
18302,0,2.551821655973892,970
13671,0,2.5526282517454506,971
3319,0,2.553854014583669,972
825,0,2.5540195904261154,973
2391,0,2.554158066779921,974
3345,0,2.5545892834917563,975
15968,0,2.5546111140324816,976
13556,0,2.555426140996917,977
14070,0,2.5560086032553513,978
8,0,2.5568252100621343,979
15049,0,2.558063817674718,980
10805,0,2.5586372648360154,981
10306,0,2.559744868851131,982
6245,0,2.5618249202106513,983
19860,0,2.5619065386503275,984
10663,0,2.5637079906431928,985
13157,0,2.5637997023643027,986
10054,0,2.5640758168027538,987
18893,0,2.564636530515686,988
12757,0,2.56506892781481,989
7984,0,2.5665195551399873,990
22814,0,2.5667917865729954,991
2670,0,2.5668040014926925,992
1761,0,2.56725669354449,993
22248,0,2.567673066791559,994
20093,0,2.568248406340409,995
16248,0,2.5689997158533773,996
11821,0,2.5705497569912708,997
3152,0,2.5714663253706433,998
16928,0,2.5717211302948226,999
1829,0,2.571856250108677,1000
4129,0,2.572546576995149,1001
8684,0,2.572632351938541,1002
4154,0,2.5741979414838463,1003
13120,0,2.5747791911365567,1004
6097,0,2.57616491849333,1005
3771,0,2.5767464188268425,1006
17592,0,2.5767464188268425,1007
21302,0,2.577006014530166,1008
22888,0,2.577006014530166,1009
16895,0,2.5772390007147092,1010
7035,0,2.577389008727487,1011
7073,0,2.577619591060382,1012
1329,0,2.5793406165740844,1013
8989,0,2.580976663222637,1014
20387,0,2.5819622245576723,1015
13410,0,2.5823726021896802,1016
7683,0,2.5824013770042846,1017
3067,0,2.584111154751941,1018
11561,0,2.5847420064941846,1019
4578,0,2.585017683796502,1020
3118,0,2.5853489530648304,1021
9751,0,2.5853565186451273,1022
18126,0,2.5859003608845246,1023
16426,0,2.5863011212107763,1024
13943,0,2.586668869467551,1025
8509,0,2.5870345399687125,1026
14165,0,2.5870345399687125,1027
9323,0,2.58735622519115,1028
3868,0,2.5875869316314475,1029
18009,0,2.5878036870611814,1030
15574,0,2.5908298618503824,1031
5171,0,2.590983018773697,1032
6577,0,2.591252538381851,1033
7397,0,2.5931394816840125,1034
5860,0,2.5932568612271787,1035
12343,0,2.5933357138208084,1036
12374,0,2.593620744818556,1037
19831,0,2.5939807499679386,1038
21825,0,2.5939807499679386,1039
14395,0,2.59541419810687,1040
15638,0,2.595921411893103,1041
89,0,2.5961085038334644,1042
393,0,2.5961085038334644,1043
9761,0,2.5961085038334644,1044
15511,0,2.5961085038334644,1045
16175,0,2.5961085038334644,1046
18670,0,2.5961085038334644,1047
22202,0,2.5961085038334644,1048
23708,0,2.5961085038334644,1049
16751,0,2.596191384371531,1050
15468,0,2.5970148936809174,1051
18145,0,2.5970148936809174,1052
22484,0,2.5970148936809174,1053
16002,0,2.5977231286502,1054
670,0,2.5977871093594525,1055
2146,0,2.5977871093594525,1056
3453,0,2.5977871093594525,1057
3710,0,2.5977871093594525,1058
4099,0,2.5977871093594525,1059
4229,0,2.5977871093594525,1060
6059,0,2.5977871093594525,1061
6118,0,2.5977871093594525,1062
7635,0,2.5977871093594525,1063
8656,0,2.5977871093594525,1064
8659,0,2.5977871093594525,1065
8794,0,2.5977871093594525,1066
10696,0,2.5977871093594525,1067
11950,0,2.5977871093594525,1068
12714,0,2.5977871093594525,1069
13147,0,2.5977871093594525,1070
15471,0,2.5977871093594525,1071
16905,0,2.5977871093594525,1072
17198,0,2.5977871093594525,1073
17838,0,2.5977871093594525,1074
18827,0,2.5977871093594525,1075
19029,0,2.5977871093594525,1076
19129,0,2.5977871093594525,1077
20917,0,2.5977871093594525,1078
20952,0,2.5977871093594525,1079
21629,0,2.5977871093594525,1080
23306,0,2.5977871093594525,1081
13159,0,2.5979571714126566,1082
6057,0,2.5983095441670536,1083
8016,0,2.599731977979099,1084
903,0,2.5998810481290175,1085
16369,0,2.6015824705527066,1086
6994,0,2.6016914464904417,1087
4602,0,2.6017738879813375,1088
14182,0,2.6045025850478076,1089
15381,0,2.604537933381175,1090
21942,0,2.604567907371247,1091
14704,0,2.6052173476455405,1092
21125,0,2.6059389249481173,1093
10750,0,2.606224674373809,1094
3182,0,2.6063757499557636,1095
6926,0,2.607622893438837,1096
12668,0,2.607626968011097,1097
5439,0,2.607831741039184,1098
20048,0,2.608648286149399,1099
22141,0,2.6106693344661713,1100
2900,0,2.611610850691872,1101
7109,0,2.611677483489242,1102
11114,0,2.6124489738102934,1103
5734,0,2.6181651379018507,1104
5373,0,2.6190921223246826,1105
12375,0,2.6193244942641294,1106
16594,0,2.619450093832931,1107
3259,0,2.6203038896728206,1108
23250,0,2.6213744483822863,1109
13915,0,2.621599928967971,1110
12911,0,2.6216736546820685,1111
434,0,2.6216981141591367,1112
3555,0,2.6217675519194334,1113
14797,0,2.6222865773766784,1114
10104,0,2.622530846622893,1115
14409,0,2.6227029306838316,1116
11181,0,2.6229105123550975,1117
14483,0,2.6229105123550975,1118
14851,0,2.6229105123550975,1119
19181,0,2.6229105123550975,1120
6956,0,2.6231307192841236,1121
3823,0,2.6236965559485923,1122
6100,0,2.6237304747617274,1123
7661,0,2.623930061347047,1124
22889,0,2.62408687549437,1125
20860,0,2.6249969021156834,1126
1203,0,2.6260441458112562,1127
10085,0,2.6260441458112562,1128
4949,0,2.6261175838435236,1129
19600,0,2.626285853987623,1130
8310,0,2.6273560076249685,1131
17674,0,2.6277603971562606,1132
3012,0,2.627837954854385,1133
18240,0,2.628024618538421,1134
6326,0,2.628273561880164,1135
13615,0,2.6292179291706113,1136
12039,0,2.6299057049832992,1137
8475,0,2.6307382908214922,1138
10767,0,2.6315584610553526,1139
11794,0,2.6324060943339287,1140
17869,0,2.633218161997792,1141
16096,0,2.635385015724803,1142
13939,0,2.6361440184862213,1143
4660,0,2.639838395036478,1144
23373,0,2.6400147728843786,1145
10837,0,2.640028852452968,1146
4929,0,2.6403055995710596,1147
6302,0,2.6406789039726037,1148
2812,0,2.6415255253012084,1149
10738,0,2.6415757107287168,1150
16909,0,2.642631844352653,1151
21480,0,2.643214768580246,1152
10376,0,2.644200133887332,1153
4356,0,2.6446351367831182,1154
3778,0,2.6450684972737117,1155
9454,0,2.6451454560025716,1156
12535,0,2.6452705995407255,1157
18885,0,2.6453655697632343,1158
9275,0,2.6454326177357537,1159
14155,0,2.645658414809789,1160
10824,0,2.6461397807508007,1161
6139,0,2.6466038702644696,1162
13075,0,2.6475094693662746,1163
22432,0,2.64822841138235,1164
15298,0,2.6496198718009527,1165
2306,0,2.650537061632996,1166
18443,0,2.6506732148918295,1167
22204,0,2.652091062037766,1168
16023,0,2.6521861307327046,1169
9750,0,2.6532059872824796,1170
5586,0,2.653303947084895,1171
14732,0,2.6534581407274724,1172
7869,0,2.653631819180574,1173
16629,0,2.654004895837484,1174
8455,0,2.6550676537301183,1175
10906,0,2.6551421235028245,1176
3365,0,2.6558527409774997,1177
15349,0,2.6562085572539753,1178
5350,0,2.656350025312376,1179
4282,0,2.6569437859197107,1180
18260,0,2.6575516565680686,1181
11448,0,2.657811507279647,1182
11827,0,2.6583602380006486,1183
13602,0,2.6586476557961056,1184
22572,0,2.6589300446951025,1185
1875,0,2.6599597368562717,1186
10762,0,2.6628668493658,1187
23676,0,2.6631311663660706,1188
5076,0,2.663228925887731,1189
14867,0,2.663285177195531,1190
23152,0,2.6643649619579253,1191
3212,0,2.6643831489415857,1192
13205,0,2.667558216621379,1193
23810,0,2.6675871117248913,1194
12639,0,2.667923982073736,1195
13875,0,2.668344851462595,1196
14325,0,2.6687261063414742,1197
7300,0,2.6687865861538085,1198
9663,0,2.669885135168515,1199
3046,0,2.6707436670372737,1200
20988,0,2.671011018027625,1201
13972,0,2.6718598884752467,1202
3677,0,2.67222416385582,1203
12705,0,2.6727677572605333,1204
14636,0,2.673033467535228,1205
22139,0,2.674520183038686,1206
9311,0,2.6760795663144834,1207
8021,0,2.676479284593864,1208
14177,0,2.6773398092764067,1209
21508,0,2.6792875919703394,1210
7903,0,2.6801689554669603,1211
17378,0,2.68019205900892,1212
913,0,2.680354741707581,1213
13311,0,2.680354741707581,1214
13690,0,2.680354741707581,1215
17573,0,2.680354741707581,1216
20523,0,2.680354741707581,1217
20649,0,2.681335598274618,1218
9922,0,2.6816367998359176,1219
4848,0,2.6819269951449005,1220
1398,0,2.682272435493078,1221
1588,0,2.682272435493078,1222
1613,0,2.682272435493078,1223
2201,0,2.682272435493078,1224
2302,0,2.682272435493078,1225
3279,0,2.682272435493078,1226
3626,0,2.682272435493078,1227
4191,0,2.682272435493078,1228
4466,0,2.682272435493078,1229
4605,0,2.682272435493078,1230
5138,0,2.682272435493078,1231
6250,0,2.682272435493078,1232
7049,0,2.682272435493078,1233
7250,0,2.682272435493078,1234
7260,0,2.682272435493078,1235
8277,0,2.682272435493078,1236
8488,0,2.682272435493078,1237
8783,0,2.682272435493078,1238
9207,0,2.682272435493078,1239
9419,0,2.682272435493078,1240
10056,0,2.682272435493078,1241
11188,0,2.682272435493078,1242
11934,0,2.682272435493078,1243
12191,0,2.682272435493078,1244
12635,0,2.682272435493078,1245
13010,0,2.682272435493078,1246
13088,0,2.682272435493078,1247
15144,0,2.682272435493078,1248
15516,0,2.682272435493078,1249
15800,0,2.682272435493078,1250
17628,0,2.682272435493078,1251
18037,0,2.682272435493078,1252
18288,0,2.682272435493078,1253
19618,0,2.682272435493078,1254
19784,0,2.682272435493078,1255
20057,0,2.682272435493078,1256
20222,0,2.682272435493078,1257
20963,0,2.682272435493078,1258
21889,0,2.682272435493078,1259
22680,0,2.682272435493078,1260
22813,0,2.682272435493078,1261
23242,0,2.682272435493078,1262
23681,0,2.682272435493078,1263
1193,0,2.684128818468674,1264
9224,0,2.6843449671138226,1265
6090,0,2.684864412376496,1266
13689,0,2.6852286838089334,1267
4726,0,2.686662581996469,1268
11197,0,2.687667193787187,1269
888,0,2.6878918505578957,1270
5345,0,2.6888406837388366,1271
6267,0,2.689800011277814,1272
6510,0,2.690014534134399,1273
8532,0,2.6904461924913274,1274
16448,0,2.69136904812302,1275
5080,0,2.692241674815357,1276
19684,0,2.692920111286846,1277
23792,0,2.693330098572539,1278
11530,0,2.693606024460322,1279
1210,0,2.6938837783989746,1280
1517,0,2.6945119792103336,1281
12567,0,2.6949598557744263,1282
23606,0,2.6949598557744263,1283
6744,0,2.695177168832723,1284
14163,0,2.6959796794764332,1285
23915,0,2.696186364326826,1286
21715,0,2.6961898216035336,1287
19439,0,2.6965939877700844,1288
11455,0,2.6967640995892603,1289
21793,0,2.696797047759569,1290
17719,0,2.6971691143130805,1291
19467,0,2.6973545636142116,1292
15693,0,2.6983756871993547,1293
9307,0,2.7000842394090885,1294
5325,0,2.700601206052099,1295
3412,0,2.70160380546792,1296
20274,0,2.702057106751228,1297
2437,0,2.7029670418193996,1298
20071,0,2.7038560596884738,1299
23748,0,2.7043195412270156,1300
3542,0,2.70549997707636,1301
3809,0,2.70549997707636,1302
6517,0,2.70549997707636,1303
9167,0,2.70549997707636,1304
9845,0,2.70549997707636,1305
11562,0,2.70549997707636,1306
14513,0,2.70549997707636,1307
16237,0,2.70549997707636,1308
16575,0,2.70549997707636,1309
9820,0,2.7062271824976,1310
2969,0,2.7068011396846097,1311
14542,0,2.7071241415973204,1312
18667,0,2.707621730807726,1313
21836,0,2.7078289974325256,1314
19915,0,2.7088038253133817,1315
2320,0,2.7107576539019194,1316
11581,0,2.7116751955486755,1317
319,0,2.7128943120499613,1318
1933,0,2.7135602187345595,1319
14320,0,2.7147783593105186,1320
1332,0,2.7179697714067097,1321
4470,0,2.718168593666243,1322
12956,0,2.7215037066758856,1323
3545,0,2.7222679822522906,1324
5021,0,2.7228531098380295,1325
5949,0,2.7267842137076985,1326
17778,0,2.727269294133321,1327
1908,0,2.7275688286730504,1328
3498,0,2.728564045955987,1329
16089,0,2.729019272582708,1330
10680,0,2.730082698078925,1331
5005,0,2.7312516538725613,1332
6005,0,2.7312516538725613,1333
6454,0,2.7312516538725613,1334
7802,0,2.7312516538725613,1335
7940,0,2.7312516538725613,1336
8595,0,2.7312516538725613,1337
9572,0,2.7312516538725613,1338
10171,0,2.7312516538725613,1339
19637,0,2.7312516538725613,1340
22740,0,2.7312516538725613,1341
22759,0,2.7312516538725613,1342
5598,0,2.733547598049188,1343
15439,0,2.736224294151453,1344
19739,0,2.736714638878727,1345
21005,0,2.738298319925306,1346
8939,0,2.7387799456416415,1347
21321,0,2.7400444118935496,1348
4632,0,2.74076563199001,1349
18203,0,2.741385389315577,1350
10897,0,2.7418428258747407,1351
2912,0,2.7423114287004613,1352
9441,0,2.7431528331256696,1353
16022,0,2.7431717699378533,1354
10268,0,2.7433199145132026,1355
16870,0,2.743429426794732,1356
1888,0,2.7434817105597618,1357
16058,0,2.744626859067328,1358
9432,0,2.7446316570772975,1359
18175,0,2.7447464421417083,1360
19473,0,2.747023620926453,1361
3444,0,2.747862126671093,1362
1151,0,2.74798631540519,1363
18289,0,2.748884913692457,1364
11699,0,2.7491431871060072,1365
3600,0,2.7503277698221438,1366
13223,0,2.750865597859991,1367
22046,0,2.751622492218576,1368
2772,0,2.753314641290927,1369
4058,0,2.753314641290927,1370
4714,0,2.753314641290927,1371
8284,0,2.753314641290927,1372
8940,0,2.753314641290927,1373
9648,0,2.753314641290927,1374
9710,0,2.753314641290927,1375
9882,0,2.753314641290927,1376
12394,0,2.753314641290927,1377
14083,0,2.753314641290927,1378
14493,0,2.753314641290927,1379
14848,0,2.753314641290927,1380
16498,0,2.753314641290927,1381
16558,0,2.753314641290927,1382
16797,0,2.753314641290927,1383
17901,0,2.753314641290927,1384
18076,0,2.753314641290927,1385
18698,0,2.753314641290927,1386
18959,0,2.753314641290927,1387
20389,0,2.753314641290927,1388
20497,0,2.753314641290927,1389
21066,0,2.753314641290927,1390
22713,0,2.753314641290927,1391
22725,0,2.753314641290927,1392
23404,0,2.753314641290927,1393
23920,0,2.753314641290927,1394
8675,0,2.7543716524867423,1395
9065,0,2.756537835518971,1396
218,0,2.7565575607467143,1397
11030,0,2.757065329560775,1398
10057,0,2.759209742994439,1399
10546,0,2.759209742994439,1400
12467,0,2.759209742994439,1401
12856,0,2.759209742994439,1402
20994,0,2.759209742994439,1403
23269,0,2.759209742994439,1404
17755,0,2.7597087589999596,1405
2422,0,2.760828262477911,1406
3315,0,2.7618043038748388,1407
19483,0,2.761953578991647,1408
4021,0,2.7619788672042147,1409
16667,0,2.7620806514190597,1410
22937,0,2.7627937638257305,1411
13935,0,2.7630257130708733,1412
12212,0,2.7635253052865774,1413
19036,0,2.7635253052865774,1414
10551,0,2.7642881723572583,1415
6678,0,2.7662373724936793,1416
21931,0,2.767616225902897,1417
5548,0,2.7684066570660097,1418
4873,0,2.769518793399747,1419
15340,0,2.771570674747246,1420
679,0,2.772712257747326,1421
1331,0,2.7727803977459087,1422
2463,0,2.773086632267047,1423
721,0,2.77383811980764,1424
21085,0,2.7742401332271247,1425
2510,0,2.775430947730687,1426
2917,0,2.776262768748137,1427
1288,0,2.776374497390372,1428
1385,0,2.780264138780886,1429
7394,0,2.780416150114976,1430
8505,0,2.7812682120245142,1431
4755,0,2.78132214119955,1432
8928,0,2.7814309778112976,1433
5,0,2.7816099941727845,1434
396,0,2.7816099941727845,1435
1630,0,2.7816099941727845,1436
6576,0,2.7816099941727845,1437
6694,0,2.7816099941727845,1438
8341,0,2.7816099941727845,1439
8661,0,2.7816099941727845,1440
11120,0,2.7816099941727845,1441
12009,0,2.7816099941727845,1442
13317,0,2.7816099941727845,1443
13506,0,2.7816099941727845,1444
16126,0,2.7816099941727845,1445
16838,0,2.7816099941727845,1446
18215,0,2.7816099941727845,1447
18486,0,2.7816099941727845,1448
19100,0,2.7816099941727845,1449
19563,0,2.7816099941727845,1450
20411,0,2.7816099941727845,1451
20880,0,2.7816099941727845,1452
20884,0,2.7816099941727845,1453
22041,0,2.7816099941727845,1454
22098,0,2.7816099941727845,1455
22352,0,2.7816099941727845,1456
22834,0,2.7816099941727845,1457
23564,0,2.7816099941727845,1458
23679,0,2.7816099941727845,1459
23992,0,2.7816099941727845,1460
7341,0,2.782361017754183,1461
5313,0,2.7824887185476164,1462
13115,0,2.784612820743043,1463
16892,0,2.7847146482982708,1464
18815,0,2.7851520395956166,1465
14211,0,2.785427589504649,1466
17221,0,2.7875279980490184,1467
23211,0,2.7875279980490184,1468
2005,0,2.7880934937838355,1469
7985,0,2.7880934937838355,1470
8759,0,2.7890348668490637,1471
19710,0,2.790025440065452,1472
14753,0,2.7906808694493104,1473
1103,0,2.791668469957156,1474
3877,0,2.791668469957156,1475
17218,0,2.7917056622980305,1476
10901,0,2.7942983936116694,1477
2245,0,2.794948469919757,1478
15287,0,2.797068045493738,1479
23990,0,2.797824478646994,1480
10635,0,2.7994946798897797,1481
20919,0,2.799570619025254,1482
10874,0,2.800172825425589,1483
16950,0,2.8002084997967405,1484
8691,0,2.800470822158252,1485
4091,0,2.8005792682829465,1486
5434,0,2.8018355169611486,1487
6240,0,2.802919035221962,1488
16859,0,2.80339108916938,1489
18086,0,2.8040366844865474,1490
10577,0,2.8048604214972164,1491
19182,0,2.8059566616805225,1492
12742,0,2.806147668830936,1493
11695,0,2.808528704919236,1494
4788,0,2.8101869710551055,1495
23184,0,2.810512200571266,1496
11446,0,2.810708406159972,1497
14172,0,2.8121455511306923,1498
14399,0,2.812298686123276,1499
13389,0,2.8132616649533406,1500
19641,0,2.814369948580774,1501
22458,0,2.8150808573987343,1502
14153,0,2.816672568404058,1503
11477,0,2.8173531697246683,1504
8438,0,2.817406040390889,1505
8319,0,2.817779348446243,1506
5974,0,2.81840276254147,1507
22899,0,2.8192261869796735,1508
4439,0,2.820498312963806,1509
1173,0,2.8213366980223036,1510
7995,0,2.8228485430874763,1511
3605,0,2.824309687617213,1512
16388,0,2.8244802477876165,1513
7571,0,2.825569761985944,1514
15610,0,2.8259716795037266,1515
5544,0,2.82624754525441,1516
5202,0,2.8265516998921014,1517
11346,0,2.8265516998921014,1518
21491,0,2.8275035994351185,1519
9091,0,2.8275925434818294,1520
7951,0,2.8277569420428925,1521
23365,0,2.8284302631936042,1522
2285,0,2.828766696045734,1523
2464,0,2.8288594757823424,1524
10567,0,2.8304212507529614,1525
1129,0,2.8312871236376402,1526
5541,0,2.831931150274757,1527
10917,0,2.8320470560679527,1528
19561,0,2.832884284515825,1529
247,0,2.8329972670840124,1530
12914,0,2.8334465524391876,1531
18927,0,2.83373511049018,1532
11976,0,2.8350338557056936,1533
22749,0,2.835083395357981,1534
1796,0,2.835424710509955,1535
12943,0,2.835891441411568,1536
23367,0,2.8361937077304455,1537
7500,0,2.8366698385925,1538
23908,0,2.837257493168161,1539
3884,0,2.8372807433129097,1540
14840,0,2.837487735658391,1541
13076,0,2.8376144879134673,1542
17656,0,2.837881708271379,1543
9689,0,2.8383388189138308,1544
20228,0,2.8384367553641523,1545
1087,0,2.8389572377974166,1546
21873,0,2.839891842342827,1547
6892,0,2.8413752901175244,1548
13443,0,2.8418638605836697,1549
16875,0,2.8422280795952726,1550
13106,0,2.8428476433373078,1551
22482,0,2.8430336807172756,1552
20825,0,2.8433491533698243,1553
15928,0,2.8437098835715693,1554
22658,0,2.8447806810600036,1555
23601,0,2.8449754554935653,1556
22564,0,2.847794735880197,1557
23239,0,2.8484741648426586,1558
4676,0,2.8488343173609865,1559
5630,0,2.8488343173609865,1560
7489,0,2.8488343173609865,1561
17691,0,2.8488343173609865,1562
23111,0,2.8488343173609865,1563
14043,0,2.8503221930514133,1564
18854,0,2.8503221930514133,1565
2708,0,2.8504472286688647,1566
8861,0,2.8508111086984917,1567
9344,0,2.851058370642892,1568
9970,0,2.8519083706929353,1569
19662,0,2.8524670853822096,1570
12286,0,2.853505739883345,1571
11547,0,2.853879539513084,1572
11807,0,2.853947501874642,1573
22965,0,2.8542547305944335,1574
21965,0,2.8548573177876198,1575
6440,0,2.8549138555173466,1576
21735,0,2.855786644722789,1577
3595,0,2.8559176901154975,1578
17827,0,2.8563248623597577,1579
19575,0,2.8565222321605934,1580
13853,0,2.8569911844965348,1581
18074,0,2.8571596373660917,1582
16081,0,2.8573149885531524,1583
9053,0,2.858062353627937,1584
6922,0,2.858098472298662,1585
322,0,2.8586023022338476,1586
409,0,2.8586023022338476,1587
674,0,2.8586023022338476,1588
809,0,2.8586023022338476,1589
1058,0,2.8586023022338476,1590
1132,0,2.8586023022338476,1591
1150,0,2.8586023022338476,1592
2884,0,2.8586023022338476,1593
3000,0,2.8586023022338476,1594
3638,0,2.8586023022338476,1595
3714,0,2.8586023022338476,1596
3966,0,2.8586023022338476,1597
6441,0,2.8586023022338476,1598
7288,0,2.8586023022338476,1599
7943,0,2.8586023022338476,1600
8576,0,2.8586023022338476,1601
9450,0,2.8586023022338476,1602
9633,0,2.8586023022338476,1603
10884,0,2.8586023022338476,1604
11059,0,2.8586023022338476,1605
12361,0,2.8586023022338476,1606
12846,0,2.8586023022338476,1607
13236,0,2.8586023022338476,1608
14358,0,2.8586023022338476,1609
14673,0,2.8586023022338476,1610
15097,0,2.8586023022338476,1611
15101,0,2.8586023022338476,1612
15920,0,2.8586023022338476,1613
16204,0,2.8586023022338476,1614
16731,0,2.8586023022338476,1615
16845,0,2.8586023022338476,1616
17090,0,2.8586023022338476,1617
17225,0,2.8586023022338476,1618
17364,0,2.8586023022338476,1619
17579,0,2.8586023022338476,1620
17676,0,2.8586023022338476,1621
17742,0,2.8586023022338476,1622
18874,0,2.8586023022338476,1623
18900,0,2.8586023022338476,1624
19612,0,2.8586023022338476,1625
19884,0,2.8586023022338476,1626
21004,0,2.8586023022338476,1627
21196,0,2.8586023022338476,1628
21594,0,2.8586023022338476,1629
22805,0,2.8586023022338476,1630
23216,0,2.8586023022338476,1631
23665,0,2.8586023022338476,1632
7682,0,2.8589944613476743,1633
10797,0,2.859495541226049,1634
17686,0,2.8596710498001876,1635
2571,0,2.8629844441037933,1636
22220,0,2.86438607311158,1637
13112,0,2.864498996232593,1638
19622,0,2.8656281317826036,1639
19193,0,2.866436079513877,1640
8214,0,2.866830048404076,1641
13005,0,2.8681911974355283,1642
18979,0,2.8685837067056457,1643
1697,0,2.8686977798452213,1644
22088,0,2.8695985323962567,1645
12849,0,2.86965485768802,1646
9842,0,2.872396578242068,1647
11659,0,2.8724189177902097,1648
2317,0,2.873061420420588,1649
22545,0,2.873817056759166,1650
23648,0,2.8743728963902693,1651
16635,0,2.8746623671183174,1652
6660,0,2.875454429840192,1653
5238,0,2.8756430394514205,1654
21872,0,2.876932465050982,1655
18673,0,2.877288896994698,1656
5749,0,2.877313874597493,1657
15386,0,2.878084462258016,1658
23823,0,2.8783537789507903,1659
1963,0,2.881193817571056,1660
3713,0,2.8827445785004646,1661
15956,0,2.883321636996296,1662
21278,0,2.8841982116721825,1663
2072,0,2.8845636541272133,1664
9713,0,2.885149525200347,1665
7577,0,2.8865958114601145,1666
14359,0,2.8867920898109722,1667
4709,0,2.8872113549194163,1668
11553,0,2.8907525003208208,1669
4409,0,2.891011113150622,1670
11248,0,2.8913581314688335,1671
3043,0,2.8915924258481422,1672
2615,0,2.892181878784314,1673
14592,0,2.8923532370607163,1674
3518,0,2.8924645994759866,1675
22054,0,2.893296776399189,1676
2728,0,2.8934816361629143,1677
6813,0,2.8936443898942876,1678
16926,0,2.893942308037596,1679
614,0,2.894646545551242,1680
448,0,2.8954514267682736,1681
15729,0,2.8960536172959626,1682
14524,0,2.8962925213781467,1683
17278,0,2.8972955333556842,1684
3114,0,2.8984992869069823,1685
1382,0,2.8985145514378825,1686
13206,0,2.898807310010272,1687
1830,0,2.8991854523090925,1688
20130,0,2.8995587027879117,1689
3502,0,2.899652861127832,1690
4044,0,2.9001300393369815,1691
11398,0,2.900939588189357,1692
7701,0,2.9011165624976085,1693
6084,0,2.902392858806629,1694
5556,0,2.9028728624264493,1695
10772,0,2.90289218275725,1696
19709,0,2.904379732068988,1697
20467,0,2.9049123603959313,1698
20180,0,2.90639961346788,1699
8257,0,2.9064056349214944,1700
20673,0,2.9066676968312506,1701
21885,0,2.9071917694209235,1702
20638,0,2.908350893708767,1703
8977,0,2.908464682112911,1704
17877,0,2.9086525348029584,1705
483,0,2.9086650799916476,1706
55,0,2.908687942954884,1707
474,0,2.9088788480166357,1708
6644,0,2.909587525274934,1709
21593,0,2.9097633400456293,1710
23925,0,2.9107571641026926,1711
7307,0,2.9109474280322662,1712
3878,0,2.9119225610321906,1713
15846,0,2.9122506135991335,1714
22237,0,2.912273371781165,1715
6116,0,2.912405029972692,1716
9958,0,2.9134993978761017,1717
12556,0,2.916864555503653,1718
11214,0,2.917180478881963,1719
17766,0,2.9203122024065786,1720
17152,0,2.9208358866660418,1721
8706,0,2.9209131663440644,1722
4369,0,2.9215844542709037,1723
324,0,2.9216986282703488,1724
10829,0,2.92398409108103,1725
3040,0,2.9245281657283746,1726
16189,0,2.9246855043655757,1727
11287,0,2.924781255930535,1728
1023,0,2.926893446636815,1729
2624,0,2.927453361503014,1730
21304,0,2.9284895394214456,1731
9766,0,2.929568688141838,1732
7699,0,2.930325625626989,1733
20118,0,2.9335427880065628,1734
8118,0,2.9346515507388222,1735
21065,0,2.9348216455438947,1736
16376,0,2.9359790900932565,1737
345,0,2.9361420692990383,1738
10209,0,2.9374842811835222,1739
17557,0,2.9377317303879913,1740
2769,0,2.9377473572412427,1741
13983,0,2.937828241622867,1742
20270,0,2.9389863683201245,1743
20439,0,2.9393277997175895,1744
15902,0,2.9399957408995436,1745
904,0,2.944689727444216,1746
20519,0,2.944689727444216,1747
19946,0,2.9453089743488854,1748
8392,0,2.9454856360277724,1749
23125,0,2.9469950254525483,1750
21571,0,2.947302348986103,1751
9227,0,2.9476821405837867,1752
10440,0,2.9483617546357377,1753
21844,0,2.949478000038879,1754
5390,0,2.9497053945414065,1755
5271,0,2.9507602864491043,1756
19351,0,2.9508544881532983,1757
6193,0,2.9508798162233107,1758
8716,0,2.951178255582119,1759
14136,0,2.9515430646735683,1760
2592,0,2.9522347436809286,1761
14886,0,2.9529426686637663,1762
162,0,2.9532376758221157,1763
9571,0,2.954567343159387,1764
17955,0,2.9555713732854416,1765
612,0,2.957071594529694,1766
23809,0,2.9571257413276704,1767
59,0,2.959687463064281,1768
19119,0,2.9598635633407384,1769
17684,0,2.960207109029316,1770
12356,0,2.961095604406821,1771
16660,0,2.961933551784357,1772
13648,0,2.962417521844445,1773
10172,0,2.963195216173525,1774
9765,0,2.9637992279956404,1775
3150,0,2.964192673911175,1776
19426,0,2.9650939215263223,1777
10547,0,2.9658302107542256,1778
15864,0,2.965911804818828,1779
20456,0,2.9668145558367067,1780
9813,0,2.966987037863689,1781
13044,0,2.967144495801649,1782
15906,0,2.967328030682906,1783
14424,0,2.9675791256615502,1784
8979,0,2.9676778694857577,1785
22932,0,2.9679758202471405,1786
19167,0,2.9680742950248162,1787
8474,0,2.968105510364413,1788
21164,0,2.9707536162506467,1789
12263,0,2.97388535051216,1790
12739,0,2.9744353845775033,1791
13128,0,2.9776883336575843,1792
9405,0,2.9777520190044204,1793
16348,0,2.978554945598031,1794
10526,0,2.9788825408984274,1795
3151,0,2.980604929544926,1796
17069,0,2.981852526340683,1797
16601,0,2.9822665088335314,1798
18275,0,2.983104456753173,1799
1874,0,2.9844379399884415,1800
10001,0,2.984464021843712,1801
8649,0,2.985130911519292,1802
8394,0,2.9860911552804597,1803
2525,0,2.987034979199857,1804
4142,0,2.987034979199857,1805
10137,0,2.987034979199857,1806
11592,0,2.987034979199857,1807
16570,0,2.987034979199857,1808
18603,0,2.987034979199857,1809
22795,0,2.987034979199857,1810
23800,0,2.987034979199857,1811
23864,0,2.987034979199857,1812
17404,0,2.988140307181172,1813
11080,0,2.989798474727792,1814
20101,0,2.990182897144907,1815
10550,0,2.990804480369239,1816
14905,0,2.9923053462849,1817
13405,0,2.992690753810476,1818
6216,0,2.9932271339710987,1819
19106,0,2.993355086524196,1820
9798,0,2.993926141783358,1821
3432,0,2.9942601875851547,1822
14435,0,2.995290700655116,1823
16103,0,2.9956038112560646,1824
12235,0,2.9956351611548615,1825
5592,0,2.996138341250829,1826
23455,0,2.9965607108907317,1827
22391,0,2.9968071377779366,1828
20684,0,2.99702450162855,1829
190,0,2.9976980133092472,1830
23450,0,2.999521684212595,1831
4543,0,2.9998848422562356,1832
17356,0,3.0003371433332235,1833
13964,0,3.000399496758553,1834
20829,0,3.0009876217680893,1835
8089,0,3.0020445236421796,1836
9249,0,3.0048507606530372,1837
22223,0,3.0063131754939425,1838
15859,0,3.0065452837405537,1839
4200,0,3.0065851834151616,1840
13721,0,3.0067345274348134,1841
2280,0,3.007922481429456,1842
3234,0,3.008847158808247,1843
18177,0,3.0111351767935894,1844
21727,0,3.0112680729717467,1845
126,0,3.0117405808320337,1846
2445,0,3.0118001893812685,1847
5694,0,3.013542427144534,1848
3660,0,3.013608841393832,1849
979,0,3.015013904580534,1850
4167,0,3.0171708456693973,1851
22251,0,3.0177114794258584,1852
9264,0,3.0191575913628492,1853
6194,0,3.0202774813141104,1854
11889,0,3.020759707139433,1855
8809,0,3.0212678125513754,1856
729,0,3.0241377868768935,1857
871,0,3.0241377868768935,1858
2129,0,3.0241377868768935,1859
2852,0,3.0241377868768935,1860
3338,0,3.0241377868768935,1861
3685,0,3.0241377868768935,1862
4785,0,3.0241377868768935,1863
5608,0,3.0241377868768935,1864
6258,0,3.0241377868768935,1865
7064,0,3.0241377868768935,1866
7864,0,3.0241377868768935,1867
9631,0,3.0241377868768935,1868
10528,0,3.0241377868768935,1869
10953,0,3.0241377868768935,1870
14428,0,3.0241377868768935,1871
15549,0,3.0241377868768935,1872
17899,0,3.0241377868768935,1873
17950,0,3.0241377868768935,1874
18029,0,3.0241377868768935,1875
19628,0,3.0241377868768935,1876
20078,0,3.0241377868768935,1877
20991,0,3.0241377868768935,1878
21035,0,3.0241377868768935,1879
21584,0,3.0241377868768935,1880
22340,0,3.0241377868768935,1881
22541,0,3.0241377868768935,1882
23200,0,3.0241377868768935,1883
23787,0,3.0241377868768935,1884
4798,0,3.025996119541161,1885
235,0,3.026407367221589,1886
12007,0,3.027393968710516,1887
21564,0,3.027603320261866,1888
8103,0,3.0283529170371515,1889
18446,0,3.029737577310118,1890
18038,0,3.029952341026331,1891
5167,0,3.03038728515176,1892
8466,0,3.030522755687751,1893
18633,0,3.0322210676002457,1894
5670,0,3.0323601086236325,1895
998,0,3.032383966104118,1896
9205,0,3.032383966104118,1897
11382,0,3.032383966104118,1898
14540,0,3.032383966104118,1899
19723,0,3.032383966104118,1900
6221,0,3.0332400977559955,1901
6657,0,3.0335362508092025,1902
19880,0,3.034495920578989,1903
23831,0,3.034814222515165,1904
10631,0,3.039597059066301,1905
23892,0,3.039941674236821,1906
406,0,3.0415625379808247,1907
696,0,3.0415625379808247,1908
724,0,3.0415625379808247,1909
818,0,3.0415625379808247,1910
929,0,3.0415625379808247,1911
950,0,3.0415625379808247,1912
1243,0,3.0415625379808247,1913
1468,0,3.0415625379808247,1914
1858,0,3.0415625379808247,1915
1925,0,3.0415625379808247,1916
2502,0,3.0415625379808247,1917
2544,0,3.0415625379808247,1918
2858,0,3.0415625379808247,1919
3007,0,3.0415625379808247,1920
3014,0,3.0415625379808247,1921
3148,0,3.0415625379808247,1922
3195,0,3.0415625379808247,1923
3371,0,3.0415625379808247,1924
3908,0,3.0415625379808247,1925
3945,0,3.0415625379808247,1926
4017,0,3.0415625379808247,1927
4147,0,3.0415625379808247,1928
4593,0,3.0415625379808247,1929
4800,0,3.0415625379808247,1930
4917,0,3.0415625379808247,1931
4973,0,3.0415625379808247,1932
5020,0,3.0415625379808247,1933
5879,0,3.0415625379808247,1934
5990,0,3.0415625379808247,1935
6185,0,3.0415625379808247,1936
6840,0,3.0415625379808247,1937
6887,0,3.0415625379808247,1938
6905,0,3.0415625379808247,1939
6934,0,3.0415625379808247,1940
6942,0,3.0415625379808247,1941
7060,0,3.0415625379808247,1942
7827,0,3.0415625379808247,1943
8191,0,3.0415625379808247,1944
8447,0,3.0415625379808247,1945
8467,0,3.0415625379808247,1946
8500,0,3.0415625379808247,1947
8626,0,3.0415625379808247,1948
8776,0,3.0415625379808247,1949
8787,0,3.0415625379808247,1950
8931,0,3.0415625379808247,1951
9402,0,3.0415625379808247,1952
9646,0,3.0415625379808247,1953
9830,0,3.0415625379808247,1954
10005,0,3.0415625379808247,1955
10227,0,3.0415625379808247,1956
10608,0,3.0415625379808247,1957
10693,0,3.0415625379808247,1958
11017,0,3.0415625379808247,1959
11022,0,3.0415625379808247,1960
11034,0,3.0415625379808247,1961
11146,0,3.0415625379808247,1962
11305,0,3.0415625379808247,1963
11540,0,3.0415625379808247,1964
12238,0,3.0415625379808247,1965
12256,0,3.0415625379808247,1966
12613,0,3.0415625379808247,1967
12865,0,3.0415625379808247,1968
13048,0,3.0415625379808247,1969
13218,0,3.0415625379808247,1970
13325,0,3.0415625379808247,1971
13409,0,3.0415625379808247,1972
13563,0,3.0415625379808247,1973
13583,0,3.0415625379808247,1974
13652,0,3.0415625379808247,1975
13740,0,3.0415625379808247,1976
13798,0,3.0415625379808247,1977
14035,0,3.0415625379808247,1978
14093,0,3.0415625379808247,1979
14196,0,3.0415625379808247,1980
14419,0,3.0415625379808247,1981
14670,0,3.0415625379808247,1982
14724,0,3.0415625379808247,1983
14779,0,3.0415625379808247,1984
15178,0,3.0415625379808247,1985
15220,0,3.0415625379808247,1986
15378,0,3.0415625379808247,1987
15473,0,3.0415625379808247,1988
15502,0,3.0415625379808247,1989
15851,0,3.0415625379808247,1990
16032,0,3.0415625379808247,1991
16651,0,3.0415625379808247,1992
16715,0,3.0415625379808247,1993
16917,0,3.0415625379808247,1994
17062,0,3.0415625379808247,1995
17096,0,3.0415625379808247,1996
18333,0,3.0415625379808247,1997
19215,0,3.0415625379808247,1998
20111,0,3.0415625379808247,1999
21443,0,3.0415625379808247,2000
21582,0,3.0415625379808247,2001
21634,0,3.0415625379808247,2002
22876,0,3.0415625379808247,2003
23155,0,3.0415625379808247,2004
23608,0,3.0415625379808247,2005
4484,0,3.0428875144703493,2006
18226,0,3.0443067922149303,2007
14909,0,3.045021237633313,2008
3552,0,3.0452137008793447,2009
4610,0,3.0452137008793447,2010
20176,0,3.0454099235296486,2011
5489,0,3.0464492277359985,2012
11742,0,3.0465692506033064,2013
21597,0,3.047289594706206,2014
10095,0,3.047383786889908,2015
20238,0,3.048075064853997,2016
11745,0,3.0494856833768464,2017
15189,0,3.050689790049633,2018
5506,0,3.0509558231450686,2019
18103,0,3.051031176638029,2020
20691,0,3.05412551044207,2021
20849,0,3.05412551044207,2022
18622,0,3.054507630930849,2023
16597,0,3.054835117867799,2024
8535,0,3.0550672883498184,2025
23637,0,3.0551108472920325,2026
22606,0,3.0551904923836815,2027
19372,0,3.055733136405985,2028
15310,0,3.0558631693602925,2029
15012,0,3.0580008422168543,2030
15031,0,3.0581067538361513,2031
12430,0,3.0599024975998037,2032
23782,0,3.059934309660005,2033
17005,0,3.060396955525575,2034
21235,0,3.0605669723804527,2035
5119,0,3.060801088320949,2036
2071,0,3.0614853574127037,2037
23562,0,3.0620836563740643,2038
6177,0,3.0623247868334698,2039
7010,0,3.0629992027902815,2040
18540,0,3.0632952968918397,2041
19307,0,3.0632952968918397,2042
22807,0,3.063986008999553,2043
6580,0,3.064272941532985,2044
21368,0,3.0649576014492874,2045
12385,0,3.065058639912104,2046
7374,0,3.06728708868697,2047
10070,0,3.068307572759463,2048
18627,0,3.0699670368137437,2049
2947,0,3.0702171134106004,2050
2976,0,3.0705244499655318,2051
4266,0,3.0705244499655318,2052
9753,0,3.0705244499655318,2053
634,0,3.0716165525271935,2054
19668,0,3.073169677909711,2055
17315,0,3.075013067527515,2056
22530,0,3.0790492086496433,2057
12992,0,3.0827002662167824,2058
2973,0,3.083001025102844,2059
16155,0,3.083001025102844,2060
17031,0,3.083001025102844,2061
22044,0,3.083001025102844,2062
22317,0,3.083001025102844,2063
16165,0,3.083512779242577,2064
13834,0,3.083580256455513,2065
18332,0,3.0838437984467757,2066
1479,0,3.0858436033568113,2067
22328,0,3.086219847264274,2068
20346,0,3.0870784927348955,2069
768,0,3.089450802696267,2070
5527,0,3.0897085665642785,2071
5392,0,3.0900900885443217,2072
14299,0,3.090373533625403,2073
4936,0,3.090777630882339,2074
12874,0,3.0911915557777534,2075
6141,0,3.0924287046387677,2076
6544,0,3.093782756638961,2077
6054,0,3.0948497482269666,2078
8769,0,3.095455877213317,2079
16167,0,3.0964011519052526,2080
6658,0,3.097117855499572,2081
9220,0,3.0972844821375687,2082
21824,0,3.098302727729535,2083
3594,0,3.0991787932399593,2084
20018,0,3.0994418849023804,2085
3476,0,3.0997703210218717,2086
14386,0,3.100840139905938,2087
16140,0,3.100854134138889,2088
536,0,3.1017893295912944,2089
21967,0,3.1032303347141608,2090
16208,0,3.104174964976234,2091
2761,0,3.1047111073054885,2092
256,0,3.1047737530620063,2093
21248,0,3.104905009764437,2094
17058,0,3.107292922276267,2095
22373,0,3.1081094515810284,2096
7224,0,3.1085832396875577,2097
2901,0,3.1096363134177167,2098
16293,0,3.1102114339004796,2099
9367,0,3.11061323212841,2100
7075,0,3.1121943827412943,2101
19105,0,3.1121943827412943,2102
18388,0,3.114543969289094,2103
283,0,3.116197715272446,2104
11277,0,3.1164656247633173,2105
19430,0,3.1169465123053177,2106
9947,0,3.1175474724893655,2107
18266,0,3.1179702136252487,2108
4825,0,3.118126494272663,2109
16959,0,3.1182247161174743,2110
4529,0,3.118651342193,2111
5179,0,3.11904261745025,2112
9153,0,3.119680239967203,2113
15115,0,3.120076688284308,2114
21543,0,3.1201692281895586,2115
22436,0,3.1208408238490506,2116
22732,0,3.122649500741936,2117
10721,0,3.1227422032495555,2118
5444,0,3.1228741427970474,2119
21290,0,3.1236051049937683,2120
13105,0,3.125542156809735,2121
16442,0,3.1257784606836494,2122
293,0,3.1260542198125747,2123
9085,0,3.1260542198125747,2124
12077,0,3.1260542198125747,2125
9092,0,3.1261430275531694,2126
10513,0,3.126802073552036,2127
4,0,3.1274620019789183,2128
13888,0,3.1284804103142845,2129
14914,0,3.129441630258093,2130
17582,0,3.129516180869026,2131
14062,0,3.1304261146031984,2132
9022,0,3.1331305570492476,2133
13219,0,3.1346711156156593,2134
20481,0,3.1347741544078733,2135
16225,0,3.13629912353467,2136
18202,0,3.1363145040455005,2137
2040,0,3.1389584566417827,2138
20494,0,3.140631004278333,2139
12234,0,3.1429743217557515,2140
7747,0,3.1446087595847705,2141
5623,0,3.1455335275400933,2142
15241,0,3.146010477764462,2143
2356,0,3.1464726800368585,2144
11339,0,3.1474201639990316,2145
11320,0,3.147865144462225,2146
533,0,3.147968396479508,2147
11343,0,3.14798956630816,2148
8581,0,3.1489181265667217,2149
21728,0,3.150286668816895,2150
5873,0,3.1513759142165876,2151
8186,0,3.151541781415475,2152
11443,0,3.152424494547643,2153
2832,0,3.153618780499207,2154
14476,0,3.1552207706784694,2155
21151,0,3.156069330510083,2156
9582,0,3.1569759299761495,2157
16699,0,3.156980611710813,2158
4485,0,3.1576718919542555,2159
18531,0,3.1588528145719104,2160
1790,0,3.1590361508301714,2161
21492,0,3.16120370630757,2162
1159,0,3.161650419214428,2163
15137,0,3.162788706668734,2164
2817,0,3.163615639081324,2165
17289,0,3.163654594828207,2166
23730,0,3.1637015204807737,2167
17868,0,3.1644471754701335,2168
12611,0,3.1648733717123085,2169
7610,0,3.1655231595009568,2170
19680,0,3.1703244523034964,2171
5877,0,3.1716784369385005,2172
6960,0,3.1717879022495556,2173
9799,0,3.1748116572988496,2174
20892,0,3.1753134172062074,2175
13353,0,3.1776025793164657,2176
14455,0,3.1776025793164657,2177
15503,0,3.1776025793164657,2178
18785,0,3.1776025793164657,2179
20371,0,3.1776025793164657,2180
21699,0,3.1776025793164657,2181
22561,0,3.1776025793164657,2182
23871,0,3.1776025793164657,2183
8800,0,3.1778388238287762,2184
12052,0,3.1790827457263586,2185
1805,0,3.1797113085722004,2186
3571,0,3.180047883705755,2187
11478,0,3.1804570611053204,2188
21971,0,3.1819956406319583,2189
5131,0,3.1821765082356412,2190
18036,0,3.1826043272978812,2191
19046,0,3.1828395842261252,2192
20797,0,3.1831176092136015,2193
7633,0,3.1842408675407974,2194
8761,0,3.1848544359601267,2195
12557,0,3.187795546616595,2196
3780,0,3.187844413735815,2197
11717,0,3.189780450707693,2198
22763,0,3.191404308538361,2199
10611,0,3.1917790868103206,2200
9038,0,3.192787289270296,2201
5379,0,3.1949393088079288,2202
17801,0,3.1958607961049497,2203
23052,0,3.1980339433728036,2204
17470,0,3.199752892524232,2205
4549,0,3.2013717906223724,2206
20886,0,3.2025222103093447,2207
23901,0,3.2050604588419187,2208
1013,0,3.2067738760313618,2209
6170,0,3.207073386466137,2210
2390,0,3.207876708933171,2211
20286,0,3.2107905736066424,2212
23525,0,3.21096333986392,2213
14447,0,3.211395335248494,2214
4015,0,3.2136726444161705,2215
2490,0,3.2138404636282982,2216
20750,0,3.2195604109130302,2217
20083,0,3.219835273818121,2218
16696,0,3.2200689689546143,2219
5019,0,3.2211948390786396,2220
20260,0,3.2246975696435998,2221
4459,0,3.225695662510071,2222
6721,0,3.2258240928075566,2223
15113,0,3.226815477721401,2224
8981,0,3.227126940865437,2225
2648,0,3.2275552511542545,2226
7130,0,3.2275950642758566,2227
22310,0,3.230221615471116,2228
5817,0,3.230388403560708,2229
2439,0,3.230460614949761,2230
4749,0,3.23152884996772,2231
21324,0,3.231558945920195,2232
22263,0,3.231962112953183,2233
10284,0,3.232718290811584,2234
8583,0,3.237371289636303,2235
22862,0,3.237609339676107,2236
3485,0,3.2378386039155793,2237
17911,0,3.2426834800859763,2238
14798,0,3.2429229841227465,2239
18482,0,3.243495870089031,2240
1123,0,3.2444710815436855,2241
10725,0,3.2444710815436855,2242
10900,0,3.2444710815436855,2243
11782,0,3.2444710815436855,2244
22061,0,3.2444710815436855,2245
23137,0,3.2444710815436855,2246
11148,0,3.244898415912904,2247
19890,0,3.2456816818967376,2248
17273,0,3.2457109064092786,2249
14597,0,3.2470912077810743,2250
4747,0,3.249006220457186,2251
13050,0,3.251311945787781,2252
8084,0,3.2518011619632503,2253
5549,0,3.2521548977165864,2254
14756,0,3.2553844740315157,2255
95,0,3.2557613242713224,2256
21274,0,3.2567517834293374,2257
18140,0,3.257296158249748,2258
14498,0,3.2583604984325234,2259
13870,0,3.259495145218235,2260
1410,0,3.2602159492863327,2261
8531,0,3.2602159492863327,2262
5627,0,3.261826060865554,2263
13296,0,3.263171667468902,2264
18346,0,3.2632057380663895,2265
15322,0,3.2664025299998,2266
22723,0,3.267006692834811,2267
18188,0,3.2673645246948353,2268
17163,0,3.2674641972408405,2269
6278,0,3.267661539932416,2270
6516,0,3.2708236938582598,2271
12342,0,3.271561113479485,2272
21200,0,3.2718163769417914,2273
817,0,3.2732208173397153,2274
1947,0,3.2734187142399334,2275
5114,0,3.275471683714257,2276
15384,0,3.2779416279331213,2277
22465,0,3.2787876795447723,2278
14505,0,3.282517336534368,2279
23802,0,3.284461440050557,2280
2759,0,3.2852082640892113,2281
10116,0,3.2867629751772585,2282
6596,0,3.2920902249574038,2283
21703,0,3.293037974043398,2284
18427,0,3.2930679018366646,2285
6770,0,3.2942832722686837,2286
1889,0,3.29443488725228,2287
14287,0,3.2983375369476513,2288
16745,0,3.2987565892012864,2289
14506,0,3.3039818685619995,2290
1643,0,3.3044843552323213,2291
3230,0,3.3061891066733207,2292
2703,0,3.3087014846888705,2293
3490,0,3.3105109135376027,2294
12184,0,3.31093677738325,2295
5457,0,3.313335558562271,2296
4665,0,3.3157390929931747,2297
14844,0,3.3158580971633853,2298
17276,0,3.326143691349475,2299
10689,0,3.3264708312579483,2300
23903,0,3.3270447845579367,2301
6589,0,3.3291335150333534,2302
12997,0,3.333426959826955,2303
4449,0,3.3345232247085224,2304
22618,0,3.3363492272259108,2305
2028,0,3.337941974249883,2306
17061,0,3.340369399858164,2307
11839,0,3.3422846251107257,2308
7672,0,3.342520859340221,2309
2696,0,3.3458077117763647,2310
1021,0,3.3460197860252254,2311
23934,0,3.3527704661672924,2312
16828,0,3.3544177142830214,2313
4847,0,3.3549522098807656,2314
15357,0,3.355426651479658,2315
7502,0,3.3557101476144955,2316
9971,0,3.356719974966899,2317
21431,0,3.3575584244885635,2318
19332,0,3.3588676089384633,2319
3804,0,3.360208056792618,2320
5501,0,3.360208056792618,2321
5559,0,3.360208056792618,2322
8315,0,3.360208056792618,2323
20445,0,3.360208056792618,2324
23087,0,3.3621254679793475,2325
20271,0,3.3626937339375713,2326
15546,0,3.362795173442757,2327
11607,0,3.365435480668664,2328
16479,0,3.366753471934018,2329
5533,0,3.367667092158557,2330
191,0,3.368493482181172,2331
1060,0,3.368493482181172,2332
2158,0,3.368493482181172,2333
2666,0,3.368493482181172,2334
3003,0,3.368493482181172,2335
4350,0,3.368493482181172,2336
4539,0,3.368493482181172,2337
5464,0,3.368493482181172,2338
5715,0,3.368493482181172,2339
7019,0,3.368493482181172,2340
7697,0,3.368493482181172,2341
7750,0,3.368493482181172,2342
7756,0,3.368493482181172,2343
7772,0,3.368493482181172,2344
8235,0,3.368493482181172,2345
8348,0,3.368493482181172,2346
9365,0,3.368493482181172,2347
9521,0,3.368493482181172,2348
10386,0,3.368493482181172,2349
10522,0,3.368493482181172,2350
11075,0,3.368493482181172,2351
11483,0,3.368493482181172,2352
11801,0,3.368493482181172,2353
12130,0,3.368493482181172,2354
12237,0,3.368493482181172,2355
12249,0,3.368493482181172,2356
14080,0,3.368493482181172,2357
16513,0,3.368493482181172,2358
19201,0,3.368493482181172,2359
20307,0,3.368493482181172,2360
21228,0,3.368493482181172,2361
8379,0,3.368896995322427,2362
9570,0,3.369659641042051,2363
5198,0,3.3711880522643107,2364
17529,0,3.3721354739991107,2365
2842,0,3.373253648829515,2366
9898,0,3.3743315288963087,2367
10366,0,3.376853419125089,2368
11474,0,3.376853419125089,2369
7265,0,3.38074893000979,2370
1096,0,3.3808889535513926,2371
16235,0,3.381426404395127,2372
1977,0,3.3827339132626375,2373
7476,0,3.3860756138901977,2374
20853,0,3.3860756138901977,2375
2444,0,3.386953840534425,2376
5242,0,3.387213547294563,2377
9000,0,3.3873785506523677,2378
14977,0,3.3877607961849647,2379
11265,0,3.387909093351725,2380
21610,0,3.3892472532603986,2381
8948,0,3.389541114271769,2382
22360,0,3.3897435244853815,2383
12255,0,3.3902240827002736,2384
23412,0,3.3919036544765526,2385
12116,0,3.3938498334495315,2386
226,0,3.3947755136196203,2387
4560,0,3.3948192763666345,2388
9076,0,3.3967683731910774,2389
12355,0,3.3982661442047966,2390
12564,0,3.399707698516852,2391
39,0,3.399955290463952,2392
11342,0,3.4003059128333946,2393
21569,0,3.4007677760744386,2394
7793,0,3.4036938714047937,2395
15301,0,3.404322641083214,2396
18229,0,3.4052451368189027,2397
16411,0,3.4057830711919426,2398
12884,0,3.4063564251079548,2399
9995,0,3.407852091140692,2400
17536,0,3.4099907039042257,2401
4884,0,3.410577786081824,2402
20398,0,3.4107588312115698,2403
15907,0,3.4115518392014805,2404
4451,0,3.4124715280992612,2405
13215,0,3.418132105364212,2406
20791,0,3.419561879271925,2407
8830,0,3.4215707448101016,2408
13514,0,3.4221529524614396,2409
17648,0,3.426434252537232,2410
18505,0,3.426707615003651,2411
12771,0,3.4299920711846,2412
11300,0,3.4352232969755656,2413
15961,0,3.435646946490223,2414
17987,0,3.436565774466363,2415
9211,0,3.4376693826755265,2416
14423,0,3.439183017912154,2417
1969,0,3.443904409383395,2418
19435,0,3.448325290888986,2419
3761,0,3.453316263022446,2420
9504,0,3.453427728031998,2421
2902,0,3.4543882586234225,2422
22644,0,3.4549301989064714,2423
9033,0,3.464195903709963,2424
10862,0,3.466983674096462,2425
14813,0,3.4674585734761236,2426
14319,0,3.4676891919439505,2427
17758,0,3.470205329357256,2428
21036,0,3.472496264184182,2429
21203,0,3.473708197437467,2430
23825,0,3.473709676553579,2431
13092,0,3.4746870684116313,2432
16303,0,3.4756807742362454,2433
22380,0,3.47829445297195,2434
14286,0,3.481450163205839,2435
7428,0,3.481669324227491,2436
15947,0,3.4847536860998884,2437
6519,0,3.4848909931461374,2438
19852,0,3.488999842351703,2439
7600,0,3.489666379158576,2440
17051,0,3.489666379158576,2441
22625,0,3.489666379158576,2442
14068,0,3.491557157225497,2443
6507,0,3.495243475357395,2444
20950,0,3.495492993307452,2445
14407,0,3.498727292781586,2446
11069,0,3.500457708588108,2447
21197,0,3.5031009352280313,2448
17547,0,3.511406728997713,2449
9152,0,3.5116909740901243,2450
6371,0,3.5144502679727365,2451
891,0,3.516084068602656,2452
16466,0,3.5192683773027613,2453
20505,0,3.5192891397828525,2454
2341,0,3.5271634489809753,2455
1502,0,3.527292931110491,2456
5816,0,3.527552087556951,2457
19953,0,3.5289758296013387,2458
17065,0,3.5299637953875718,2459
10912,0,3.5339795075507743,2460
16938,0,3.537921016559767,2461
10483,0,3.5385898967085336,2462
23960,0,3.5390674681931316,2463
7553,0,3.5399884013307346,2464
22412,0,3.541034631069874,2465
16716,0,3.5448896679081683,2466
7017,0,3.545095126444529,2467
14948,0,3.5483250276521834,2468
2035,0,3.548356971979357,2469
20477,0,3.553223119711714,2470
22603,0,3.5548971193746137,2471
20258,0,3.5566587948525905,2472
15934,0,3.562642259382241,2473
1472,0,3.5654316202533476,2474
16881,0,3.566111069450855,2475
21102,0,3.5662754613810974,2476
16331,0,3.5708668180123984,2477
2143,0,3.5726866756907447,2478
23927,0,3.5758080751916723,2479
8328,0,3.578608393596343,2480
23182,0,3.587801587668501,2481
12325,0,3.5886370490935886,2482
9831,0,3.59023436467334,2483
4455,0,3.594407776377403,2484
3574,0,3.5950933356602013,2485
12562,0,3.599266523496107,2486
22854,0,3.6004075077941793,2487
21294,0,3.600432614600659,2488
3676,0,3.6014190068124377,2489
13979,0,3.604475866284233,2490
13126,0,3.6067458837434576,2491
10861,0,3.6085527413050285,2492
4106,0,3.6184286379626496,2493
21154,0,3.618820474844952,2494
22402,0,3.623532466447726,2495
18948,0,3.6250479031456955,2496
3751,0,3.6256161540485907,2497
1505,0,3.6259404765637044,2498
12616,0,3.628427814548345,2499
1442,0,3.628977439849294,2500
3,0,3.6297388803816726,2501
17411,0,3.630416835934093,2502
11620,0,3.632496155145281,2503
17353,0,3.6368485223606513,2504
2176,0,3.641479855067109,2505
6535,0,3.644067089895019,2506
23853,0,3.645954479520645,2507
20281,0,3.64599821682278,2508
13709,0,3.6467946223716106,2509
2964,0,3.64953952108728,2510
9174,0,3.650805049749334,2511
22476,0,3.6527412941563258,2512
10176,0,3.6537871737428462,2513
11309,0,3.660654375625795,2514
21316,0,3.6606719388742532,2515
22431,0,3.6623332689697334,2516
225,0,3.669618365809221,2517
6482,0,3.672251269239971,2518
19394,0,3.674267149173085,2519
623,0,3.6756445343617887,2520
10854,0,3.6810744672157263,2521
15361,0,3.6832437996272387,2522
13836,0,3.6848382948172063,2523
12008,0,3.690309390904445,2524
16408,0,3.6904679946333987,2525
15080,0,3.6945314134923657,2526
13688,0,3.6977956504668645,2527
7881,0,3.6978047289391687,2528
3593,0,3.699958206927452,2529
22702,0,3.7002798547206632,2530
7407,0,3.703013716489932,2531
10362,0,3.7044199263649786,2532
14992,0,3.7053873868692153,2533
18409,0,3.707400539757285,2534
21869,0,3.7074912691032216,2535
5151,0,3.7076393574670266,2536
6103,0,3.716947971812026,2537
21630,0,3.7195415473375286,2538
4799,0,3.7203610338978725,2539
4955,0,3.7229919258186097,2540
20621,0,3.7235885299986666,2541
19521,0,3.7243527629673823,2542
8266,0,3.7245528597365385,2543
22056,0,3.725261381502048,2544
21267,0,3.7283776310925867,2545
21388,0,3.7307038467436793,2546
16107,0,3.735728990240884,2547
10392,0,3.7416871897412474,2548
2204,0,3.7470443389387933,2549
12540,0,3.7487839875230553,2550
4901,0,3.7527169116175783,2551
4757,0,3.756898614284377,2552
10159,0,3.7569350839699474,2553
12275,0,3.7611149381967013,2554
20204,0,3.7638776324157464,2555
23538,0,3.78136684426026,2556
2264,0,3.7841951364194033,2557
19998,0,3.791593053739608,2558
23271,0,3.792034907976179,2559
23110,0,3.798661039071463,2560
13232,0,3.8019085561184864,2561
12003,0,3.8041066161432617,2562
6876,0,3.8087999485169335,2563
23498,0,3.8092161592752616,2564
21083,0,3.8112164709210097,2565
14388,0,3.8132445078717647,2566
22831,0,3.816048938754823,2567
1261,0,3.8172986459051743,2568
8289,0,3.82715930398366,2569
21692,0,3.84231833019399,2570
20954,0,3.8458058946824156,2571
14438,0,3.8475982805600886,2572
17259,0,3.847776854463016,2573
21185,0,3.848218153750144,2574
6125,0,3.8528030060057885,2575
10372,0,3.853611207547648,2576
21193,0,3.867305708419319,2577
10665,0,3.8802900237249034,2578
20746,0,3.8886999533409354,2579
16151,0,3.923924229934854,2580
20457,0,3.9440799596578113,2581
4311,0,3.951123594612392,2582
2659,0,3.994830767474025,2583
22242,0,4.003029709519219,2584
19147,0,4.006476857619542,2585
20510,0,4.031635551038821,2586
6496,0,4.033639963112187,2587
23731,0,4.03825806291467,2588
20761,0,4.042682692299978,2589
19243,0,4.049393553353349,2590
17514,0,4.05139192904797,2591
15209,0,4.089438160228322,2592
4476,0,4.104275443894745,2593
4269,0,4.1086956383678155,2594
21029,0,4.136547004652549,2595
8254,0,4.1629493872781,2596
11362,0,4.21077505884134,2597
16456,0,4.211514260003848,2598
21143,0,4.235683048385783,2599
6659,0,4.296511156282441,2600
19018,0,4.420380359789294,2601
9703,0,4.429207820677125,2602
6888,0,4.5227543371081795,2603
5858,0,4.788223801156175,2604
13121,0,4.788223801156175,2605
16350,0,4.788223801156175,2606
19233,0,4.788223801156175,2607
2974,0,5.364995575679545,2608
5309,0,5.364995575679545,2609
5910,0,5.364995575679545,2610
22660,0,5.364995575679545,2611
22793,0,5.364995575679545,2612
5771,0,5.493798455815617,2613
1491,1,1.1695832209941481,1
16370,1,1.4108896471302086,2
16427,1,1.500691094244325,3
22287,1,1.5774798559799106,4
16757,1,1.665008402758471,5
15918,1,1.677189224899648,6
17903,1,1.677830553482009,7
10809,1,1.6941571810367764,8
16123,1,1.6980647518916747,9
5983,1,1.70275834419372,10
14179,1,1.716461606858564,11
22329,1,1.722805370379484,12
19876,1,1.7414503258524439,13
621,1,1.7481268469679736,14
542,1,1.7632528527349938,15
17963,1,1.7716604145930004,16
11345,1,1.7871146763940846,17
3138,1,1.796989884899206,18
5276,1,1.7980447163568958,19
2829,1,1.805573115646842,20
20214,1,1.8078741162520962,21
13692,1,1.8140665497173316,22
14393,1,1.815225039887733,23
13169,1,1.819897790649366,24
23004,1,1.8232231788649895,25
12671,1,1.8315007279736253,26
1085,1,1.8322721629160847,27
18320,1,1.834315620291091,28
8567,1,1.8366190083446017,29
17695,1,1.8371281325389306,30
13167,1,1.8390111413195864,31
10825,1,1.841142424963612,32
22917,1,1.8440719221233126,33
3010,1,1.851446883530706,34
10014,1,1.8534566371034285,35
17714,1,1.8658496190694185,36
563,1,1.8724369760543313,37
22919,1,1.8730681716598647,38
19554,1,1.8744929232237069,39
4758,1,1.8843334743414666,40
1147,1,1.8848849218438877,41
4490,1,1.893144157167687,42
12779,1,1.8963561228390402,43
17214,1,1.8981379626749906,44
1309,1,1.8987799432945076,45
13844,1,1.9132078272556754,46
9355,1,1.9366697118116816,47
15460,1,1.937222854711416,48
8264,1,1.9372390868710572,49
14158,1,1.9377057096425443,50
12904,1,1.9378085953344828,51
19140,1,1.9533123859890733,52
23287,1,1.9566004266746035,53
22490,1,1.958304611226758,54
4992,1,1.9654419306035222,55
9049,1,1.9681786352496677,56
4827,1,1.9714802441079342,57
14967,1,1.9754815232657825,58
7070,1,1.9763543876181475,59
4453,1,1.9833993436900224,60
18040,1,1.9913391934103706,61
13036,1,1.991865416393938,62
21746,1,1.995713506789015,63
23043,1,1.9976271447745577,64
1197,1,1.9983735728989658,65
6900,1,1.9996419693029333,66
10377,1,2.0042880239380665,67
4335,1,2.0051961640622498,68
2717,1,2.012526825996259,69
10191,1,2.012637159193111,70
5259,1,2.0143410413058804,71
708,1,2.0153114689361367,72
15039,1,2.015697248306389,73
2191,1,2.0190452917507393,74
1453,1,2.022956680769355,75
11513,1,2.023631620806745,76
8613,1,2.024061859574293,77
14581,1,2.0257777360365834,78
17767,1,2.028116681452607,79
1576,1,2.0329834147962815,80
23953,1,2.033739314432142,81
19898,1,2.0374027336722693,82
19121,1,2.0397305476285514,83
20629,1,2.041798350875442,84
8247,1,2.042237329090775,85
196,1,2.042977708038221,86
7113,1,2.043112237177056,87
481,1,2.046849892593139,88
9926,1,2.048249486835188,89
23022,1,2.0487640978241055,90
9763,1,2.0495449138907516,91
19951,1,2.052575197483347,92
10463,1,2.055522764041713,93
10770,1,2.0599564438292863,94
19409,1,2.0608785693725173,95
5258,1,2.063707852426924,96
21926,1,2.0676502728084443,97
4797,1,2.0705069186771476,98
12383,1,2.0715414283839686,99
18146,1,2.0788715912382623,100
6428,1,2.0818916214442127,101
22886,1,2.0825901393203923,102
17439,1,2.084242064341705,103
15265,1,2.085802721634651,104
5872,1,2.086418662491403,105
6686,1,2.0876103159235475,106
14314,1,2.0899001236606622,107
10613,1,2.090673378276713,108
18404,1,2.0907981841724452,109
1535,1,2.0928415663956454,110
8286,1,2.0967972679496834,111
775,1,2.099737831976405,112
10143,1,2.1084630253563743,113
16867,1,2.109696041103788,114
17679,1,2.111753612137652,115
17240,1,2.113555768876712,116
15932,1,2.118541024982709,117
20352,1,2.121935896722874,118
10757,1,2.1252180140619257,119
1665,1,2.127883514883541,120
8265,1,2.1281044480923956,121
3695,1,2.131131030827289,122
9250,1,2.1378718572016253,123
11155,1,2.1400961200569117,124
7357,1,2.1406549131248114,125
11010,1,2.1440905358215,126
18406,1,2.1473921360782238,127
2206,1,2.1527146301414173,128
22487,1,2.1546992470822053,129
15369,1,2.158481691054662,130
8916,1,2.15852751308156,131
3963,1,2.1587225678511994,132
10869,1,2.1587642831544738,133
19760,1,2.1613424550964666,134
18642,1,2.164919724781868,135
18570,1,2.166663727884442,136
6401,1,2.1729051196454976,137
21612,1,2.1748322140286174,138
19223,1,2.1767760157532727,139
9928,1,2.1796574940923596,140
4151,1,2.179970267333457,141
4365,1,2.1804550470942847,142
21891,1,2.181704493461218,143
21514,1,2.182325847069642,144
21189,1,2.183358534507074,145
8206,1,2.1838000461731903,146
10403,1,2.184965694199216,147
23535,1,2.187984222287513,148
9718,1,2.188091737045105,149
16573,1,2.1888963047026326,150
12379,1,2.1905329346510194,151
12548,1,2.1919413362067126,152
2984,1,2.1965692575328886,153
5998,1,2.1965932284985143,154
19653,1,2.1966706279822534,155
5704,1,2.198333120995812,156
15264,1,2.1989769317198924,157
15988,1,2.1995538197655757,158
16978,1,2.2016264876647176,159
11271,1,2.205067332222375,160
6268,1,2.2081127698822494,161
22107,1,2.208201513387251,162
14700,1,2.2083566174639637,163
3404,1,2.2090832534104,164
4212,1,2.2104590187230513,165
23275,1,2.210719090132335,166
4241,1,2.2128295468923285,167
19037,1,2.2129649050212192,168
16798,1,2.213148850215199,169
11505,1,2.214074548516266,170
16184,1,2.2161077375008986,171
21880,1,2.218041253498952,172
4569,1,2.219559158061026,173
19567,1,2.2206816521307244,174
4190,1,2.2208711802962577,175
19873,1,2.2218672511440873,176
3657,1,2.222354038159626,177
23256,1,2.225450485373516,178
23319,1,2.2282383806185715,179
19241,1,2.2308631673849804,180
1530,1,2.231063038441762,181
1814,1,2.231343033867167,182
18272,1,2.232743829194699,183
8388,1,2.2343778119492876,184
20168,1,2.236199458108495,185
13242,1,2.240141276842086,186
10591,1,2.2403945260606326,187
11013,1,2.2422571061274152,188
19956,1,2.2433271932664876,189
7526,1,2.245641478131165,190
16535,1,2.2469972860803895,191
5366,1,2.247159892605173,192
1787,1,2.248336883409395,193
14815,1,2.249607680172144,194
5381,1,2.249811938598993,195
19259,1,2.250744418837116,196
15103,1,2.2529415565115034,197
10948,1,2.2551620288302057,198
10204,1,2.2559848931650914,199
4519,1,2.257035915362226,200
19863,1,2.257053454983522,201
21163,1,2.2576162690490453,202
20958,1,2.25845604220551,203
2774,1,2.2632600933634697,204
10684,1,2.2673235326387515,205
11712,1,2.27192139023667,206
8473,1,2.272549942289722,207
16666,1,2.273817198756741,208
21976,1,2.275437779880959,209
4606,1,2.2767841655924306,210
22900,1,2.2775043315497068,211
22833,1,2.2808319671721344,212
12982,1,2.2810503820448416,213
1111,1,2.282849073338121,214
1378,1,2.2841340696917216,215
15151,1,2.2875708352130206,216
13789,1,2.290510478313233,217
9178,1,2.29058215397197,218
3583,1,2.293537538514027,219
14391,1,2.2951540696897648,220
6593,1,2.2955409209320616,221
18807,1,2.2955833173644904,222
14023,1,2.2960927974623155,223
12710,1,2.2965495180783795,224
15605,1,2.2968959264202886,225
15077,1,2.2985691001360435,226
14770,1,2.2987537543496424,227
20773,1,2.3004189442816845,228
23880,1,2.300831480781013,229
9994,1,2.3010592391204097,230
4385,1,2.301205000699779,231
14303,1,2.301377681958222,232
4598,1,2.3026880431779464,233
11818,1,2.303874747314865,234
7101,1,2.304906419416282,235
19128,1,2.3081051045850867,236
1423,1,2.3083457498962288,237
18962,1,2.3127188114384407,238
18987,1,2.3131996533090895,239
14210,1,2.3135490138466084,240
22811,1,2.3141543750207045,241
9071,1,2.3144657758521623,242
12826,1,2.3158517376692433,243
3211,1,2.3175312823546,244
18339,1,2.3176981690834513,245
5495,1,2.3183542119312963,246
16936,1,2.31980496856194,247
22168,1,2.32072187081539,248
22403,1,2.322726687364731,249
23863,1,2.326721765653735,250
22102,1,2.328314495880469,251
6117,1,2.3283534082781596,252
16049,1,2.3290950814064235,253
18467,1,2.3304087346995996,254
4913,1,2.3321096597228133,255
9563,1,2.3349404218084433,256
16776,1,2.3351754524027615,257
1747,1,2.335986685191358,258
10026,1,2.3360024814281384,259
15394,1,2.3367675237505408,260
10212,1,2.3391204237266545,261
21440,1,2.3393416977678525,262
8395,1,2.3398912538657597,263
20382,1,2.3407436282076164,264
17432,1,2.3423652479614114,265
3857,1,2.3441617372535735,266
6474,1,2.344528346488853,267
22160,1,2.3450782109643673,268
11583,1,2.3468296881247532,269
2440,1,2.3476531314829194,270
3220,1,2.3490833974404004,271
17143,1,2.349956205009505,272
971,1,2.350469410819422,273
433,1,2.3511875316747166,274
22753,1,2.3512150836484955,275
10667,1,2.3521076640547633,276
5902,1,2.3540867544876174,277
1540,1,2.3573675180687093,278
5329,1,2.3582134481188213,279
15514,1,2.359796653016717,280
9586,1,2.3617062828617734,281
6356,1,2.362032043663656,282
21894,1,2.3625248670962273,283
4313,1,2.3635325118258192,284
16145,1,2.3648858296483115,285
21357,1,2.3658994965787423,286
4911,1,2.366072513411398,287
7212,1,2.3670800883158942,288
10414,1,2.367098524911044,289
13446,1,2.3676316882073305,290
22705,1,2.3693887537120077,291
23962,1,2.370386693334271,292
14500,1,2.3704784908186034,293
4126,1,2.3714457420577593,294
18610,1,2.372468094109467,295
19081,1,2.3725691383801126,296
13743,1,2.3741301946077784,297
945,1,2.3743713537731175,298
23890,1,2.37444260829902,299
12909,1,2.3759367916210317,300
22058,1,2.377129361880609,301
22593,1,2.3771365634654775,302
8746,1,2.379012366360747,303
4782,1,2.380123530932319,304
9035,1,2.3801261501473627,305
14572,1,2.3803075332138204,306
4675,1,2.381120825232018,307
6233,1,2.3825237229140326,308
2344,1,2.382558628648944,309
9335,1,2.3827543842820664,310
12022,1,2.3848000644634233,311
7185,1,2.385394779975886,312
10435,1,2.3876267388541828,313
7177,1,2.3893172391447313,314
23843,1,2.3894932144896184,315
22161,1,2.3906738729199253,316
6503,1,2.3911902778283483,317
12071,1,2.391965637479943,318
19161,1,2.392510294629504,319
24009,1,2.3934931602600176,320
9908,1,2.396769217239322,321
14228,1,2.397171765194143,322
3530,1,2.397748591687384,323
9354,1,2.3994630665330963,324
8145,1,2.3995322942696236,325
23526,1,2.400781909386373,326
4254,1,2.401651801571629,327
15910,1,2.402116257240982,328
23042,1,2.4033786780653537,329
6674,1,2.4040101640745544,330
18212,1,2.405670766847713,331
6237,1,2.4058074844032866,332
11897,1,2.4060120045453814,333
584,1,2.406643829268515,334
19816,1,2.4071594691853866,335
6451,1,2.4080173469223163,336
10612,1,2.4083232244087642,337
17822,1,2.40850206832585,338
17965,1,2.40867644782065,339
11880,1,2.4116125398747887,340
17568,1,2.412111737309989,341
20984,1,2.412791019301348,342
2155,1,2.412871834554412,343
6607,1,2.413659747361185,344
11902,1,2.4139289592745357,345
21156,1,2.414016987515466,346
11877,1,2.415634683553174,347
19039,1,2.417650210538853,348
14394,1,2.419089550468685,349
14408,1,2.4195229895002064,350
12853,1,2.4203472035943756,351
15616,1,2.420695176315395,352
5546,1,2.422604371831965,353
15312,1,2.4226361128128735,354
15739,1,2.425838658951391,355
2814,1,2.4262115687814405,356
11051,1,2.4264477631957897,357
10610,1,2.4276004813087586,358
7142,1,2.4281557869080026,359
18631,1,2.428421766760151,360
17854,1,2.4297545405728704,361
10833,1,2.4299241436587216,362
6414,1,2.430282236009138,363
5606,1,2.4314950065742647,364
10393,1,2.437849706838603,365
10192,1,2.4380254716985927,366
20604,1,2.4386497019676403,367
5823,1,2.4390628417611997,368
4340,1,2.4414887492995208,369
8577,1,2.4421763844843962,370
6395,1,2.4426665306445994,371
9980,1,2.443690701484569,372
800,1,2.44414406895892,373
12208,1,2.4449900947330683,374
10529,1,2.4474971638630545,375
14333,1,2.4477588871149827,376
3667,1,2.447962422672859,377
8704,1,2.450193003355273,378
12305,1,2.4502467236379832,379
7948,1,2.4516284133644786,380
1028,1,2.4524447542725096,381
17233,1,2.453447157561566,382
6831,1,2.457231260629865,383
16913,1,2.45932159306224,384
15057,1,2.4594941818081644,385
13124,1,2.459617126792322,386
23596,1,2.4619128021061694,387
17424,1,2.4619433958815806,388
17930,1,2.4622238008297845,389
4423,1,2.4622262881953083,390
4828,1,2.4653832088283494,391
15813,1,2.466670447603364,392
15259,1,2.4686646897801086,393
11220,1,2.470170204764418,394
6332,1,2.4706352443807336,395
2038,1,2.470684468171054,396
11500,1,2.471086218744129,397
16727,1,2.4718608250738567,398
5328,1,2.4731844239785152,399
11272,1,2.473334774727101,400
9324,1,2.4741491493541203,401
912,1,2.4746014879619884,402
4961,1,2.4751300610749056,403
3102,1,2.475499387452411,404
19856,1,2.4755957633202548,405
2010,1,2.4759429645126514,406
14354,1,2.4763488668888574,407
8856,1,2.477618061866847,408
9297,1,2.478043692485355,409
16311,1,2.4780807835323038,410
24011,1,2.478263568999715,411
15953,1,2.478853922167446,412
19773,1,2.4789345500134354,413
9199,1,2.4800197170697267,414
18183,1,2.480132926034623,415
9170,1,2.4805849158884734,416
10638,1,2.480947457896789,417
10580,1,2.480969246287558,418
9657,1,2.483716910210469,419
14807,1,2.4837504533806363,420
19730,1,2.4839389767583717,421
11901,1,2.4844388773847066,422
13874,1,2.485104258821176,423
9235,1,2.4852739542538815,424
12664,1,2.485637354519752,425
2519,1,2.485749056263795,426
1660,1,2.4869856843044666,427
3313,1,2.4871471361161976,428
3581,1,2.4871790890787553,429
15687,1,2.4875209844663106,430
7482,1,2.487722902566528,431
10032,1,2.4891933847270917,432
6049,1,2.491589084379861,433
14942,1,2.4921751409416797,434
5355,1,2.492318631499646,435
7656,1,2.492944938973107,436
6998,1,2.49493953461778,437
19230,1,2.495283837491809,438
21512,1,2.4969027962459833,439
14382,1,2.4974904806880107,440
16659,1,2.4986156494101186,441
211,1,2.498626088724575,442
16211,1,2.4991217710655724,443
14261,1,2.499145387012778,444
3354,1,2.4993140810922414,445
9412,1,2.500374333116284,446
19154,1,2.5015727862841644,447
3091,1,2.5017175404793868,448
6923,1,2.5023275265115466,449
8723,1,2.502395911504218,450
331,1,2.503531266633564,451
33,1,2.5037756223644565,452
13148,1,2.504890180227128,453
13811,1,2.5049379009574704,454
17117,1,2.505348375192819,455
16272,1,2.506853405576052,456
8815,1,2.507594893970125,457
9408,1,2.5083571355010945,458
17764,1,2.508894177584556,459
21446,1,2.511291507108808,460
17373,1,2.5115702061007004,461
15742,1,2.5125941131723137,462
18645,1,2.5143031208625644,463
7899,1,2.514828186588556,464
8104,1,2.5151095985291274,465
12464,1,2.5171042113709854,466
7393,1,2.5174961429966602,467
22503,1,2.518186675228265,468
4551,1,2.5183244236220066,469
7234,1,2.5183325846361413,470
8110,1,2.518623502258411,471
6955,1,2.518701553920512,472
19231,1,2.518901234767412,473
16954,1,2.5193646078071215,474
9079,1,2.5218506877969062,475
23978,1,2.523485929194206,476
19226,1,2.5248573398792282,477
17692,1,2.52513877554535,478
17299,1,2.52552478628937,479
23593,1,2.525527309647436,480
6797,1,2.526054555347484,481
3291,1,2.526167646179232,482
11433,1,2.5262257050090757,483
4623,1,2.5266520977942517,484
11031,1,2.526725943990074,485
12487,1,2.5273351857526674,486
11825,1,2.5279111104818868,487
7852,1,2.527913912589769,488
19301,1,2.530612643354981,489
20490,1,2.5318401829790544,490
23382,1,2.5321130719449862,491
7981,1,2.532794277910658,492
6214,1,2.533124335565004,493
10742,1,2.5337831332446195,494
4138,1,2.537263215573818,495
18958,1,2.5378142328574502,496
5713,1,2.5386035299549876,497
4656,1,2.5396657949609254,498
23713,1,2.5399842427166193,499
11702,1,2.540249988057414,500
9214,1,2.541737377800847,501
10992,1,2.5417865000949083,502
10980,1,2.5435037821386253,503
138,1,2.543744225217944,504
22427,1,2.543980103360328,505
21814,1,2.544553860501758,506
9681,1,2.546503332034301,507
553,1,2.5472728756406178,508
3895,1,2.5474360616114518,509
3606,1,2.547782090613446,510
16785,1,2.549721844248927,511
17840,1,2.551839709070679,512
15390,1,2.5525412232348934,513
7495,1,2.5529985031152873,514
5109,1,2.5538594015171796,515
15056,1,2.5548625493575665,516
21932,1,2.5564077611264238,517
13892,1,2.5582044785318057,518
1638,1,2.5588103395171036,519
9931,1,2.558924213668217,520
5770,1,2.5593869314135675,521
23159,1,2.5599259221608737,522
22322,1,2.561345803498047,523
23422,1,2.5618872839017226,524
3356,1,2.562592489476768,525
9918,1,2.563169287090908,526
12605,1,2.5638168453320467,527
15591,1,2.5641955747891627,528
16887,1,2.5654976357893617,529
11652,1,2.5659904404915044,530
22933,1,2.566279628625684,531
244,1,2.5663599087590954,532
13716,1,2.5678922157128246,533
21485,1,2.568094710553196,534
232,1,2.5685106005165625,535
13255,1,2.5691546341648306,536
9185,1,2.570061824254322,537
19954,1,2.5701129063260524,538
9001,1,2.570258180790598,539
6378,1,2.5703287725998893,540
4693,1,2.570726196201521,541
604,1,2.5727610976601576,542
13678,1,2.5727892684392337,543
23046,1,2.572890531258246,544
9489,1,2.5729516375001777,545
14016,1,2.5738184000358015,546
14804,1,2.5744135845221217,547
13619,1,2.5745472345880627,548
18047,1,2.574622746374822,549
8620,1,2.5755729416101123,550
4839,1,2.5760550066534407,551
18311,1,2.576089979140998,552
2918,1,2.5762026411040506,553
6921,1,2.5764955711971,554
6980,1,2.5766788305828907,555
14554,1,2.578407342754443,556
3163,1,2.5795225055707234,557
5880,1,2.5801690308511454,558
9232,1,2.58035084048721,559
22690,1,2.581084844807579,560
21709,1,2.5824281926768107,561
3431,1,2.58424930958782,562
4274,1,2.584435278386271,563
16835,1,2.5850299084683823,564
5709,1,2.5852030840291205,565
1307,1,2.58547854067734,566
4399,1,2.5856053101693317,567
3730,1,2.5863876799730092,568
18564,1,2.5901097959437362,569
23399,1,2.5903201024967912,570
13116,1,2.592016843963826,571
11760,1,2.592397049904893,572
21015,1,2.593179806021099,573
6982,1,2.5934500477043496,574
23947,1,2.593600463888233,575
7601,1,2.5959024504761095,576
1339,1,2.5964703794251616,577
8123,1,2.596793199803813,578
18790,1,2.5976436815972592,579
9770,1,2.5980192828317388,580
17281,1,2.598055913860236,581
19197,1,2.598213348592139,582
8865,1,2.598329656481778,583
23870,1,2.5983618970077558,584
7817,1,2.598446464133976,585
9445,1,2.599281254202112,586
16422,1,2.5994407263996644,587
21041,1,2.599584280695498,588
15948,1,2.599604582138411,589
2016,1,2.600083960177138,590
21236,1,2.6004239941042067,591
4645,1,2.6004390587353194,592
8233,1,2.601543412206235,593
18727,1,2.6018132682706643,594
13551,1,2.602876976999735,595
23372,1,2.6038467616989482,596
955,1,2.605429948347102,597
10686,1,2.6066177833087814,598
8152,1,2.609700723923147,599
18613,1,2.6113378498729456,600
22233,1,2.611752726190446,601
11255,1,2.6126288393194246,602
8273,1,2.612817921857006,603
9739,1,2.613147641750494,604
23505,1,2.6133915251858095,605
11406,1,2.613804997346847,606
16005,1,2.613912752626311,607
7645,1,2.614763659877807,608
11619,1,2.615433029892555,609
18199,1,2.6163659357643154,610
21515,1,2.6164032551804355,611
11909,1,2.6169268636326413,612
18728,1,2.6184417957606874,613
10055,1,2.6203223385426218,614
20559,1,2.621466931523575,615
5637,1,2.621738565316436,616
10929,1,2.6218895056882077,617
11447,1,2.62222301535309,618
12623,1,2.62264065051922,619
15363,1,2.6228569472784167,620
7187,1,2.6232555856998077,621
2183,1,2.6234123685256248,622
9319,1,2.623416266318057,623
22586,1,2.624680914274311,624
10365,1,2.62480864332619,625
8121,1,2.6297570384532953,626
21090,1,2.631701364412945,627
10921,1,2.633069298447626,628
14702,1,2.634182695568256,629
18975,1,2.634272554340665,630
18096,1,2.6354143336689395,631
23375,1,2.6373585102698716,632
21607,1,2.6374739990808576,633
8962,1,2.6377360907373077,634
15576,1,2.6378464938660597,635
23489,1,2.6379019688201395,636
15048,1,2.6379350667505315,637
21223,1,2.6379391111934276,638
1570,1,2.638068150495811,639
21522,1,2.638809837482591,640
13245,1,2.639455108340276,641
10988,1,2.639642820467234,642
13945,1,2.6396985472966623,643
10384,1,2.6399330542107786,644
1968,1,2.6413860424934406,645
5211,1,2.6418595647112464,646
107,1,2.6419070893141896,647
17589,1,2.642547544924366,648
8448,1,2.6431227641776887,649
22789,1,2.644696827210389,650
22320,1,2.645671273691229,651
18731,1,2.6457355923546224,652
2194,1,2.6464568550996117,653
9145,1,2.6472036549188953,654
7133,1,2.6478765083511875,655
19363,1,2.6479362107637208,656
6743,1,2.6485208424300244,657
3274,1,2.649144161393569,658
4076,1,2.6493606634364695,659
20234,1,2.6496413686364684,660
20140,1,2.6496481163254297,661
16480,1,2.64982072931659,662
20329,1,2.649839152927306,663
9370,1,2.650425711946221,664
239,1,2.6510629016792917,665
13601,1,2.6514348600450157,666
2934,1,2.6522102222299053,667
10764,1,2.6525535620334595,668
15190,1,2.6532273245828053,669
20704,1,2.6537608518605174,670
9557,1,2.653838011874202,671
3704,1,2.6544195326728337,672
12572,1,2.6559626204041438,673
4626,1,2.656553927580253,674
5311,1,2.6587192920017038,675
18134,1,2.658798701610149,676
13154,1,2.660839654202284,677
21254,1,2.660946326677224,678
22100,1,2.6616455265879853,679
10822,1,2.6631100965775882,680
23001,1,2.6641716384468874,681
19769,1,2.664517210601956,682
14193,1,2.664618869866673,683
11317,1,2.6656697928417157,684
3964,1,2.6675957078237946,685
9165,1,2.6697327359814538,686
2721,1,2.6698417529010126,687
22782,1,2.6707390474110864,688
22957,1,2.671832390267151,689
16472,1,2.673237857189568,690
248,1,2.6751766297124004,691
6537,1,2.6756483981515333,692
14056,1,2.675730938258075,693
18674,1,2.677935425028219,694
745,1,2.6783963039380443,695
16705,1,2.6792249156802965,696
19388,1,2.6793286794285054,697
514,1,2.6802551034598197,698
1396,1,2.6804765548058556,699
12824,1,2.6808929351303097,700
2087,1,2.681448729613072,701
7927,1,2.6824277031013963,702
22213,1,2.6845585967822805,703
11504,1,2.68506091633608,704
18477,1,2.6856180667719456,705
14930,1,2.6861827362198745,706
16537,1,2.686310105684403,707
13830,1,2.6867362552565277,708
3970,1,2.6870132702366933,709
5721,1,2.6883999455192025,710
2482,1,2.6887931606313575,711
22469,1,2.6899090192562585,712
18912,1,2.690020320244614,713
11434,1,2.691987868026906,714
8305,1,2.6921231298466877,715
4216,1,2.6921872854738442,716
9253,1,2.6925707652477846,717
1848,1,2.6927546511036518,718
21488,1,2.6928800657253427,719
4493,1,2.6937171288922617,720
2007,1,2.6938183003004617,721
8826,1,2.694209617423278,722
15717,1,2.6942971422103423,723
15608,1,2.6945486402534993,724
15212,1,2.694610958921138,725
17456,1,2.6957267402263883,726
11200,1,2.696706883509614,727
10373,1,2.697018090396444,728
21848,1,2.697443850486933,729
15767,1,2.697843237033647,730
19386,1,2.6991444015592307,731
7757,1,2.699442131348718,732
9058,1,2.6999479525374794,733
7760,1,2.7008396916607147,734
22984,1,2.7014764891817085,735
21070,1,2.7024577484837287,736
22366,1,2.7025179844229568,737
16929,1,2.702848082417468,738
15262,1,2.705696213603154,739
13221,1,2.706556641358795,740
12001,1,2.7072321199677494,741
23131,1,2.707308810025381,742
22920,1,2.707652911146229,743
19169,1,2.7078893007845735,744
10169,1,2.7090173227942613,745
13934,1,2.7090225800210215,746
4918,1,2.7091566268442535,747
12656,1,2.70917224248456,748
10029,1,2.709904033336463,749
16782,1,2.71007495626427,750
18621,1,2.710532134802698,751
2359,1,2.710871501973103,752
22907,1,2.7112723310155356,753
16888,1,2.711498490286171,754
8708,1,2.7127287820584276,755
22816,1,2.712975153856088,756
23628,1,2.7133448537152303,757
5656,1,2.713503780269389,758
19917,1,2.7135051965282786,759
2255,1,2.714359274540133,760
5170,1,2.7153822443158377,761
21246,1,2.7163618956950546,762
18256,1,2.7176063373866697,763
4153,1,2.7189760420450138,764
18290,1,2.7190536988732132,765
16076,1,2.7190616878923684,766
6648,1,2.7194838356746187,767
18143,1,2.7199764430237026,768
1486,1,2.7202029467752222,769
7316,1,2.721205110656296,770
20611,1,2.7214195614354013,771
21269,1,2.724106014386301,772
14473,1,2.7252547112524717,773
23581,1,2.7253189328673098,774
19346,1,2.7256436864314724,775
9348,1,2.726057555807009,776
20033,1,2.726410982004563,777
12248,1,2.7275070417791016,778
22127,1,2.7285114795054013,779
13901,1,2.729592244157011,780
23716,1,2.729624785610001,781
2401,1,2.7296748903939183,782
14204,1,2.730417322564739,783
4357,1,2.730634453085104,784
23829,1,2.7311482482235734,785
6883,1,2.7312051654293783,786
11609,1,2.7321557312747564,787
11164,1,2.733488238151583,788
17645,1,2.7336587474237852,789
17664,1,2.734029892594658,790
5639,1,2.7354823338027763,791
16352,1,2.735512075997978,792
13812,1,2.735637403524871,793
10279,1,2.7374640232827825,794
18194,1,2.7382653883305004,795
23680,1,2.738941727733502,796
22048,1,2.7396708604355426,797
1297,1,2.739725013640825,798
20536,1,2.7400592448332755,799
3018,1,2.740281700632313,800
1718,1,2.7406556349062097,801
2611,1,2.7410179802665247,802
14866,1,2.7413504955147294,803
18100,1,2.7416519126072294,804
23675,1,2.741717722224307,805
3578,1,2.7420239130053505,806
12465,1,2.7431126534471564,807
20453,1,2.743795859734317,808
21238,1,2.7439121938152904,809
2979,1,2.7439583501419094,810
10246,1,2.7443640324476015,811
11202,1,2.7450297457706605,812
5679,1,2.7463823542305144,813
9463,1,2.746873062386688,814
3934,1,2.7469650511422956,815
14864,1,2.747281900786764,816
14788,1,2.7478378355987076,817
9336,1,2.748179610146922,818
20013,1,2.7487710097989857,819
4801,1,2.748935685700084,820
2504,1,2.749912478919608,821
18039,1,2.7507490939906276,822
2756,1,2.751722634654161,823
12161,1,2.753331482686666,824
7037,1,2.7536700322670398,825
9651,1,2.753742858790984,826
9541,1,2.753915840408814,827
16970,1,2.754206523940966,828
3848,1,2.7548021347277034,829
21923,1,2.754880123205825,830
5909,1,2.7555166346480076,831
16203,1,2.7558257712394463,832
19387,1,2.756179146860232,833
13742,1,2.756212141405798,834
19476,1,2.7566853431116365,835
3119,1,2.757136807031701,836
19369,1,2.7577244035729183,837
3955,1,2.758379887343078,838
10464,1,2.7588064923819173,839
8557,1,2.7588709707703463,840
544,1,2.759242338266631,841
5049,1,2.75969122287499,842
10388,1,2.7607029663417992,843
18181,1,2.7609564208596273,844
15792,1,2.761586836782658,845
2386,1,2.761788588244953,846
9172,1,2.76221431286556,847
2582,1,2.762786512313538,848
13665,1,2.7636761267825025,849
11848,1,2.764162995136651,850
23881,1,2.7654523852413573,851
2710,1,2.765504408439524,852
19719,1,2.7663215222752204,853
18137,1,2.7664427342329296,854
11408,1,2.7666612737605853,855
774,1,2.766991492486072,856
17530,1,2.767575591180392,857
23527,1,2.7679916696056805,858
21406,1,2.7693671173218277,859
19589,1,2.769459283919216,860
15141,1,2.7695009184373403,861
7648,1,2.770749079654816,862
8344,1,2.770860683556242,863
21454,1,2.7713304321179644,864
1988,1,2.771582427774006,865
1631,1,2.7718189080679947,866
9051,1,2.7722449295579303,867
19570,1,2.773785388847731,868
19244,1,2.7750713890723597,869
849,1,2.775279422938505,870
7664,1,2.776151446763281,871
10112,1,2.7768836946916573,872
4474,1,2.7780112116737117,873
22994,1,2.77833938437106,874
5317,1,2.778345523707814,875
21442,1,2.7803327632539334,876
18911,1,2.7804433316382418,877
11387,1,2.7805234317450522,878
13449,1,2.7807019631940446,879
21320,1,2.780808265331806,880
20736,1,2.7810289266344816,881
16193,1,2.781046630713925,882
8306,1,2.7814124884932876,883
10699,1,2.782194666636997,884
1236,1,2.7826261101982186,885
11510,1,2.783898552866983,886
4635,1,2.783920446713781,887
15952,1,2.7845358391137074,888
13246,1,2.785253840354972,889
14789,1,2.785319832461059,890
7626,1,2.785835183437234,891
8480,1,2.7868021509339576,892
21264,1,2.786899244829015,893
10283,1,2.788368541301875,894
2058,1,2.7889403885906714,895
4097,1,2.7894220696905054,896
1949,1,2.789571407979794,897
12321,1,2.7903140299279325,898
12627,1,2.7909840357245814,899
18273,1,2.7913306877295527,900
15518,1,2.7914252287178027,901
7340,1,2.791441199708954,902
663,1,2.7922500157536283,903
20816,1,2.792576689488094,904
8076,1,2.793555290595427,905
19658,1,2.7935987686135157,906
1153,1,2.793938998825422,907
17649,1,2.7944124894737503,908
4206,1,2.796180399401697,909
8006,1,2.7963887561359604,910
2257,1,2.79714466461619,911
1563,1,2.798134658605597,912
3024,1,2.7988462977866604,913
951,1,2.799769387005608,914
17725,1,2.800518700244894,915
9247,1,2.8011760538642343,916
9081,1,2.8011994412695014,917
9230,1,2.8011994412695014,918
13100,1,2.801235485871197,919
15299,1,2.8014568508391067,920
15375,1,2.8016744017727317,921
17885,1,2.8026318408640996,922
803,1,2.8029142408786747,923
13291,1,2.803835066824081,924
16446,1,2.8040377176523297,925
14497,1,2.80432702519219,926
16469,1,2.804503162147727,927
7554,1,2.806755863504214,928
22442,1,2.8079833277671984,929
6427,1,2.8084923591540907,930
11410,1,2.8088274491211425,931
17248,1,2.80884887667283,932
12559,1,2.808932670817669,933
22584,1,2.8090536630035587,934
6107,1,2.8092904860264514,935
17179,1,2.8104643672601086,936
5173,1,2.81060762991337,937
5776,1,2.8106609863281555,938
14484,1,2.810725682474676,939
23024,1,2.8115669074302696,940
20620,1,2.81158117968421,941
7956,1,2.8117207020055552,942
17191,1,2.8125564192874624,943
4530,1,2.8125574310570522,944
4563,1,2.8126131789747393,945
16541,1,2.8130599271704266,946
15841,1,2.813314137620884,947
944,1,2.813471730440454,948
5691,1,2.813526110440299,949
5775,1,2.8139622014832337,950
15883,1,2.8140193829187443,951
19510,1,2.814542811378077,952
12802,1,2.8148025518310904,953
18216,1,2.8156828168125596,954
18657,1,2.8158445054784864,955
7036,1,2.81584925977364,956
17506,1,2.816106231869733,957
23840,1,2.8165984501270422,958
16179,1,2.8166824448242336,959
2489,1,2.8172085770373227,960
23081,1,2.8173781584428577,961
2942,1,2.81900671112403,962
6287,1,2.819715532477494,963
17193,1,2.820197547957056,964
11546,1,2.820512283529342,965
16019,1,2.8219482237835716,966
23982,1,2.8224742108469743,967
15118,1,2.822661066418888,968
22467,1,2.824366171410774,969
17160,1,2.8243886311350206,970
8240,1,2.8249594891667122,971
22986,1,2.8264964344281953,972
1688,1,2.8267734417469836,973
19568,1,2.827686907162386,974
6010,1,2.8279321973024567,975
15,1,2.8282119736544304,976
3237,1,2.828814407579261,977
3344,1,2.8289221710234336,978
6418,1,2.8290989494850884,979
7552,1,2.829103422075176,980
16856,1,2.8292351175385972,981
2975,1,2.8296027819742693,982
4643,1,2.830117428088252,983
1418,1,2.830283345942208,984
7445,1,2.8310754765209176,985
14982,1,2.8319211411142864,986
16020,1,2.832135089064511,987
13492,1,2.8322852211114657,988
10152,1,2.8326263535611047,989
23664,1,2.833405707904109,990
11771,1,2.8338108859862077,991
18940,1,2.834027736324553,992
4160,1,2.834073298421683,993
14071,1,2.834760858981677,994
11127,1,2.8348196698900643,995
16183,1,2.8348342121524697,996
15371,1,2.8372416857757967,997
22319,1,2.837879456633122,998
5645,1,2.838178208195442,999
3213,1,2.8382513207095106,1000
11193,1,2.8384101210226285,1001
22721,1,2.8401449507677308,1002
12279,1,2.8402026092663575,1003
2951,1,2.8402904823705146,1004
6462,1,2.8404092815569304,1005
17403,1,2.8412653246519732,1006
21685,1,2.8413585084421022,1007
15060,1,2.8427206422307467,1008
18650,1,2.843720047472161,1009
19817,1,2.8439769615917334,1010
7149,1,2.844001622035301,1011
4032,1,2.844649309360641,1012
21312,1,2.844763636920211,1013
11440,1,2.845488905387581,1014
9449,1,2.845734307943577,1015
6649,1,2.846419660706279,1016
749,1,2.8464322226552694,1017
574,1,2.8466487100962112,1018
375,1,2.8480146108860875,1019
10847,1,2.8487746388243695,1020
2687,1,2.8493353243209887,1021
7847,1,2.849539545533497,1022
21429,1,2.850035169709204,1023
3764,1,2.8503537761316835,1024
67,1,2.8504080843148287,1025
1650,1,2.8504096708613513,1026
15362,1,2.850801478629557,1027
12520,1,2.8511404706284713,1028
11481,1,2.85181076000527,1029
9457,1,2.8518376739112337,1030
16430,1,2.8520202630243774,1031
1218,1,2.8527089919655584,1032
22640,1,2.8537783066495535,1033
21821,1,2.8540600357515693,1034
14920,1,2.8550234049419196,1035
31,1,2.8567328057843646,1036
23938,1,2.8569353708224527,1037
20817,1,2.8573030206946664,1038
1568,1,2.8586926995321615,1039
3229,1,2.8590879782219627,1040
9699,1,2.859096595789275,1041
19775,1,2.8592438877138755,1042
16317,1,2.8597920673308828,1043
6794,1,2.859917232184244,1044
5396,1,2.8612647567594616,1045
17539,1,2.861301933446884,1046
13052,1,2.8628615444522167,1047
7333,1,2.8629453677567307,1048
8064,1,2.8632132631960134,1049
19342,1,2.8633158080662113,1050
8086,1,2.8634906207206656,1051
6490,1,2.863787245483604,1052
8705,1,2.864845942454747,1053
2460,1,2.86617329662789,1054
23096,1,2.866614469140284,1055
2743,1,2.8677355232940007,1056
1832,1,2.8680651657339142,1057
8927,1,2.8681686081848223,1058
5104,1,2.8688165834260375,1059
7621,1,2.8706923955445363,1060
15868,1,2.870996089570254,1061
22803,1,2.8712977454311996,1062
10315,1,2.8723392549185722,1063
10781,1,2.8729153301715233,1064
8436,1,2.8732605628660077,1065
6000,1,2.8732933749779757,1066
12642,1,2.8735653018611815,1067
1051,1,2.87374469869424,1068
10371,1,2.8741598743812222,1069
7710,1,2.874771263705044,1070
22218,1,2.8752780295693485,1071
18415,1,2.876004412173471,1072
19835,1,2.8767502310874966,1073
2956,1,2.8770529612991957,1074
15683,1,2.877053535652553,1075
10200,1,2.8787689756111687,1076
9973,1,2.87883176061048,1077
10958,1,2.8806421321368463,1078
1802,1,2.8810034569080467,1079
5917,1,2.881212207710269,1080
5616,1,2.881364804062211,1081
879,1,2.8827249731392524,1082
12791,1,2.8832389698638656,1083
9208,1,2.8842249638295963,1084
11377,1,2.8844130476141094,1085
3528,1,2.884779807598962,1086
20980,1,2.884784773900626,1087
23859,1,2.884844708967103,1088
1890,1,2.8848927214630145,1089
5979,1,2.8850144001009412,1090
10220,1,2.8855120172371533,1091
21124,1,2.885588390832999,1092
16471,1,2.886505755739868,1093
4614,1,2.8867925903754577,1094
10430,1,2.886825475913224,1095
11077,1,2.887749219739605,1096
6172,1,2.8878666726000293,1097
13193,1,2.8880308407003783,1098
21857,1,2.8892939111028633,1099
14721,1,2.890044089096086,1100
7555,1,2.8904746549206117,1101
15890,1,2.890922117100003,1102
14341,1,2.891474113651554,1103
2022,1,2.8923491862377513,1104
18205,1,2.89289319379695,1105
11654,1,2.8932360902848075,1106
9621,1,2.89367929450529,1107
17882,1,2.8936952003940735,1108
382,1,2.894073415767829,1109
3610,1,2.8943414440569866,1110
9796,1,2.8945407714896385,1111
600,1,2.89477183206723,1112
3296,1,2.8958852305529197,1113
20196,1,2.896238085417919,1114
408,1,2.8970914447791407,1115
4654,1,2.897661787293874,1116
13765,1,2.8978887315725927,1117
20243,1,2.898560474557294,1118
23355,1,2.8990250958232675,1119
18440,1,2.899793733477771,1120
22657,1,2.9000866127794342,1121
17151,1,2.900187583854037,1122
20654,1,2.901225519529797,1123
4629,1,2.901570764245591,1124
21760,1,2.9016579528074944,1125
8969,1,2.9017946010465896,1126
23511,1,2.902214541232273,1127
23090,1,2.902674589335683,1128
7632,1,2.902711840153101,1129
13234,1,2.9031673454956963,1130
12380,1,2.903443858364597,1131
1769,1,2.9037537567966925,1132
5528,1,2.9041237196986676,1133
14135,1,2.904252863668702,1134
2673,1,2.904320072559462,1135
13723,1,2.9043674250447995,1136
7966,1,2.904789252868654,1137
16517,1,2.9048438837452055,1138
23395,1,2.9048677576879007,1139
1146,1,2.906226325174642,1140
20257,1,2.906773116487602,1141
16374,1,2.9068164713041478,1142
1497,1,2.9073358517101364,1143
13521,1,2.908724655823557,1144
18295,1,2.9092749376242475,1145
11012,1,2.909333122878412,1146
15289,1,2.909656484510769,1147
479,1,2.910288058146933,1148
20795,1,2.910510736972479,1149
11426,1,2.911666118283856,1150
20921,1,2.91338037738509,1151
23094,1,2.913402442016311,1152
16077,1,2.9136512397930248,1153
2558,1,2.913783243177691,1154
11673,1,2.913950826378898,1155
22440,1,2.9139988511573005,1156
7968,1,2.9145757290789374,1157
14649,1,2.9147413185591913,1158
21006,1,2.9148620358827846,1159
22253,1,2.916782731990134,1160
6985,1,2.916837642467371,1161
12021,1,2.9168957821146013,1162
3770,1,2.916939807657845,1163
18872,1,2.917336841391656,1164
3487,1,2.9184333501779376,1165
2997,1,2.9188378674041524,1166
13654,1,2.918923850173815,1167
19137,1,2.919366758769927,1168
16029,1,2.9195867335019283,1169
2665,1,2.919684652411967,1170
24019,1,2.920335882168972,1171
16239,1,2.9209820079066744,1172
22313,1,2.921197786270368,1173
18812,1,2.921344081245532,1174
6382,1,2.921462797453443,1175
966,1,2.921713947583579,1176
5794,1,2.9221451993347176,1177
13473,1,2.9226395556899325,1178
8608,1,2.922790950916877,1179
8232,1,2.9244958540116484,1180
11308,1,2.9247575235943515,1181
20835,1,2.925056683081096,1182
13883,1,2.9255309041907522,1183
16763,1,2.926566632893535,1184
3372,1,2.9273257761074456,1185
14443,1,2.9276701837785946,1186
3773,1,2.9281108574951222,1187
8368,1,2.928888158189104,1188
1220,1,2.9291649486154334,1189
13610,1,2.9300503353325253,1190
7372,1,2.9309218469592704,1191
10828,1,2.931823459832784,1192
9644,1,2.932607994420459,1193
4691,1,2.9328599142816114,1194
16792,1,2.933298929067309,1195
23461,1,2.9333688678532486,1196
1318,1,2.9335954023243076,1197
16721,1,2.934155327069219,1198
23246,1,2.9343153238834994,1199
5298,1,2.934690600965158,1200
6460,1,2.9369699780755254,1201
18293,1,2.9377020855233344,1202
23531,1,2.937755262860662,1203
10016,1,2.937999759444932,1204
9054,1,2.938167320125642,1205
420,1,2.938220343734387,1206
20005,1,2.9383603003181,1207
21396,1,2.940355226497305,1208
16850,1,2.9409237039962948,1209
16502,1,2.941497561404541,1210
10353,1,2.942450185527872,1211
13989,1,2.9430243044109825,1212
16321,1,2.943336606723662,1213
10420,1,2.9436725030578406,1214
7125,1,2.943942281210882,1215
7809,1,2.9442836921441247,1216
5342,1,2.94481681780142,1217
6523,1,2.946076784640912,1218
4310,1,2.9471472213472825,1219
7078,1,2.9478411565359393,1220
4273,1,2.948878369829211,1221
15303,1,2.948890258197206,1222
9872,1,2.949340046385332,1223
16172,1,2.950276394834036,1224
1,1,2.950277883173676,1225
12930,1,2.950386015842281,1226
14284,1,2.950768963151951,1227
321,1,2.9517273203026027,1228
1115,1,2.951757818266036,1229
15807,1,2.951879502097813,1230
15991,1,2.951925496426388,1231
23794,1,2.952199485122745,1232
911,1,2.952215577993834,1233
14157,1,2.9523835935792375,1234
14516,1,2.9528048927019066,1235
5026,1,2.953048020194404,1236
11323,1,2.9531655305851667,1237
7134,1,2.9531812124658043,1238
10254,1,2.9533445756984764,1239
15474,1,2.9538581251146487,1240
22129,1,2.9550108637883787,1241
10232,1,2.956450853331133,1242
9684,1,2.957131986131514,1243
20990,1,2.9571498327325987,1244
19285,1,2.9573729443120036,1245
3092,1,2.957853045494908,1246
15881,1,2.9591664432086806,1247
11325,1,2.9592430075040195,1248
6282,1,2.959374699660357,1249
10234,1,2.9597085698251124,1250
10913,1,2.9598272683895295,1251
9284,1,2.9600713181909324,1252
14092,1,2.960122112134178,1253
15575,1,2.9605772722164967,1254
20261,1,2.960621123729468,1255
3489,1,2.9612247784430616,1256
13419,1,2.9612333083732443,1257
9956,1,2.961909043627707,1258
20723,1,2.9632017175195227,1259
19378,1,2.963616456368006,1260
19663,1,2.9637745951052152,1261
4537,1,2.9639241048107072,1262
13562,1,2.9643445344697277,1263
13297,1,2.9644126888685536,1264
12756,1,2.9659771777753368,1265
14502,1,2.9661005275550605,1266
3214,1,2.9665920556478964,1267
16647,1,2.9671738693155523,1268
9480,1,2.9672324218526818,1269
22575,1,2.9675810750715628,1270
10431,1,2.967682585381622,1271
3814,1,2.967955901141061,1272
15419,1,2.968306637395243,1273
17132,1,2.9687690719450717,1274
5805,1,2.9693949265907214,1275
10467,1,2.9695235977592955,1276
18510,1,2.9698458125336376,1277
14828,1,2.9707214455562503,1278
512,1,2.97084483150567,1279
19916,1,2.9720097441568014,1280
7799,1,2.9721386046651523,1281
19895,1,2.972271407636467,1282
4500,1,2.972465087393127,1283
22006,1,2.972479102604367,1284
20232,1,2.9731196181275967,1285
1629,1,2.9737149918489982,1286
14197,1,2.974274651381152,1287
19686,1,2.974780074561855,1288
10776,1,2.976013763957019,1289
14271,1,2.976274757954515,1290
19571,1,2.976641468476166,1291
15008,1,2.976847083497203,1292
23735,1,2.976949766859845,1293
17638,1,2.9769597364868727,1294
22282,1,2.977215450119452,1295
13500,1,2.977421889692851,1296
12979,1,2.977804407119572,1297
5315,1,2.977944028800973,1298
6809,1,2.978001360904895,1299
13460,1,2.978071987273939,1300
5228,1,2.9781391985222823,1301
15981,1,2.978139508957379,1302
9233,1,2.978295518459684,1303
10558,1,2.9785245990388116,1304
2636,1,2.9785941563858103,1305
6366,1,2.9795268674479902,1306
10568,1,2.979806856253866,1307
8354,1,2.9802615964434143,1308
20345,1,2.980363809572443,1309
20413,1,2.980410097138434,1310
15440,1,2.9805829324803534,1311
23478,1,2.9806429587442103,1312
20158,1,2.9810105056924066,1313
11736,1,2.9813044046971062,1314
20645,1,2.9814659493299085,1315
2679,1,2.983129667977226,1316
19221,1,2.9836743411566973,1317
6820,1,2.9838032783910777,1318
15329,1,2.984033155980858,1319
12036,1,2.9849857566931837,1320
10793,1,2.9851024278307845,1321
20981,1,2.9852687499684163,1322
3825,1,2.9853647985582494,1323
3599,1,2.98729158637095,1324
22938,1,2.9873581468989894,1325
23068,1,2.9882122862062075,1326
5262,1,2.9885062074715893,1327
17808,1,2.9886037828918597,1328
16493,1,2.988881908504064,1329
22128,1,2.988959008551991,1330
16181,1,2.9890010119681234,1331
4019,1,2.989138297758614,1332
9846,1,2.9894604268508553,1333
23875,1,2.9910141786997793,1334
10312,1,2.991071166457658,1335
14881,1,2.9911014139663554,1336
20360,1,2.9911235980137985,1337
16366,1,2.9911482801878564,1338
19582,1,2.9915129010270856,1339
15882,1,2.9915687542845038,1340
13141,1,2.9916728178249143,1341
8280,1,2.9917548333414072,1342
3410,1,2.9922605060053318,1343
20378,1,2.9930015771857947,1344
7890,1,2.9930653369045657,1345
5384,1,2.9947654892032047,1346
17526,1,2.9958700377495435,1347
16526,1,2.9971873550868096,1348
422,1,2.9972765526266363,1349
19305,1,2.999525179002055,1350
20209,1,2.9997442822342446,1351
1344,1,3.0001540811252685,1352
12551,1,3.001582997401551,1353
8552,1,3.0023909675064244,1354
20297,1,3.0025800976092776,1355
9456,1,3.0039846254998332,1356
21762,1,3.004317778753504,1357
12924,1,3.0048819069050867,1358
23645,1,3.0049637164604652,1359
19992,1,3.005279643680644,1360
19006,1,3.0062588822892358,1361
8937,1,3.0074390902850787,1362
22316,1,3.007552841318623,1363
21632,1,3.007668351745295,1364
21741,1,3.007822630489462,1365
18969,1,3.0082877149286404,1366
10173,1,3.008954564014207,1367
2156,1,3.0097224451487756,1368
17977,1,3.0104641388015474,1369
11472,1,3.0105425040671543,1370
15505,1,3.010924453634088,1371
12329,1,3.0114806748427148,1372
4113,1,3.0115811893260926,1373
15596,1,3.0116180999569706,1374
8941,1,3.0137837659031153,1375
10687,1,3.014000913176434,1376
4009,1,3.0143145495252455,1377
12426,1,3.014789796819562,1378
20858,1,3.015929807080347,1379
21017,1,3.016067628295015,1380
6234,1,3.0160969258870107,1381
9587,1,3.0161008097921025,1382
12893,1,3.0169779875053955,1383
22573,1,3.0177892357627436,1384
6776,1,3.0187412237779547,1385
17509,1,3.0191796315560393,1386
14326,1,3.019772748583863,1387
2511,1,3.0200531147433973,1388
365,1,3.020449434444482,1389
2581,1,3.020934276041149,1390
18720,1,3.0213214845077503,1391
1610,1,3.022005141961216,1392
20144,1,3.0222931324736515,1393
13023,1,3.022540598842743,1394
5264,1,3.0228243845459906,1395
19334,1,3.0228584043478697,1396
10295,1,3.0231475145565945,1397
4851,1,3.0244707490816642,1398
19849,1,3.0268112516532932,1399
10178,1,3.027024445489054,1400
12777,1,3.027028078506993,1401
9767,1,3.02725225863529,1402
19593,1,3.0278799182598455,1403
13676,1,3.0282102368740795,1404
9261,1,3.0284130262675104,1405
192,1,3.0284761132726334,1406
22420,1,3.028872123795959,1407
4880,1,3.0292221782934683,1408
4331,1,3.029412394312523,1409
1015,1,3.0294936299283393,1410
14508,1,3.029899991744525,1411
12169,1,3.0302055874583087,1412
1108,1,3.030984319279608,1413
10748,1,3.03111918153564,1414
21335,1,3.0321131539013013,1415
6086,1,3.0322861503190564,1416
10494,1,3.032322500454842,1417
4005,1,3.033540879041799,1418
23798,1,3.033920090975317,1419
1887,1,3.0351941167290946,1420
23082,1,3.0359315081928644,1421
9498,1,3.0361316543684285,1422
13594,1,3.036916931402113,1423
14777,1,3.037759435147761,1424
15469,1,3.037798362893477,1425
8893,1,3.0387867587529986,1426
3984,1,3.039280934243307,1427
1835,1,3.0393868451824315,1428
15999,1,3.039632790624108,1429
18185,1,3.0403785414693196,1430
7336,1,3.040477991036667,1431
23797,1,3.0415302459786853,1432
14859,1,3.041670414562376,1433
7442,1,3.042824044564546,1434
583,1,3.0430044535565544,1435
9543,1,3.0433248679098646,1436
18093,1,3.043791600438252,1437
13936,1,3.044256674495048,1438
15208,1,3.045391834078486,1439
2676,1,3.0458271941420896,1440
17703,1,3.0466989430362887,1441
11723,1,3.0468902232466077,1442
10149,1,3.047393714135502,1443
5518,1,3.047633464444072,1444
6835,1,3.047755693375029,1445
4712,1,3.047778095609674,1446
21914,1,3.0478301943866377,1447
1547,1,3.0482364262072643,1448
8398,1,3.0484201496936443,1449
14659,1,3.0493326867116273,1450
556,1,3.0503703586310227,1451
920,1,3.050624909815304,1452
22557,1,3.050863459767129,1453
6336,1,3.050895645283789,1454
5263,1,3.0510871378870212,1455
9203,1,3.051209972450152,1456
16595,1,3.051334960350551,1457
10109,1,3.051381670756439,1458
10977,1,3.051391733995913,1459
4795,1,3.051941626136115,1460
110,1,3.052418413655442,1461
21864,1,3.0526901854212887,1462
18830,1,3.0529156070507613,1463
10848,1,3.053267625380128,1464
18157,1,3.053762048958164,1465
7195,1,3.0539129316910665,1466
21558,1,3.0553426060639786,1467
21299,1,3.0555797306997996,1468
11235,1,3.056541602549882,1469
16683,1,3.0571047436209744,1470
2515,1,3.057363316304478,1471
13373,1,3.0584229967714527,1472
3491,1,3.0604685903431395,1473
5096,1,3.0608598221976626,1474
4694,1,3.0608712836787944,1475
695,1,3.0620127881859722,1476
11890,1,3.0620705902261607,1477
11009,1,3.0622359993029606,1478
21287,1,3.062389900344315,1479
1457,1,3.062440970908078,1480
13035,1,3.0625446787265824,1481
19000,1,3.062639329580455,1482
22817,1,3.0629988898674063,1483
4007,1,3.06375518227853,1484
23481,1,3.066537752930844,1485
4139,1,3.066545777750368,1486
5500,1,3.066998200605303,1487
18418,1,3.0671883074700506,1488
4607,1,3.0678166986195206,1489
3177,1,3.0679426797884544,1490
10572,1,3.068001509679429,1491
20405,1,3.068131133863316,1492
2103,1,3.0683948117179756,1493
8013,1,3.0696216397793705,1494
1870,1,3.069752355668153,1495
15174,1,3.0699298784576765,1496
529,1,3.071807878331967,1497
1170,1,3.0721781940200117,1498
5321,1,3.0733033253016284,1499
24018,1,3.0738753446907454,1500
5820,1,3.0751754623868464,1501
23949,1,3.0753102595921016,1502
16619,1,3.076076487529301,1503
76,1,3.0765228246589458,1504
6342,1,3.0767490365542267,1505
16044,1,3.076922228641825,1506
1766,1,3.0774109306405104,1507
6467,1,3.077521982298867,1508
18735,1,3.077835935054791,1509
10747,1,3.077856018130037,1510
631,1,3.078162887765351,1511
5361,1,3.078864152630584,1512
8363,1,3.079652103873913,1513
14350,1,3.080844326030095,1514
2919,1,3.081767400244199,1515
2907,1,3.0826150317581797,1516
2923,1,3.0826150317581797,1517
5761,1,3.0833435262936595,1518
4513,1,3.08358229816015,1519
19731,1,3.0838035496418232,1520
15065,1,3.0841911706659415,1521
6398,1,3.0845978015371696,1522
815,1,3.0847561519437616,1523
11570,1,3.0847621816285136,1524
23244,1,3.0851587464404746,1525
14959,1,3.0854562257928264,1526
3406,1,3.086406267066589,1527
16617,1,3.08805863070845,1528
8001,1,3.0882769896803577,1529
4163,1,3.088361833416905,1530
21273,1,3.0885878592994684,1531
19911,1,3.088589624835491,1532
12927,1,3.0887091218123164,1533
11068,1,3.088834432708129,1534
15547,1,3.0902592853417308,1535
8495,1,3.0904128246177467,1536
2296,1,3.0912267046406967,1537
2477,1,3.09131896979084,1538
9018,1,3.092077740408555,1539
20217,1,3.0930605802448112,1540
22693,1,3.0933759646128385,1541
8734,1,3.0935247458139554,1542
16154,1,3.093607016014394,1543
13057,1,3.0936985660331984,1544
19170,1,3.094323195658042,1545
7961,1,3.094614465431273,1546
22439,1,3.094644405693883,1547
746,1,3.094696934883594,1548
4119,1,3.0949754756259664,1549
22684,1,3.095127033929504,1550
22179,1,3.096349896864521,1551
15136,1,3.0963961144215184,1552
19158,1,3.0974273948842668,1553
12476,1,3.0975232809894866,1554
16877,1,3.0978808454274827,1555
10574,1,3.0984665754896916,1556
16101,1,3.0988894980243655,1557
23703,1,3.0998534523676597,1558
8558,1,3.099918306536106,1559
22771,1,3.100305006520053,1560
19678,1,3.100870058144931,1561
2882,1,3.100970477599269,1562
13938,1,3.1011700327792875,1563
17848,1,3.1020982932751364,1564
21681,1,3.102409887960862,1565
11678,1,3.1035797282601263,1566
5169,1,3.104049942003095,1567
6729,1,3.1040838897016756,1568
20159,1,3.104479949318676,1569
2458,1,3.104685665443444,1570
1642,1,3.1048530816984856,1571
2337,1,3.1052312761424807,1572
10429,1,3.105654201064396,1573
18353,1,3.106119195581223,1574
8337,1,3.106572161622744,1575
7889,1,3.106818028058788,1576
7547,1,3.1068384704264753,1577
13315,1,3.1080521035454596,1578
13509,1,3.1081465467740514,1579
17913,1,3.1082434082308144,1580
2442,1,3.108252379156607,1581
11868,1,3.1088760733946095,1582
7923,1,3.1097299101576765,1583
22676,1,3.110572793178432,1584
13113,1,3.110713055722176,1585
11033,1,3.110750164688344,1586
2335,1,3.1109240464713657,1587
348,1,3.1109862648905238,1588
20985,1,3.111771999424573,1589
7470,1,3.1119637508004456,1590
20492,1,3.1121781844245673,1591
21777,1,3.1124269916325513,1592
21897,1,3.1130784111028915,1593
17476,1,3.1140428267779705,1594
6130,1,3.1143504546204337,1595
21467,1,3.114650284697345,1596
1226,1,3.1151174378076885,1597
10428,1,3.115147609124835,1598
8060,1,3.115320492009755,1599
10187,1,3.11539330103351,1600
7471,1,3.1155703344118897,1601
4956,1,3.1158997868366503,1602
2868,1,3.116124691816338,1603
8522,1,3.1163842589412374,1604
17067,1,3.116444061007773,1605
16114,1,3.1164460510896785,1606
5239,1,3.1171682202017736,1607
18916,1,3.1174126961064315,1608
1174,1,3.1181863936127865,1609
17282,1,3.1183733335274617,1610
18607,1,3.119479488036721,1611
21618,1,3.1196838252246453,1612
18680,1,3.1196947935549257,1613
15205,1,3.1204614445526344,1614
5947,1,3.120874736151051,1615
2109,1,3.1210506146763435,1616
14010,1,3.12201879792975,1617
18832,1,3.1222822155536383,1618
6446,1,3.123079764828127,1619
2513,1,3.123130455949686,1620
6038,1,3.1231341742628556,1621
22268,1,3.1231579334136894,1622
2142,1,3.1232907376527934,1623
22229,1,3.1234424145264548,1624
3831,1,3.1245329833951065,1625
8463,1,3.124758476293673,1626
3617,1,3.1248589971355507,1627
21776,1,3.1251748631829197,1628
10229,1,3.1253640368949025,1629
1422,1,3.1253814519763643,1630
23626,1,3.12595682019013,1631
10321,1,3.12604668348718,1632
6131,1,3.1267557983973444,1633
23066,1,3.127093895745364,1634
8349,1,3.127905349634348,1635
15884,1,3.127928817318889,1636
4002,1,3.128216704495046,1637
10548,1,3.12907987894376,1638
17949,1,3.129474957327415,1639
23963,1,3.129530553952941,1640
21613,1,3.1296510080159323,1641
14976,1,3.1317068539614246,1642
9754,1,3.132232147793667,1643
23233,1,3.132415818122882,1644
17834,1,3.132747805521966,1645
9017,1,3.1340358051027057,1646
22800,1,3.1349561235601153,1647
1473,1,3.135099551722022,1648
19208,1,3.136518668402891,1649
23291,1,3.136523843698983,1650
18300,1,3.1366463445142263,1651
13053,1,3.136778181811761,1652
15238,1,3.136987362600084,1653
2962,1,3.1372494638232773,1654
23856,1,3.137476671455754,1655
9330,1,3.1382318905176714,1656
2689,1,3.1382604742834963,1657
20926,1,3.138801921646269,1658
5402,1,3.1393664498487523,1659
16549,1,3.1395320051210747,1660
21517,1,3.1397669625491815,1661
13020,1,3.13982755643271,1662
23785,1,3.1423852200790368,1663
20509,1,3.14245984792648,1664
18184,1,3.1427337578954138,1665
8224,1,3.143036552973153,1666
3196,1,3.143634268277702,1667
20899,1,3.1439406925534423,1668
22379,1,3.1439915627513715,1669
615,1,3.1442806851759455,1670
16263,1,3.144815567085252,1671
5864,1,3.1452446326838603,1672
9416,1,3.146536105166671,1673
11795,1,3.147154359295231,1674
22030,1,3.1473895326725567,1675
10786,1,3.1482367470040535,1676
22377,1,3.1482516420494413,1677
1110,1,3.149183716153625,1678
17358,1,3.1493600854073502,1679
992,1,3.1495168461484444,1680
23773,1,3.1496510037259906,1681
12515,1,3.1498209034460376,1682
14547,1,3.1498715442182577,1683
4533,1,3.150332618847468,1684
13370,1,3.1509160351637435,1685
22622,1,3.1509453376211307,1686
10155,1,3.151695943831449,1687
10478,1,3.151808365963949,1688
525,1,3.1518170443362803,1689
22846,1,3.1527016660136673,1690
7921,1,3.153584805664089,1691
8356,1,3.1535977259266206,1692
8154,1,3.1537099149896934,1693
14787,1,3.1537133136589843,1694
236,1,3.1537749578700276,1695
15845,1,3.1539267307511456,1696
22079,1,3.1539287473374196,1697
21919,1,3.1542388215131627,1698
16921,1,3.154403781828293,1699
9614,1,3.154481916522692,1700
3744,1,3.15555018969189,1701
21770,1,3.155741958577858,1702
23726,1,3.157683586926956,1703
3107,1,3.1579803467867333,1704
20942,1,3.1580835164680128,1705
15182,1,3.158298130727145,1706
21924,1,3.1583332195313543,1707
20642,1,3.158390850025406,1708
17331,1,3.158400381813384,1709
12068,1,3.1584653753929994,1710
15341,1,3.1589554803052233,1711
20983,1,3.1595707338915195,1712
21876,1,3.159614988882895,1713
6676,1,3.1598642960567958,1714
11714,1,3.1598870693039767,1715
14752,1,3.160672322632984,1716
21494,1,3.160997182125385,1717
2267,1,3.161547814755366,1718
13094,1,3.16277311791224,1719
5720,1,3.1628563124503035,1720
22426,1,3.163264365630625,1721
9176,1,3.1634740472126786,1722
3448,1,3.1637897966957325,1723
9659,1,3.164104751929502,1724
17636,1,3.1642550123004085,1725
2928,1,3.1644582343916174,1726
2886,1,3.164466232891909,1727
8599,1,3.164711995065323,1728
23189,1,3.1654550922165225,1729
21045,1,3.165580887632201,1730
13213,1,3.165614766137376,1731
21673,1,3.165748844407174,1732
2584,1,3.1659850359071124,1733
5006,1,3.1669390292059347,1734
22913,1,3.1686659525733987,1735
4118,1,3.169048992413577,1736
21559,1,3.169794570981293,1737
16811,1,3.1703891232892585,1738
9568,1,3.1709181962718618,1739
8810,1,3.171400624199889,1740
5289,1,3.172230688640156,1741
19507,1,3.1728374713142062,1742
201,1,3.1728466461032605,1743
3395,1,3.173234568481315,1744
21044,1,3.1733319911170517,1745
18424,1,3.1735318534234636,1746
11349,1,3.173659229015453,1747
14181,1,3.17404639208953,1748
16116,1,3.174157829480036,1749
21787,1,3.174302413390403,1750
2865,1,3.174525899740987,1751
22711,1,3.1747825008040955,1752
20697,1,3.174830769991839,1753
20133,1,3.1748473876498364,1754
18049,1,3.175253573200816,1755
5797,1,3.1759913770239248,1756
3161,1,3.1765344322152838,1757
7505,1,3.1769158729434075,1758
19256,1,3.17702584277911,1759
23940,1,3.178623495262034,1760
19234,1,3.1786241611404296,1761
1973,1,3.178651421959087,1762
22511,1,3.1787372769574156,1763
17958,1,3.179084527872465,1764
23467,1,3.179308374193063,1765
4893,1,3.1803252013764047,1766
157,1,3.18045208291901,1767
9375,1,3.18052041632814,1768
20839,1,3.1806815469377248,1769
23342,1,3.180765690777073,1770
7520,1,3.181048093153598,1771
23292,1,3.181507214848391,1772
9342,1,3.181696702646877,1773
5727,1,3.1826479432985395,1774
16915,1,3.1826929357721667,1775
18945,1,3.1829689163656725,1776
18113,1,3.184152905671753,1777
307,1,3.184879105624679,1778
23359,1,3.185287428389195,1779
19062,1,3.1855532868708374,1780
20574,1,3.1862061898511413,1781
8443,1,3.186291527747098,1782
4499,1,3.1863108844603234,1783
4832,1,3.1864469055650586,1784
4547,1,3.1866900158534732,1785
1447,1,3.186953157011914,1786
12084,1,3.187042255905431,1787
20172,1,3.1875105890309072,1788
18454,1,3.1875277659897834,1789
4087,1,3.1881044531475338,1790
21342,1,3.1881874901450713,1791
17165,1,3.188257035260452,1792
21763,1,3.1884357447931575,1793
3189,1,3.1898245634032123,1794
4724,1,3.1899487704270544,1795
8673,1,3.190563902086706,1796
18584,1,3.191107079412959,1797
13412,1,3.191119893375499,1798
3620,1,3.191944944238793,1799
1327,1,3.1921324097796724,1800
20147,1,3.193595014978024,1801
16649,1,3.193941910747864,1802
14104,1,3.1943270424423353,1803
15500,1,3.194927694984495,1804
10532,1,3.1958935918289773,1805
2786,1,3.196171230354119,1806
11151,1,3.196301337131129,1807
18190,1,3.1966710671433733,1808
2013,1,3.196834693051745,1809
18839,1,3.1972612842155232,1810
7788,1,3.19736956346036,1811
5723,1,3.1982146308673918,1812
4066,1,3.1990154737873975,1813
13597,1,3.1991293622247863,1814
8627,1,3.1997498128170574,1815
4034,1,3.2007704747014634,1816
11844,1,3.200985852406143,1817
11656,1,3.201032817665277,1818
23766,1,3.2010381151232576,1819
326,1,3.201404398715404,1820
20267,1,3.2014971427819883,1821
23313,1,3.202048807921666,1822
6137,1,3.20283408087965,1823
5882,1,3.2030362971046555,1824
21646,1,3.2030776224309734,1825
9942,1,3.2033536820503263,1826
20530,1,3.2038407312769044,1827
2528,1,3.204330468738233,1828
21674,1,3.2051699685993706,1829
20789,1,3.2058907094429094,1830
18937,1,3.206437124025226,1831
16989,1,3.206628261972645,1832
10801,1,3.20680269242633,1833
1209,1,3.206899636330555,1834
23298,1,3.2083899621873635,1835
2881,1,3.2086092531081403,1836
5796,1,3.208965670851033,1837
1994,1,3.2092298479135106,1838
3413,1,3.2095463225430576,1839
212,1,3.209785953846621,1840
3392,1,3.210183341714606,1841
3225,1,3.2104673383917106,1842
44,1,3.211143998456543,1843
21333,1,3.211152977466777,1844
11074,1,3.2115486261538795,1845
15219,1,3.2118712981529973,1846
14445,1,3.2121389521189396,1847
21768,1,3.213024570831543,1848
3879,1,3.2132537531642873,1849
8763,1,3.2135955563574012,1850
4599,1,3.213707162348738,1851
6608,1,3.2137767053290474,1852
20194,1,3.2139945065788806,1853
7086,1,3.2143332747572813,1854
9484,1,3.2147515936792246,1855
19187,1,3.2152359359832,1856
20135,1,3.2152914495945337,1857
2618,1,3.215361372183496,1858
8896,1,3.21537097762403,1859
11427,1,3.2154177672540873,1860
11311,1,3.2154396275037866,1861
16866,1,3.2157432269316306,1862
8521,1,3.216049597433334,1863
16891,1,3.216419082970217,1864
4082,1,3.2166891111260796,1865
22976,1,3.216812376932908,1866
10357,1,3.217112866821051,1867
16805,1,3.2181787324912343,1868
11644,1,3.218746467598273,1869
13660,1,3.2189135459770934,1870
8802,1,3.2190300101329363,1871
9350,1,3.2202264426998544,1872
10700,1,3.220519675234049,1873
15584,1,3.220666470543792,1874
14096,1,3.220801204223268,1875
9742,1,3.222530288401078,1876
1716,1,3.2226759694310383,1877
13567,1,3.2235568041986413,1878
19023,1,3.223762312140714,1879
3849,1,3.2245792705741576,1880
17169,1,3.224717747499782,1881
2496,1,3.2250230637447865,1882
2709,1,3.225046868103365,1883
16833,1,3.225267229847785,1884
17444,1,3.2252955542868675,1885
20764,1,3.2254878434722167,1886
94,1,3.2257795865240775,1887
12902,1,3.225790717777409,1888
19061,1,3.2262373523022974,1889
23083,1,3.226432146160272,1890
15710,1,3.2269783263642005,1891
15121,1,3.2280529179091118,1892
8054,1,3.2282307768617584,1893
18816,1,3.2282705206755757,1894
11886,1,3.2309248861466457,1895
23073,1,3.2319736594433963,1896
17238,1,3.2320534604635087,1897
9868,1,3.232656556716875,1898
21177,1,3.2330736308170613,1899
16738,1,3.233134958064396,1900
3645,1,3.2331743403414155,1901
20067,1,3.2336014625944545,1902
513,1,3.2337192451245094,1903
19868,1,3.2341684030554996,1904
5115,1,3.2342114092703733,1905
424,1,3.235811630706857,1906
21866,1,3.2358492990486214,1907
13947,1,3.2360654805035654,1908
22956,1,3.2363581519720577,1909
16878,1,3.236413402499361,1910
2585,1,3.2365064681824185,1911
19665,1,3.2368953710989756,1912
20157,1,3.2370830896288667,1913
12288,1,3.2380094920263818,1914
22151,1,3.2385251985187455,1915
4780,1,3.2385944891431757,1916
23834,1,3.238636191871368,1917
17004,1,3.2387216717053784,1918
13613,1,3.2390597329202753,1919
8502,1,3.2391218253845424,1920
20335,1,3.239654380066101,1921
4045,1,3.2405645707893576,1922
10277,1,3.240792130079764,1923
22389,1,3.241292698111744,1924
19503,1,3.2422058520396058,1925
23491,1,3.2423178966304413,1926
22556,1,3.2426784776380586,1927
3488,1,3.242769706436998,1928
22636,1,3.2434775000672222,1929
2649,1,3.243826224561298,1930
23065,1,3.2441553387572437,1931
7230,1,3.244237022069941,1932
12545,1,3.244462161980853,1933
20798,1,3.2445513142610034,1934
18856,1,3.2448950391038185,1935
21021,1,3.245048619570112,1936
3525,1,3.245767144289384,1937
11128,1,3.245865355620367,1938
184,1,3.2463570455128687,1939
14108,1,3.246795354624968,1940
8429,1,3.2471459903821827,1941
18539,1,3.2474370791072227,1942
13374,1,3.247711611926202,1943
11531,1,3.247845130720402,1944
2465,1,3.248228404716064,1945
21300,1,3.248400740971281,1946
11579,1,3.2501983991247467,1947
22908,1,3.250589727460442,1948
14553,1,3.2510169572984147,1949
13015,1,3.251433248719594,1950
14114,1,3.251474089096578,1951
9982,1,3.2526733427040755,1952
22015,1,3.252764970058019,1953
15633,1,3.2529310944456005,1954
4853,1,3.2538283733215705,1955
11810,1,3.2541849147992727,1956
12224,1,3.2553136985347666,1957
769,1,3.255391959296476,1958
11413,1,3.255443277305505,1959
4790,1,3.2559533007259716,1960
9935,1,3.2559960596436626,1961
4921,1,3.256920429583668,1962
11952,1,3.2576060039066475,1963
23002,1,3.2579853672239922,1964
7838,1,3.258356109853611,1965
22901,1,3.2592533311930936,1966
3401,1,3.2601895222312542,1967
3673,1,3.261404911771878,1968
5931,1,3.2619760864771794,1969
186,1,3.2620546327345052,1970
8383,1,3.2639974057488144,1971
14746,1,3.2641449804850065,1972
23918,1,3.2648860422665544,1973
5883,1,3.2650226582027178,1974
1513,1,3.2656415159614047,1975
21230,1,3.2658143368953465,1976
5555,1,3.266450627705813,1977
11475,1,3.2670039566584927,1978
19989,1,3.2670063199757475,1979
13316,1,3.2674755966056312,1980
4003,1,3.2679364549550747,1981
20856,1,3.268189406021571,1982
4367,1,3.2682203146916766,1983
764,1,3.268305765699557,1984
12549,1,3.268481173742708,1985
9516,1,3.269352275329473,1986
12579,1,3.2702279330549433,1987
4576,1,3.2706192217409176,1988
21622,1,3.270695232829056,1989
2472,1,3.270816859822236,1990
16110,1,3.2714181410132737,1991
1258,1,3.2718532322318743,1992
744,1,3.2719042988758575,1993
14038,1,3.2723048740127294,1994
13042,1,3.272535364398614,1995
15646,1,3.2728534554727813,1996
1995,1,3.2735216563532257,1997
2824,1,3.2737344932143055,1998
15866,1,3.2748100821746084,1999
11420,1,3.2753648279701038,2000
19758,1,3.2762468643663714,2001
13415,1,3.278151264007277,2002
6884,1,3.2788980423030574,2003
23946,1,3.2789734625434153,2004
17182,1,3.279949301243867,2005
23745,1,3.2805628135296403,2006
6383,1,3.281976157437079,2007
14099,1,3.282029829959248,2008
23321,1,3.2829421763757685,2009
23212,1,3.2852038774159857,2010
4564,1,3.286143875234575,2011
23037,1,3.286281236292832,2012
19268,1,3.2869955578774666,2013
3723,1,3.2870396300967606,2014
12144,1,3.2871678228838292,2015
8171,1,3.28717132372863,2016
16220,1,3.2879602378923085,2017
722,1,3.2883954646494913,2018
12522,1,3.2890507649717504,2019
10765,1,3.2891482009412734,2020
19559,1,3.2895776948034823,2021
3623,1,3.289958396699071,2022
7311,1,3.290402310967476,2023
3384,1,3.2906608674260096,2024
1034,1,3.2908006487178088,2025
8534,1,3.2919146612551953,2026
1113,1,3.2919686103622814,2027
19764,1,3.292310961494266,2028
18575,1,3.292867078389306,2029
5161,1,3.293220431646559,2030
23521,1,3.293433458511116,2031
17875,1,3.293487542361011,2032
21890,1,3.2935206591509045,2033
8117,1,3.293694236845668,2034
11007,1,3.2937994223644247,2035
22238,1,3.2940154709633207,2036
4659,1,3.2956212781794676,2037
15347,1,3.295638833530293,2038
279,1,3.2956468551442506,2039
21955,1,3.2963968557982777,2040
20156,1,3.2982043246399892,2041
9089,1,3.2987618002987205,2042
10319,1,3.2990864337457224,2043
13084,1,3.300417505519352,2044
6191,1,3.300500168824544,2045
624,1,3.3013331329262083,2046
21628,1,3.30155132640042,2047
21769,1,3.3024382465094724,2048
17133,1,3.302532285870409,2049
3885,1,3.3026926149722993,2050
22893,1,3.3036575642328336,2051
23661,1,3.3036895997308062,2052
16581,1,3.303827193286277,2053
1976,1,3.3040840757352927,2054
11415,1,3.3049631846154206,2055
22642,1,3.3052870423678202,2056
23443,1,3.3054655716175048,2057
4862,1,3.3055399201180227,2058
24014,1,3.3061854045195296,2059
16218,1,3.3068024299161176,2060
22898,1,3.3071998280819837,2061
10930,1,3.3074354698788735,2062
6911,1,3.3080555972584462,2063
15191,1,3.308277251687584,2064
9639,1,3.3086333485267483,2065
19288,1,3.3087925249907326,2066
8326,1,3.3088234989473184,2067
4284,1,3.309216258703352,2068
7431,1,3.3098256707390012,2069
19536,1,3.310637480080561,2070
17035,1,3.3109536774873702,2071
3815,1,3.311247735528472,2072
13746,1,3.3117506286776646,2073
18046,1,3.311936136061499,2074
8129,1,3.3122470787437748,2075
16971,1,3.312391152753899,2076
18693,1,3.312568047066599,2077
10637,1,3.313641682654103,2078
2807,1,3.314952071814274,2079
10733,1,3.3172200020997415,2080
14365,1,3.31790206658494,2081
22443,1,3.31821508414053,2082
22997,1,3.3182402180002257,2083
20586,1,3.318387073740173,2084
6611,1,3.3188894651522345,2085
4715,1,3.3189143477316136,2086
23563,1,3.3193915461448618,2087
21351,1,3.3211732559025453,2088
15545,1,3.3219653401182976,2089
13175,1,3.322255496672791,2090
9743,1,3.322769228118657,2091
11057,1,3.3232297765931635,2092
10859,1,3.32460597442036,2093
12921,1,3.3248955385672834,2094
20466,1,3.3262583960160503,2095
1760,1,3.3268213837719487,2096
21109,1,3.3278563216991013,2097
17939,1,3.327946504529844,2098
23322,1,3.329128538374507,2099
21417,1,3.3295994157095254,2100
5222,1,3.329710985108139,2101
13577,1,3.3303667938350117,2102
22184,1,3.330615293895545,2103
17844,1,3.3308926256041405,2104
12442,1,3.330908257589516,2105
20971,1,3.330971182516014,2106
23874,1,3.33185817761809,2107
18568,1,3.3323908556713366,2108
18115,1,3.3325656087572852,2109
4027,1,3.3326729942197133,2110
2750,1,3.3347090617690367,2111
19373,1,3.3351648129007563,2112
10563,1,3.3354358845441885,2113
14774,1,3.335521757243886,2114
15622,1,3.3363907419408108,2115
19968,1,3.336643652425933,2116
14199,1,3.3374355610372692,2117
22463,1,3.33772445167543,2118
23634,1,3.3382376782478915,2119
16749,1,3.338777176370362,2120
19174,1,3.3391217021245314,2121
18297,1,3.3392644046550615,2122
14811,1,3.3394996428138635,2123
19687,1,3.3395722200467652,2124
22338,1,3.3398181153422173,2125
7669,1,3.340427699558645,2126
16384,1,3.3406182612093076,2127
4440,1,3.3411433095009597,2128
1027,1,3.341294069142031,2129
22502,1,3.3418047796884736,2130
18249,1,3.341933278934438,2131
9322,1,3.3431949866567177,2132
12907,1,3.343587936145471,2133
20501,1,3.343613248155275,2134
1804,1,3.343846261037917,2135
19300,1,3.344013224136527,2136
15403,1,3.344688169376158,2137
501,1,3.344727404879309,2138
15975,1,3.3447347736325974,2139
14850,1,3.344947165793295,2140
7136,1,3.346424509610297,2141
8203,1,3.346492377813254,2142
21108,1,3.3493545561482,2143
20561,1,3.350181432597864,2144
15009,1,3.3510879986749558,2145
1522,1,3.3511005945971144,2146
14328,1,3.3513720384058425,2147
2135,1,3.351435930723646,2148
6041,1,3.3515807576364276,2149
19327,1,3.3528240498145228,2150
23,1,3.3538109573533488,2151
12744,1,3.3538684939509493,2152
19264,1,3.354000560425235,2153
18563,1,3.354481508417617,2154
14207,1,3.354677945935636,2155
5036,1,3.355334406479206,2156
2534,1,3.3555183870646514,2157
6209,1,3.356901635738173,2158
6574,1,3.357497781791704,2159
8665,1,3.3581024093246774,2160
6056,1,3.358299425394348,2161
19590,1,3.3584672762170746,2162
22615,1,3.3587760700878193,2163
22528,1,3.3591636977239374,2164
11766,1,3.359438715109286,2165
21981,1,3.359810345145624,2166
6347,1,3.3612245562994048,2167
15860,1,3.361576211190382,2168
13585,1,3.3619891975190535,2169
4057,1,3.362096772642683,2170
4550,1,3.3622389387060196,2171
1649,1,3.362634667364715,2172
456,1,3.3629338050023736,2173
9517,1,3.3631762678441155,2174
14241,1,3.3651123362947035,2175
1271,1,3.3653426436960157,2176
22235,1,3.3665721474100883,2177
7275,1,3.3678317007047065,2178
5615,1,3.36806132809215,2179
5968,1,3.368197743611073,2180
16061,1,3.369444426240658,2181
5688,1,3.369668926717455,2182
14556,1,3.3704586766289264,2183
20104,1,3.370606727244753,2184
2006,1,3.370940727453958,2185
11215,1,3.3719512658167785,2186
23930,1,3.3727207579275187,2187
15385,1,3.372854473146819,2188
6372,1,3.3728615292895388,2189
10003,1,3.373943989562187,2190
4863,1,3.373990187409549,2191
15062,1,3.374050350434086,2192
5621,1,3.3752742164614356,2193
22686,1,3.3757316842841183,2194
21219,1,3.3766421305739747,2195
12456,1,3.3773482827936223,2196
23709,1,3.377550985513112,2197
4438,1,3.3777194395510435,2198
6627,1,3.378611574475086,2199
8219,1,3.37895032091468,2200
4231,1,3.379716145670923,2201
11289,1,3.3797774816882424,2202
1172,1,3.3810490966700715,2203
7028,1,3.3818073107517126,2204
8511,1,3.3822016520055858,2205
20703,1,3.382796432114914,2206
21130,1,3.3833109836338564,2207
7958,1,3.38341812804294,2208
2518,1,3.3834215736125772,2209
1719,1,3.384403257501616,2210
13511,1,3.3860036678700918,2211
11135,1,3.3861315515290484,2212
3122,1,3.3867020166373987,2213
7166,1,3.3872404251212083,2214
13162,1,3.388009451689812,2215
22750,1,3.3884321224798075,2216
1090,1,3.3886539778037514,2217
6508,1,3.3901685019029477,2218
8411,1,3.3915248984902187,2219
10669,1,3.3937847659140234,2220
17588,1,3.3943095658489573,2221
6697,1,3.394699018629579,2222
12297,1,3.3957407115890956,2223
1877,1,3.3963393202328316,2224
3507,1,3.396379982316842,2225
19528,1,3.3963970768164344,2226
11223,1,3.3972291718508454,2227
16275,1,3.3974254417692045,2228
15348,1,3.397793588646854,2229
143,1,3.3981877331779233,2230
956,1,3.3982118941780564,2231
14401,1,3.3988413827850703,2232
16930,1,3.399052698505134,2233
20015,1,3.400306167524872,2234
20830,1,3.4004068983155373,2235
1606,1,3.400890633327496,2236
14440,1,3.4019997537540694,2237
17438,1,3.4021273056488943,2238
8715,1,3.402155855617111,2239
19482,1,3.40247121820397,2240
21707,1,3.402881971731442,2241
21295,1,3.40420065936786,2242
9268,1,3.4048918788671925,2243
7237,1,3.405746487622964,2244
16861,1,3.4060202838243736,2245
10405,1,3.4063235004300534,2246
15317,1,3.4067505151092234,2247
16111,1,3.4075798945597846,2248
11335,1,3.4080794508979078,2249
20744,1,3.408345774130697,2250
4333,1,3.4084240975348226,2251
5558,1,3.4086064301306216,2252
21870,1,3.4087068496310478,2253
6034,1,3.40878336194058,2254
6076,1,3.4090651473735285,2255
17040,1,3.4101667668174733,2256
10002,1,3.4106084555168916,2257
482,1,3.410780732053944,2258
13942,1,3.4111778144559586,2259
22936,1,3.4114084276075207,2260
9473,1,3.4121733741958677,2261
22720,1,3.4126849635745744,2262
12737,1,3.4129708101893756,2263
21616,1,3.4134724891468045,2264
8814,1,3.4138422474516528,2265
653,1,3.4142623802504146,2266
23719,1,3.414463073877474,2267
20355,1,3.414939295258803,2268
13534,1,3.415798848926036,2269
14480,1,3.4161636280890293,2270
7159,1,3.416392989670689,2271
9682,1,3.4165694688576695,2272
14525,1,3.4173612268026057,2273
629,1,3.418301382828751,2274
13957,1,3.418694199484115,2275
3381,1,3.41883780934111,2276
14273,1,3.418914508476246,2277
1730,1,3.4193996503030784,2278
16604,1,3.4196893036310034,2279
342,1,3.4197804674303005,2280
16273,1,3.420034949118406,2281
11238,1,3.4211382027334145,2282
522,1,3.4218444098859666,2283
21322,1,3.423134618776584,2284
18120,1,3.4239703604368064,2285
22617,1,3.4253574000827545,2286
11393,1,3.4256584018421186,2287
16006,1,3.42567618100338,2288
4483,1,3.4261889004886514,2289
13307,1,3.426448177737696,2290
10297,1,3.427250578080471,2291
8639,1,3.427453890649447,2292
10439,1,3.4276083085006914,2293
22489,1,3.427871252919232,2294
8781,1,3.427920174338619,2295
10433,1,3.428062715719104,2296
9007,1,3.428853922539019,2297
2100,1,3.4288850161960465,2298
4577,1,3.4294959067193367,2299
857,1,3.4298754354254135,2300
17668,1,3.4301791239492294,2301
12108,1,3.4321077705566014,2302
20532,1,3.4323871071795318,2303
4679,1,3.43253233964918,2304
10935,1,3.433055130329419,2305
9462,1,3.433075405601453,2306
16011,1,3.4333321337070473,2307
278,1,3.434366006815976,2308
21927,1,3.4344122708835925,2309
17410,1,3.434898770344926,2310
22152,1,3.4355842560723646,2311
9819,1,3.4370881117945045,2312
18494,1,3.4385676436177666,2313
11196,1,3.4392671695955785,2314
21146,1,3.4397192010969806,2315
4767,1,3.439734114486223,2316
3675,1,3.439881885871255,2317
21996,1,3.4407145967707367,2318
17896,1,3.4418480262953812,2319
277,1,3.442364120477305,2320
20498,1,3.4426962118537565,2321
9494,1,3.4435172160365632,2322
19183,1,3.443558542531692,2323
6709,1,3.4435630662478016,2324
802,1,3.4444151030352512,2325
8637,1,3.4445710640585365,2326
13330,1,3.44575734222011,2327
15164,1,3.4477696548354126,2328
6992,1,3.4479919166639,2329
14985,1,3.448037331916947,2330
1626,1,3.4481669694683514,2331
13582,1,3.4481921869242225,2332
1408,1,3.44834063605033,2333
10394,1,3.448992218963204,2334
7233,1,3.449754671335591,2335
12043,1,3.4507271713228453,2336
20482,1,3.451533893836874,2337
22035,1,3.4527471299065526,2338
17954,1,3.4535824206225514,2339
16271,1,3.4536555189218516,2340
7040,1,3.4536707541307314,2341
21026,1,3.4538714194385256,2342
21854,1,3.454071059287172,2343
3786,1,3.45417381846851,2344
21352,1,3.4544450491935335,2345
7447,1,3.454504206134238,2346
21700,1,3.4550432518980068,2347
21400,1,3.455560257946712,2348
14520,1,3.455655915860252,2349
4193,1,3.4558343529025635,2350
23460,1,3.4564315685503613,2351
20686,1,3.4571602252529092,2352
17744,1,3.4581679876442113,2353
6312,1,3.4584458122688146,2354
9847,1,3.458746143390334,2355
2385,1,3.4604160825170607,2356
20296,1,3.4605440709038597,2357
2048,1,3.4609023224426,2358
18928,1,3.4617473189615366,2359
7596,1,3.463989044743532,2360
10618,1,3.4644909774384027,2361
1070,1,3.4653991214185216,2362
11768,1,3.4663179965430966,2363
3503,1,3.4666850510722265,2364
16494,1,3.4675539020331,2365
20784,1,3.4677696597491257,2366
15117,1,3.4681727399442495,2367
12784,1,3.4681792187710476,2368
15772,1,3.4685837453133384,2369
13677,1,3.4686631445257077,2370
17600,1,3.468783007283976,2371
18314,1,3.4707004020099808,2372
14566,1,3.4709618857198836,2373
13813,1,3.4710152294637413,2374
1527,1,3.4710945286491124,2375
18873,1,3.4721749640399167,2376
17241,1,3.474427939695033,2377
20754,1,3.4744828862536132,2378
15741,1,3.4746148625441675,2379
11041,1,3.474972933490414,2380
4171,1,3.4750609981098686,2381
15253,1,3.4767610958687243,2382
23170,1,3.477887959195435,2383
2547,1,3.4795561782477367,2384
10034,1,3.480004782525301,2385
13966,1,3.480116388539672,2386
14000,1,3.480134487175935,2387
17602,1,3.481032214896637,2388
13301,1,3.481079911174174,2389
13096,1,3.4827079151896525,2390
15167,1,3.482847125134361,2391
6431,1,3.483172615842775,2392
21014,1,3.483917945087732,2393
5042,1,3.483946457695482,2394
23093,1,3.4841430620932634,2395
880,1,3.4843175518245766,2396
1680,1,3.4852811431396913,2397
7383,1,3.4871726454199363,2398
10317,1,3.4885920669574944,2399
15775,1,3.4886265034649098,2400
17760,1,3.489232598482581,2401
19415,1,3.489693220262524,2402
15126,1,3.4898731444046005,2403
15602,1,3.490678957552185,2404
21706,1,3.490895081875826,2405
11527,1,3.4916764010725467,2406
15853,1,3.4935133307780566,2407
18644,1,3.4936196735120233,2408
21261,1,3.493800725536714,2409
17056,1,3.4938360872774723,2410
22627,1,3.495614555791015,2411
3880,1,3.4956400226168034,2412
23540,1,3.4979955064457227,2413
7451,1,3.498072487061798,2414
7481,1,3.498824762242634,2415
10771,1,3.500412234739227,2416
18204,1,3.5008454761194265,2417
15326,1,3.500846890191868,2418
22374,1,3.5031887729905344,2419
20341,1,3.5037567536021856,2420
6039,1,3.5044831334576214,2421
10211,1,3.5059842321721946,2422
9255,1,3.5060616758163565,2423
13658,1,3.5077727745499363,2424
4765,1,3.508149568603064,2425
22199,1,3.5097606724386465,2426
9929,1,3.5098641099323404,2427
9048,1,3.512333843751424,2428
11004,1,3.512738763480186,2429
18614,1,3.512757023446291,2430
18064,1,3.5142407129904356,2431
21225,1,3.5142419675777683,2432
3737,1,3.5144549861646923,2433
17637,1,3.5153668871332604,2434
5268,1,3.5153710438876278,2435
1987,1,3.5174316235070187,2436
14323,1,3.5181288955106096,2437
22523,1,3.5186308396138455,2438
17304,1,3.51874179720159,2439
22706,1,3.518942231560642,2440
493,1,3.5189805724094843,2441
14625,1,3.5191427048194264,2442
23302,1,3.519347167709519,2443
11737,1,3.5196269451465465,2444
19001,1,3.519834740827365,2445
2282,1,3.520317982295565,2446
23021,1,3.521292143003307,2447
3766,1,3.5213702280628287,2448
21317,1,3.523015323398099,2449
5462,1,3.524010286035319,2450
11490,1,3.524212647813301,2451
15416,1,3.524279347684766,2452
9687,1,3.524481655594418,2453
19058,1,3.524496377918784,2454
13821,1,3.5245672574741795,2455
22078,1,3.525251688511387,2456
21003,1,3.525424297254824,2457
6915,1,3.525740102651091,2458
7503,1,3.525770117978251,2459
13435,1,3.5261502463013845,2460
14264,1,3.5264080120978285,2461
19712,1,3.526465195695127,2462
9879,1,3.5264864633375805,2463
18799,1,3.5268687101955245,2464
10256,1,3.5271521267314143,2465
6385,1,3.528158638525525,2466
11192,1,3.5284681874122734,2467
22607,1,3.5301883400944103,2468
21123,1,3.530670342520299,2469
4262,1,3.5306785758130736,2470
11600,1,3.531505504014848,2471
14695,1,3.5315859705496746,2472
2764,1,3.533249696668491,2473
11724,1,3.5352693361213,2474
2452,1,3.5361274557664917,2475
10909,1,3.5362610592701165,2476
21071,1,3.537855477385201,2477
17670,1,3.5385676140230204,2478
10096,1,3.539163047003261,2479
2481,1,3.5400661998141185,2480
21481,1,3.540740704720456,2481
22825,1,3.541030804316722,2482
16636,1,3.5411256620330933,2483
18580,1,3.54235884894424,2484
6075,1,3.542719445262305,2485
18809,1,3.543338419358612,2486
14234,1,3.5442582836246372,2487
3269,1,3.544424459587664,2488
10320,1,3.544499854370075,2489
17828,1,3.5458153073483754,2490
21224,1,3.5460804834458357,2491
5855,1,3.546475057003994,2492
5341,1,3.546514675477415,2493
125,1,3.5470540010044047,2494
22271,1,3.5482735067620563,2495
16417,1,3.5485627723168447,2496
1440,1,3.548603156782619,2497
23366,1,3.5494199888653,2498
262,1,3.551899988443106,2499
1488,1,3.5520485758415035,2500
18348,1,3.5527525221365552,2501
20644,1,3.5530644335650976,2502
22950,1,3.553425341711054,2503
9715,1,3.554141277448512,2504
20737,1,3.554263027304305,2505
9267,1,3.554566311368326,2506
12726,1,3.5549380408430973,2507
10462,1,3.5555825574543385,2508
14450,1,3.555897263836838,2509
7082,1,3.556151318470408,2510
5955,1,3.5574414008395285,2511
20068,1,3.557781047618926,2512
14312,1,3.5580153428716597,2513
14138,1,3.558056523540087,2514
2970,1,3.5591296713941887,2515
23407,1,3.5595917361752787,2516
18148,1,3.5596337850415054,2517
4416,1,3.56110113975344,2518
20820,1,3.5624334401924087,2519
10866,1,3.5624999189772266,2520
9157,1,3.5625305126763243,2521
16897,1,3.56290629731563,2522
21590,1,3.5634893089021094,2523
20837,1,3.563713435484404,2524
4953,1,3.5640952792970344,2525
22924,1,3.5651087486061797,2526
21074,1,3.566398869702387,2527
6300,1,3.570233506549615,2528
13408,1,3.5709876389266784,2529
23654,1,3.571976298207525,2530
2899,1,3.572477927707955,2531
22547,1,3.5740873305432594,2532
13406,1,3.576574016092764,2533
3484,1,3.5793186212594965,2534
12670,1,3.581283380184874,2535
7090,1,3.581930918928886,2536
21545,1,3.582804020003309,2537
18274,1,3.5840808510932796,2538
12431,1,3.5859218622466065,2539
16451,1,3.588281510744003,2540
18082,1,3.5884856998472094,2541
23283,1,3.5891988257351626,2542
2834,1,3.590637020663025,2543
3836,1,3.5907295206808616,2544
20521,1,3.592754840099673,2545
20709,1,3.5962740078804685,2546
7992,1,3.596305914602181,2547
20474,1,3.596626381529121,2548
18508,1,3.5970356936690404,2549
14491,1,3.5972746528152313,2550
20252,1,3.5978400579708003,2551
1145,1,3.5988946042368855,2552
10028,1,3.5990290400108744,2553
18889,1,3.5993463616036205,2554
17436,1,3.6030900752908606,2555
15541,1,3.6035226017213837,2556
9969,1,3.603862460747477,2557
21764,1,3.603931161621079,2558
11875,1,3.603980099055834,2559
8854,1,3.6042681573420725,2560
15959,1,3.60457071769347,2561
14194,1,3.6057354470069996,2562
3263,1,3.6063812853146064,2563
3811,1,3.606656719828462,2564
22822,1,3.607452241591049,2565
3328,1,3.6075108669472944,2566
23029,1,3.607631153117762,2567
23003,1,3.6082540231791285,2568
17685,1,3.611306186552932,2569
8867,1,3.6114553167728807,2570
2298,1,3.6119071226576644,2571
8513,1,3.6127552959028986,2572
20264,1,3.6137322857308116,2573
3531,1,3.6138603154545845,2574
5111,1,3.6159685346049417,2575
15836,1,3.6166744464330893,2576
13866,1,3.6180898378472603,2577
6062,1,3.618134230788472,2578
18277,1,3.6186032381144226,2579
4644,1,3.619571014563848,2580
14474,1,3.621230595604858,2581
938,1,3.621731333823657,2582
7,1,3.621812565420163,2583
14433,1,3.6226169197990825,2584
1714,1,3.6243812648542684,2585
8243,1,3.6257980038660755,2586
17395,1,3.6274089602678674,2587
20831,1,3.6280710312930244,2588
17048,1,3.628269049937885,2589
18383,1,3.6283291127521755,2590
11177,1,3.6292456148434473,2591
6319,1,3.6311305545344266,2592
19238,1,3.632040220661682,2593
5127,1,3.6324335919252526,2594
16209,1,3.632647933068074,2595
21682,1,3.6342056357195824,2596
6555,1,3.634663822133916,2597
10777,1,3.635537724880801,2598
4445,1,3.6360590351707724,2599
18252,1,3.6371807756700587,2600
523,1,3.6380061423031504,2601
15431,1,3.638960655576682,2602
17771,1,3.639711146584767,2603
22643,1,3.641102004258509,2604
947,1,3.643304674247364,2605
20938,1,3.6433385363415747,2606
601,1,3.6439526018934134,2607
4710,1,3.644317721713581,2608
20848,1,3.6444457312684824,2609
10706,1,3.6465388762327566,2610
983,1,3.6468024361897022,2611
20330,1,3.6479509353909765,2612
16372,1,3.649142564858723,2613
20152,1,3.6492080046796764,2614
17897,1,3.6510508303197313,2615
12494,1,3.651543037683374,2616
4850,1,3.651709416219881,2617
23576,1,3.651717948635424,2618
17453,1,3.652172606786687,2619
23224,1,3.6522693001668625,2620
17962,1,3.652922095962104,2621
6696,1,3.6529948139528123,2622
8917,1,3.653507102502725,2623
16385,1,3.6544111494190554,2624
19246,1,3.6561032366096002,2625
3096,1,3.6566453462723056,2626
3939,1,3.657228769821803,2627
15096,1,3.658133722538305,2628
3173,1,3.658768085314356,2629
603,1,3.6603443016860036,2630
9455,1,3.660782724404967,2631
22948,1,3.6636488057048657,2632
23334,1,3.6640806993911244,2633
8027,1,3.6651082623057514,2634
21721,1,3.6667255053790444,2635
2675,1,3.667905179808471,2636
13824,1,3.66865217444797,2637
8384,1,3.6703371440752206,2638
12532,1,3.6710106093700716,2639
877,1,3.6719016724165248,2640
11392,1,3.6727558360224304,2641
4573,1,3.673259021750798,2642
20852,1,3.6738851951095146,2643
5756,1,3.6740151803054593,2644
13988,1,3.6758568515282675,2645
5582,1,3.676030509790972,2646
7007,1,3.6771990794628397,2647
8529,1,3.677603903913292,2648
17501,1,3.6789692813129022,2649
21850,1,3.679044708309901,2650
3141,1,3.6795918878315947,2651
8136,1,3.681699155887876,2652
11549,1,3.6819526852094726,2653
13675,1,3.6826656836235245,2654
6533,1,3.683804326477396,2655
16675,1,3.6854894481984752,2656
292,1,3.685521040620645,2657
14691,1,3.6858104881557776,2658
6121,1,3.6894457298742362,2659
10836,1,3.689546538137365,2660
2730,1,3.6900758681675976,2661
7455,1,3.6911446695514565,2662
23738,1,3.691176879752287,2663
23828,1,3.692799448359924,2664
21067,1,3.693231640057501,2665
13220,1,3.6933980943496802,2666
18243,1,3.693516229776014,2667
19381,1,3.6965122480851402,2668
15250,1,3.698403307167536,2669
17398,1,3.6987047241445445,2670
16387,1,3.699379351844512,2671
1900,1,3.7014391988311943,2672
19087,1,3.701453213999108,2673
19578,1,3.7022090017477733,2674
24000,1,3.70294682420731,2675
23826,1,3.7032555551355357,2676
23846,1,3.7032714626972503,2677
18997,1,3.70344811000157,2678
19166,1,3.7034653355147604,2679
5930,1,3.703827332920944,2680
2619,1,3.7040893101487544,2681
7949,1,3.704525422469301,2682
1582,1,3.7048409400463895,2683
2627,1,3.7060335007315506,2684
18214,1,3.7065188962589386,2685
20641,1,3.706849368971077,2686
22812,1,3.708027079991979,2687
6719,1,3.708651748013077,2688
13318,1,3.7103111274236236,2689
23049,1,3.7106627255138704,2690
23942,1,3.7107335091303444,2691
22599,1,3.711561642468568,2692
11088,1,3.71185792005674,2693
20677,1,3.712983910868478,2694
19249,1,3.7147022193814516,2695
10413,1,3.7150909561293877,2696
6853,1,3.7156879013437227,2697
20739,1,3.7170247111359815,2698
21127,1,3.7175801407992015,2699
15673,1,3.718983143616749,2700
19499,1,3.7199100201692277,2701
8113,1,3.720104548538729,2702
17631,1,3.7201331092413783,2703
6728,1,3.7213299755028806,2704
7344,1,3.7221536646396167,2705
12994,1,3.722253741578937,2706
20941,1,3.722582219132585,2707
13827,1,3.722804280843542,2708
8920,1,3.7237937741324556,2709
23720,1,3.7248355215774183,2710
20914,1,3.7282312151681416,2711
13642,1,3.7294966411130455,2712
3927,1,3.7317990563361536,2713
20285,1,3.7332402981295187,2714
5035,1,3.733362540933072,2715
10205,1,3.7349253115424896,2716
18461,1,3.735040059494063,2717
17392,1,3.7352347259441308,2718
11622,1,3.7357066968928505,2719
23406,1,3.736058059505237,2720
13247,1,3.7375253611733927,2721
20148,1,3.7406405765256876,2722
6917,1,3.74076025451824,2723
23996,1,3.7408733101824603,2724
5959,1,3.741348329595458,2725
22105,1,3.7415948194987334,2726
14432,1,3.7423853207308433,2727
15165,1,3.7428613605707133,2728
12870,1,3.744060986411731,2729
16268,1,3.746679008883782,2730
5229,1,3.7479172761491144,2731
16958,1,3.748888048356577,2732
19095,1,3.7494029974690597,2733
740,1,3.7497987097870102,2734
4899,1,3.750653108506799,2735
9343,1,3.7510385563012307,2736
17164,1,3.7512919993963285,2737
15455,1,3.7516136837260357,2738
11125,1,3.751995730616394,2739
12963,1,3.7527929232760906,2740
22392,1,3.7528314878263567,2741
3030,1,3.7529454593032563,2742
8029,1,3.7550768114321986,2743
20618,1,3.7552121681898614,2744
23350,1,3.7563555665711665,2745
4042,1,3.7574190777889034,2746
1946,1,3.758721636401128,2747
12483,1,3.7589998545366705,2748
6488,1,3.760097622456586,2749
13921,1,3.760471255557791,2750
417,1,3.760534091230235,2751
5282,1,3.763454519146061,2752
22581,1,3.765219609390592,2753
181,1,3.7657344831404607,2754
22772,1,3.765891139070001,2755
8633,1,3.766469403608334,2756
344,1,3.768404846721764,2757
18566,1,3.7694532296490264,2758
1485,1,3.7722459192514655,2759
2079,1,3.772448016112287,2760
23650,1,3.7728400281922116,2761
19281,1,3.774306983522593,2762
12019,1,3.7744386279620303,2763
11381,1,3.7758134702657697,2764
10472,1,3.7759772384838666,2765
2492,1,3.7760906048266727,2766
7227,1,3.7766768113517433,2767
22082,1,3.777583993022637,2768
12506,1,3.7790161630230585,2769
9239,1,3.779043589286625,2770
17620,1,3.780166622326816,2771
17361,1,3.7807248139881944,2772
14862,1,3.781123459540521,2773
18745,1,3.78131112325159,2774
7607,1,3.781431819952668,2775
10873,1,3.7834804021826285,2776
5393,1,3.78463883459738,2777
21997,1,3.784916087185895,2778
16250,1,3.7852179458358273,2779
12102,1,3.7856738417147846,2780
18881,1,3.786052570320283,2781
20882,1,3.786218936524598,2782
13484,1,3.787091746608337,2783
23290,1,3.7871855772527803,2784
10239,1,3.7878345638143887,2785
23324,1,3.788055540528696,2786
14644,1,3.790216352116009,2787
8275,1,3.793215175174527,2788
17871,1,3.7932627630042686,2789
3090,1,3.798122949797884,2790
1030,1,3.799380121828489,2791
15804,1,3.7996528850164504,2792
1939,1,3.800536147393326,2793
14912,1,3.800601526589425,2794
6262,1,3.8028820018941394,2795
11482,1,3.8030012712970165,2796
23872,1,3.804726071725618,2797
5519,1,3.8065189441942864,2798
23515,1,3.8078334813564703,2799
20431,1,3.808299079919228,2800
20336,1,3.8098872880573778,2801
5512,1,3.811235502191034,2802
20141,1,3.8118605536536783,2803
17994,1,3.8123752965618647,2804
22026,1,3.814293447441606,2805
6569,1,3.814476178743697,2806
9910,1,3.8146832730527858,2807
21419,1,3.8185895340703624,2808
9729,1,3.818772916184334,2809
1223,1,3.8196415154817744,2810
9215,1,3.819940624033528,2811
844,1,3.8206200758396758,2812
20409,1,3.8217311431033116,2813
19882,1,3.8228642266321247,2814
16966,1,3.8241992409597496,2815
719,1,3.824199774316081,2816
13362,1,3.824550474914654,2817
17833,1,3.8262999073521655,2818
498,1,3.826602757315019,2819
22171,1,3.83077088463705,2820
21311,1,3.8320933805739865,2821
16999,1,3.8323895133206314,2822
22673,1,3.8364839503869823,2823
15078,1,3.837389472763188,2824
18259,1,3.8397207421039785,2825
17594,1,3.839950800226322,2826
4117,1,3.8409544350217835,2827
19747,1,3.8410360419977416,2828
18210,1,3.8415397200768995,2829
3841,1,3.845008239812502,2830
3221,1,3.845179528972059,2831
13524,1,3.8454034192380804,2832
4133,1,3.8458668109073293,2833
14379,1,3.846045890465026,2834
6865,1,3.846571613110133,2835
18757,1,3.8478862123805833,2836
20672,1,3.8485933947522546,2837
8719,1,3.849407346332692,2838
15940,1,3.851843157316549,2839
6940,1,3.8521635169677144,2840
14021,1,3.8543900655374346,2841
856,1,3.8604618531987116,2842
18393,1,3.861534944899898,2843
23902,1,3.861649651540741,2844
16671,1,3.8646714981731085,2845
18782,1,3.8652140758299036,2846
9317,1,3.8661939500912075,2847
17623,1,3.866853443202194,2848
1443,1,3.8669761570940016,2849
7913,1,3.8680823157528037,2850
7395,1,3.8691336999413983,2851
19173,1,3.8725463569583263,2852
20207,1,3.875144654337623,2853
8048,1,3.876198913643299,2854
8950,1,3.87871283992094,2855
18453,1,3.8791263476335263,2856
18054,1,3.879282468111393,2857
20406,1,3.880008224826057,2858
21509,1,3.8830179260356066,2859
2895,1,3.8838799080132396,2860
11887,1,3.885880964947333,2861
17076,1,3.8862976269652085,2862
23883,1,3.8872747296794983,2863
49,1,3.8893861327022767,2864
14729,1,3.889429377353096,2865
21761,1,3.890154645342194,2866
10043,1,3.892128869925459,2867
21366,1,3.8940862669259224,2868
12262,1,3.8943971414350487,2869
15609,1,3.894452892827061,2870
2289,1,3.894775556131103,2871
4809,1,3.898510292335603,2872
23993,1,3.8988114653507306,2873
3016,1,3.9014849558123945,2874
19323,1,3.9032519209334016,2875
16202,1,3.904854451670771,2876
11032,1,3.908157332393501,2877
5517,1,3.909053517760485,2878
391,1,3.9099916607403657,2879
12296,1,3.9143019392014975,2880
23717,1,3.914753765563393,2881
19912,1,3.915214058453328,2882
19024,1,3.9157871762462033,2883
10857,1,3.9168669796827005,2884
20031,1,3.917441564973149,2885
5029,1,3.918119856964014,2886
2441,1,3.9228363786580713,2887
14615,1,3.9233395726836675,2888
23109,1,3.9257075622931663,2889
17458,1,3.9262735527286914,2890
1558,1,3.9266983415614023,2891
19279,1,3.927739255962708,2892
9029,1,3.9278633660020463,2893
18546,1,3.935252508996053,2894
17556,1,3.9354387161182967,2895
1997,1,3.935553604810754,2896
11545,1,3.936430425328893,2897
16544,1,3.93956512885508,2898
12368,1,3.9426011267974324,2899
22397,1,3.9439907537410313,2900
17374,1,3.944532674382789,2901
23847,1,3.948211089337018,2902
1810,1,3.948616088712368,2903
20847,1,3.949730426488899,2904
9147,1,3.9499354962266158,2905
20027,1,3.9506436955389885,2906
21397,1,3.951396381685582,2907
15874,1,3.9522228170220584,2908
20696,1,3.9545456646328363,2909
18470,1,3.954674822964427,2910
3359,1,3.955524372339606,2911
20946,1,3.956556242569839,2912
3596,1,3.9614676824055697,2913
16037,1,3.9630187515142623,2914
16864,1,3.9635960299111423,2915
1088,1,3.9640664245032515,2916
8877,1,3.964214569068116,2917
23180,1,3.9647666130235177,2918
18475,1,3.9665274669445285,2919
20441,1,3.9682845660384585,2920
11836,1,3.9686294004012512,2921
12199,1,3.9738752623048237,2922
1052,1,3.974469788984154,2923
13286,1,3.976792720782768,2924
17688,1,3.9773797816819254,2925
4215,1,3.9777873029079167,2926
12887,1,3.9778024853773113,2927
5252,1,3.9783636103670603,2928
20167,1,3.9789436475224993,2929
11700,1,3.9790473125119266,2930
17612,1,3.9801380137485327,2931
20908,1,3.980602993679254,2932
10090,1,3.981667723901596,2933
2053,1,3.982091623550936,2934
694,1,3.982650737485563,2935
14744,1,3.9842097860376504,2936
3023,1,3.9880657007535656,2937
5241,1,3.9887478583088685,2938
12507,1,3.9910121690385854,2939
21007,1,3.9943876866903403,2940
3131,1,3.9996948446201026,2941
18995,1,4.000179302599652,2942
21642,1,4.001447089066976,2943
23795,1,4.00290072247339,2944
16389,1,4.003140670594632,2945
11186,1,4.003235143136698,2946
5118,1,4.00369758749684,2947
3760,1,4.004648816713469,2948
1991,1,4.008117222453965,2949
19952,1,4.008383830587959,2950
22953,1,4.009100151603695,2951
22136,1,4.01098199616795,2952
21140,1,4.011699228369425,2953
22870,1,4.01271651166763,2954
13199,1,4.018578545525521,2955
8156,1,4.018724005513679,2956
10197,1,4.020851782046889,2957
18577,1,4.0210303976878645,2958
6620,1,4.021638212555725,2959
12317,1,4.022678509487267,2960
1574,1,4.023228711201023,2961
20139,1,4.023924596789508,2962
2725,1,4.02836523115686,2963
2617,1,4.028509878219053,2964
690,1,4.02877423473474,2965
12057,1,4.029208439362951,2966
18738,1,4.029810673854896,2967
6981,1,4.031080047561493,2968
18869,1,4.03755664082578,2969
1208,1,4.042397927373735,2970
18712,1,4.04330879151425,2971
12880,1,4.043640103267228,2972
8322,1,4.044396379939292,2973
341,1,4.049708846826441,2974
10064,1,4.05207527636727,2975
15176,1,4.053052444638671,2976
21580,1,4.061891339964283,2977
18067,1,4.0626937040015845,2978
21702,1,4.064687098074187,2979
12601,1,4.065924067189811,2980
1201,1,4.067405868739415,2981
2953,1,4.069639507254285,2982
19168,1,4.07167437104711,2983
16040,1,4.072539997536194,2984
18479,1,4.074688735124604,2985
15607,1,4.075638098474349,2986
7989,1,4.077334624340286,2987
14175,1,4.079350364962185,2988
5144,1,4.080445811429659,2989
7663,1,4.082550391295991,2990
6334,1,4.086708567746314,2991
17396,1,4.087254823876799,2992
16873,1,4.089129056079505,2993
7334,1,4.093926432942955,2994
8353,1,4.097687347703278,2995
21704,1,4.099256388816367,2996
3228,1,4.1042569710912105,2997
12120,1,4.10549495902637,2998
15645,1,4.105878038406486,2999
12658,1,4.109152878498151,3000
16024,1,4.114294707240117,3001
7565,1,4.116267986439165,3002
6323,1,4.1164377966923,3003
17829,1,4.118484521139129,3004
5122,1,4.118742520916504,3005
22666,1,4.119572206858883,3006
14890,1,4.121164111504424,3007
21742,1,4.121164913315138,3008
4695,1,4.126049491706979,3009
10138,1,4.128776244961347,3010
220,1,4.13146114127364,3011
11719,1,4.131917720821487,3012
12082,1,4.132631070218932,3013
13911,1,4.134956164939048,3014
2228,1,4.135688648292229,3015
22286,1,4.138155232582542,3016
16143,1,4.141690024894989,3017
22905,1,4.14283735252116,3018
17783,1,4.143333177982292,3019
1809,1,4.143961313659731,3020
23398,1,4.144759025418979,3021
15570,1,4.144968511681607,3022
8359,1,4.145087954342345,3023
6663,1,4.146976120151457,3024
22498,1,4.147528427129858,3025
12056,1,4.149083490497811,3026
20970,1,4.149599675197053,3027
19017,1,4.1522809348604435,3028
20976,1,4.1571560727766075,3029
4652,1,4.158558126699582,3030
22632,1,4.15969500423681,3031
22166,1,4.162915308413695,3032
20613,1,4.166502169413368,3033
22798,1,4.177697841231199,3034
14109,1,4.178716130686989,3035
10928,1,4.183170368453796,3036
18850,1,4.183656068351166,3037
17250,1,4.187291942430832,3038
16653,1,4.187344842460742,3039
11136,1,4.1929647076273575,3040
3609,1,4.193242927467831,3041
8072,1,4.196576768261182,3042
16324,1,4.198430093388935,3043
20236,1,4.198589146449695,3044
23243,1,4.199476939982686,3045
462,1,4.19980367467602,3046
8556,1,4.202688149991912,3047
5743,1,4.205816173388063,3048
10779,1,4.205852144468596,3049
12755,1,4.208164239824209,3050
8539,1,4.210097810629778,3051
4371,1,4.210932401837973,3052
5614,1,4.213858610790242,3053
15001,1,4.217944602570944,3054
2755,1,4.218911001012676,3055
23293,1,4.220670266502621,3056
5441,1,4.222685945807595,3057
7002,1,4.2271557295050215,3058
3521,1,4.2271883984820375,3059
22415,1,4.2303033551785685,3060
16907,1,4.235666494531003,3061
1687,1,4.238099322514998,3062
17367,1,4.241060098797338,3063
23106,1,4.24332834403023,3064
16383,1,4.248746725670736,3065
18400,1,4.251125294178755,3066
16720,1,4.252542006133706,3067
7731,1,4.25400468258745,3068
13930,1,4.254348805701786,3069
4314,1,4.258281023338143,3070
10053,1,4.262246369487963,3071
22787,1,4.265526604226306,3072
4318,1,4.267910870883185,3073
13146,1,4.268241345736456,3074
15759,1,4.277380509961902,3075
23999,1,4.278757759744023,3076
4256,1,4.281186568629642,3077
2033,1,4.282076105884673,3078
5059,1,4.283667568490177,3079
6560,1,4.283965021007339,3080
13631,1,4.290421566910528,3081
17596,1,4.292279262537833,3082
13414,1,4.294364532598371,3083
23592,1,4.297958453516235,3084
14100,1,4.2997183735586315,3085
11520,1,4.301887104771369,3086
21243,1,4.307470005112674,3087
13461,1,4.308643133331941,3088
14069,1,4.310346177418275,3089
19229,1,4.313336524738176,3090
5189,1,4.314221995418542,3091
23741,1,4.327152415243314,3092
14220,1,4.331999162533766,3093
20898,1,4.335500698167109,3094
1531,1,4.335923817999338,3095
9223,1,4.337826902527406,3096
8431,1,4.3410792050770555,3097
23579,1,4.3425383701997475,3098
14819,1,4.345657796611184,3099
6863,1,4.351087868985399,3100
21232,1,4.351153998572516,3101
10716,1,4.355355380215243,3102
23698,1,4.357004286155834,3103
5975,1,4.367963235593354,3104
19294,1,4.373644945728434,3105
21241,1,4.37711411136813,3106
8279,1,4.378673687170473,3107
12762,1,4.3811926113067665,3108
23179,1,4.381842048682503,3109
11098,1,4.388473052451796,3110
11641,1,4.401271088542713,3111
18953,1,4.404127771068617,3112
6247,1,4.404251003702016,3113
11756,1,4.408404697765127,3114
23429,1,4.410471459021399,3115
21871,1,4.413368515096287,3116
19972,1,4.4167224286512194,3117
10818,1,4.4172367223995,3118
948,1,4.43576195996219,3119
8479,1,4.436257435374667,3120
2251,1,4.437806209661818,3121
21382,1,4.43898378947095,3122
1134,1,4.441023783369722,3123
20102,1,4.448858930559577,3124
5217,1,4.44911089790101,3125
11353,1,4.450318466918207,3126
23569,1,4.462872388537808,3127
5698,1,4.464228730552551,3128
9658,1,4.4758020766970645,3129
7111,1,4.4769776911350325,3130
8153,1,4.478978023516001,3131
18024,1,4.484169471624357,3132
23937,1,4.484342607560879,3133
11611,1,4.485042373384939,3134
4889,1,4.489192106140313,3135
4294,1,4.492345652993631,3136
1448,1,4.493481026988391,3137
22522,1,4.513140693417688,3138
23296,1,4.5168707399935295,3139
20500,1,4.521050122691759,3140
9987,1,4.521903076744187,3141
16322,1,4.523000880423508,3142
13904,1,4.523582818475032,3143
1272,1,4.524775567913226,3144
12672,1,4.532594543015986,3145
3327,1,4.5326991703558175,3146
3334,1,4.570162390485735,3147
16249,1,4.577731526338664,3148
4141,1,4.5792244540748355,3149
23266,1,4.581306426895424,3150
12292,1,4.608729749936903,3151
2913,1,4.608890238903561,3152
7498,1,4.615937282673078,3153
2459,1,4.62045501068178,3154
13877,1,4.622226875372704,3155
21623,1,4.630363950330734,3156
13479,1,4.642380817047668,3157
10576,1,4.6477040274423835,3158
13099,1,4.652798672268918,3159
19943,1,4.659082808616276,3160
23444,1,4.664225903993625,3161
22464,1,4.674410065817424,3162
9513,1,4.687956014871441,3163
20715,1,4.688578071333575,3164
168,1,4.694651460449878,3165
18458,1,4.7024656024611025,3166
4123,1,4.704878465793022,3167
6646,1,4.710525604890472,3168
8321,1,4.730722603426054,3169
23550,1,4.753955812285892,3170
23261,1,4.755341722608276,3171
4279,1,4.758120433970576,3172
17342,1,4.765889051481359,3173
12141,1,4.780072226965497,3174
13996,1,4.783887454575412,3175
13624,1,4.787335646123317,3176
5680,1,4.789078743622557,3177
8629,1,4.79111534269513,3178
648,1,4.8037488121238425,3179
2678,1,4.810476209402245,3180
5833,1,4.811176769759508,3181
4776,1,4.815879552035181,3182
21213,1,4.828676576712841,3183
15801,1,4.832976247455312,3184
18677,1,4.837191337516371,3185
21016,1,4.844311814900327,3186
3520,1,4.857482262423141,3187
15643,1,4.862359931792025,3188
11882,1,4.875405056862173,3189
1970,1,4.899054698668377,3190
1860,1,4.905105780052553,3191
8210,1,4.916440723644582,3192
11604,1,4.944288708559569,3193
18013,1,4.950271051158371,3194
21403,1,4.956622984339337,3195
896,1,4.959579064496781,3196
13704,1,4.980566361229915,3197
2766,1,5.009449954080135,3198
19057,1,5.012276862221749,3199
4081,1,5.025770670579224,3200
7378,1,5.0859612803455425,3201
16406,1,5.105225591130408,3202
10235,1,5.116002959161561,3203
12953,1,5.142100575279231,3204
4131,1,5.142973463547426,3205
11586,1,5.148746212096992,3206
8512,1,5.163122098809082,3207
10819,1,5.179991717476451,3208
6975,1,5.18040474173037,3209
4077,1,5.18905325236169,3210
1345,1,5.1934904969937365,3211
19673,1,5.201638162434464,3212
638,1,5.255627828965858,3213
8660,1,5.259087421824332,3214
3665,1,5.270020646201871,3215
2294,1,5.2850281536879,3216
1338,1,5.2904900901259255,3217
13664,1,5.341674898780315,3218
17797,1,5.370374433486308,3219
6672,1,5.4190729010364675,3220
24012,1,5.458150661896537,3221
9875,1,5.513939784093515,3222
3522,1,5.522033897174806,3223
18734,1,5.529286839420755,3224
9598,1,5.550978626946904,3225
13657,1,5.566358250004271,3226
19791,1,5.570018747863501,3227
16690,1,5.572347925459708,3228
8663,1,5.633277540058199,3229
827,1,5.648421305920741,3230
21771,1,5.690189456466993,3231
2012,1,5.696830477711958,3232
14061,1,5.701042078735678,3233
7373,1,5.72616843154979,3234
17448,1,5.777708617969029,3235
7335,1,5.889103885021405,3236
12241,1,5.90595424274559,3237
9374,1,5.918352357333889,3238
4601,1,5.929673287968661,3239
21486,1,5.953785165052065,3240
21282,1,5.965898279934759,3241
22967,1,6.020160877611802,3242
20870,1,6.054191465701767,3243
21176,1,6.057177081819493,3244
1602,1,6.121621523481627,3245
23904,1,6.191819931161791,3246
3858,1,6.270314241964141,3247
19048,1,6.2938946865381356,3248
3654,1,6.3384686346735855,3249
18917,1,6.346049490047953,3250
2400,1,6.3488761279145915,3251
5497,1,6.377358476342646,3252
6571,1,6.387673356979725,3253
5540,1,6.429157699957664,3254
9730,1,6.431734394014896,3255
10658,1,6.435735961756715,3256
7649,1,6.532302938060896,3257
11842,1,6.555218889827782,3258
4465,1,6.556458333179407,3259
13055,1,6.6181746402535495,3260
23329,1,6.621016547792406,3261
11506,1,6.691084336868188,3262
20851,1,6.694860934820132,3263
4696,1,6.733787508865611,3264
3515,1,6.755836015084117,3265
17855,1,6.894045556994082,3266
1955,1,6.907706383774769,3267
15592,1,6.987000882936284,3268
4407,1,7.0580066662867385,3269
9585,1,7.123825054477275,3270
15005,1,7.223721281918146,3271
23196,1,7.364334091494287,3272
20402,1,7.400105814632913,3273
6031,1,7.467782015623991,3274
6962,1,7.715366653994717,3275
5206,1,7.982283990697004,3276
2783,1,8.098234493051194,3277
1881,1,8.15998269490755,3278
10990,1,8.160720234104597,3279
12513,1,8.175687163466817,3280
23585,1,8.246950578557849,3281
7080,1,8.333162420390824,3282
5056,1,8.44306799413483,3283
19700,1,8.528498158877005,3284
8768,1,8.630345560927392,3285
4664,1,8.860981042464536,3286
16553,1,8.93094341975583,3287
19777,1,8.991282602377874,3288
14336,1,9.248292706216397,3289
9309,1,9.613598241344892,3290
17209,1,9.62620694956802,3291
13332,1,9.773373435610857,3292
2363,1,9.860909239459005,3293
15648,1,10.021989382826312,3294
20814,1,10.172615642240325,3295
23383,1,10.222367168875135,3296
20660,1,10.548996768222649,3297
6592,1,11.013040819684386,3298
8790,1,11.331333913037264,3299
19464,1,11.336816162011946,3300
14191,1,12.183745462803019,3301
19623,1,13.814166759109245,3302
8201,1,15.976895362400567,3303
22902,1,18.43027414199064,3304
13846,1,19.28950497397125,3305
22433,1,19.630610840348584,3306
11290,2,1.1944419554428232,1
22093,2,1.2167003031646615,2
7004,2,1.2426323946159858,3
19939,2,1.344455651935243,4
21032,2,1.351032274938868,5
6621,2,1.360542700513505,6
1439,2,1.3694443742907856,7
793,2,1.4602144299632642,8
2830,2,1.4602144299632642,9
7748,2,1.4602144299632642,10
8397,2,1.4602144299632642,11
9126,2,1.4602144299632642,12
13469,2,1.4602144299632642,13
15064,2,1.4602144299632642,14
17485,2,1.4602144299632642,15
17666,2,1.4602144299632642,16
16742,2,1.4919331791789392,17
16990,2,1.5006970521408576,18
15069,2,1.5127767449110896,19
2106,2,1.5264949192359065,20
3602,2,1.5496079194497228,21
12702,2,1.551332821763318,22
16562,2,1.5722952646516462,23
11812,2,1.5881521954943023,24
4271,2,1.5951370322774305,25
19900,2,1.614739844609644,26
12576,2,1.627264394742026,27
7960,2,1.6309712194571573,28
357,2,1.6444998955758483,29
2639,2,1.6453069075177231,30
15992,2,1.6458120593275982,31
1022,2,1.6573467908392756,32
17204,2,1.6627161735900926,33
832,2,1.6717626129608714,34
3629,2,1.6750289325627852,35
23619,2,1.6827311526487214,36
6637,2,1.6894556226030064,37
15579,2,1.700078845234892,38
11780,2,1.7003167252012865,39
3405,2,1.7019826354268057,40
7953,2,1.7062126407728277,41
22515,2,1.7072092480721373,42
3028,2,1.7079924585731743,43
20084,2,1.7163813409618605,44
8756,2,1.7318976203195522,45
18328,2,1.7353981896015842,46
3630,2,1.7394002196249412,47
20315,2,1.7497249963069674,48
1107,2,1.7530506377631931,49
3069,2,1.757026887253625,50
5081,2,1.7640879111508072,51
3125,2,1.7706158290353635,52
4437,2,1.7717213801113822,53
4553,2,1.7776507095110352,54
8484,2,1.7798705965422508,55
1812,2,1.7823051785224278,56
130,2,1.7925369253495929,57
10642,2,1.7932919574428003,58
13327,2,1.8070584524851505,59
182,2,1.822828120404055,60
7556,2,1.8421719017263745,61
9814,2,1.854056947249702,62
17805,2,1.854056947249702,63
18661,2,1.85677463762675,64
5894,2,1.8568751769381215,65
2765,2,1.862833228331718,66
15183,2,1.8669456996681,67
17068,2,1.868198187577215,68
22156,2,1.8688506073687987,69
22544,2,1.8699560313773254,70
4756,2,1.877863122346659,71
18923,2,1.9043922149394066,72
21173,2,1.9134618980935774,73
21653,2,1.9199672192289576,74
5210,2,1.9213976929391616,75
10524,2,1.9259154499595041,76
20874,2,1.9329160380764348,77
22797,2,1.9362434028955458,78
19059,2,1.9375706495618157,79
362,2,1.9446722479179852,80
18891,2,1.9487535505552465,81
10720,2,1.9540169491964556,82
6845,2,1.9545639949794094,83
10587,2,1.9683072495693763,84
779,2,1.9722868492556587,85
14567,2,1.9742263241709725,86
5016,2,1.9743010779754582,87
19185,2,1.9754744912077615,88
7256,2,1.9802723644756157,89
14101,2,1.9921592111724495,90
17459,2,2.001375308775827,91
9189,2,2.0032883276313105,92
20982,2,2.0125099085753755,93
5378,2,2.0183584896703226,94
20887,2,2.019063226883186,95
20953,2,2.0285199052050134,96
3248,2,2.0342252564489045,97
5578,2,2.0342252564489045,98
4689,2,2.0411151260793283,99
3063,2,2.0417482328048724,100
10521,2,2.0465778051799233,101
3674,2,2.0504023540476517,102
14236,2,2.052235451197891,103
185,2,2.0531912894403166,104
10632,2,2.055605287823731,105
1319,2,2.0560024404601562,106
12655,2,2.07491306092958,107
19471,2,2.0750454293486436,108
3565,2,2.076203235976468,109
19513,2,2.0779184502344203,110
378,2,2.0859088245761424,111
6766,2,2.0942049868209454,112
2310,2,2.097634861997409,113
19525,2,2.1043063670550675,114
18351,2,2.1049733646608644,115
3994,2,2.1060063504650155,116
11102,2,2.1263126238651493,117
5671,2,2.12727123921361,118
4678,2,2.1272942441613445,119
547,2,2.135669951330663,120
18623,2,2.136362082124769,121
21220,2,2.139894271470578,122
23245,2,2.146325617565536,123
19104,2,2.14874143150195,124
8269,2,2.1515267707063392,125
19829,2,2.1524364127701,126
19599,2,2.153067505157009,127
123,2,2.1564413999594905,128
290,2,2.1627551931978615,129
23320,2,2.1631193459254154,130
20414,2,2.163670832572445,131
13684,2,2.1682302656295454,132
18018,2,2.1726324958782692,133
18793,2,2.172781398227529,134
3793,2,2.1777192935466414,135
23466,2,2.1850645736630177,136
1797,2,2.1906022754154866,137
6248,2,2.1957756760610243,138
8701,2,2.196107839809719,139
2049,2,2.1973904344240873,140
1451,2,2.198058665108562,141
3891,2,2.198216717360763,142
13309,2,2.2011711726755925,143
2248,2,2.203124196113156,144
3074,2,2.2106345455707377,145
7510,2,2.2124108817742134,146
1141,2,2.2124252050183624,147
9833,2,2.21246190359755,148
18434,2,2.2147349293683156,149
23932,2,2.216311401862733,150
11403,2,2.2169403032194563,151
4345,2,2.217467353134778,152
3843,2,2.2184773353018046,153
754,2,2.221379853649841,154
15588,2,2.221379853649841,155
21464,2,2.2224247274424274,156
7358,2,2.2239312254919135,157
15640,2,2.2306093525530346,158
23751,2,2.230771576005915,159
5707,2,2.232043207255957,160
18770,2,2.232898936637773,161
9310,2,2.2332913727748425,162
1370,2,2.234771121828035,163
7637,2,2.237644245513612,164
4895,2,2.2413789759679434,165
16642,2,2.2433535424406963,166
3347,2,2.243367538315002,167
22910,2,2.243984490769464,168
12889,2,2.244256412792091,169
4870,2,2.2450259204098706,170
1337,2,2.2465337668645247,171
9939,2,2.253485418224591,172
7390,2,2.2551306366377006,173
22131,2,2.2627198997858695,174
2671,2,2.2676024818711835,175
20262,2,2.273122173715229,176
20269,2,2.273122173715229,177
17918,2,2.279103196625677,178
21139,2,2.279577108691373,179
4025,2,2.2796175462176804,180
990,2,2.281176775458058,181
737,2,2.2822202681385986,182
9937,2,2.2852892124418114,183
12486,2,2.2885449102029125,184
4990,2,2.289415516936407,185
5048,2,2.2920621760212434,186
14164,2,2.299543218353877,187
16641,2,2.3042814726881717,188
716,2,2.3048916143997036,189
21578,2,2.306210018826185,190
10956,2,2.3102833583702327,191
13314,2,2.3105947823084563,192
17343,2,2.3119003715244246,193
3860,2,2.313430324441679,194
3137,2,2.3152202079682858,195
984,2,2.3168168581396213,196
21221,2,2.3186981064208334,197
20321,2,2.3194620525183187,198
10938,2,2.3201010992548308,199
6464,2,2.3237814474236687,200
3796,2,2.325241786654789,201
19239,2,2.3283916406620215,202
21490,2,2.3292599338788715,203
2898,2,2.3316710535767617,204
7257,2,2.331875030751111,205
12281,2,2.3327366132903444,206
1004,2,2.3340811397859498,207
22722,2,2.338256136723466,208
7730,2,2.340306223136177,209
2357,2,2.3407564127170106,210
2431,2,2.3407564127170106,211
6769,2,2.3407564127170106,212
4312,2,2.343709123092547,213
4978,2,2.3439073937620134,214
15905,2,2.345987442770201,215
16890,2,2.348192646340724,216
781,2,2.352671962260254,217
816,2,2.352671962260254,218
1636,2,2.352671962260254,219
2098,2,2.352671962260254,220
4243,2,2.352671962260254,221
5100,2,2.352671962260254,222
7024,2,2.352671962260254,223
7605,2,2.352671962260254,224
8459,2,2.352671962260254,225
11556,2,2.352671962260254,226
15038,2,2.352671962260254,227
15315,2,2.352671962260254,228
15624,2,2.352671962260254,229
17625,2,2.352671962260254,230
17793,2,2.352671962260254,231
21379,2,2.352671962260254,232
23028,2,2.352671962260254,233
622,2,2.353504071042317,234
18828,2,2.354688608658782,235
20859,2,2.35695096731318,236
7147,2,2.360403665614755,237
6638,2,2.3606138883032517,238
14306,2,2.361332140125498,239
8288,2,2.365287167173657,240
713,2,2.366981958211518,241
8424,2,2.3673293642034956,242
14549,2,2.372396794916178,243
4172,2,2.3752391448875487,244
13744,2,2.3765517782480767,245
23436,2,2.3765517782480767,246
21359,2,2.3791806949430585,247
4584,2,2.3810430196668553,248
22023,2,2.3834512440036684,249
22169,2,2.3839577789026616,250
2145,2,2.385346643844292,251
18371,2,2.386012997694343,252
19203,2,2.388087244295516,253
5018,2,2.38847371445321,254
13459,2,2.3889157539902475,255
6654,2,2.3914841549647368,256
1393,2,2.3926645249378558,257
5137,2,2.395371321212851,258
1632,2,2.3974284961127665,259
1225,2,2.4049437877012694,260
19779,2,2.4049437877012694,261
13971,2,2.4050245888457926,262
5323,2,2.4051032901062896,263
3619,2,2.410482109747716,264
6563,2,2.4112338286648454,265
3479,2,2.4116373823414077,266
20259,2,2.418096763749467,267
19085,2,2.4193819006269592,268
19466,2,2.419479360601368,269
18861,2,2.4213656461904836,270
17489,2,2.425464138882647,271
22853,2,2.428684692465878,272
8801,2,2.4325421953704693,273
14767,2,2.4325421953704693,274
14831,2,2.4325421953704693,275
21028,2,2.4325421953704693,276
21974,2,2.4325421953704693,277
22267,2,2.4325421953704693,278
22409,2,2.4347606334062153,279
14717,2,2.436631632435833,280
5856,2,2.4367120456876306,281
10375,2,2.436873770927323,282
21358,2,2.436873770927323,283
21276,2,2.4385056011673854,284
21162,2,2.4390680520269843,285
6159,2,2.440771067447774,286
17435,2,2.442366290534612,287
7491,2,2.442972391928049,288
19196,2,2.443179622941347,289
20280,2,2.443179622941347,290
10133,2,2.445335280564513,291
5113,2,2.446675961215538,292
3037,2,2.447861443133074,293
20310,2,2.448710861292338,294
14657,2,2.4489415477118914,295
6749,2,2.452777881927943,296
7043,2,2.4529580507472777,297
2698,2,2.453199718727538,298
1165,2,2.454346699006334,299
22952,2,2.4560020970315035,300
23791,2,2.456146106853824,301
4464,2,2.457384696895673,302
1609,2,2.458413442918616,303
1975,2,2.458413442918616,304
2837,2,2.458413442918616,305
2949,2,2.458413442918616,306
4040,2,2.458413442918616,307
5025,2,2.458413442918616,308
5481,2,2.458413442918616,309
9186,2,2.458413442918616,310
16207,2,2.458413442918616,311
19995,2,2.458413442918616,312
22018,2,2.458413442918616,313
22348,2,2.458413442918616,314
22930,2,2.458413442918616,315
23114,2,2.458413442918616,316
1056,2,2.4586607236459663,317
21134,2,2.459652626604362,318
4433,2,2.460923956218503,319
7430,2,2.4614199879266123,320
22786,2,2.4621312323427293,321
1114,2,2.464151804659086,322
1412,2,2.464151804659086,323
1644,2,2.464151804659086,324
3935,2,2.464151804659086,325
4731,2,2.464151804659086,326
6175,2,2.464151804659086,327
6616,2,2.464151804659086,328
6857,2,2.464151804659086,329
11669,2,2.464151804659086,330
11847,2,2.464151804659086,331
16280,2,2.464151804659086,332
17491,2,2.464151804659086,333
22174,2,2.464151804659086,334
23640,2,2.464151804659086,335
10359,2,2.4658245930923086,336
5010,2,2.465963695077023,337
9300,2,2.4666544362882816,338
9966,2,2.4674300219262695,339
268,2,2.4675829735778985,340
3648,2,2.4682115743538273,341
5925,2,2.472479602934816,342
2985,2,2.473439923341804,343
17014,2,2.4749008639946224,344
249,2,2.4762153058961283,345
23166,2,2.4779376194351577,346
2305,2,2.48474949083213,347
19891,2,2.4862675815328306,348
1541,2,2.4880647163973024,349
20876,2,2.491388539492314,350
20745,2,2.4927280850657687,351
665,2,2.4929187375584245,352
4688,2,2.4929187375584245,353
14184,2,2.4929187375584245,354
19190,2,2.4929187375584245,355
23402,2,2.4929187375584245,356
4441,2,2.49346254288731,357
8024,2,2.497150594044443,358
13815,2,2.4982507669839853,359
2804,2,2.499418434305598,360
15457,2,2.5020029889503212,361
22809,2,2.505803996605044,362
2454,2,2.5092254079723593,363
22663,2,2.512669894501537,364
9129,2,2.513826757869094,365
22219,2,2.5159191919027823,366
14402,2,2.516769842771845,367
20571,2,2.51787558123109,368
22454,2,2.5192950573734474,369
1521,2,2.519617011991593,370
5746,2,2.5199990544634496,371
15037,2,2.521824761067909,372
1322,2,2.5256628740731717,373
7836,2,2.527480634724832,374
2733,2,2.5320531263209034,375
23512,2,2.5330948639240276,376
20949,2,2.5362889885153015,377
18679,2,2.5364530648923047,378
8784,2,2.5364830758458927,379
2193,2,2.536729434673959,380
6339,2,2.536729434673959,381
10262,2,2.536729434673959,382
19049,2,2.536729434673959,383
21651,2,2.536729434673959,384
22537,2,2.536729434673959,385
9295,2,2.540909833234297,386
1944,2,2.5409672416930076,387
11947,2,2.541295896108983,388
18755,2,2.5417342635695013,389
2331,2,2.541775465486303,390
16084,2,2.545851756533827,391
1237,2,2.5477285968232506,392
1383,2,2.5477285968232506,393
2169,2,2.5477285968232506,394
2236,2,2.5477285968232506,395
2471,2,2.5477285968232506,396
3245,2,2.5477285968232506,397
3635,2,2.5477285968232506,398
3899,2,2.5477285968232506,399
4104,2,2.5477285968232506,400
4124,2,2.5477285968232506,401
4600,2,2.5477285968232506,402
4617,2,2.5477285968232506,403
4988,2,2.5477285968232506,404
5022,2,2.5477285968232506,405
5584,2,2.5477285968232506,406
6095,2,2.5477285968232506,407
6394,2,2.5477285968232506,408
6800,2,2.5477285968232506,409
6972,2,2.5477285968232506,410
6996,2,2.5477285968232506,411
7557,2,2.5477285968232506,412
8381,2,2.5477285968232506,413
8890,2,2.5477285968232506,414
10758,2,2.5477285968232506,415
11708,2,2.5477285968232506,416
11893,2,2.5477285968232506,417
11954,2,2.5477285968232506,418
12892,2,2.5477285968232506,419
13526,2,2.5477285968232506,420
13927,2,2.5477285968232506,421
14884,2,2.5477285968232506,422
14995,2,2.5477285968232506,423
15911,2,2.5477285968232506,424
16310,2,2.5477285968232506,425
16618,2,2.5477285968232506,426
16718,2,2.5477285968232506,427
17297,2,2.5477285968232506,428
17585,2,2.5477285968232506,429
18132,2,2.5477285968232506,430
18471,2,2.5477285968232506,431
18694,2,2.5477285968232506,432
19092,2,2.5477285968232506,433
19146,2,2.5477285968232506,434
20150,2,2.5477285968232506,435
20573,2,2.5477285968232506,436
21808,2,2.5477285968232506,437
22381,2,2.5477285968232506,438
22743,2,2.5477285968232506,439
23445,2,2.5477285968232506,440
23529,2,2.5477285968232506,441
23570,2,2.5477285968232506,442
23956,2,2.5477285968232506,443
14751,2,2.5477479530027747,444
9606,2,2.5480302694416137,445
1100,2,2.5551173888037733,446
11250,2,2.555212136469121,447
17312,2,2.5553401564899563,448
11241,2,2.5556248137622517,449
16334,2,2.5576873115008416,450
14535,2,2.5595431843918592,451
3465,2,2.5624101950316467,452
4390,2,2.564108947349217,453
4306,2,2.564820750302854,454
4323,2,2.5648446902295587,455
8779,2,2.5653196067300486,456
8323,2,2.56681545503532,457
20507,2,2.567125838275835,458
5626,2,2.5694307671433316,459
16380,2,2.5694389179617465,460
15269,2,2.5723697007098667,461
3088,2,2.5729962834785085,462
2265,2,2.574295776338017,463
3949,2,2.5743562667730027,464
9624,2,2.5743562667730027,465
9371,2,2.5758896444699797,466
3428,2,2.576688437009432,467
11973,2,2.5773172433556955,468
17975,2,2.5779697941079647,469
18147,2,2.5779777723554282,470
7516,2,2.5790433384288183,471
2922,2,2.579423356954697,472
6218,2,2.5794233783140514,473
3942,2,2.579497010588899,474
21395,2,2.5798821071831695,475
17988,2,2.580562593091907,476
6837,2,2.5807086070372867,477
16320,2,2.5828513151288397,478
20600,2,2.582937890809689,479
23660,2,2.5831046020397945,480
15335,2,2.584427998963024,481
23820,2,2.5846991176139853,482
7971,2,2.584907914782455,483
3032,2,2.5853112898533324,484
4997,2,2.59133947641262,485
6629,2,2.59133947641262,486
11416,2,2.59133947641262,487
4067,2,2.5913695487513158,488
4447,2,2.5913695487513158,489
6679,2,2.5913695487513158,490
6805,2,2.5913695487513158,491
11467,2,2.5913695487513158,492
12996,2,2.5913695487513158,493
13590,2,2.5913695487513158,494
14017,2,2.5913695487513158,495
15376,2,2.5913695487513158,496
15899,2,2.5913695487513158,497
17251,2,2.5913695487513158,498
18322,2,2.5913695487513158,499
18718,2,2.5913695487513158,500
18834,2,2.5913695487513158,501
18852,2,2.5913695487513158,502
19287,2,2.5913695487513158,503
21695,2,2.5913695487513158,504
21915,2,2.5913695487513158,505
23607,2,2.5925937871989846,506
16991,2,2.594209442100378,507
21809,2,2.594743849637033,508
14152,2,2.5953518571663663,509
15561,2,2.5958463261619067,510
13884,2,2.597906736983735,511
21845,2,2.5983900307684658,512
12729,2,2.599640664176219,513
3049,2,2.6001166242470655,514
265,2,2.602107811053212,515
308,2,2.602107811053212,516
1231,2,2.602107811053212,517
1722,2,2.602107811053212,518
1725,2,2.602107811053212,519
1821,2,2.602107811053212,520
2771,2,2.602107811053212,521
3797,2,2.602107811053212,522
5152,2,2.602107811053212,523
5912,2,2.602107811053212,524
6870,2,2.602107811053212,525
6929,2,2.602107811053212,526
7148,2,2.602107811053212,527
7154,2,2.602107811053212,528
9635,2,2.602107811053212,529
9702,2,2.602107811053212,530
10079,2,2.602107811053212,531
10368,2,2.602107811053212,532
10672,2,2.602107811053212,533
10898,2,2.602107811053212,534
11557,2,2.602107811053212,535
13462,2,2.602107811053212,536
17874,2,2.602107811053212,537
19947,2,2.602107811053212,538
20676,2,2.602107811053212,539
21272,2,2.602107811053212,540
306,2,2.6047187528147306,541
9068,2,2.6052202998885847,542
11663,2,2.606203031906116,543
17562,2,2.6080117805178706,544
5011,2,2.6108918837967465,545
14189,2,2.611105774359133,546
22178,2,2.613080683248453,547
2818,2,2.615041229132066,548
2540,2,2.6154038639571056,549
1112,2,2.615467749487189,550
19008,2,2.616252975791703,551
17039,2,2.6163741210566442,552
3544,2,2.616569303727611,553
10787,2,2.6171342989745816,554
1362,2,2.621606965845791,555
5299,2,2.621606965845791,556
1195,2,2.6216968468385558,557
7947,2,2.6229242916658357,558
19123,2,2.6242085576545033,559
7599,2,2.625346334920489,560
23020,2,2.6265007580833353,561
17122,2,2.627370437804792,562
20606,2,2.628143930703607,563
16704,2,2.632064538042163,564
1608,2,2.6339305380389266,565
17502,2,2.6363184743266856,566
6147,2,2.6374176890312224,567
6171,2,2.639528956542863,568
12665,2,2.639528956542863,569
19028,2,2.6421935862169503,570
22894,2,2.6444752299625622,571
14205,2,2.644798537925868,572
16046,2,2.6450469631167075,573
5678,2,2.6453588360109515,574
11803,2,2.646972744778474,575
16093,2,2.6477808371957656,576
21487,2,2.648990154794083,577
20395,2,2.649115151719307,578
11749,2,2.6523318120705053,579
22637,2,2.652424973345696,580
23845,2,2.652981802414426,581
4671,2,2.6549720833385937,582
3627,2,2.6560172863703673,583
7354,2,2.656141437719852,584
8170,2,2.657091601229854,585
1645,2,2.6576870536211143,586
312,2,2.6583480463215428,587
9495,2,2.6585437039700457,588
18501,2,2.659530912975563,589
18956,2,2.661127911915864,590
14628,2,2.6627248937503567,591
23760,2,2.663646350292697,592
1285,2,2.6647349734700554,593
16026,2,2.665406186770413,594
17520,2,2.666539901667245,595
23807,2,2.6681386838878263,596
1807,2,2.669090949784312,597
11781,2,2.6697197718158505,598
10334,2,2.6703013625159486,599
6528,2,2.67385224672541,600
16712,2,2.6748655503267953,601
16565,2,2.6772621892862065,602
13102,2,2.678199831501027,603
5336,2,2.678737323127499,604
8610,2,2.6798364186751047,605
4202,2,2.679994723277943,606
4319,2,2.680687661900591,607
6063,2,2.6822555064017592,608
21463,2,2.68423817195223,609
6634,2,2.6856779282629613,610
15258,2,2.6871000746382765,611
16223,2,2.688125501260664,612
2032,2,2.688364744035894,613
2262,2,2.6920417324796424,614
13149,2,2.6931093290192343,615
20787,2,2.6931093290192343,616
22486,2,2.6932202343468368,617
17752,2,2.6958869813290436,618
19412,2,2.6960523646322345,619
19216,2,2.696071835914857,620
22628,2,2.6970144239903004,621
13807,2,2.6974671773163155,622
2474,2,2.7005209531936822,623
174,2,2.700614952621069,624
2543,2,2.7013347142489006,625
1375,2,2.703383065575546,626
17266,2,2.705661999459386,627
22126,2,2.705832200065107,628
2207,2,2.70659582139501,629
15887,2,2.707779787931536,630
14374,2,2.707955997100887,631
9578,2,2.708025528709157,632
22425,2,2.708289428691943,633
16435,2,2.7100641852031258,634
7867,2,2.7127642390918916,635
22037,2,2.713708336102009,636
11099,2,2.7142008740406878,637
3437,2,2.7142185305824373,638
21120,2,2.7149696183028045,639
627,2,2.7161466590077357,640
692,2,2.7161466590077357,641
3104,2,2.7161466590077357,642
11143,2,2.7161466590077357,643
11589,2,2.7161466590077357,644
14845,2,2.7161466590077357,645
16518,2,2.7161466590077357,646
12991,2,2.7170764293021046,647
9740,2,2.717156543835746,648
14877,2,2.7174238986667087,649
10011,2,2.7189968343369593,650
8494,2,2.720251510618467,651
13760,2,2.7211246960260507,652
2102,2,2.7212255465200204,653
1235,2,2.7217434999212933,654
17773,2,2.728384147994137,655
11297,2,2.7291993168893383,656
2420,2,2.729543171603568,657
14861,2,2.7321136545346896,658
11242,2,2.7357038557713227,659
20663,2,2.736933110658387,660
6711,2,2.7371757075344583,661
6626,2,2.737381316082708,662
4488,2,2.740766392571415,663
18323,2,2.7408176005506566,664
8623,2,2.7421999792996,665
6690,2,2.742327489218705,666
9526,2,2.742327489218705,667
12261,2,2.742327489218705,668
16920,2,2.742327489218705,669
21956,2,2.749626627750169,670
11679,2,2.7496855356289793,671
7310,2,2.7504006706042525,672
1556,2,2.751883470185635,673
4344,2,2.751883470185635,674
16981,2,2.752791689460062,675
6369,2,2.7533784216328576,676
18910,2,2.754277298691449,677
5936,2,2.754478450264227,678
21986,2,2.755316051214542,679
11419,2,2.7556558328005196,680
7493,2,2.761011637380656,681
20293,2,2.761743293964313,682
15110,2,2.7622688613637427,683
12112,2,2.7635957188010143,684
3769,2,2.7640979757336597,685
8454,2,2.764414766704348,686
23276,2,2.764534425086833,687
21091,2,2.765545488218848,688
3835,2,2.772194936276648,689
8149,2,2.7732277302853054,690
3467,2,2.773500428044308,691
12861,2,2.7736363062599376,692
2023,2,2.7744855400867103,693
16589,2,2.776252417773775,694
22648,2,2.777129420114455,695
13961,2,2.77976651564506,696
6184,2,2.7802872685652904,697
22738,2,2.7803065642893787,698
15941,2,2.781157504689663,699
19262,2,2.781302003108384,700
22517,2,2.785565259540401,701
21332,2,2.7859560674356323,702
13233,2,2.7860935456187828,703
579,2,2.7876473141086557,704
15748,2,2.7894529753842146,705
373,2,2.790326517466361,706
1308,2,2.790326517466361,707
3379,2,2.790326517466361,708
4927,2,2.790326517466361,709
7072,2,2.790326517466361,710
7295,2,2.790326517466361,711
7305,2,2.790326517466361,712
7999,2,2.790326517466361,713
10858,2,2.790326517466361,714
11779,2,2.790326517466361,715
13145,2,2.790326517466361,716
18118,2,2.790326517466361,717
18270,2,2.790326517466361,718
18336,2,2.790326517466361,719
18385,2,2.790326517466361,720
19232,2,2.790326517466361,721
19441,2,2.790326517466361,722
22962,2,2.790326517466361,723
14638,2,2.7912653427369403,724
23536,2,2.791499964883568,725
6074,2,2.7924794568507756,726
12353,2,2.793323808901025,727
4373,2,2.7938374481999553,728
2287,2,2.795046844699439,729
5583,2,2.7951326465807984,730
15387,2,2.7983345742998944,731
3172,2,2.799886007033866,732
6802,2,2.801058170408333,733
17115,2,2.8023882532439623,734
11569,2,2.803549474985256,735
6910,2,2.8046119782856804,736
19014,2,2.804912118933111,737
16839,2,2.805224413114999,738
3482,2,2.805820491570167,739
14087,2,2.8080740161881983,740
4249,2,2.8080820874716115,741
4127,2,2.8090138226830965,742
21579,2,2.810786097089665,743
18207,2,2.812511933459854,744
18803,2,2.813343823129,745
22017,2,2.8137510145610776,746
13753,2,2.8143444548983796,747
16106,2,2.815549563779917,748
16496,2,2.8167304194547866,749
21943,2,2.818095956240844,750
6811,2,2.819974648764781,751
16799,2,2.8216561108879707,752
22027,2,2.8261479271075327,753
11960,2,2.82901459290802,754
23895,2,2.8303113965449924,755
12807,2,2.830420343038971,756
3171,2,2.8316634550146564,757
1720,2,2.83217078047084,758
5086,2,2.83217078047084,759
5660,2,2.83217078047084,760
11765,2,2.83217078047084,761
11869,2,2.83217078047084,762
15106,2,2.83217078047084,763
15506,2,2.83217078047084,764
15847,2,2.83217078047084,765
3853,2,2.833471322800531,766
14415,2,2.8342291289722668,767
21326,2,2.8343319814737096,768
4836,2,2.835206085817732,769
12327,2,2.8360207809667037,770
743,2,2.836900105997224,771
2843,2,2.836900105997224,772
9640,2,2.836900105997224,773
9778,2,2.836900105997224,774
20305,2,2.836900105997224,775
11194,2,2.8383738922423176,776
5461,2,2.839045958762681,777
8843,2,2.8400994815089073,778
298,2,2.841521194852371,779
1623,2,2.841521194852371,780
5701,2,2.841521194852371,781
6050,2,2.841521194852371,782
6570,2,2.841521194852371,783
7544,2,2.841521194852371,784
8133,2,2.841521194852371,785
14400,2,2.841521194852371,786
17608,2,2.841521194852371,787
18586,2,2.841521194852371,788
18943,2,2.841521194852371,789
20454,2,2.841521194852371,790
20499,2,2.841521194852371,791
20732,2,2.841521194852371,792
22448,2,2.841521194852371,793
4220,2,2.8415409226745716,794
286,2,2.843731296689221,795
4110,2,2.8442197269332126,796
2554,2,2.845051550919176,797
2793,2,2.845051550919176,798
4065,2,2.845051550919176,799
4085,2,2.845051550919176,800
4303,2,2.845051550919176,801
4751,2,2.845051550919176,802
5677,2,2.845051550919176,803
16648,2,2.845051550919176,804
17935,2,2.845051550919176,805
17974,2,2.845051550919176,806
17991,2,2.845051550919176,807
20934,2,2.845051550919176,808
23303,2,2.845051550919176,809
4353,2,2.8457748562619303,810
6586,2,2.846260437581242,811
97,2,2.8467397123265,812
354,2,2.8467397123265,813
839,2,2.8467397123265,814
1360,2,2.8467397123265,815
1510,2,2.8467397123265,816
1525,2,2.8467397123265,817
1941,2,2.8467397123265,818
2315,2,2.8467397123265,819
3004,2,2.8467397123265,820
3262,2,2.8467397123265,821
3358,2,2.8467397123265,822
3473,2,2.8467397123265,823
3640,2,2.8467397123265,824
4086,2,2.8467397123265,825
4330,2,2.8467397123265,826
4554,2,2.8467397123265,827
4866,2,2.8467397123265,828
4974,2,2.8467397123265,829
4981,2,2.8467397123265,830
4985,2,2.8467397123265,831
5388,2,2.8467397123265,832
5504,2,2.8467397123265,833
5690,2,2.8467397123265,834
5710,2,2.8467397123265,835
5745,2,2.8467397123265,836
5890,2,2.8467397123265,837
6023,2,2.8467397123265,838
6064,2,2.8467397123265,839
6140,2,2.8467397123265,840
6305,2,2.8467397123265,841
6612,2,2.8467397123265,842
7151,2,2.8467397123265,843
7468,2,2.8467397123265,844
7680,2,2.8467397123265,845
9775,2,2.8467397123265,846
10416,2,2.8467397123265,847
10601,2,2.8467397123265,848
10867,2,2.8467397123265,849
11517,2,2.8467397123265,850
12637,2,2.8467397123265,851
13518,2,2.8467397123265,852
14258,2,2.8467397123265,853
14655,2,2.8467397123265,854
14941,2,2.8467397123265,855
15304,2,2.8467397123265,856
16241,2,2.8467397123265,857
16333,2,2.8467397123265,858
16340,2,2.8467397123265,859
16362,2,2.8467397123265,860
17093,2,2.8467397123265,861
17483,2,2.8467397123265,862
18253,2,2.8467397123265,863
18267,2,2.8467397123265,864
18441,2,2.8467397123265,865
18476,2,2.8467397123265,866
18717,2,2.8467397123265,867
18798,2,2.8467397123265,868
18835,2,2.8467397123265,869
19427,2,2.8467397123265,870
19640,2,2.8467397123265,871
19903,2,2.8467397123265,872
20190,2,2.8467397123265,873
20295,2,2.8467397123265,874
20316,2,2.8467397123265,875
20608,2,2.8467397123265,876
20868,2,2.8467397123265,877
21137,2,2.8467397123265,878
21501,2,2.8467397123265,879
21722,2,2.8467397123265,880
21901,2,2.8467397123265,881
22014,2,2.8467397123265,882
22101,2,2.8467397123265,883
22334,2,2.8467397123265,884
22506,2,2.8467397123265,885
22978,2,2.8467397123265,886
23061,2,2.8467397123265,887
23545,2,2.8467397123265,888
23991,2,2.8467397123265,889
24010,2,2.8468345776767525,890
6668,2,2.8472995694684458,891
14515,2,2.8476671125149857,892
11054,2,2.847763911738596,893
2552,2,2.847988166202476,894
5429,2,2.848604697037928,895
6355,2,2.8494970538391304,896
13174,2,2.850046193074666,897
858,2,2.8505575994295116,898
13404,2,2.85079078668705,899
15158,2,2.850857501581902,900
18663,2,2.8510521228831296,901
10754,2,2.8514894259547416,902
22183,2,2.851886449101564,903
3953,2,2.8529361540195137,904
15134,2,2.854062826383962,905
12145,2,2.855363070405857,906
12096,2,2.855549995630904,907
3990,2,2.855934841261532,908
10303,2,2.8567039198413418,909
23695,2,2.856760628723714,910
1979,2,2.8575144689979632,911
7990,2,2.8578245630476355,912
17380,2,2.8587700323262637,913
3625,2,2.858869532750956,914
709,2,2.859378297473578,915
5143,2,2.8598718313693934,916
20554,2,2.860180830436859,917
5343,2,2.8622476377649617,918
16217,2,2.8629092492262287,919
23012,2,2.8630206254877675,920
17406,2,2.863182695042346,921
12177,2,2.8632136556670726,922
23368,2,2.8639845109310604,923
3207,2,2.8641239688247313,924
9883,2,2.864527785132263,925
18506,2,2.86533187759692,926
12813,2,2.865806939744421,927
20956,2,2.8672082921575344,928
22270,2,2.8673152124094656,929
23663,2,2.868111921483334,930
8617,2,2.868623448913645,931
4064,2,2.8690591564347168,932
12200,2,2.869690457133259,933
17070,2,2.8699229817658405,934
1075,2,2.870707580857009,935
11170,2,2.8707796689735057,936
12434,2,2.871450950831706,937
8747,2,2.8725227566321383,938
12129,2,2.872523194990045,939
733,2,2.872565274321108,940
14239,2,2.8732691787630786,941
3830,2,2.873371087009924,942
17099,2,2.8740115050474455,943
15367,2,2.874932214104836,944
12878,2,2.8801013364487886,945
8471,2,2.880117363319127,946
9099,2,2.8803388614685033,947
22216,2,2.8803866484305636,948
21611,2,2.8826315371046336,949
2823,2,2.882706128411331,950
15079,2,2.884030054896345,951
568,2,2.8854766755588943,952
17393,2,2.8860526538013884,953
1729,2,2.8900207702384786,954
10278,2,2.8918922635539643,955
3254,2,2.8927084768928206,956
7463,2,2.892881071238198,957
13303,2,2.8946076405946677,958
15536,2,2.895410293982913,959
10409,2,2.896195396843325,960
1348,2,2.8961985793374607,961
17946,2,2.897441808302352,962
13838,2,2.8976896280356796,963
15161,2,2.8977237988616,964
15671,2,2.89780324104181,965
2372,2,2.898673038397992,966
17910,2,2.899654505091597,967
20623,2,2.9002901102785716,968
16379,2,2.9006088576565263,969
10180,2,2.9043784360707323,970
18307,2,2.910925093572727,971
5293,2,2.9109658460825507,972
6335,2,2.9112216794187407,973
2869,2,2.9146297332869056,974
6860,2,2.9155927282785603,975
22003,2,2.9159137048633874,976
14570,2,2.916559300022057,977
21242,2,2.917569694909112,978
15179,2,2.919102665367152,979
17166,2,2.9205393987656962,980
14131,2,2.9211096848142892,981
6494,2,2.9224174806383183,982
22758,2,2.9229337128244146,983
7858,2,2.9230333131552353,984
2004,2,2.924258269849628,985
3618,2,2.929182375203056,986
15294,2,2.930477080026907,987
14852,2,2.9308251332652486,988
21551,2,2.930837696044967,989
2171,2,2.931571342102848,990
7492,2,2.9333389831199446,991
17102,2,2.933783654068946,992
17201,2,2.9367310998721607,993
6615,2,2.9369897198409984,994
22123,2,2.93747389435234,995
15634,2,2.9379324812034286,996
178,2,2.939126904042003,997
4998,2,2.940601603296777,998
4979,2,2.941806631237178,999
11369,2,2.9443814600783957,1000
7929,2,2.9454247246469474,1001
13621,2,2.9454247246469474,1002
21205,2,2.945679135563411,1003
18179,2,2.9508105516868146,1004
16243,2,2.9514567385339663,1005
3224,2,2.951728055984826,1006
14891,2,2.9519748527311407,1007
19292,2,2.9519748527311407,1008
23488,2,2.952347908675264,1009
5346,2,2.953123795680505,1010
8298,2,2.953236467723245,1011
13250,2,2.9533227943638485,1012
4079,2,2.953525886721004,1013
17851,2,2.9541875177609067,1014
882,2,2.954946567195282,1015
22353,2,2.955370325752065,1016
8400,2,2.956327859360373,1017
18480,2,2.9569448721762144,1018
5391,2,2.9572621680016464,1019
5125,2,2.9583738731062144,1020
13734,2,2.9590062984461114,1021
8055,2,2.9591484637245404,1022
1945,2,2.9593508975965506,1023
17659,2,2.9597362082471306,1024
3393,2,2.962025725629206,1025
3855,2,2.9626897260125262,1026
5449,2,2.9626897260125262,1027
9537,2,2.9626897260125262,1028
9538,2,2.9626897260125262,1029
12912,2,2.9626897260125262,1030
13425,2,2.9626897260125262,1031
22964,2,2.9626897260125262,1032
13034,2,2.962907249972392,1033
16404,2,2.9634497411039957,1034
9764,2,2.964275063821507,1035
9256,2,2.964768665884501,1036
12094,2,2.964768665884501,1037
14594,2,2.964768665884501,1038
1652,2,2.9659192279423703,1039
15654,2,2.9669718018621554,1040
5279,2,2.967194705989101,1041
15292,2,2.967258622965841,1042
187,2,2.9701331599283662,1043
11778,2,2.9702427363295416,1044
18335,2,2.970357695482394,1045
588,2,2.973265149887076,1046
22120,2,2.9740340167489747,1047
3767,2,2.975540534265491,1048
4501,2,2.975540534265491,1049
5888,2,2.9757085301977972,1050
23174,2,2.975742523130942,1051
22302,2,2.9788043115034264,1052
1548,2,2.979066653437333,1053
7050,2,2.9795866826271515,1054
9171,2,2.982014118288267,1055
12131,2,2.9824077157383746,1056
9693,2,2.984267053670205,1057
17284,2,2.984318366560252,1058
2819,2,2.9843701887926546,1059
147,2,2.9849231563620986,1060
941,2,2.9849231563620986,1061
1543,2,2.9849231563620986,1062
2434,2,2.9849231563620986,1063
3861,2,2.9849231563620986,1064
4014,2,2.9849231563620986,1065
5219,2,2.9849231563620986,1066
5538,2,2.9849231563620986,1067
6557,2,2.9849231563620986,1068
6625,2,2.9849231563620986,1069
7426,2,2.9849231563620986,1070
8320,2,2.9849231563620986,1071
9727,2,2.9849231563620986,1072
13735,2,2.9849231563620986,1073
16127,2,2.9849231563620986,1074
21797,2,2.9849231563620986,1075
21811,2,2.9849231563620986,1076
22730,2,2.985237827562754,1077
22532,2,2.985907977779746,1078
4753,2,2.985963890778376,1079
57,2,2.989746222259913,1080
3026,2,2.991083063341109,1081
5349,2,2.9924747448665645,1082
2548,2,2.99355006381952,1083
557,2,2.9947096940753752,1084
2583,2,2.9947096940753752,1085
2531,2,2.9954001142358373,1086
16364,2,2.9956375599680385,1087
1003,2,2.997408442329592,1088
17468,2,2.998250909033365,1089
9225,2,2.998832533699811,1090
11522,2,2.9992005775050963,1091
8753,2,2.9999267299940433,1092
22670,2,3.0002274920046386,1093
23390,2,3.0011344918611247,1094
17535,2,3.001505114129699,1095
19799,2,3.001538266124405,1096
23687,2,3.002415931559934,1097
15334,2,3.002716045946,1098
9340,2,3.0032953452369506,1099
14420,2,3.0040023579996786,1100
12602,2,3.0047876070550066,1101
20918,2,3.0047876070550066,1102
12537,2,3.0056578075373377,1103
17045,2,3.0062856003840532,1104
13198,2,3.0067153445566612,1105
19931,2,3.0072573384155445,1106
12092,2,3.007463944958717,1107
6584,2,3.0077388724866587,1108
2498,2,3.0079017735858584,1109
4558,2,3.0082614556626983,1110
1321,2,3.010269667056774,1111
19083,2,3.010445977266817,1112
7830,2,3.0109036237333426,1113
19726,2,3.011927777109373,1114
4232,2,3.0128674891563363,1115
6235,2,3.0130401904812714,1116
4932,2,3.015489173593094,1117
2574,2,3.017334348768359,1118
592,2,3.0175250925766925,1119
2480,2,3.0175250925766925,1120
8390,2,3.0175250925766925,1121
14658,2,3.0175250925766925,1122
15716,2,3.0175250925766925,1123
19985,2,3.0175250925766925,1124
23885,2,3.018795069665702,1125
21644,2,3.018835004132082,1126
11084,2,3.0188851626669506,1127
23682,2,3.0193309591220037,1128
16424,2,3.020061548605045,1129
9282,2,3.021070198939722,1130
4681,2,3.0238868688014287,1131
21978,2,3.02448510185716,1132
11626,2,3.0254028445638745,1133
15000,2,3.025846366828103,1134
13591,2,3.026758016214104,1135
6195,2,3.0269396445118906,1136
7412,2,3.0271599478226072,1137
177,2,3.027521215161531,1138
21670,2,3.0293349961509044,1139
7110,2,3.0307137843655947,1140
4948,2,3.031451477391994,1141
7071,2,3.033717932775695,1142
4230,2,3.0337536230021027,1143
18068,2,3.035964541941135,1144
9036,2,3.0365253839454867,1145
13411,2,3.036697518317217,1146
15467,2,3.0368559458596125,1147
20113,2,3.037549993546521,1148
10207,2,3.0379229811526955,1149
10108,2,3.0385325850280607,1150
21843,2,3.0391009300783463,1151
11503,2,3.0393492586360455,1152
23141,2,3.0397846763177143,1153
14002,2,3.044057318445765,1154
2935,2,3.0446504002777455,1155
17106,2,3.0485985938330193,1156
1693,2,3.0490423730557543,1157
1549,2,3.049905115378008,1158
15404,2,3.049905115378008,1159
22085,2,3.0505859908012196,1160
22784,2,3.051162103886021,1161
18719,2,3.0512889981694875,1162
22996,2,3.0520082692333457,1163
11851,2,3.0524844908118984,1164
21987,2,3.0530824356277884,1165
13999,2,3.0537869402230644,1166
23691,2,3.0539792065657676,1167
13451,2,3.055615485659019,1168
1137,2,3.0562257638432504,1169
22764,2,3.056380307914803,1170
22845,2,3.057532952062809,1171
17138,2,3.060173607861481,1172
19390,2,3.0631136710245266,1173
428,2,3.0639208417881103,1174
9074,2,3.0665106162222724,1175
8980,2,3.0680358890722235,1176
16490,2,3.0712582564008355,1177
15350,2,3.0713556095363312,1178
21856,2,3.0737225760689673,1179
5164,2,3.073880410606889,1180
10709,2,3.078766218744713,1181
83,2,3.0789913708502237,1182
8758,2,3.079753089376417,1183
13519,2,3.079929877275888,1184
4031,2,3.0801263418897387,1185
21019,2,3.0806249461730943,1186
668,2,3.08176365217792,1187
22499,2,3.0828394007267903,1188
449,2,3.0832306615623,1189
8158,2,3.0832306615623,1190
13359,2,3.083404821031157,1191
16198,2,3.0836187443408716,1192
445,2,3.0859643570710666,1193
23832,2,3.086064272382707,1194
9986,2,3.0875051952137755,1195
4621,2,3.0879750451876142,1196
13207,2,3.088503099555828,1197
5581,2,3.089435384037835,1198
4834,2,3.092909163132369,1199
20818,2,3.0931376252662783,1200
7441,2,3.0933361644586452,1201
20266,2,3.094355239328123,1202
17139,2,3.095317913468225,1203
14051,2,3.0972691304517643,1204
13266,2,3.097928449430414,1205
18350,2,3.0989430267697005,1206
9975,2,3.099183777823963,1207
23623,2,3.099516091756865,1208
18601,2,3.1009163575785443,1209
21951,2,3.1025737959504944,1210
3256,2,3.1046118281979225,1211
14555,2,3.1046846475333467,1212
959,2,3.1051612921533747,1213
22979,2,3.106616464065829,1214
1080,2,3.1068470050292882,1215
4735,2,3.1068470050292882,1216
5064,2,3.1068470050292882,1217
5419,2,3.1068470050292882,1218
9465,2,3.1068470050292882,1219
13505,2,3.1068470050292882,1220
17338,2,3.1068470050292882,1221
20869,2,3.1068470050292882,1222
21105,2,3.1068470050292882,1223
21603,2,3.1068470050292882,1224
4233,2,3.109207874834503,1225
20114,2,3.109975668814944,1226
4458,2,3.1108513690467445,1227
13129,2,3.112405337180959,1228
17919,2,3.113966152693665,1229
9961,2,3.1143092334476115,1230
21478,2,3.114842084919416,1231
8227,2,3.1150690278669986,1232
20317,2,3.1154887995831015,1233
4203,2,3.116878493340446,1234
20585,2,3.120121096800443,1235
590,2,3.1207088678597064,1236
8898,2,3.1207088678597064,1237
17107,2,3.1207088678597064,1238
3062,2,3.122592300731619,1239
8082,2,3.123203248969106,1240
15765,2,3.123570661459395,1241
22335,2,3.1241830844372376,1242
15133,2,3.1279155544687245,1243
18084,2,3.128387921402608,1244
7900,2,3.1291405949157447,1245
1788,2,3.129504003355959,1246
17610,2,3.1297836342811918,1247
14810,2,3.130586259225575,1248
5172,2,3.130705032861782,1249
3247,2,3.1323613542862048,1250
15479,2,3.132401204514104,1251
21801,2,3.1329491513017644,1252
2929,2,3.134884175693739,1253
12719,2,3.134884175693739,1254
3978,2,3.136781217074068,1255
19339,2,3.137135718948512,1256
4829,2,3.137524808818182,1257
5243,2,3.137524808818182,1258
5460,2,3.137524808818182,1259
5658,2,3.137524808818182,1260
5835,2,3.137524808818182,1261
7469,2,3.137524808818182,1262
7673,2,3.137524808818182,1263
7874,2,3.137524808818182,1264
23988,2,3.137524808818182,1265
18970,2,3.1381457312076257,1266
17837,2,3.1384410020681877,1267
17296,2,3.139110109627957,1268
2948,2,3.139612152577483,1269
17993,2,3.140136564926354,1270
9943,2,3.1403087546421378,1271
21752,2,3.140351001230596,1272
11962,2,3.140658681477936,1273
8870,2,3.1407927300061536,1274
8733,2,3.141220591836525,1275
21118,2,3.14354719428972,1276
20231,2,3.1437023904968022,1277
11207,2,3.145182220480968,1278
20940,2,3.1453021392106937,1279
16301,2,3.148012039091053,1280
10839,2,3.1482659183285744,1281
6436,2,3.148386544329783,1282
4359,2,3.149683119170754,1283
4580,2,3.149683119170754,1284
5744,2,3.149683119170754,1285
7782,2,3.149683119170754,1286
8245,2,3.149683119170754,1287
9506,2,3.149683119170754,1288
14107,2,3.149683119170754,1289
16027,2,3.149683119170754,1290
16853,2,3.149683119170754,1291
17243,2,3.149683119170754,1292
18808,2,3.149683119170754,1293
19066,2,3.149683119170754,1294
20088,2,3.149683119170754,1295
20401,2,3.149683119170754,1296
20596,2,3.149683119170754,1297
20862,2,3.149683119170754,1298
21668,2,3.149683119170754,1299
21724,2,3.149683119170754,1300
22863,2,3.150149263275942,1301
17310,2,3.1502044504437117,1302
11603,2,3.1508583804771164,1303
16802,2,3.15198146852035,1304
13214,2,3.153475227873146,1305
2998,2,3.1537507070090838,1306
17721,2,3.1559418009746,1307
3775,2,3.1565275355638596,1308
12894,2,3.156749577479735,1309
8714,2,3.1600172821360064,1310
22922,2,3.1651993745413076,1311
8165,2,3.1655408251104533,1312
12148,2,3.165649223311799,1313
13204,2,3.166546700228227,1314
836,2,3.166582280006223,1315
4060,2,3.1667357547546,1316
8338,2,3.1681854591980496,1317
20555,2,3.1686127809185747,1318
20915,2,3.168626439158229,1319
20698,2,3.16870396735494,1320
19587,2,3.170643658904189,1321
5924,2,3.171316383032296,1322
2768,2,3.1717604667325885,1323
9202,2,3.172657710356952,1324
9229,2,3.1736111509532225,1325
20710,2,3.1750125532798323,1326
20486,2,3.175344217382848,1327
17944,2,3.1770841668162113,1328
11225,2,3.1771168661756652,1329
14808,2,3.177418294619165,1330
135,2,3.177611005583615,1331
5676,2,3.1789211789627383,1332
2686,2,3.1792183566475436,1333
16855,2,3.1793253695648978,1334
1706,2,3.1805819705984297,1335
21350,2,3.1815247695054327,1336
18161,2,3.1816113564485873,1337
4322,2,3.1819150947374166,1338
5913,2,3.182041403579966,1339
23145,2,3.1823624958437486,1340
2714,2,3.1831682336050457,1341
21562,2,3.1834823501516345,1342
8332,2,3.185113002788282,1343
21172,2,3.185368802222663,1344
16834,2,3.185487096395274,1345
9615,2,3.186515340581219,1346
2273,2,3.1883423906466746,1347
23772,2,3.1898717380097135,1348
22226,2,3.1907483269592656,1349
13998,2,3.1932937582768717,1350
3692,2,3.1962979409560077,1351
3870,2,3.198243938682451,1352
14629,2,3.1982749635232635,1353
17077,2,3.1982749635232635,1354
2393,2,3.2016292941719535,1355
19910,2,3.203067563534675,1356
3818,2,3.2031399567409857,1357
23222,2,3.2031721101526993,1358
2475,2,3.2039342158398783,1359
3420,2,3.2044895706002383,1360
21432,2,3.205476804953452,1361
707,2,3.205953483476473,1362
54,2,3.2071020792250766,1363
18635,2,3.2082305809945693,1364
9511,2,3.209607940684549,1365
10963,2,3.2099818867226735,1366
17687,2,3.2099818867226735,1367
19007,2,3.2117792424263305,1368
22744,2,3.2121074784791133,1369
19820,2,3.2133048789972056,1370
6058,2,3.2135412758701136,1371
7939,2,3.2135412758701136,1372
23677,2,3.214773859994188,1373
18522,2,3.2150651179126473,1374
13125,2,3.2151701698668322,1375
2798,2,3.2169280507428075,1376
17467,2,3.217356239736855,1377
3239,2,3.2175018866163008,1378
5539,2,3.2175296487859217,1379
20356,2,3.2177824377092756,1380
5496,2,3.2178761926858686,1381
5752,2,3.2194455510252475,1382
1683,2,3.220144747680324,1383
350,2,3.220943366466329,1384
6406,2,3.2225550687414684,1385
20741,2,3.2227198667219983,1386
4792,2,3.2232538430670563,1387
8334,2,3.2236950068984904,1388
5773,2,3.224087029389603,1389
1837,2,3.226150425805509,1390
20900,2,3.2263348356897508,1391
13796,2,3.2281000300080738,1392
2443,2,3.229118657732323,1393
1454,2,3.229992960825374,1394
22828,2,3.2303947777227964,1395
15339,2,3.2327052412689197,1396
11565,2,3.2341605302998775,1397
3821,2,3.2361074315093816,1398
13287,2,3.2361788151871713,1399
4024,2,3.2369949581834225,1400
4275,2,3.240349677719911,1401
15768,2,3.2410941711592627,1402
5954,2,3.2420549720870926,1403
19043,2,3.2438543697229725,1404
15379,2,3.245722787211079,1405
13847,2,3.24576472213912,1406
3054,2,3.2458354162258836,1407
7735,2,3.2465590487698073,1408
5600,2,3.247303717986913,1409
2706,2,3.2483531472577662,1410
11982,2,3.2484142263212252,1411
335,2,3.2494829413859776,1412
15450,2,3.249935894313538,1413
17859,2,3.2501874357565472,1414
13872,2,3.25066842670309,1415
21339,2,3.25066842670309,1416
4713,2,3.2507040695017286,1417
2656,2,3.251217177584368,1418
23154,2,3.2517722308695527,1419
22883,2,3.2520884376949084,1420
16500,2,3.253388808588659,1421
2195,2,3.254100143135132,1422
4101,2,3.25600902471385,1423
5277,2,3.25617794233499,1424
2946,2,3.2561918283291327,1425
10140,2,3.256316083824882,1426
12073,2,3.256456969776654,1427
14781,2,3.256543143949069,1428
2246,2,3.256949945520984,1429
2707,2,3.256949945520984,1430
9619,2,3.256949945520984,1431
3475,2,3.2572151724160023,1432
17524,2,3.2579294449114826,1433
23103,2,3.260312011833962,1434
21002,2,3.26045679717846,1435
567,2,3.263725136208445,1436
1667,2,3.263725136208445,1437
6914,2,3.263725136208445,1438
9012,2,3.263725136208445,1439
9468,2,3.263725136208445,1440
10728,2,3.263725136208445,1441
16902,2,3.263725136208445,1442
20759,2,3.263725136208445,1443
22146,2,3.263725136208445,1444
22878,2,3.263725136208445,1445
23642,2,3.263725136208445,1446
23693,2,3.263725136208445,1447
1403,2,3.263815229076298,1448
6360,2,3.264754072635814,1449
2736,2,3.264767985815703,1450
3050,2,3.264767985815703,1451
4736,2,3.264767985815703,1452
8059,2,3.264767985815703,1453
9030,2,3.264767985815703,1454
9292,2,3.264767985815703,1455
10355,2,3.264767985815703,1456
14559,2,3.264767985815703,1457
18966,2,3.264767985815703,1458
20036,2,3.264767985815703,1459
23950,2,3.266444536380798,1460
22135,2,3.2682942691469465,1461
48,2,3.269111036966506,1462
23625,2,3.2695890653609627,1463
14571,2,3.270011565394709,1464
260,2,3.271949375467116,1465
6397,2,3.271949375467116,1466
17235,2,3.272259944590968,1467
21297,2,3.272623724166607,1468
1011,2,3.2733608145701574,1469
3320,2,3.2737560909979555,1470
7011,2,3.276135385718459,1471
2090,2,3.277046458307201,1472
16857,2,3.2778281510809943,1473
5722,2,3.2780871163262804,1474
21259,2,3.2790102420993326,1475
6143,2,3.2793584537733484,1476
4830,2,3.280826618974979,1477
7893,2,3.280826618974979,1478
14291,2,3.280826618974979,1479
22119,2,3.2815332523881224,1480
22395,2,3.282358590907645,1481
20687,2,3.283162170012372,1482
15021,2,3.2835323224884947,1483
15938,2,3.2835323224884947,1484
10724,2,3.283589927982129,1485
23548,2,3.283654946989,1486
14095,2,3.2845608684926546,1487
9128,2,3.2846476546139476,1488
8859,2,3.2846593799551287,1489
20178,2,3.285681116653619,1490
6337,2,3.2859057487763415,1491
7506,2,3.2859057487763415,1492
8290,2,3.2859057487763415,1493
9491,2,3.2859057487763415,1494
20544,2,3.2859057487763415,1495
13710,2,3.286903623829315,1496
6912,2,3.288135703393794,1497
6850,2,3.290413176282672,1498
13372,2,3.2908296275617235,1499
6798,2,3.2909700746483206,1500
1519,2,3.2914792036978806,1501
931,2,3.29233472614896,1502
2614,2,3.2932364810863572,1503
18896,2,3.2936260290141313,1504
5156,2,3.295298783597549,1505
12123,2,3.2959978925313584,1506
21260,2,3.296493266994614,1507
7933,2,3.297836037025356,1508
8410,2,3.2986397440645066,1509
3302,2,3.298977440879709,1510
13876,2,3.2991169922817476,1511
21867,2,3.2998838650844093,1512
9851,2,3.3008343192561393,1513
2456,2,3.3010170828664704,1514
6167,2,3.302321856532521,1515
19345,2,3.3035695663586,1516
10726,2,3.3039539250172494,1517
20780,2,3.304503694273581,1518
16884,2,3.3045501316724786,1519
980,2,3.3084061842278074,1520
8506,2,3.3084061842278074,1521
13139,2,3.3084061842278074,1522
23931,2,3.3084061842278074,1523
22452,2,3.3085310465047275,1524
20312,2,3.3103554575277343,1525
18880,2,3.3115237806276028,1526
5160,2,3.3142911437737683,1527
12320,2,3.314785983102,1528
19808,2,3.3162952160193577,1529
6447,2,3.3167352693275567,1530
2476,2,3.3177024634909995,1531
2133,2,3.319654399421693,1532
5363,2,3.319957006949313,1533
7580,2,3.319957006949313,1534
15429,2,3.319957006949313,1535
17213,2,3.319957006949313,1536
19657,2,3.319957006949313,1537
21969,2,3.319957006949313,1538
782,2,3.322313176133921,1539
3725,2,3.323203728322333,1540
6123,2,3.323203728322333,1541
14274,2,3.3238671829079167,1542
3634,2,3.326924610976059,1543
12033,2,3.3269492045778826,1544
19837,2,3.3271889635818983,1545
6066,2,3.3275382999298664,1546
17698,2,3.329627099675186,1547
1230,2,3.3316073895741614,1548
1919,2,3.3316073895741614,1549
2801,2,3.3316073895741614,1550
3533,2,3.3316073895741614,1551
3882,2,3.3316073895741614,1552
5009,2,3.3316073895741614,1553
5488,2,3.3316073895741614,1554
5599,2,3.3316073895741614,1555
9005,2,3.3316073895741614,1556
11191,2,3.3316073895741614,1557
12533,2,3.3316073895741614,1558
14279,2,3.3316073895741614,1559
14765,2,3.3316073895741614,1560
16486,2,3.3316073895741614,1561
17928,2,3.3316073895741614,1562
19041,2,3.3316073895741614,1563
19724,2,3.3316073895741614,1564
19824,2,3.3316073895741614,1565
22480,2,3.3316073895741614,1566
22629,2,3.3316073895741614,1567
23612,2,3.3316073895741614,1568
17413,2,3.331672053583164,1569
23922,2,3.334063216937997,1570
14672,2,3.3348036447378635,1571
7175,2,3.3380712604056453,1572
1291,2,3.338082861064519,1573
3257,2,3.338830207006973,1574
5529,2,3.3392977935136883,1575
2061,2,3.340153820908265,1576
14693,2,3.342457590670484,1577
17330,2,3.34392780436428,1578
647,2,3.34714083570908,1579
1031,2,3.3475826912958024,1580
264,2,3.348285853918593,1581
9893,2,3.3507528389110126,1582
3783,2,3.3531913376001508,1583
19806,2,3.3532156606418866,1584
13922,2,3.354372532440141,1585
7854,2,3.3545555872417623,1586
8683,2,3.3566645788517944,1587
23842,2,3.3580725061149015,1588
23547,2,3.3585196000561335,1589
13894,2,3.3587766109412653,1590
19397,2,3.359283786699617,1591
36,2,3.360169022427177,1592
3993,2,3.360169022427177,1593
6889,2,3.360169022427177,1594
9102,2,3.360169022427177,1595
18162,2,3.360169022427177,1596
22393,2,3.360169022427177,1597
3277,2,3.3605510828967886,1598
17098,2,3.3609950878581825,1599
786,2,3.36321823946043,1600
2495,2,3.36321823946043,1601
3013,2,3.36321823946043,1602
17718,2,3.36321823946043,1603
5970,2,3.363662641161289,1604
23085,2,3.3648314250710953,1605
19270,2,3.364880263596805,1606
22275,2,3.365431718080674,1607
22765,2,3.3662097404954983,1608
6781,2,3.368267053950738,1609
15744,2,3.368267053950738,1610
776,2,3.3684804641869195,1611
1099,2,3.3684804641869195,1612
2124,2,3.3684804641869195,1613
2394,2,3.3684804641869195,1614
2745,2,3.3684804641869195,1615
2795,2,3.3684804641869195,1616
3785,2,3.3684804641869195,1617
3898,2,3.3684804641869195,1618
3906,2,3.3684804641869195,1619
4247,2,3.3684804641869195,1620
4287,2,3.3684804641869195,1621
4663,2,3.3684804641869195,1622
4739,2,3.3684804641869195,1623
4945,2,3.3684804641869195,1624
5015,2,3.3684804641869195,1625
5043,2,3.3684804641869195,1626
5094,2,3.3684804641869195,1627
5257,2,3.3684804641869195,1628
5340,2,3.3684804641869195,1629
5554,2,3.3684804641869195,1630
5683,2,3.3684804641869195,1631
5739,2,3.3684804641869195,1632
5881,2,3.3684804641869195,1633
6029,2,3.3684804641869195,1634
6087,2,3.3684804641869195,1635
6222,2,3.3684804641869195,1636
6341,2,3.3684804641869195,1637
6588,2,3.3684804641869195,1638
7168,2,3.3684804641869195,1639
7297,2,3.3684804641869195,1640
7527,2,3.3684804641869195,1641
7723,2,3.3684804641869195,1642
8820,2,3.3684804641869195,1643
9006,2,3.3684804641869195,1644
10374,2,3.3684804641869195,1645
10730,2,3.3684804641869195,1646
11823,2,3.3684804641869195,1647
12496,2,3.3684804641869195,1648
13049,2,3.3684804641869195,1649
13424,2,3.3684804641869195,1650
13674,2,3.3684804641869195,1651
13712,2,3.3684804641869195,1652
14467,2,3.3684804641869195,1653
14577,2,3.3684804641869195,1654
14613,2,3.3684804641869195,1655
14814,2,3.3684804641869195,1656
14925,2,3.3684804641869195,1657
15475,2,3.3684804641869195,1658
15599,2,3.3684804641869195,1659
15812,2,3.3684804641869195,1660
16262,2,3.3684804641869195,1661
16554,2,3.3684804641869195,1662
16736,2,3.3684804641869195,1663
16783,2,3.3684804641869195,1664
17053,2,3.3684804641869195,1665
18055,2,3.3684804641869195,1666
18263,2,3.3684804641869195,1667
18593,2,3.3684804641869195,1668
20426,2,3.3684804641869195,1669
21033,2,3.3684804641869195,1670
21546,2,3.3684804641869195,1671
22418,2,3.3684804641869195,1672
22526,2,3.3684804641869195,1673
22971,2,3.3684804641869195,1674
23204,2,3.3684804641869195,1675
23225,2,3.3684804641869195,1676
23333,2,3.3684804641869195,1677
9155,2,3.368763769973492,1678
10273,2,3.3729991235674506,1679
5112,2,3.3733105668886996,1680
20937,2,3.37371960275976,1681
22792,2,3.3740648170014915,1682
5966,2,3.3742837359282514,1683
15750,2,3.3742837359282514,1684
20041,2,3.3742837359282514,1685
1798,2,3.374325329564576,1686
21720,2,3.3751717057045356,1687
18988,2,3.376256037052656,1688
5480,2,3.37711327150829,1689
18851,2,3.378981962679614,1690
16007,2,3.379503244252616,1691
9379,2,3.380104599097871,1692
21778,2,3.3816196336173414,1693
15728,2,3.3820942590416205,1694
22696,2,3.3830512425415167,1695
13347,2,3.3839201013523854,1696
14458,2,3.3853060212556096,1697
3292,2,3.3864643753256267,1698
15627,2,3.386504928725779,1699
18379,2,3.3891594819646387,1700
12064,2,3.3891640430731784,1701
16512,2,3.3898354379109326,1702
16266,2,3.389971760646486,1703
15515,2,3.391679795031295,1704
16433,2,3.3917164159269078,1705
3185,2,3.3930397477683876,1706
19487,2,3.3935558984462286,1707
13208,2,3.393995656256772,1708
5095,2,3.3948290870720115,1709
23496,2,3.396332102250744,1710
6786,2,3.399294863042366,1711
12577,2,3.400365341389545,1712
1662,2,3.4016359809190577,1713
2651,2,3.402618624358836,1714
18870,2,3.402820987661184,1715
2486,2,3.4030558779955244,1716
10518,2,3.4044482515092236,1717
2747,2,3.4044994579597754,1718
6204,2,3.4046118351296135,1719
15543,2,3.4049277308699386,1720
15032,2,3.4065575768105183,1721
10027,2,3.4078744501987113,1722
7807,2,3.4084314530767847,1723
16,2,3.412775863139987,1724
1295,2,3.4149614235770036,1725
8377,2,3.417019866198014,1726
3179,2,3.4184370848624055,1727
5300,2,3.4214406859925606,1728
16219,2,3.4223822783174476,1729
11224,2,3.4234924752659657,1730
20873,2,3.4254739043433147,1731
7370,2,3.425720620551201,1732
8819,2,3.426983907397781,1733
7421,2,3.4275512629207388,1734
19297,2,3.4282224618266834,1735
1124,2,3.428353437344943,1736
15177,2,3.4287162576469763,1737
20890,2,3.4291590243843495,1738
18804,2,3.429465998826074,1739
9159,2,3.430559092501533,1740
3566,2,3.4317021923477116,1741
11811,2,3.4317723755507568,1742
15642,2,3.432460461324181,1743
15407,2,3.432914926493968,1744
1438,2,3.43475565807802,1745
5312,2,3.43475565807802,1746
23948,2,3.434833580178305,1747
6022,2,3.436282910904264,1748
19118,2,3.4365882129376413,1749
11624,2,3.4376347765357442,1750
4132,2,3.4387898273056505,1751
23705,2,3.4393620222772174,1752
2313,2,3.4398253382532493,1753
6530,2,3.4398253382532493,1754
23631,2,3.44023595063784,1755
8542,2,3.4403378326429075,1756
22961,2,3.4406748306328336,1757
6796,2,3.4413474201509673,1758
5712,2,3.4415287987059395,1759
5146,2,3.4432379348625086,1760
19834,2,3.444107369239668,1761
17922,2,3.4456171067548937,1762
20828,2,3.44581367760615,1763
11499,2,3.4478284074237844,1764
9222,2,3.4484375056371714,1765
18397,2,3.449184258838369,1766
6546,2,3.4493642812862384,1767
19164,2,3.4499019886033806,1768
16148,2,3.4534352043577865,1769
5400,2,3.455751050023924,1770
5899,2,3.456109248865644,1771
6967,2,3.456109248865644,1772
21387,2,3.4568642580100266,1773
5651,2,3.4587350424823673,1774
9201,2,3.458931235492797,1775
2681,2,3.4601108391595146,1776
18934,2,3.460118616515588,1777
5851,2,3.461000138370156,1778
21385,2,3.461867004678637,1779
20713,2,3.4622296087005298,1780
19479,2,3.4625498148449747,1781
20487,2,3.4626148992187296,1782
1157,2,3.4640262946978244,1783
4402,2,3.464029295516889,1784
5040,2,3.464167581845663,1785
5932,2,3.464167581845663,1786
8014,2,3.464167581845663,1787
19382,2,3.4644787331616964,1788
5033,2,3.466945342557221,1789
9055,2,3.467651127766407,1790
3696,2,3.4716882420067976,1791
6089,2,3.4730321366788797,1792
4745,2,3.47402965874724,1793
6232,2,3.4778135670368964,1794
13666,2,3.4787012924249883,1795
5572,2,3.4799323535407614,1796
8095,2,3.4808935549078326,1797
1539,2,3.481074115949554,1798
3346,2,3.481074115949554,1799
3798,2,3.481074115949554,1800
6318,2,3.481074115949554,1801
7831,2,3.481074115949554,1802
9983,2,3.481074115949554,1803
16453,2,3.481074115949554,1804
17057,2,3.481074115949554,1805
18301,2,3.481074115949554,1806
22250,2,3.481074115949554,1807
23609,2,3.481074115949554,1808
4217,2,3.48250816937508,1809
16146,2,3.4846574897362617,1810
21180,2,3.4848112806485503,1811
18442,2,3.4862394293368806,1812
23769,2,3.489164210931998,1813
5285,2,3.490609139412934,1814
16775,2,3.490609139412934,1815
21879,2,3.490609139412934,1816
8853,2,3.498651491741821,1817
18342,2,3.5020398679072153,1818
21476,2,3.5021931261042556,1819
160,2,3.5043790674555044,1820
18511,2,3.50468745212269,1821
16968,2,3.506312273354288,1822
12444,2,3.5067952628182177,1823
13498,2,3.5077735172699143,1824
3997,2,3.5078126757587342,1825
7308,2,3.5080247447573623,1826
4620,2,3.508063016315101,1827
701,2,3.508185482043043,1828
841,2,3.509954763713646,1829
17680,2,3.51093949452012,1830
23104,2,3.5137096806654258,1831
3190,2,3.5140831757994695,1832
22020,2,3.514535842226061,1833
1800,2,3.514935668462764,1834
23017,2,3.5190473085165905,1835
18555,2,3.5200913461449646,1836
23282,2,3.520800116035863,1837
4022,2,3.523020264962899,1838
6495,2,3.5236292723836122,1839
243,2,3.523658418026861,1840
450,2,3.523658418026861,1841
1361,2,3.523658418026861,1842
1391,2,3.523658418026861,1843
4061,2,3.523658418026861,1844
4195,2,3.523658418026861,1845
7812,2,3.523658418026861,1846
17932,2,3.523658418026861,1847
18163,2,3.523658418026861,1848
19787,2,3.523658418026861,1849
8427,2,3.5239302604240237,1850
24004,2,3.5250536478408,1851
14335,2,3.5258208380712532,1852
8846,2,3.5262276260325893,1853
7112,2,3.526826162502148,1854
11324,2,3.5284629515785855,1855
17510,2,3.529649901723495,1856
19289,2,3.5316532590601937,1857
10233,2,3.532029159637604,1858
1263,2,3.532982890882574,1859
14790,2,3.532982890882574,1860
21356,2,3.5332665868717266,1861
1948,2,3.53531781078421,1862
21652,2,3.536008693677095,1863
19517,2,3.5360366006971042,1864
2343,2,3.5364698138248127,1865
11329,2,3.53750663428521,1866
23539,2,3.537766339584355,1867
16326,2,3.5392059944858767,1868
18764,2,3.5395109943825958,1869
22331,2,3.5420539639618407,1870
20560,2,3.5422234233855083,1871
21099,2,3.5434056052721594,1872
15597,2,3.544538802547539,1873
16820,2,3.544538802547539,1874
9574,2,3.546506065998188,1875
22142,2,3.550175590919535,1876
2469,2,3.5505340246741794,1877
19848,2,3.550922545017973,1878
4442,2,3.5524242100337893,1879
6948,2,3.553424494044486,1880
1707,2,3.553765096554403,1881
18965,2,3.5538593768427305,1882
17350,2,3.553954445933493,1883
20461,2,3.554503915112558,1884
11185,2,3.5546260800415865,1885
23788,2,3.555057687202073,1886
5971,2,3.555146644458533,1887
1612,2,3.5558368148588375,1888
454,2,3.556828209998358,1889
1356,2,3.5578729753211307,1890
21982,2,3.5581421870011676,1891
15108,2,3.5596306159324103,1892
17576,2,3.5596306159324103,1893
18907,2,3.5596306159324103,1894
18992,2,3.5596306159324103,1895
16879,2,3.559643411402655,1896
23378,2,3.5602349015111496,1897
1158,2,3.5613028371490483,1898
16253,2,3.563057738235909,1899
6815,2,3.5632186143861815,1900
19636,2,3.5643051459144575,1901
17478,2,3.5677244243724173,1902
14546,2,3.567755682266599,1903
20308,2,3.5683179031924808,1904
8711,2,3.568677156909993,1905
6710,2,3.570057557802475,1906
2537,2,3.571276703972867,1907
5168,2,3.571364194311038,1908
22134,2,3.5717918720411475,1909
21750,2,3.572208674621109,1910
12058,2,3.572243520212543,1911
11906,2,3.5725725777904547,1912
19102,2,3.5729666561757463,1913
7917,2,3.5773049166748763,1914
4285,2,3.5777055511039215,1915
23801,2,3.5787897783020406,1916
2323,2,3.579471738410921,1917
20045,2,3.5795206963344888,1918
23209,2,3.58013015402661,1919
7843,2,3.5811911274944332,1920
219,2,3.5812340253069674,1921
6091,2,3.5812340253069674,1922
12640,2,3.5812340253069674,1923
21804,2,3.581729089823112,1924
3998,2,3.582333113762299,1925
19295,2,3.5839361995109655,1926
954,2,3.586095522523268,1927
11693,2,3.587217212172873,1928
11938,2,3.5886161417735,1929
17864,2,3.5887835858548516,1930
22297,2,3.590648495833244,1931
2749,2,3.5914047108502296,1932
9554,2,3.591952341871775,1933
3438,2,3.5938008068306324,1934
17252,2,3.5944787333606705,1935
21655,2,3.596223152989691,1936
302,2,3.5988169140918327,1937
5509,2,3.5988169140918327,1938
2541,2,3.600257118985574,1939
7770,2,3.600257118985574,1940
4868,2,3.601358448490617,1941
20525,2,3.6020396587092742,1942
22882,2,3.6030522852543956,1943
3869,2,3.60401956236392,1944
16603,2,3.604099156708587,1945
17159,2,3.6059473045318455,1946
14478,2,3.606382772006267,1947
734,2,3.6065784283005926,1948
1106,2,3.6065784283005926,1949
1758,2,3.6065784283005926,1950
2229,2,3.6065784283005926,1951
3253,2,3.6065784283005926,1952
3255,2,3.6065784283005926,1953
3833,2,3.6065784283005926,1954
4810,2,3.6065784283005926,1955
4812,2,3.6065784283005926,1956
5702,2,3.6065784283005926,1957
6044,2,3.6065784283005926,1958
6067,2,3.6065784283005926,1959
6662,2,3.6065784283005926,1960
7281,2,3.6065784283005926,1961
7519,2,3.6065784283005926,1962
7959,2,3.6065784283005926,1963
9285,2,3.6065784283005926,1964
13525,2,3.6065784283005926,1965
13963,2,3.6065784283005926,1966
15044,2,3.6065784283005926,1967
15156,2,3.6065784283005926,1968
17643,2,3.6065784283005926,1969
19370,2,3.6065784283005926,1970
8822,2,3.6068868089572756,1971
632,2,3.6080155350463787,1972
1691,2,3.6080155350463787,1973
3035,2,3.6080155350463787,1974
12903,2,3.6080155350463787,1975
13969,2,3.6080155350463787,1976
4481,2,3.6081776541631605,1977
3176,2,3.608873094524457,1978
3396,2,3.610080260658648,1979
7020,2,3.610484715918568,1980
15452,2,3.610484715918568,1981
19331,2,3.610484715918568,1982
22580,2,3.610484715918568,1983
8491,2,3.610589413898983,1984
22634,2,3.611167942377767,1985
4008,2,3.612306520590659,1986
11444,2,3.6127680743426573,1987
5652,2,3.61324742305974,1988
14200,2,3.617043944372243,1989
22007,2,3.6179146062714724,1990
22868,2,3.6241403563217753,1991
10766,2,3.6247781237188796,1992
575,2,3.625622379100498,1993
8299,2,3.625888191077026,1994
13334,2,3.6263843772865534,1995
11507,2,3.630360395113405,1996
16568,2,3.6304201405277174,1997
17787,2,3.6304201405277174,1998
22227,2,3.6304201405277174,1999
5774,2,3.631432921140874,2000
4729,2,3.634109741001334,2001
15912,2,3.6364104918751257,2002
3331,2,3.6381142333740706,2003
7279,2,3.6381142333740706,2004
9584,2,3.6381142333740706,2005
14334,2,3.6381142333740706,2006
16132,2,3.6381142333740706,2007
16133,2,3.6381142333740706,2008
16261,2,3.6381142333740706,2009
19269,2,3.6381142333740706,2010
22336,2,3.6381142333740706,2011
22835,2,3.6381142333740706,2012
23263,2,3.6381142333740706,2013
23815,2,3.6381142333740706,2014
7456,2,3.6383578025289904,2015
12156,2,3.6420143081230267,2016
5520,2,3.643433212694684,2017
20821,2,3.64482121162536,2018
712,2,3.6469950201635264,2019
8487,2,3.648373196967372,2020
12499,2,3.6493294089311736,2021
1351,2,3.6534650856163724,2022
11896,2,3.6581788844079246,2023
21518,2,3.6581788844079246,2024
5935,2,3.6617403313218184,2025
2595,2,3.662591283396264,2026
8564,2,3.6647701960630616,2027
19708,2,3.664905712466279,2028
8049,2,3.666392747929098,2029
18649,2,3.6687201846941004,2030
15858,2,3.6724535646083765,2031
3703,2,3.6724575196688583,2032
4422,2,3.6734769138411036,2033
17581,2,3.67492583523401,2034
3791,2,3.6757544877988826,2035
1413,2,3.6762965053226626,2036
4443,2,3.6762965053226626,2037
14534,2,3.6783756817441424,2038
3309,2,3.6800637239186558,2039
3758,2,3.6800637239186558,2040
5885,2,3.6800637239186558,2041
8696,2,3.6800637239186558,2042
8721,2,3.6800637239186558,2043
11327,2,3.6800637239186558,2044
15585,2,3.6800637239186558,2045
19772,2,3.6800637239186558,2046
6518,2,3.6806977646431736,2047
4125,2,3.682205462665605,2048
21138,2,3.6831994512651622,2049
9037,2,3.684200071376044,2050
1990,2,3.686513301240689,2051
21413,2,3.687302531840073,2052
5383,2,3.687821296582425,2053
3271,2,3.689039106854517,2054
13452,2,3.6901170112476622,2055
1561,2,3.6939370290260882,2056
994,2,3.694090564476489,2057
1277,2,3.694090564476489,2058
1806,2,3.694090564476489,2059
4524,2,3.694090564476489,2060
5250,2,3.694090564476489,2061
7129,2,3.694090564476489,2062
7566,2,3.694090564476489,2063
18909,2,3.694090564476489,2064
20353,2,3.694090564476489,2065
22843,2,3.694090564476489,2066
23121,2,3.694090564476489,2067
4509,2,3.6961346468983303,2068
17449,2,3.699740497363927,2069
195,2,3.70015480050926,2070
5065,2,3.702886127373809,2071
19408,2,3.7041034853999353,2072
9667,2,3.706301751266176,2073
4028,2,3.708082819757061,2074
6459,2,3.708082819757061,2075
14244,2,3.711770175182207,2076
7046,2,3.712906000859141,2077
23964,2,3.713773342015202,2078
10436,2,3.714047646487233,2079
9228,2,3.716658209800861,2080
15644,2,3.7167780710742706,2081
21980,2,3.7200403944617233,2082
8159,2,3.720871045331962,2083
23900,2,3.721242885082952,2084
4999,2,3.723422882683081,2085
3604,2,3.723606895364181,2086
9546,2,3.725971475567405,2087
23072,2,3.7274324850762097,2088
2713,2,3.7292558976777017,2089
11937,2,3.7300153226264174,2090
23127,2,3.73196838200713,2091
10349,2,3.732357009069076,2092
4826,2,3.732511472251924,2093
2051,2,3.732640972848956,2094
22029,2,3.7333672026811877,2095
8355,2,3.7341268369373792,2096
22481,2,3.7351683313293065,2097
4561,2,3.73881532864636,2098
9936,2,3.739383133724822,2099
22596,2,3.7400586387772417,2100
499,2,3.7418463363172334,2101
2177,2,3.7418463363172334,2102
7241,2,3.742596322509388,2103
14448,2,3.742596322509388,2104
23353,2,3.742792941600162,2105
10407,2,3.7454882735971995,2106
74,2,3.746243842788301,2107
4565,2,3.748057799098871,2108
6524,2,3.7484325105852565,2109
1845,2,3.7493117745714906,2110
5234,2,3.7493117745714906,2111
6226,2,3.7493117745714906,2112
13131,2,3.7493117745714906,2113
13192,2,3.7493117745714906,2114
14410,2,3.7493117745714906,2115
14903,2,3.7493117745714906,2116
15368,2,3.7493117745714906,2117
3789,2,3.7507068172068965,2118
23725,2,3.7520866544970337,2119
23566,2,3.753269831901357,2120
23583,2,3.753648890170078,2121
19586,2,3.7569172937462993,2122
16986,2,3.759929540150723,2123
3208,2,3.762942395135477,2124
21168,2,3.7640526491333395,2125
12981,2,3.7647205720769334,2126
5001,2,3.7648656525779653,2127
19534,2,3.7663881363934006,2128
16215,2,3.7685279468438395,2129
2211,2,3.769501788408011,2130
885,2,3.7703145625462016,2131
21570,2,3.7780362386590043,2132
19971,2,3.779981556431503,2133
20762,2,3.7820159219161833,2134
21296,2,3.784813004254098,2135
20327,2,3.791565647608703,2136
17619,2,3.7943053610686097,2137
20187,2,3.7950568061199577,2138
20708,2,3.799778969093675,2139
11173,2,3.800913081788881,2140
6375,2,3.8011356513211267,2141
17786,2,3.8039999142851877,2142
11824,2,3.805002959753604,2143
17507,2,3.805365784742317,2144
5436,2,3.80741862594568,2145
19406,2,3.807792420475499,2146
4725,2,3.8097415119438796,2147
11716,2,3.810072177902194,2148
14059,2,3.8194000661116543,2149
17129,2,3.820068260267994,2150
5779,2,3.820444526082941,2151
1036,2,3.8284230017982552,2152
1044,2,3.8284230017982552,2153
2991,2,3.8284230017982552,2154
3816,2,3.8284230017982552,2155
4763,2,3.8284230017982552,2156
6456,2,3.8284230017982552,2157
10475,2,3.8284230017982552,2158
12792,2,3.8284230017982552,2159
5377,2,3.8291118736277507,2160
22143,2,3.829935998600872,2161
22638,2,3.8304989732413235,2162
5066,2,3.8314970408475144,2163
18231,2,3.832965831807783,2164
21883,2,3.8330788595019185,2165
15688,2,3.8357704838207294,2166
22959,2,3.8357891763787935,2167
12786,2,3.8361238123665258,2168
19455,2,3.8361238123665258,2169
13687,2,3.8367750877934017,2170
20794,2,3.837131201903953,2171
5468,2,3.8413235164780746,2172
5368,2,3.8446910196737534,2173
10860,2,3.850386607994664,2174
15007,2,3.859284227551846,2175
18051,2,3.863529514653033,2176
16142,2,3.866449614629083,2177
14573,2,3.8667337894247384,2178
23542,2,3.8725379787156453,2179
1042,2,3.8742363356118408,2180
2591,2,3.87444672258681,2181
21258,2,3.8768173260713366,2182
23763,2,3.880245882742954,2183
15863,2,3.8819881888699417,2184
4673,2,3.883819857788539,2185
7717,2,3.8844811346319768,2186
370,2,3.890842861621634,2187
14044,2,3.8945102282460278,2188
14926,2,3.8970482088527665,2189
5866,2,3.899254273848033,2190
23743,2,3.9019348929987987,2191
2125,2,3.9121973673510215,2192
2944,2,3.9167226954809538,2193
21079,2,3.9176120382804913,2194
11819,2,3.9217446418877526,2195
21717,2,3.9217934687124454,2196
19759,2,3.9270019658235618,2197
20458,2,3.928953776051076,2198
9849,2,3.9294350052554954,2199
22483,2,3.9323493445456355,2200
16569,2,3.932599107409437,2201
1437,2,3.9332849785299113,2202
17776,2,3.9340095732963256,2203
3089,2,3.935151802216002,2204
2629,2,3.938264520826459,2205
3872,2,3.938264520826459,2206
5371,2,3.938264520826459,2207
8259,2,3.938264520826459,2208
23048,2,3.938264520826459,2209
5916,2,3.9409843853871735,2210
13663,2,3.9409843853871735,2211
14009,2,3.9409843853871735,2212
23045,2,3.941342540948552,2213
3087,2,3.9444671119021733,2214
3741,2,3.9484207746197963,2215
15305,2,3.9515094346054775,2216
7403,2,3.955496352138237,2217
3536,2,3.9581494735624942,2218
8105,2,3.9581494735624942,2219
17746,2,3.9581494735624942,2220
22492,2,3.9581494735624942,2221
3455,2,3.9590073425901173,2222
23487,2,3.9604584795113946,2223
22337,2,3.9672231113326406,2224
9896,2,3.967346373734739,2225
318,2,3.974388258275215,2226
3085,2,3.974388258275215,2227
4941,2,3.974388258275215,2228
9240,2,3.974388258275215,2229
11862,2,3.974388258275215,2230
14133,2,3.974388258275215,2231
18748,2,3.974388258275215,2232
21586,2,3.9756300037837327,2233
23120,2,3.9836749238801534,2234
23711,2,3.9837020669694003,2235
17490,2,3.9838508416210985,2236
4752,2,3.9863225229617423,2237
13985,2,3.99071018551203,2238
22430,2,3.991744247516115,2239
20972,2,3.99439948965192,2240
11523,2,4.001105161054745,2241
18357,2,4.003197061150641,2242
23171,2,4.009755259503619,2243
21106,2,4.02118470359451,2244
14971,2,4.026133764802464,2245
15233,2,4.027255271086849,2246
7724,2,4.0287353240034935,2247
12178,2,4.028816740231762,2248
22855,2,4.028816740231762,2249
4746,2,4.033271682180257,2250
15036,2,4.033271682180257,2251
3281,2,4.037519557352103,2252
3735,2,4.037703148442163,2253
18833,2,4.045829724782109,2254
16153,2,4.045953290548324,2255
7980,2,4.046445862588094,2256
20376,2,4.051706804033859,2257
15539,2,4.058132228848174,2258
23894,2,4.0614646234904965,2259
808,2,4.062433826113254,2260
9668,2,4.06283611241657,2261
15875,2,4.06689933497556,2262
14937,2,4.072557283856586,2263
17720,2,4.073141769722244,2264
2688,2,4.074200004138638,2265
18796,2,4.07646507715486,2266
19338,2,4.076946116831832,2267
7021,2,4.0921707972504935,2268
9163,2,4.106947639544342,2269
22610,2,4.112358671569543,2270
17622,2,4.113868285509655,2271
5943,2,4.118384245822271,2272
1441,2,4.133567520942984,2273
5031,2,4.140364328149053,2274
20771,2,4.146835560601086,2275
17960,2,4.15316634954389,2276
22873,2,4.155243148844087,2277
13012,2,4.162957593768695,2278
16069,2,4.166808128289899,2279
15477,2,4.167626710402865,2280
6078,2,4.170323390297494,2281
20324,2,4.1706287084209945,2282
343,2,4.172663371483147,2283
23747,2,4.175709352462733,2284
3837,2,4.176176822005461,2285
23462,2,4.180232199346404,2286
21792,2,4.191687117674312,2287
18160,2,4.200362320967063,2288
5251,2,4.2068246256033754,2289
6455,2,4.215049948255035,2290
16868,2,4.2230361868473105,2291
20377,2,4.224029782593947,2292
4987,2,4.239279110922757,2293
11998,2,4.241268896187219,2294
23077,2,4.241647738691998,2295
12873,2,4.249773340093773,2296
11428,2,4.254389182826652,2297
19822,2,4.266735668544691,2298
14980,2,4.268889893155575,2299
13641,2,4.270258253409644,2300
14311,2,4.2706120987206955,2301
21705,2,4.274290712636598,2302
21459,2,4.276411935089274,2303
23516,2,4.285974336723735,2304
463,2,4.294787406087608,2305
10340,2,4.298687225827745,2306
4228,2,4.299435041844373,2307
21318,2,4.312773103266825,2308
12219,2,4.31973123541273,2309
19494,2,4.328362262483027,2310
2637,2,4.3399424725519316,2311
23123,2,4.34481416165663,2312
16831,2,4.345846790713917,2313
19474,2,4.349832092156851,2314
6178,2,4.355103719500972,2315
14618,2,4.355103719500972,2316
16450,2,4.374604386861986,2317
4562,2,4.378410444232071,2318
7186,2,4.4026781583007555,2319
3416,2,4.412238497342514,2320
16102,2,4.435400251450455,2321
5077,2,4.441700143964748,2322
7027,2,4.441700143964748,2323
7218,2,4.441700143964748,2324
106,2,4.462281402546673,2325
12976,2,4.466023950877274,2326
15971,2,4.47108654005019,2327
17775,2,4.471480602641785,2328
19463,2,4.488460746244934,2329
16886,2,4.499795273261396,2330
21806,2,4.502780601008904,2331
3059,2,4.510104572915251,2332
9351,2,4.516622686371007,2333
14103,2,4.522596170458655,2334
4958,2,4.528774768011432,2335
11450,2,4.528774768011432,2336
15442,2,4.528774768011432,2337
21072,2,4.528774768011432,2338
1728,2,4.5291925691379635,2339
11131,2,4.5291925691379635,2340
2097,2,4.549023991010454,2341
5376,2,4.549023991010454,2342
502,2,4.552452645262772,2343
8293,2,4.552452645262772,2344
8358,2,4.552452645262772,2345
8619,2,4.552452645262772,2346
10761,2,4.552452645262772,2347
11292,2,4.552452645262772,2348
11491,2,4.552452645262772,2349
16313,2,4.552452645262772,2350
16778,2,4.552452645262772,2351
17208,2,4.552452645262772,2352
17550,2,4.552452645262772,2353
90,2,4.558590776291475,2354
150,2,4.558590776291475,2355
390,2,4.558590776291475,2356
618,2,4.558590776291475,2357
1067,2,4.558590776291475,2358
1286,2,4.558590776291475,2359
1314,2,4.558590776291475,2360
1640,2,4.558590776291475,2361
1776,2,4.558590776291475,2362
2055,2,4.558590776291475,2363
2308,2,4.558590776291475,2364
2352,2,4.558590776291475,2365
2398,2,4.558590776291475,2366
2626,2,4.558590776291475,2367
2672,2,4.558590776291475,2368
2682,2,4.558590776291475,2369
2840,2,4.558590776291475,2370
3142,2,4.558590776291475,2371
3169,2,4.558590776291475,2372
3215,2,4.558590776291475,2373
3251,2,4.558590776291475,2374
3364,2,4.558590776291475,2375
3375,2,4.558590776291475,2376
3427,2,4.558590776291475,2377
3557,2,4.558590776291475,2378
3822,2,4.558590776291475,2379
3839,2,4.558590776291475,2380
3876,2,4.558590776291475,2381
3967,2,4.558590776291475,2382
4182,2,4.558590776291475,2383
4461,2,4.558590776291475,2384
4555,2,4.558590776291475,2385
4718,2,4.558590776291475,2386
4935,2,4.558590776291475,2387
4980,2,4.558590776291475,2388
4984,2,4.558590776291475,2389
5415,2,4.558590776291475,2390
6016,2,4.558590776291475,2391
6104,2,4.558590776291475,2392
6122,2,4.558590776291475,2393
6424,2,4.558590776291475,2394
6591,2,4.558590776291475,2395
6807,2,4.558590776291475,2396
6871,2,4.558590776291475,2397
6930,2,4.558590776291475,2398
7018,2,4.558590776291475,2399
7405,2,4.558590776291475,2400
7674,2,4.558590776291475,2401
7690,2,4.558590776291475,2402
7781,2,4.558590776291475,2403
7991,2,4.558590776291475,2404
8181,2,4.558590776291475,2405
9101,2,4.558590776291475,2406
9143,2,4.558590776291475,2407
9179,2,4.558590776291475,2408
9182,2,4.558590776291475,2409
9257,2,4.558590776291475,2410
9265,2,4.558590776291475,2411
9430,2,4.558590776291475,2412
9688,2,4.558590776291475,2413
9960,2,4.558590776291475,2414
9967,2,4.558590776291475,2415
10249,2,4.558590776291475,2416
10387,2,4.558590776291475,2417
10914,2,4.558590776291475,2418
11310,2,4.558590776291475,2419
11312,2,4.558590776291475,2420
11605,2,4.558590776291475,2421
12227,2,4.558590776291475,2422
12331,2,4.558590776291475,2423
12794,2,4.558590776291475,2424
12934,2,4.558590776291475,2425
13032,2,4.558590776291475,2426
13173,2,4.558590776291475,2427
13369,2,4.558590776291475,2428
13569,2,4.558590776291475,2429
14183,2,4.558590776291475,2430
14227,2,4.558590776291475,2431
14482,2,4.558590776291475,2432
14626,2,4.558590776291475,2433
15046,2,4.558590776291475,2434
15135,2,4.558590776291475,2435
16551,2,4.558590776291475,2436
16791,2,4.558590776291475,2437
16810,2,4.558590776291475,2438
17134,2,4.558590776291475,2439
17146,2,4.558590776291475,2440
17383,2,4.558590776291475,2441
17500,2,4.558590776291475,2442
17814,2,4.558590776291475,2443
17818,2,4.558590776291475,2444
17968,2,4.558590776291475,2445
18048,2,4.558590776291475,2446
18316,2,4.558590776291475,2447
18435,2,4.558590776291475,2448
18963,2,4.558590776291475,2449
19141,2,4.558590776291475,2450
19458,2,4.558590776291475,2451
20343,2,4.558590776291475,2452
20379,2,4.558590776291475,2453
20548,2,4.558590776291475,2454
20777,2,4.558590776291475,2455
21136,2,4.558590776291475,2456
21614,2,4.558590776291475,2457
21970,2,4.558590776291475,2458
22186,2,4.558590776291475,2459
22387,2,4.558590776291475,2460
22612,2,4.558590776291475,2461
23007,2,4.558590776291475,2462
23431,2,4.558590776291475,2463
23995,2,4.558590776291475,2464
23441,2,4.626395231510393,2465
1934,2,4.653310508527101,2466
5769,2,4.6794901437155,2467
664,2,4.711014910200248,2468
1757,2,4.711014910200248,2469
3865,2,4.711014910200248,2470
15838,2,4.711014910200248,2471
21893,2,4.711014910200248,2472
23910,2,4.711014910200248,2473
598,2,4.713850090192059,2474
7840,2,4.809597394332175,2475
23197,3,1.11163957374695,1
19296,3,1.1197981850337564,2
21331,3,1.1197981850337564,3
6060,3,1.1587212456832992,4
11321,3,1.1669519154524413,5
3297,3,1.167748738580056,6
11159,3,1.1696717186445076,7
16931,3,1.1765104321594864,8
9460,3,1.1830530712827805,9
4410,3,1.2134950901823456,10
4188,3,1.215810012431551,11
12699,3,1.215810012431551,12
14769,3,1.215810012431551,13
9535,3,1.216932458785564,14
1313,3,1.2203423060114071,15
4264,3,1.2203423060114071,16
6531,3,1.2203423060114071,17
16485,3,1.2203423060114071,18
18416,3,1.2203423060114071,19
18655,3,1.2203423060114071,20
19794,3,1.2203423060114071,21
23351,3,1.2203423060114071,22
6961,3,1.2207924820770528,23
8958,3,1.2207924820770528,24
791,3,1.2209720103753972,25
1187,3,1.2209720103753972,26
1817,3,1.2209720103753972,27
1923,3,1.2209720103753972,28
2130,3,1.2209720103753972,29
3121,3,1.2209720103753972,30
3464,3,1.2209720103753972,31
3736,3,1.2209720103753972,32
3765,3,1.2209720103753972,33
4589,3,1.2209720103753972,34
4777,3,1.2209720103753972,35
5182,3,1.2209720103753972,36
5801,3,1.2209720103753972,37
5876,3,1.2209720103753972,38
5987,3,1.2209720103753972,39
6904,3,1.2209720103753972,40
7508,3,1.2209720103753972,41
7509,3,1.2209720103753972,42
7616,3,1.2209720103753972,43
7676,3,1.2209720103753972,44
8144,3,1.2209720103753972,45
8230,3,1.2209720103753972,46
8339,3,1.2209720103753972,47
8357,3,1.2209720103753972,48
8496,3,1.2209720103753972,49
8946,3,1.2209720103753972,50
9604,3,1.2209720103753972,51
9984,3,1.2209720103753972,52
10194,3,1.2209720103753972,53
10252,3,1.2209720103753972,54
10263,3,1.2209720103753972,55
11449,3,1.2209720103753972,56
11608,3,1.2209720103753972,57
12078,3,1.2209720103753972,58
12243,3,1.2209720103753972,59
12676,3,1.2209720103753972,60
12722,3,1.2209720103753972,61
13627,3,1.2209720103753972,62
14098,3,1.2209720103753972,63
14550,3,1.2209720103753972,64
14684,3,1.2209720103753972,65
14963,3,1.2209720103753972,66
15112,3,1.2209720103753972,67
15186,3,1.2209720103753972,68
15783,3,1.2209720103753972,69
16056,3,1.2209720103753972,70
16274,3,1.2209720103753972,71
16289,3,1.2209720103753972,72
16395,3,1.2209720103753972,73
16596,3,1.2209720103753972,74
17111,3,1.2209720103753972,75
17232,3,1.2209720103753972,76
17646,3,1.2209720103753972,77
17812,3,1.2209720103753972,78
18401,3,1.2209720103753972,79
18924,3,1.2209720103753972,80
19625,3,1.2209720103753972,81
19922,3,1.2209720103753972,82
20721,3,1.2209720103753972,83
20906,3,1.2209720103753972,84
21112,3,1.2209720103753972,85
21229,3,1.2209720103753972,86
22513,3,1.2209720103753972,87
22616,3,1.2209720103753972,88
22871,3,1.2209720103753972,89
23107,3,1.2209720103753972,90
23194,3,1.2209720103753972,91
23288,3,1.2209720103753972,92
9575,3,1.226363811147336,93
3690,3,1.228139901860486,94
4227,3,1.228139901860486,95
14198,3,1.2292633086452995,96
5428,3,1.2310166947179852,97
2468,3,1.232481983470762,98
12260,3,1.2359262790549848,99
18818,3,1.2359262790549848,100
10076,3,1.2401849001000849,101
8061,3,1.2481212231051964,102
2753,3,1.24842173222686,103
18730,3,1.2498053720109619,104
103,3,1.2507604328434996,105
5326,3,1.2580988312870636,106
6896,3,1.2598120851851984,107
1363,3,1.266934900816968,108
3755,3,1.2728236354811597,109
22036,3,1.2728236354811597,110
14579,3,1.2750708444368455,111
18370,3,1.2750708444368455,112
13517,3,1.2785202979079682,113
22083,3,1.2785202979079682,114
18784,3,1.278973441059219,115
19597,3,1.278973441059219,116
21791,3,1.278973441059219,117
23410,3,1.278973441059219,118
1842,3,1.2839710121194272,119
19237,3,1.2839710121194272,120
23063,3,1.2839710121194272,121
20277,3,1.292462602440122,122
18704,3,1.293120005032897,123
387,3,1.3001569155349382,124
5017,3,1.3001569155349382,125
7472,3,1.3001569155349382,126
12815,3,1.3001569155349382,127
3124,3,1.3024119588556653,128
21572,3,1.304927993355776,129
1533,3,1.3134111056772684,130
10086,3,1.318167034024229,131
189,3,1.3203263268940053,132
7558,3,1.3241386541659317,133
10851,3,1.3258684760202888,134
8127,3,1.3321920218540348,135
15735,3,1.3321920218540348,136
12274,3,1.3344870321495328,137
21244,3,1.3361173104764186,138
1224,3,1.3370328889062812,139
5682,3,1.3370328889062812,140
15123,3,1.3370328889062812,141
17704,3,1.3414183320803785,142
15581,3,1.345203620344888,143
1095,3,1.3511737889966111,144
2831,3,1.3511737889966111,145
6578,3,1.3511737889966111,146
7512,3,1.3511737889966111,147
8922,3,1.3511737889966111,148
9296,3,1.3511737889966111,149
9452,3,1.3511737889966111,150
10087,3,1.3511737889966111,151
12171,3,1.3511737889966111,152
12209,3,1.3511737889966111,153
12347,3,1.3511737889966111,154
13340,3,1.3511737889966111,155
17521,3,1.3511737889966111,156
18021,3,1.3511737889966111,157
19774,3,1.3511737889966111,158
22712,3,1.3511737889966111,159
14723,3,1.3523474737381018,160
5803,3,1.3536620313037644,161
13248,3,1.3556588457419891,162
118,3,1.3558205160945123,163
208,3,1.3558205160945123,164
410,3,1.3558205160945123,165
436,3,1.3558205160945123,166
633,3,1.3558205160945123,167
939,3,1.3558205160945123,168
949,3,1.3558205160945123,169
972,3,1.3558205160945123,170
1006,3,1.3558205160945123,171
1227,3,1.3558205160945123,172
1495,3,1.3558205160945123,173
1737,3,1.3558205160945123,174
1926,3,1.3558205160945123,175
2025,3,1.3558205160945123,176
2093,3,1.3558205160945123,177
2113,3,1.3558205160945123,178
2139,3,1.3558205160945123,179
2370,3,1.3558205160945123,180
2737,3,1.3558205160945123,181
2940,3,1.3558205160945123,182
3001,3,1.3558205160945123,183
3036,3,1.3558205160945123,184
3044,3,1.3558205160945123,185
3388,3,1.3558205160945123,186
3480,3,1.3558205160945123,187
3612,3,1.3558205160945123,188
3639,3,1.3558205160945123,189
3812,3,1.3558205160945123,190
3829,3,1.3558205160945123,191
4473,3,1.3558205160945123,192
4637,3,1.3558205160945123,193
4760,3,1.3558205160945123,194
4906,3,1.3558205160945123,195
5030,3,1.3558205160945123,196
5067,3,1.3558205160945123,197
5220,3,1.3558205160945123,198
5226,3,1.3558205160945123,199
5253,3,1.3558205160945123,200
5294,3,1.3558205160945123,201
5451,3,1.3558205160945123,202
5494,3,1.3558205160945123,203
5521,3,1.3558205160945123,204
6096,3,1.3558205160945123,205
6301,3,1.3558205160945123,206
6316,3,1.3558205160945123,207
6322,3,1.3558205160945123,208
6461,3,1.3558205160945123,209
6492,3,1.3558205160945123,210
6680,3,1.3558205160945123,211
6778,3,1.3558205160945123,212
6941,3,1.3558205160945123,213
6950,3,1.3558205160945123,214
6959,3,1.3558205160945123,215
7100,3,1.3558205160945123,216
7302,3,1.3558205160945123,217
7484,3,1.3558205160945123,218
7487,3,1.3558205160945123,219
7790,3,1.3558205160945123,220
7932,3,1.3558205160945123,221
8065,3,1.3558205160945123,222
8146,3,1.3558205160945123,223
8568,3,1.3558205160945123,224
8648,3,1.3558205160945123,225
8743,3,1.3558205160945123,226
9039,3,1.3558205160945123,227
9401,3,1.3558205160945123,228
9414,3,1.3558205160945123,229
9503,3,1.3558205160945123,230
9662,3,1.3558205160945123,231
9733,3,1.3558205160945123,232
10033,3,1.3558205160945123,233
10052,3,1.3558205160945123,234
10300,3,1.3558205160945123,235
10325,3,1.3558205160945123,236
10408,3,1.3558205160945123,237
10657,3,1.3558205160945123,238
10670,3,1.3558205160945123,239
10796,3,1.3558205160945123,240
10877,3,1.3558205160945123,241
11150,3,1.3558205160945123,242
11229,3,1.3558205160945123,243
11304,3,1.3558205160945123,244
11898,3,1.3558205160945123,245
12000,3,1.3558205160945123,246
12069,3,1.3558205160945123,247
12093,3,1.3558205160945123,248
12097,3,1.3558205160945123,249
12164,3,1.3558205160945123,250
12477,3,1.3558205160945123,251
12539,3,1.3558205160945123,252
12565,3,1.3558205160945123,253
12808,3,1.3558205160945123,254
12840,3,1.3558205160945123,255
12972,3,1.3558205160945123,256
12987,3,1.3558205160945123,257
13058,3,1.3558205160945123,258
13109,3,1.3558205160945123,259
13413,3,1.3558205160945123,260
13538,3,1.3558205160945123,261
13609,3,1.3558205160945123,262
13714,3,1.3558205160945123,263
13727,3,1.3558205160945123,264
14310,3,1.3558205160945123,265
14568,3,1.3558205160945123,266
14575,3,1.3558205160945123,267
14705,3,1.3558205160945123,268
14761,3,1.3558205160945123,269
15425,3,1.3558205160945123,270
15498,3,1.3558205160945123,271
15524,3,1.3558205160945123,272
15535,3,1.3558205160945123,273
15611,3,1.3558205160945123,274
15641,3,1.3558205160945123,275
15758,3,1.3558205160945123,276
15781,3,1.3558205160945123,277
15849,3,1.3558205160945123,278
16160,3,1.3558205160945123,279
16173,3,1.3558205160945123,280
16338,3,1.3558205160945123,281
16357,3,1.3558205160945123,282
16390,3,1.3558205160945123,283
16401,3,1.3558205160945123,284
16414,3,1.3558205160945123,285
16634,3,1.3558205160945123,286
16808,3,1.3558205160945123,287
16925,3,1.3558205160945123,288
16948,3,1.3558205160945123,289
17021,3,1.3558205160945123,290
17109,3,1.3558205160945123,291
17155,3,1.3558205160945123,292
17264,3,1.3558205160945123,293
17295,3,1.3558205160945123,294
17558,3,1.3558205160945123,295
17577,3,1.3558205160945123,296
17733,3,1.3558205160945123,297
17905,3,1.3558205160945123,298
18005,3,1.3558205160945123,299
18028,3,1.3558205160945123,300
18487,3,1.3558205160945123,301
18824,3,1.3558205160945123,302
18857,3,1.3558205160945123,303
18967,3,1.3558205160945123,304
19135,3,1.3558205160945123,305
19195,3,1.3558205160945123,306
19275,3,1.3558205160945123,307
19299,3,1.3558205160945123,308
19546,3,1.3558205160945123,309
19689,3,1.3558205160945123,310
19979,3,1.3558205160945123,311
20219,3,1.3558205160945123,312
20464,3,1.3558205160945123,313
21496,3,1.3558205160945123,314
21617,3,1.3558205160945123,315
21756,3,1.3558205160945123,316
21758,3,1.3558205160945123,317
22203,3,1.3558205160945123,318
22405,3,1.3558205160945123,319
22810,3,1.3558205160945123,320
23670,3,1.3558205160945123,321
23673,3,1.3558205160945123,322
23690,3,1.3558205160945123,323
23774,3,1.3558205160945123,324
23849,3,1.3558205160945123,325
24016,3,1.3558205160945123,326
8403,3,1.357466963337869,327
12594,3,1.357466963337869,328
22109,3,1.357466963337869,329
241,3,1.362092221674093,330
403,3,1.362092221674093,331
430,3,1.362092221674093,332
890,3,1.362092221674093,333
1081,3,1.362092221674093,334
1143,3,1.362092221674093,335
1198,3,1.362092221674093,336
1368,3,1.362092221674093,337
1414,3,1.362092221674093,338
1471,3,1.362092221674093,339
2527,3,1.362092221674093,340
3424,3,1.362092221674093,341
4120,3,1.362092221674093,342
4366,3,1.362092221674093,343
5028,3,1.362092221674093,344
5046,3,1.362092221674093,345
5218,3,1.362092221674093,346
5532,3,1.362092221674093,347
5562,3,1.362092221674093,348
6306,3,1.362092221674093,349
6932,3,1.362092221674093,350
7022,3,1.362092221674093,351
7667,3,1.362092221674093,352
8119,3,1.362092221674093,353
9078,3,1.362092221674093,354
10004,3,1.362092221674093,355
11015,3,1.362092221674093,356
12270,3,1.362092221674093,357
12438,3,1.362092221674093,358
13385,3,1.362092221674093,359
13732,3,1.362092221674093,360
15140,3,1.362092221674093,361
15228,3,1.362092221674093,362
15997,3,1.362092221674093,363
16043,3,1.362092221674093,364
16067,3,1.362092221674093,365
16459,3,1.362092221674093,366
17052,3,1.362092221674093,367
18237,3,1.362092221674093,368
18498,3,1.362092221674093,369
18795,3,1.362092221674093,370
18951,3,1.362092221674093,371
18996,3,1.362092221674093,372
19084,3,1.362092221674093,373
19399,3,1.362092221674093,374
19413,3,1.362092221674093,375
19552,3,1.362092221674093,376
19959,3,1.362092221674093,377
20463,3,1.362092221674093,378
21456,3,1.362092221674093,379
21620,3,1.362092221674093,380
21817,3,1.362092221674093,381
21902,3,1.362092221674093,382
22000,3,1.362092221674093,383
22112,3,1.362092221674093,384
22992,3,1.362092221674093,385
23064,3,1.362092221674093,386
23198,3,1.362092221674093,387
23830,3,1.362092221674093,388
23879,3,1.362092221674093,389
1700,3,1.368156736723155,390
2427,3,1.368156736723155,391
13752,3,1.368156736723155,392
22536,3,1.368156736723155,393
10951,3,1.3723864269382937,394
13756,3,1.3746668537278386,395
17063,3,1.3746668537278386,396
18378,3,1.3746668537278386,397
10807,3,1.3770895990134266,398
13733,3,1.3770895990134266,399
541,3,1.3804466410196745,400
3981,3,1.4168599554834858,401
8911,3,1.4168599554834858,402
18284,3,1.4168599554834858,403
42,3,1.4212919465204874,404
691,3,1.4212919465204874,405
1464,3,1.4212919465204874,406
2112,3,1.4212919465204874,407
2276,3,1.4212919465204874,408
2413,3,1.4212919465204874,409
2609,3,1.4212919465204874,410
3414,3,1.4212919465204874,411
3616,3,1.4212919465204874,412
3689,3,1.4212919465204874,413
3842,3,1.4212919465204874,414
4450,3,1.4212919465204874,415
4512,3,1.4212919465204874,416
4591,3,1.4212919465204874,417
4611,3,1.4212919465204874,418
4883,3,1.4212919465204874,419
5478,3,1.4212919465204874,420
5587,3,1.4212919465204874,421
5611,3,1.4212919465204874,422
5661,3,1.4212919465204874,423
5795,3,1.4212919465204874,424
6259,3,1.4212919465204874,425
6483,3,1.4212919465204874,426
6624,3,1.4212919465204874,427
6779,3,1.4212919465204874,428
6881,3,1.4212919465204874,429
6907,3,1.4212919465204874,430
6963,3,1.4212919465204874,431
7391,3,1.4212919465204874,432
7826,3,1.4212919465204874,433
7857,3,1.4212919465204874,434
8015,3,1.4212919465204874,435
8499,3,1.4212919465204874,436
9387,3,1.4212919465204874,437
9400,3,1.4212919465204874,438
10121,3,1.4212919465204874,439
10253,3,1.4212919465204874,440
10264,3,1.4212919465204874,441
10369,3,1.4212919465204874,442
10695,3,1.4212919465204874,443
10778,3,1.4212919465204874,444
11109,3,1.4212919465204874,445
11237,3,1.4212919465204874,446
11865,3,1.4212919465204874,447
12295,3,1.4212919465204874,448
12373,3,1.4212919465204874,449
12404,3,1.4212919465204874,450
12604,3,1.4212919465204874,451
12895,3,1.4212919465204874,452
13275,3,1.4212919465204874,453
13873,3,1.4212919465204874,454
14364,3,1.4212919465204874,455
14944,3,1.4212919465204874,456
15081,3,1.4212919465204874,457
15466,3,1.4212919465204874,458
15523,3,1.4212919465204874,459
15895,3,1.4212919465204874,460
15935,3,1.4212919465204874,461
16461,3,1.4212919465204874,462
17071,3,1.4212919465204874,463
17454,3,1.4212919465204874,464
17549,3,1.4212919465204874,465
17660,3,1.4212919465204874,466
17846,3,1.4212919465204874,467
17912,3,1.4212919465204874,468
18012,3,1.4212919465204874,469
18065,3,1.4212919465204874,470
18196,3,1.4212919465204874,471
18452,3,1.4212919465204874,472
18492,3,1.4212919465204874,473
18598,3,1.4212919465204874,474
18713,3,1.4212919465204874,475
19437,3,1.4212919465204874,476
19825,3,1.4212919465204874,477
19878,3,1.4212919465204874,478
20012,3,1.4212919465204874,479
20070,3,1.4212919465204874,480
20077,3,1.4212919465204874,481
20239,3,1.4212919465204874,482
20435,3,1.4212919465204874,483
20603,3,1.4212919465204874,484
20665,3,1.4212919465204874,485
20850,3,1.4212919465204874,486
20867,3,1.4212919465204874,487
20975,3,1.4212919465204874,488
21133,3,1.4212919465204874,489
21279,3,1.4212919465204874,490
21329,3,1.4212919465204874,491
21534,3,1.4212919465204874,492
22645,3,1.4212919465204874,493
23080,3,1.4212919465204874,494
23132,3,1.4212919465204874,495
23156,3,1.4212919465204874,496
23749,3,1.4212919465204874,497
12044,3,1.4220077547851457,498
19706,3,1.423348821845285,499
137,3,1.4312500662030074,500
21001,3,1.4312500662030074,501
19038,3,1.4333278193397576,502
9999,3,1.4456550232714793,503
15751,3,1.4456550232714793,504
20142,3,1.4558057605506372,505
1490,3,1.4600009634824218,506
18669,3,1.4600009634824218,507
20683,3,1.4643182703615982,508
12748,3,1.4675488269330597,509
2083,3,1.4685287720725373,510
2916,3,1.4685287720725373,511
3460,3,1.4685287720725373,512
13270,3,1.4685287720725373,513
13919,3,1.4685287720725373,514
18775,3,1.4685287720725373,515
6183,3,1.4766624886293125,516
14004,3,1.4766624886293125,517
18749,3,1.4766624886293125,518
23400,3,1.4766624886293125,519
20407,3,1.4917735961176746,520
8106,3,1.4935006680000429,521
21877,3,1.4944743729970171,522
23803,3,1.4949957713713105,523
4996,3,1.5012855652097523,524
16542,3,1.5021187679224197,525
10010,3,1.502721793973908,526
16368,3,1.5082273341728003,527
8882,3,1.5110615794213929,528
8468,3,1.5245045440158385,529
13312,3,1.5424401328238269,530
20751,3,1.5440100889602166,531
1323,3,1.5550610044188082,532
2430,3,1.5679150322860662,533
20760,3,1.5679150322860662,534
2377,3,1.5688150278324169,535
7765,3,1.5708687949253193,536
7351,3,1.584008424245995,537
14634,3,1.5987827787873852,538
593,3,1.6019662903065335,539
21648,3,1.6023767819166381,540
3932,3,1.6059561835355833,541
5455,3,1.622828224711362,542
9816,3,1.622828224711362,543
10282,3,1.622828224711362,544
12872,3,1.6234624868460252,545
13196,3,1.626118708083098,546
19047,3,1.626118708083098,547
19311,3,1.6364822060565916,548
19245,3,1.6367214659550817,549
895,3,1.6371971267962366,550
20857,3,1.6375541802813434,551
21789,3,1.6382780584408645,552
2148,3,1.6460577605725268,553
16428,3,1.6489099599420949,554
16740,3,1.6567650727291627,555
4186,3,1.6568708172823565,556
10641,3,1.660701202379445,557
19224,3,1.6628762009465503,558
23668,3,1.6703387955174225,559
3471,3,1.6731732306742393,560
21237,3,1.678044406998214,561
11266,3,1.6783952665649327,562
4612,3,1.6787102202441322,563
1001,3,1.6799406549284293,564
18744,3,1.689478537431024,565
2499,3,1.6900392744005064,566
2982,3,1.6900392744005064,567
3628,3,1.6900392744005064,568
3960,3,1.6900392744005064,569
6083,3,1.6900392744005064,570
6161,3,1.6900392744005064,571
14139,3,1.6900392744005064,572
21191,3,1.6900392744005064,573
20546,3,1.6936636864770542,574
4876,3,1.6940084104549427,575
16158,3,1.6940084104549427,576
23658,3,1.6940084104549427,577
23712,3,1.6940084104549427,578
23779,3,1.6940084104549427,579
2800,3,1.695589992222388,580
23780,3,1.6965299154646256,581
23332,3,1.696790954471602,582
21171,3,1.7037803787677186,583
1399,3,1.704474202418051,584
14590,3,1.7128834010801666,585
18753,3,1.7141661467466982,586
7726,3,1.7167893431003174,587
12186,3,1.7231017796889905,588
15254,3,1.7231017796889905,589
20871,3,1.724186240031832,590
14847,3,1.7245987205489584,591
20001,3,1.7245987205489584,592
23421,3,1.7245987205489584,593
13650,3,1.7256053941111174,594
21963,3,1.7256053941111174,595
23518,3,1.7256053941111174,596
62,3,1.72674792803081,597
272,3,1.72674792803081,598
1278,3,1.72674792803081,599
1460,3,1.72674792803081,600
1996,3,1.72674792803081,601
2365,3,1.72674792803081,602
3249,3,1.72674792803081,603
3462,3,1.72674792803081,604
3663,3,1.72674792803081,605
4096,3,1.72674792803081,606
4098,3,1.72674792803081,607
4376,3,1.72674792803081,608
5406,3,1.72674792803081,609
5467,3,1.72674792803081,610
6040,3,1.72674792803081,611
6699,3,1.72674792803081,612
7436,3,1.72674792803081,613
7759,3,1.72674792803081,614
7925,3,1.72674792803081,615
8043,3,1.72674792803081,616
8101,3,1.72674792803081,617
8834,3,1.72674792803081,618
9722,3,1.72674792803081,619
9906,3,1.72674792803081,620
10150,3,1.72674792803081,621
10589,3,1.72674792803081,622
10606,3,1.72674792803081,623
11306,3,1.72674792803081,624
11326,3,1.72674792803081,625
11534,3,1.72674792803081,626
11653,3,1.72674792803081,627
12367,3,1.72674792803081,628
12730,3,1.72674792803081,629
12970,3,1.72674792803081,630
12986,3,1.72674792803081,631
13262,3,1.72674792803081,632
13447,3,1.72674792803081,633
13695,3,1.72674792803081,634
13862,3,1.72674792803081,635
14632,3,1.72674792803081,636
15307,3,1.72674792803081,637
15448,3,1.72674792803081,638
16083,3,1.72674792803081,639
16152,3,1.72674792803081,640
16227,3,1.72674792803081,641
16421,3,1.72674792803081,642
16470,3,1.72674792803081,643
16613,3,1.72674792803081,644
16728,3,1.72674792803081,645
16800,3,1.72674792803081,646
17015,3,1.72674792803081,647
17335,3,1.72674792803081,648
17357,3,1.72674792803081,649
17469,3,1.72674792803081,650
17925,3,1.72674792803081,651
17937,3,1.72674792803081,652
18491,3,1.72674792803081,653
18542,3,1.72674792803081,654
18591,3,1.72674792803081,655
18868,3,1.72674792803081,656
18903,3,1.72674792803081,657
19175,3,1.72674792803081,658
19385,3,1.72674792803081,659
19604,3,1.72674792803081,660
20046,3,1.72674792803081,661
20616,3,1.72674792803081,662
20755,3,1.72674792803081,663
20805,3,1.72674792803081,664
21088,3,1.72674792803081,665
21142,3,1.72674792803081,666
21211,3,1.72674792803081,667
21389,3,1.72674792803081,668
21521,3,1.72674792803081,669
22385,3,1.72674792803081,670
22504,3,1.72674792803081,671
22602,3,1.72674792803081,672
22820,3,1.72674792803081,673
23647,3,1.72674792803081,674
23753,3,1.72674792803081,675
5380,3,1.7282980283012124,676
22582,3,1.7327442457988904,677
23775,3,1.7467068084018855,678
16719,3,1.750019860553976,679
510,3,1.754766679584379,680
2115,3,1.754766679584379,681
4699,3,1.754766679584379,682
6417,3,1.754766679584379,683
7758,3,1.754766679584379,684
13923,3,1.754766679584379,685
15388,3,1.754766679584379,686
16703,3,1.754766679584379,687
21344,3,1.754766679584379,688
9244,3,1.7550678799585138,689
14417,3,1.7550678799585138,690
20968,3,1.7555534711562009,691
24022,3,1.7555534711562009,692
2971,3,1.7572765931871508,693
14353,3,1.7572765931871508,694
16974,3,1.7572765931871508,695
18423,3,1.7572765931871508,696
16747,3,1.7582011845544787,697
20553,3,1.7582011845544787,698
12485,3,1.758222510874726,699
180,3,1.7583471681015983,700
580,3,1.7583471681015983,701
854,3,1.7583471681015983,702
874,3,1.7583471681015983,703
964,3,1.7583471681015983,704
982,3,1.7583471681015983,705
1181,3,1.7583471681015983,706
1239,3,1.7583471681015983,707
1279,3,1.7583471681015983,708
1310,3,1.7583471681015983,709
1346,3,1.7583471681015983,710
1828,3,1.7583471681015983,711
1966,3,1.7583471681015983,712
2123,3,1.7583471681015983,713
2224,3,1.7583471681015983,714
2253,3,1.7583471681015983,715
2283,3,1.7583471681015983,716
2362,3,1.7583471681015983,717
2616,3,1.7583471681015983,718
2734,3,1.7583471681015983,719
2785,3,1.7583471681015983,720
2981,3,1.7583471681015983,721
3439,3,1.7583471681015983,722
3541,3,1.7583471681015983,723
3698,3,1.7583471681015983,724
3847,3,1.7583471681015983,725
3910,3,1.7583471681015983,726
3944,3,1.7583471681015983,727
3992,3,1.7583471681015983,728
4226,3,1.7583471681015983,729
4341,3,1.7583471681015983,730
4522,3,1.7583471681015983,731
4774,3,1.7583471681015983,732
4781,3,1.7583471681015983,733
4849,3,1.7583471681015983,734
4865,3,1.7583471681015983,735
5083,3,1.7583471681015983,736
5729,3,1.7583471681015983,737
5772,3,1.7583471681015983,738
5798,3,1.7583471681015983,739
6276,3,1.7583471681015983,740
6288,3,1.7583471681015983,741
6310,3,1.7583471681015983,742
6314,3,1.7583471681015983,743
6466,3,1.7583471681015983,744
6561,3,1.7583471681015983,745
6604,3,1.7583471681015983,746
6841,3,1.7583471681015983,747
6997,3,1.7583471681015983,748
7032,3,1.7583471681015983,749
7053,3,1.7583471681015983,750
7223,3,1.7583471681015983,751
7251,3,1.7583471681015983,752
8005,3,1.7583471681015983,753
8124,3,1.7583471681015983,754
8175,3,1.7583471681015983,755
8241,3,1.7583471681015983,756
8303,3,1.7583471681015983,757
8304,3,1.7583471681015983,758
8450,3,1.7583471681015983,759
8519,3,1.7583471681015983,760
8566,3,1.7583471681015983,761
8735,3,1.7583471681015983,762
8792,3,1.7583471681015983,763
8923,3,1.7583471681015983,764
9045,3,1.7583471681015983,765
9062,3,1.7583471681015983,766
9149,3,1.7583471681015983,767
9424,3,1.7583471681015983,768
9492,3,1.7583471681015983,769
9620,3,1.7583471681015983,770
9661,3,1.7583471681015983,771
9671,3,1.7583471681015983,772
9878,3,1.7583471681015983,773
9914,3,1.7583471681015983,774
10170,3,1.7583471681015983,775
10177,3,1.7583471681015983,776
10267,3,1.7583471681015983,777
10581,3,1.7583471681015983,778
10690,3,1.7583471681015983,779
10714,3,1.7583471681015983,780
10887,3,1.7583471681015983,781
10959,3,1.7583471681015983,782
10976,3,1.7583471681015983,783
11372,3,1.7583471681015983,784
11409,3,1.7583471681015983,785
11445,3,1.7583471681015983,786
11480,3,1.7583471681015983,787
11538,3,1.7583471681015983,788
11563,3,1.7583471681015983,789
11613,3,1.7583471681015983,790
11751,3,1.7583471681015983,791
11874,3,1.7583471681015983,792
12151,3,1.7583471681015983,793
12176,3,1.7583471681015983,794
12252,3,1.7583471681015983,795
12301,3,1.7583471681015983,796
12408,3,1.7583471681015983,797
12428,3,1.7583471681015983,798
12674,3,1.7583471681015983,799
12852,3,1.7583471681015983,800
12863,3,1.7583471681015983,801
12964,3,1.7583471681015983,802
12998,3,1.7583471681015983,803
13182,3,1.7583471681015983,804
13249,3,1.7583471681015983,805
13345,3,1.7583471681015983,806
13354,3,1.7583471681015983,807
13438,3,1.7583471681015983,808
13553,3,1.7583471681015983,809
13566,3,1.7583471681015983,810
13731,3,1.7583471681015983,811
13792,3,1.7583471681015983,812
14786,3,1.7583471681015983,813
14826,3,1.7583471681015983,814
15296,3,1.7583471681015983,815
15364,3,1.7583471681015983,816
15593,3,1.7583471681015983,817
15782,3,1.7583471681015983,818
15829,3,1.7583471681015983,819
15876,3,1.7583471681015983,820
16088,3,1.7583471681015983,821
16137,3,1.7583471681015983,822
16336,3,1.7583471681015983,823
16481,3,1.7583471681015983,824
16722,3,1.7583471681015983,825
16726,3,1.7583471681015983,826
16837,3,1.7583471681015983,827
16846,3,1.7583471681015983,828
16956,3,1.7583471681015983,829
16960,3,1.7583471681015983,830
17011,3,1.7583471681015983,831
17332,3,1.7583471681015983,832
17418,3,1.7583471681015983,833
17479,3,1.7583471681015983,834
17532,3,1.7583471681015983,835
17614,3,1.7583471681015983,836
17669,3,1.7583471681015983,837
17998,3,1.7583471681015983,838
18022,3,1.7583471681015983,839
18287,3,1.7583471681015983,840
18315,3,1.7583471681015983,841
18392,3,1.7583471681015983,842
18559,3,1.7583471681015983,843
18587,3,1.7583471681015983,844
18789,3,1.7583471681015983,845
18983,3,1.7583471681015983,846
19184,3,1.7583471681015983,847
19317,3,1.7583471681015983,848
19924,3,1.7583471681015983,849
19948,3,1.7583471681015983,850
20362,3,1.7583471681015983,851
21556,3,1.7583471681015983,852
22450,3,1.7583471681015983,853
22662,3,1.7583471681015983,854
23140,3,1.7583471681015983,855
23281,3,1.7583471681015983,856
23755,3,1.7583471681015983,857
23777,3,1.7583471681015983,858
6469,3,1.7631125148657996,859
7094,3,1.7631125148657996,860
12971,3,1.7631125148657996,861
14931,3,1.7631125148657996,862
20895,3,1.7631125148657996,863
22407,3,1.7631125148657996,864
11274,3,1.7708436308088522,865
13,3,1.7733099137005315,866
20430,3,1.7733099137005315,867
21116,3,1.7733099137005315,868
23968,3,1.7733099137005315,869
5188,3,1.786496917023906,870
15480,3,1.7887261789389788,871
1724,3,1.7904487137270124,872
4653,3,1.7904487137270124,873
22011,3,1.7904487137270124,874
6899,3,1.7986652431576375,875
20992,3,1.8005995000206478,876
13164,3,1.8010068467118774,877
11417,3,1.8060818276798831,878
3547,3,1.807198637588116,879
11993,3,1.807198637588116,880
20014,3,1.807198637588116,881
21460,3,1.80789981109561,882
11539,3,1.8131180604637491,883
5187,3,1.815144442224735,884
1207,3,1.8183636926085534,885
1127,3,1.8206058417949,886
965,3,1.8271277867471403,887
2770,3,1.835460911106259,888
15383,3,1.835460911106259,889
15487,3,1.835460911106259,890
53,3,1.8517574474392204,891
12462,3,1.8573659452355276,892
14589,3,1.8573659452355276,893
20973,3,1.858691003259067,894
18465,3,1.8613645461191004,895
3451,3,1.8661088562342867,896
9670,3,1.8693309635976072,897
10335,3,1.8752988847851233,898
6241,3,1.8803756486156118,899
10461,3,1.8803756486156118,900
10474,3,1.8803756486156118,901
17272,3,1.8803756486156118,902
10566,3,1.8920721209703344,903
23331,3,1.89237264266309,904
6438,3,1.8979676524169826,905
2361,3,1.9039006560444098,906
6916,3,1.9039006560444098,907
8008,3,1.9039006560444098,908
15986,3,1.9039006560444098,909
20011,3,1.9039006560444098,910
6684,3,1.904309478968249,911
7318,3,1.904309478968249,912
8376,3,1.904309478968249,913
9912,3,1.904309478968249,914
10072,3,1.904309478968249,915
15522,3,1.904309478968249,916
15725,3,1.904309478968249,917
17173,3,1.9063514410325577,918
8098,3,1.9093463544097746,919
833,3,1.925403754047959,920
15926,3,1.925403754047959,921
18291,3,1.925403754047959,922
19682,3,1.925403754047959,923
14818,3,1.9285538400752562,924
22064,3,1.9285538400752562,925
259,3,1.9286674881620476,926
1463,3,1.9286674881620476,927
1709,3,1.9286674881620476,928
1953,3,1.9286674881620476,929
2116,3,1.9286674881620476,930
2216,3,1.9286674881620476,931
2367,3,1.9286674881620476,932
2691,3,1.9286674881620476,933
3243,3,1.9286674881620476,934
3298,3,1.9286674881620476,935
3985,3,1.9286674881620476,936
4145,3,1.9286674881620476,937
4257,3,1.9286674881620476,938
4971,3,1.9286674881620476,939
5331,3,1.9286674881620476,940
5791,3,1.9286674881620476,941
6257,3,1.9286674881620476,942
7041,3,1.9286674881620476,943
7062,3,1.9286674881620476,944
7614,3,1.9286674881620476,945
7687,3,1.9286674881620476,946
8370,3,1.9286674881620476,947
9025,3,1.9286674881620476,948
9721,3,1.9286674881620476,949
9933,3,1.9286674881620476,950
10448,3,1.9286674881620476,951
10497,3,1.9286674881620476,952
10517,3,1.9286674881620476,953
10596,3,1.9286674881620476,954
11267,3,1.9286674881620476,955
12591,3,1.9286674881620476,956
13090,3,1.9286674881620476,957
13310,3,1.9286674881620476,958
15160,3,1.9286674881620476,959
15834,3,1.9286674881620476,960
16299,3,1.9286674881620476,961
17597,3,1.9286674881620476,962
17923,3,1.9286674881620476,963
18213,3,1.9286674881620476,964
19050,3,1.9286674881620476,965
19497,3,1.9286674881620476,966
19670,3,1.9286674881620476,967
19790,3,1.9286674881620476,968
19847,3,1.9286674881620476,969
20284,3,1.9286674881620476,970
20390,3,1.9286674881620476,971
21409,3,1.9286674881620476,972
21566,3,1.9286674881620476,973
21627,3,1.9286674881620476,974
22518,3,1.9286674881620476,975
23074,3,1.9286674881620476,976
23193,3,1.9286674881620476,977
23389,3,1.9286674881620476,978
23393,3,1.9286674881620476,979
23618,3,1.9286674881620476,980
23723,3,1.9286674881620476,981
23865,3,1.9286674881620476,982
11519,3,1.9325084096805305,983
16014,3,1.9325084096805305,984
13835,3,1.937248916897971,985
15059,3,1.937248916897971,986
15355,3,1.937248916897971,987
2885,3,1.9443258788954332,988
14816,3,1.9445918971667204,989
3897,3,1.9557381714206028,990
11067,3,1.9630544110460078,991
5948,3,1.9633888143468752,992
19983,3,1.9657213812779175,993
9838,3,1.9664460917844844,994
21455,3,1.96791202790966,995
3787,3,1.9749897492727715,996
20052,3,1.9749897492727715,997
20792,3,1.9749897492727715,998
23984,3,1.9749897492727715,999
1260,3,1.9750470488918463,1000
5828,3,1.9750470488918463,1001
6155,3,1.9750470488918463,1002
7644,3,1.9750470488918463,1003
9894,3,1.9750470488918463,1004
20434,3,1.9750470488918463,1005
21745,3,1.9750470488918463,1006
23484,3,1.9750470488918463,1007
23485,3,1.9750470488918463,1008
23643,3,1.9750470488918463,1009
21882,3,1.9811132842780719,1010
10966,3,1.98129320748609,1011
5718,3,2.0001955280487502,1012
8294,3,2.005504789487179,1013
15114,3,2.005504789487179,1014
9080,3,2.008220255168113,1015
22437,3,2.012906005475338,1016
5013,3,2.0211647784870252,1017
11725,3,2.0211647784870252,1018
21257,3,2.0211647784870252,1019
13486,3,2.0298533266596266,1020
15496,3,2.0411486214562125,1021
13599,3,2.043571293332798,1022
16117,3,2.045907764884636,1023
3130,3,2.048168472852022,1024
10115,3,2.0549833843724588,1025
20598,3,2.0551100326781,1026
11144,3,2.0564412993348684,1027
3268,3,2.066546022345954,1028
22972,3,2.0722482274113756,1029
5403,3,2.074738492328964,1030
7534,3,2.075421881223014,1031
23614,3,2.078316640317892,1032
16180,3,2.0799051054121285,1033
13850,3,2.0804072344524025,1034
13292,3,2.0810269672440636,1035
17120,3,2.0818944505739188,1036
11322,3,2.0828461063072305,1037
22210,3,2.0883401412925173,1038
788,3,2.0943834614261507,1039
3156,3,2.0998048158867366,1040
17486,3,2.0998048158867366,1041
16216,3,2.1012741657902287,1042
18483,3,2.1039625340048107,1043
13560,3,2.10708134514409,1044
20881,3,2.1085632233975877,1045
21739,3,2.115652926941514,1046
19645,3,2.1326040085455897,1047
7620,3,2.1326232596036205,1048
10199,3,2.132898644213622,1049
22343,3,2.133531043445385,1050
20044,3,2.134573571623731,1051
6550,3,2.1347676112591447,1052
11643,3,2.1411927139960776,1053
6033,3,2.1412794026488267,1054
2910,3,2.1430412520311983,1055
15027,3,2.1612984774708948,1056
15587,3,2.162195764618043,1057
5735,3,2.1706457521997193,1058
18572,3,2.1711178024545377,1059
20221,3,2.1724373511416863,1060
19219,3,2.175432474578038,1061
11518,3,2.176554760846241,1062
18001,3,2.1781199467114467,1063
15718,3,2.1788281598940262,1064
15053,3,2.180204628092678,1065
2254,3,2.1818760488756457,1066
8774,3,2.1818760488756457,1067
15373,3,2.1855498315085957,1068
15125,3,2.1869803201706137,1069
23577,3,2.1918947275819183,1070
10166,3,2.208213670723951,1071
7350,3,2.2085881374248917,1072
22332,3,2.2126108051011264,1073
10477,3,2.229621152051765,1074
14869,3,2.229621152051765,1075
1135,3,2.232073120135128,1076
8555,3,2.2349526200206076,1077
11967,3,2.2349526200206076,1078
15281,3,2.2349526200206076,1079
15706,3,2.2349526200206076,1080
688,3,2.2366076256232565,1081
1232,3,2.2366076256232565,1082
12673,3,2.2366076256232565,1083
20291,3,2.2407749338993814,1084
10419,3,2.2432806291561618,1085
13628,3,2.2436968392177943,1086
19054,3,2.244586699999099,1087
9618,3,2.2475023260639815,1088
4541,3,2.247923665911782,1089
23078,3,2.2487039924378776,1090
5972,3,2.2514842017638106,1091
20225,3,2.2587993952643215,1092
1484,3,2.2589408997872944,1093
1954,3,2.2589408997872944,1094
2861,3,2.2589408997872944,1095
3186,3,2.2589408997872944,1096
3894,3,2.2589408997872944,1097
3954,3,2.2589408997872944,1098
3983,3,2.2589408997872944,1099
5237,3,2.2589408997872944,1100
6765,3,2.2589408997872944,1101
7791,3,2.2589408997872944,1102
9782,3,2.2589408997872944,1103
11195,3,2.2589408997872944,1104
15122,3,2.2589408997872944,1105
16312,3,2.2589408997872944,1106
16664,3,2.2589408997872944,1107
20636,3,2.2589408997872944,1108
23092,3,2.2589408997872944,1109
23639,3,2.2589408997872944,1110
5433,3,2.260751571391354,1111
9090,3,2.2612308706064126,1112
19073,3,2.261394519708039,1113
14122,3,2.263957708695594,1114
4902,3,2.26466357116485,1115
13350,3,2.2654981523471567,1116
13903,3,2.266658165153016,1117
15075,3,2.266865678766761,1118
4619,3,2.2687657915411528,1119
3362,3,2.2719314060655025,1120
4478,3,2.2747967145351566,1121
20718,3,2.2754287987105495,1122
1850,3,2.2811911704703323,1123
5290,3,2.28595031462254,1124
12038,3,2.292641620683589,1125
12443,3,2.2965051805686145,1126
19030,3,2.2969058018794346,1127
5780,3,2.3045225049130282,1128
14137,3,2.3065542009396065,1129
11043,3,2.3108820336578457,1130
16150,3,2.3208347172280135,1131
12746,3,2.324437276759943,1132
7880,3,2.3255588343596907,1133
21737,3,2.3274899238780757,1134
16522,3,2.329566578277975,1135
10126,3,2.3309367543876984,1136
20788,3,2.333481995502938,1137
15318,3,2.337254398488987,1138
13941,3,2.346976105935818,1139
12938,3,2.348986448800588,1140
23844,3,2.349534006458867,1141
122,3,2.3495404803907327,1142
20689,3,2.3520491195132505,1143
346,3,2.355622708903163,1144
7783,3,2.3577695948229533,1145
20368,3,2.3577695948229533,1146
11701,3,2.359202232439149,1147
19695,3,2.3592775317023196,1148
17355,3,2.360498517252149,1149
12154,3,2.361518687967633,1150
16130,3,2.361611508198328,1151
2716,3,2.36482471981244,1152
6253,3,2.366571694841413,1153
20995,3,2.3667201632212613,1154
19078,3,2.368337274525362,1155
11432,3,2.3737453975597167,1156
5824,3,2.3753900156816234,1157
10994,3,2.378826892248999,1158
2580,3,2.3800091253429834,1159
19428,3,2.3812430429766738,1160
20,3,2.38150081966051,1161
8966,3,2.389631638594284,1162
22190,3,2.389631638594284,1163
7402,3,2.396436836393731,1164
14762,3,2.4000605717717325,1165
8550,3,2.4022417303618173,1166
20688,3,2.4031230966780814,1167
17196,3,2.4083702320469476,1168
16552,3,2.4094282434845753,1169
17700,3,2.409903001825772,1170
6617,3,2.4148491291333753,1171
14470,3,2.414956541875762,1172
932,3,2.4164618105964575,1173
10069,3,2.4166494040773814,1174
21633,3,2.421549715260368,1175
13976,3,2.4241284349370424,1176
5007,3,2.426789448573649,1177
1616,3,2.429551936917599,1178
11060,3,2.4315047159883023,1179
7245,3,2.433275389223187,1180
3854,3,2.439990257181743,1181
9114,3,2.440033790335829,1182
14755,3,2.442168641463311,1183
21961,3,2.445931104664023,1184
4661,3,2.4463751663970457,1185
18473,3,2.450034893426581,1186
11879,3,2.4513482988111694,1187
13130,3,2.4513482988111694,1188
6223,3,2.4517601893334877,1189
16952,3,2.458228574709494,1190
13202,3,2.461129263171113,1191
15828,3,2.465141908511119,1192
22457,3,2.4664172736471603,1193
16985,3,2.4670172302029054,1194
14953,3,2.4674401143399978,1195
13981,3,2.4676537518805954,1196
21319,3,2.4691265651208907,1197
17176,3,2.4706695805058847,1198
4887,3,2.4715095505668914,1199
7097,3,2.479526586494876,1200
9714,3,2.4816003513401466,1201
18136,3,2.4816003513401466,1202
19228,3,2.482852834272208,1203
2358,3,2.484933362247877,1204
16213,3,2.485432894955908,1205
8561,3,2.489252072621799,1206
10918,3,2.489252072621799,1207
18619,3,2.489252072621799,1208
19753,3,2.489252072621799,1209
1371,3,2.490235479250705,1210
1605,3,2.490235479250705,1211
4261,3,2.490235479250705,1212
4504,3,2.490235479250705,1213
9680,3,2.490235479250705,1214
18583,3,2.490235479250705,1215
18747,3,2.490235479250705,1216
19356,3,2.490235479250705,1217
20812,3,2.490235479250705,1218
21588,3,2.490235479250705,1219
19815,3,2.4913350894631967,1220
5116,3,2.4926718677126423,1221
93,3,2.492759797074382,1222
351,3,2.492759797074382,1223
361,3,2.492759797074382,1224
402,3,2.492759797074382,1225
905,3,2.492759797074382,1226
960,3,2.492759797074382,1227
993,3,2.492759797074382,1228
1330,3,2.492759797074382,1229
1671,3,2.492759797074382,1230
2108,3,2.492759797074382,1231
2374,3,2.492759797074382,1232
2608,3,2.492759797074382,1233
2661,3,2.492759797074382,1234
2754,3,2.492759797074382,1235
2776,3,2.492759797074382,1236
2986,3,2.492759797074382,1237
3456,3,2.492759797074382,1238
3472,3,2.492759797074382,1239
3543,3,2.492759797074382,1240
3562,3,2.492759797074382,1241
3688,3,2.492759797074382,1242
3759,3,2.492759797074382,1243
3933,3,2.492759797074382,1244
3965,3,2.492759797074382,1245
4347,3,2.492759797074382,1246
4787,3,2.492759797074382,1247
5105,3,2.492759797074382,1248
5232,3,2.492759797074382,1249
5408,3,2.492759797074382,1250
6112,3,2.492759797074382,1251
6317,3,2.492759797074382,1252
6491,3,2.492759797074382,1253
6736,3,2.492759797074382,1254
7066,3,2.492759797074382,1255
7103,3,2.492759797074382,1256
7303,3,2.492759797074382,1257
7592,3,2.492759797074382,1258
7823,3,2.492759797074382,1259
8647,3,2.492759797074382,1260
8674,3,2.492759797074382,1261
8952,3,2.492759797074382,1262
9399,3,2.492759797074382,1263
9677,3,2.492759797074382,1264
9866,3,2.492759797074382,1265
10051,3,2.492759797074382,1266
10066,3,2.492759797074382,1267
10328,3,2.492759797074382,1268
10886,3,2.492759797074382,1269
11273,3,2.492759797074382,1270
11276,3,2.492759797074382,1271
12201,3,2.492759797074382,1272
12287,3,2.492759797074382,1273
12587,3,2.492759797074382,1274
13439,3,2.492759797074382,1275
14296,3,2.492759797074382,1276
14329,3,2.492759797074382,1277
14427,3,2.492759797074382,1278
14785,3,2.492759797074382,1279
14856,3,2.492759797074382,1280
15188,3,2.492759797074382,1281
15202,3,2.492759797074382,1282
15380,3,2.492759797074382,1283
15791,3,2.492759797074382,1284
15957,3,2.492759797074382,1285
16129,3,2.492759797074382,1286
16323,3,2.492759797074382,1287
16578,3,2.492759797074382,1288
16672,3,2.492759797074382,1289
16939,3,2.492759797074382,1290
17075,3,2.492759797074382,1291
17217,3,2.492759797074382,1292
17641,3,2.492759797074382,1293
17893,3,2.492759797074382,1294
18006,3,2.492759797074382,1295
18079,3,2.492759797074382,1296
18125,3,2.492759797074382,1297
18135,3,2.492759797074382,1298
18201,3,2.492759797074382,1299
18551,3,2.492759797074382,1300
18600,3,2.492759797074382,1301
19051,3,2.492759797074382,1302
19111,3,2.492759797074382,1303
19177,3,2.492759797074382,1304
19423,3,2.492759797074382,1305
19448,3,2.492759797074382,1306
19529,3,2.492759797074382,1307
19550,3,2.492759797074382,1308
19569,3,2.492759797074382,1309
19845,3,2.492759797074382,1310
20072,3,2.492759797074382,1311
20073,3,2.492759797074382,1312
20096,3,2.492759797074382,1313
20233,3,2.492759797074382,1314
20320,3,2.492759797074382,1315
20417,3,2.492759797074382,1316
20422,3,2.492759797074382,1317
20424,3,2.492759797074382,1318
20432,3,2.492759797074382,1319
20438,3,2.492759797074382,1320
20452,3,2.492759797074382,1321
20514,3,2.492759797074382,1322
20674,3,2.492759797074382,1323
20962,3,2.492759797074382,1324
21086,3,2.492759797074382,1325
21167,3,2.492759797074382,1326
21190,3,2.492759797074382,1327
21483,3,2.492759797074382,1328
21516,3,2.492759797074382,1329
21940,3,2.492759797074382,1330
22196,3,2.492759797074382,1331
22224,3,2.492759797074382,1332
22708,3,2.492759797074382,1333
22726,3,2.492759797074382,1334
23058,3,2.492759797074382,1335
23186,3,2.492759797074382,1336
23219,3,2.492759797074382,1337
23279,3,2.492759797074382,1338
23419,3,2.492759797074382,1339
23604,3,2.492759797074382,1340
23796,3,2.492759797074382,1341
12048,3,2.499675727583645,1342
228,3,2.5005907216080696,1343
22512,3,2.507143819287171,1344
114,3,2.522161598607938,1345
9016,3,2.5287347620970717,1346
15534,3,2.5294226807800335,1347
8638,3,2.5296896402695297,1348
15752,3,2.534006220507427,1349
10555,3,2.5391054787281773,1350
3615,3,2.5407945003688193,1351
6925,3,2.5457627787549764,1352
4049,3,2.5498431212107304,1353
16766,3,2.5516972345045144,1354
1551,3,2.553284951624909,1355
17211,3,2.553886234289298,1356
12701,3,2.554805075685793,1357
3340,3,2.558648016762356,1358
13467,3,2.558648016762356,1359
17049,3,2.558648016762356,1360
20186,3,2.558648016762356,1361
1986,3,2.5652216290594945,1362
7413,3,2.5708648040731092,1363
22279,3,2.5711892922608124,1364
20493,3,2.5729400685918753,1365
4518,3,2.576048836455096,1366
21450,3,2.5809656374852166,1367
3223,3,2.586605527961349,1368
4928,3,2.5871032727038945,1369
2501,3,2.5871946517949964,1370
1901,3,2.5901757143402695,1371
8549,3,2.5906488483019006,1372
7728,3,2.5906661608783987,1373
5332,3,2.5994770430750416,1374
7449,3,2.609410614245053,1375
22047,3,2.6101723342017213,1376
19350,3,2.6102242727691105,1377
7778,3,2.6102570884725758,1378
23031,3,2.611135812099113,1379
13392,3,2.6134174507757644,1380
16170,3,2.6157399935890826,1381
8844,3,2.6163504240836604,1382
16883,3,2.6195995545005193,1383
21725,3,2.622156678142439,1384
5482,3,2.624324355370793,1385
3608,3,2.6273329717469016,1386
5897,3,2.6332477329431665,1387
5942,3,2.6332477329431665,1388
12222,3,2.6332477329431665,1389
6715,3,2.6346974512457257,1390
16057,3,2.6366542278315377,1391
14742,3,2.6401920672133667,1392
9088,3,2.64161454063875,1393
4950,3,2.6451430542386554,1394
1618,3,2.6461345037053086,1395
14832,3,2.647605861913424,1396
6289,3,2.65628201691898,1397
14651,3,2.657078856425839,1398
10575,3,2.6571186530043436,1399
13163,3,2.658321946301383,1400
2959,3,2.6610456193525103,1401
7965,3,2.661875187939205,1402
20290,3,2.6645782276485015,1403
4966,3,2.6646979009542364,1404
6048,3,2.6773439218904462,1405
9836,3,2.6773439218904462,1406
19283,3,2.6773439218904462,1407
1435,3,2.681772116453976,1408
18246,3,2.682891502992279,1409
5809,3,2.68409925044407,1410
3727,3,2.6863574522141884,1411
21031,3,2.687718382476466,1412
14528,3,2.688599348996163,1413
1914,3,2.690428515871763,1414
22162,3,2.695118410062507,1415
19610,3,2.699525704293461,1416
1571,3,2.7002286196322816,1417
127,3,2.7030080120418036,1418
3355,3,2.7102545633556163,1419
17741,3,2.710540230782204,1420
13645,3,2.710708911778025,1421
5493,3,2.713163855921988,1422
7907,3,2.713295269504738,1423
15033,3,2.7150427942548947,1424
4327,3,2.715076890543935,1425
10989,3,2.715076890543935,1426
17095,3,2.7173758855509416,1427
7550,3,2.722516752378489,1428
140,3,2.722596292734963,1429
15504,3,2.7247376565253556,1430
13882,3,2.7248690223878507,1431
13880,3,2.728148583392942,1432
20136,3,2.728498202737894,1433
9044,3,2.729880381345477,1434
7769,3,2.7311690929881616,1435
8749,3,2.7311690929881616,1436
22243,3,2.7311690929881616,1437
5836,3,2.731568306382278,1438
11858,3,2.7332139513425266,1439
7029,3,2.735904250237744,1440
20047,3,2.7374468894346773,1441
20185,3,2.7404371133131695,1442
7796,3,2.744973763582733,1443
17858,3,2.7496328704785946,1444
18451,3,2.750976926832986,1445
20957,3,2.7561412958983516,1446
7488,3,2.758461501900085,1447
41,3,2.758560658256127,1448
19661,3,2.7599093465962126,1449
20016,3,2.7639745531969124,1450
3632,3,2.765466681468611,1451
8426,3,2.7658354999259758,1452
9850,3,2.7658354999259758,1453
8428,3,2.771839244046945,1454
10243,3,2.7732752898339164,1455
12949,3,2.776693176799358,1456
16725,3,2.7797335731316872,1457
1584,3,2.7802911756151563,1458
16984,3,2.780816292191683,1459
15090,3,2.782356554766756,1460
16927,3,2.7831041941373518,1461
13349,3,2.7880321477694014,1462
11953,3,2.7902495031412817,1463
16447,3,2.790438505149128,1464
14511,3,2.792475222997009,1465
9150,3,2.798348107710954,1466
17089,3,2.8005073771443283,1467
8416,3,2.8015874917329935,1468
3856,3,2.80427368223663,1469
21374,3,2.80427368223663,1470
16279,3,2.8043237643338466,1471
19698,3,2.8111914842031855,1472
24023,3,2.8147417660296115,1473
18739,3,2.8171724928968582,1474
12969,3,2.8176667980175396,1475
17945,3,2.8176667980175396,1476
19621,3,2.8199510486674257,1477
611,3,2.8225620761921792,1478
14888,3,2.823228730959483,1479
18723,3,2.823228730959483,1480
22097,3,2.823228730959483,1481
12132,3,2.8253779862669943,1482
349,3,2.8254555616938,1483
359,3,2.8254555616938,1484
763,3,2.8254555616938,1485
999,3,2.8254555616938,1486
1192,3,2.8254555616938,1487
1328,3,2.8254555616938,1488
1342,3,2.8254555616938,1489
1402,3,2.8254555616938,1490
1461,3,2.8254555616938,1491
1523,3,2.8254555616938,1492
1841,3,2.8254555616938,1493
1859,3,2.8254555616938,1494
2157,3,2.8254555616938,1495
2607,3,2.8254555616938,1496
2667,3,2.8254555616938,1497
2908,3,2.8254555616938,1498
2990,3,2.8254555616938,1499
3280,3,2.8254555616938,1500
3684,3,2.8254555616938,1501
4301,3,2.8254555616938,1502
4784,3,2.8254555616938,1503
4857,3,2.8254555616938,1504
4878,3,2.8254555616938,1505
5090,3,2.8254555616938,1506
5569,3,2.8254555616938,1507
5629,3,2.8254555616938,1508
5788,3,2.8254555616938,1509
5982,3,2.8254555616938,1510
6151,3,2.8254555616938,1511
6420,3,2.8254555616938,1512
6472,3,2.8254555616938,1513
6816,3,2.8254555616938,1514
7203,3,2.8254555616938,1515
7285,3,2.8254555616938,1516
7290,3,2.8254555616938,1517
7433,3,2.8254555616938,1518
7532,3,2.8254555616938,1519
7628,3,2.8254555616938,1520
7821,3,2.8254555616938,1521
7886,3,2.8254555616938,1522
8071,3,2.8254555616938,1523
8228,3,2.8254555616938,1524
8372,3,2.8254555616938,1525
8405,3,2.8254555616938,1526
9027,3,2.8254555616938,1527
9115,3,2.8254555616938,1528
9183,3,2.8254555616938,1529
9325,3,2.8254555616938,1530
9446,3,2.8254555616938,1531
9723,3,2.8254555616938,1532
9734,3,2.8254555616938,1533
9783,3,2.8254555616938,1534
9809,3,2.8254555616938,1535
10081,3,2.8254555616938,1536
10091,3,2.8254555616938,1537
10451,3,2.8254555616938,1538
10488,3,2.8254555616938,1539
10834,3,2.8254555616938,1540
10950,3,2.8254555616938,1541
11199,3,2.8254555616938,1542
11212,3,2.8254555616938,1543
11640,3,2.8254555616938,1544
11863,3,2.8254555616938,1545
12365,3,2.8254555616938,1546
13607,3,2.8254555616938,1547
13929,3,2.8254555616938,1548
14020,3,2.8254555616938,1549
14304,3,2.8254555616938,1550
14802,3,2.8254555616938,1551
14958,3,2.8254555616938,1552
15139,3,2.8254555616938,1553
15143,3,2.8254555616938,1554
15734,3,2.8254555616938,1555
15824,3,2.8254555616938,1556
16252,3,2.8254555616938,1557
16444,3,2.8254555616938,1558
16519,3,2.8254555616938,1559
16633,3,2.8254555616938,1560
16784,3,2.8254555616938,1561
16951,3,2.8254555616938,1562
17081,3,2.8254555616938,1563
17257,3,2.8254555616938,1564
17307,3,2.8254555616938,1565
17375,3,2.8254555616938,1566
17528,3,2.8254555616938,1567
17564,3,2.8254555616938,1568
17785,3,2.8254555616938,1569
17791,3,2.8254555616938,1570
17831,3,2.8254555616938,1571
18059,3,2.8254555616938,1572
18069,3,2.8254555616938,1573
18186,3,2.8254555616938,1574
18802,3,2.8254555616938,1575
18805,3,2.8254555616938,1576
18955,3,2.8254555616938,1577
19035,3,2.8254555616938,1578
19120,3,2.8254555616938,1579
19124,3,2.8254555616938,1580
19179,3,2.8254555616938,1581
19309,3,2.8254555616938,1582
19713,3,2.8254555616938,1583
20306,3,2.8254555616938,1584
20518,3,2.8254555616938,1585
20658,3,2.8254555616938,1586
20936,3,2.8254555616938,1587
21012,3,2.8254555616938,1588
21027,3,2.8254555616938,1589
21253,3,2.8254555616938,1590
21301,3,2.8254555616938,1591
21775,3,2.8254555616938,1592
21810,3,2.8254555616938,1593
21834,3,2.8254555616938,1594
21860,3,2.8254555616938,1595
21888,3,2.8254555616938,1596
21947,3,2.8254555616938,1597
22234,3,2.8254555616938,1598
22470,3,2.8254555616938,1599
22478,3,2.8254555616938,1600
22697,3,2.8254555616938,1601
22716,3,2.8254555616938,1602
22745,3,2.8254555616938,1603
23241,3,2.8254555616938,1604
23409,3,2.8254555616938,1605
5486,3,2.8256030050361542,1606
2402,3,2.8258151300892385,1607
66,3,2.8277133184860026,1608
756,3,2.8319974604915528,1609
19060,3,2.833391269004574,1610
14398,3,2.840832628713343,1611
3928,3,2.8422926051930215,1612
22669,3,2.842619190518759,1613
12268,3,2.8430912460711517,1614
8208,3,2.8440626687553725,1615
10276,3,2.8440626687553725,1616
14481,3,2.8440626687553725,1617
11422,3,2.8445972363619547,1618
12030,3,2.8492118687869996,1619
13791,3,2.85140015918141,1620
12074,3,2.8518453181093832,1621
17800,3,2.8535948040339303,1622
21337,3,2.8536301491419,1623
3746,3,2.8548775997928426,1624
6682,3,2.8573467549546048,1625
18242,3,2.8576832377721337,1626
5760,3,2.859581367341994,1627
1752,3,2.859808513574486,1628
8238,3,2.8612245978460478,1629
4326,3,2.8647274793564717,1630
11955,3,2.8661402391537227,1631
1041,3,2.8674980734397337,1632
18829,3,2.8690222659816405,1633
6691,3,2.871553741010551,1634
13426,3,2.8768045720533553,1635
4907,3,2.8839790100139475,1636
16602,3,2.8853662826331075,1637
5397,3,2.8904342700157657,1638
17320,3,2.890765366576993,1639
358,3,2.8916261092077007,1640
22804,3,2.8932420042098896,1641
18386,3,2.8950360748052897,1642
15128,3,2.904275326897051,1643
453,3,2.905423315435007,1644
18952,3,2.9094036197587516,1645
22053,3,2.912574171176222,1646
317,3,2.9147327435622956,1647
790,3,2.9147327435622956,1648
1139,3,2.9147327435622956,1649
1257,3,2.9147327435622956,1650
1930,3,2.9147327435622956,1651
2232,3,2.9147327435622956,1652
2275,3,2.9147327435622956,1653
2326,3,2.9147327435622956,1654
2379,3,2.9147327435622956,1655
2612,3,2.9147327435622956,1656
4531,3,2.9147327435622956,1657
4837,3,2.9147327435622956,1658
4962,3,2.9147327435622956,1659
5124,3,2.9147327435622956,1660
5162,3,2.9147327435622956,1661
5413,3,2.9147327435622956,1662
6311,3,2.9147327435622956,1663
6357,3,2.9147327435622956,1664
6486,3,2.9147327435622956,1665
6545,3,2.9147327435622956,1666
7219,3,2.9147327435622956,1667
7685,3,2.9147327435622956,1668
8260,3,2.9147327435622956,1669
8278,3,2.9147327435622956,1670
8437,3,2.9147327435622956,1671
8486,3,2.9147327435622956,1672
8942,3,2.9147327435622956,1673
9421,3,2.9147327435622956,1674
9501,3,2.9147327435622956,1675
9626,3,2.9147327435622956,1676
9705,3,2.9147327435622956,1677
10465,3,2.9147327435622956,1678
10636,3,2.9147327435622956,1679
10916,3,2.9147327435622956,1680
11201,3,2.9147327435622956,1681
11219,3,2.9147327435622956,1682
12114,3,2.9147327435622956,1683
14077,3,2.9147327435622956,1684
14190,3,2.9147327435622956,1685
14456,3,2.9147327435622956,1686
14569,3,2.9147327435622956,1687
15666,3,2.9147327435622956,1688
16270,3,2.9147327435622956,1689
16307,3,2.9147327435622956,1690
16732,3,2.9147327435622956,1691
17044,3,2.9147327435622956,1692
18108,3,2.9147327435622956,1693
19491,3,2.9147327435622956,1694
19669,3,2.9147327435622956,1695
19886,3,2.9147327435622956,1696
20628,3,2.9147327435622956,1697
21767,3,2.9147327435622956,1698
22092,3,2.9147327435622956,1699
24002,3,2.9147327435622956,1700
2507,3,2.9164103884236066,1701
19380,3,2.918376257963904,1702
14964,3,2.918813951756016,1703
11487,3,2.93056841082877,1704
19420,3,2.930652802870989,1705
2249,3,2.9323595681257033,1706
10269,3,2.9323595681257033,1707
20042,3,2.9323595681257033,1708
12899,3,2.9326046304219466,1709
565,3,2.9334247307955206,1710
19793,3,2.934686529678598,1711
431,3,2.9476701023247385,1712
15629,3,2.9476701023247385,1713
2889,3,2.9496253189598662,1714
11258,3,2.950735565003969,1715
20845,3,2.952114254264991,1716
20400,3,2.9537202514855605,1717
9474,3,2.9537770464405217,1718
14086,3,2.9537770464405217,1719
10894,3,2.9583102030676818,1720
15432,3,2.9583238918367374,1721
6280,3,2.959729206405771,1722
12414,3,2.964989729823758,1723
1317,3,2.9668099650561053,1724
7126,3,2.967977034563775,1725
16753,3,2.9744597219809736,1726
2070,3,2.9748211839879586,1727
4023,3,2.9748211839879586,1728
18532,3,2.9748397281395222,1729
16710,3,2.975777999554509,1730
376,3,2.978252186958909,1731
23615,3,2.9823779541327013,1732
10987,3,2.986448352115884,1733
18686,3,2.986576036547037,1734
5235,3,2.987371531228109,1735
6799,3,2.9885138922437857,1736
7107,3,2.9899699780715534,1737
495,3,2.9932605459497594,1738
5278,3,2.9934628839384843,1739
5140,3,2.993774773543466,1740
7059,3,2.993902282020757,1741
14054,3,3.0002581964131507,1742
14187,3,3.0002581964131507,1743
22619,3,3.0002581964131507,1744
13739,3,3.0035226122549292,1745
10710,3,3.006445519787082,1746
10974,3,3.0092456402661907,1747
2260,3,3.013139093778435,1748
22909,3,3.013139093778435,1749
23905,3,3.013139093778435,1750
10006,3,3.016093520772866,1751
23295,3,3.0166431516437955,1752
6502,3,3.019086294469011,1753
23588,3,3.019971360181795,1754
23899,3,3.020236818477715,1755
19020,3,3.0203285337065973,1756
19077,3,3.0203285337065973,1757
6661,3,3.0239228974046077,1758
11813,3,3.0262624263968085,1759
5911,3,3.027752122043946,1760
14539,3,3.027752122043946,1761
8873,3,3.0283927044089105,1762
10358,3,3.0346947571112777,1763
2653,3,3.0351195211263327,1764
22158,3,3.035522096538433,1765
149,3,3.0373946047694713,1766
6331,3,3.0396734353915438,1767
10316,3,3.039901618020612,1768
6756,3,3.0457650343514877,1769
3622,3,3.0541538161428567,1770
7574,3,3.055937281107432,1771
19896,3,3.05935423995813,1772
19165,3,3.0639597339825797,1773
4268,3,3.0665982270769154,1774
6182,3,3.068089127570128,1775
10379,3,3.068089127570128,1776
15185,3,3.068089127570128,1777
15663,3,3.068089127570128,1778
18935,3,3.068089127570128,1779
19108,3,3.068089127570128,1780
21288,3,3.068089127570128,1781
22194,3,3.068089127570128,1782
8053,3,3.07013603275507,1783
1228,3,3.071024186709873,1784
13022,3,3.071024186709873,1785
5445,3,3.071305731418379,1786
7278,3,3.0731922802478624,1787
8327,3,3.0744434047550664,1788
21010,3,3.0832747242698315,1789
11072,3,3.0867827147268434,1790
1122,3,3.0901696432458596,1791
6740,3,3.092825943888862,1792
7329,3,3.092825943888862,1793
17906,3,3.092825943888862,1794
7069,3,3.09465749307966,1795
16286,3,3.0969728268158385,1796
12736,3,3.0977856678181,1797
20007,3,3.1013119210123565,1798
19045,3,3.102035018686925,1799
17481,3,3.104453837346329,1800
10646,3,3.104565898184438,1801
19240,3,3.104853235066531,1802
15508,3,3.109524504065429,1803
1648,3,3.1098524021916476,1804
11425,3,3.110289844545088,1805
21759,3,3.110289844545088,1806
23509,3,3.110289844545088,1807
14008,3,3.1120733759951777,1808
3382,3,3.1177760211393317,1809
22445,3,3.124328948949892,1810
6231,3,3.1287232757741763,1811
10509,3,3.130267764929807,1812
21482,3,3.1393967581714537,1813
16232,3,3.141362075805435,1814
16669,3,3.142519271448887,1815
14111,3,3.1490785519718325,1816
23790,3,3.150750984702938,1817
3529,3,3.1508491829312124,1818
961,3,3.153856489501752,1819
11395,3,3.1561949954929007,1820
20008,3,3.1568359240210078,1821
12291,3,3.1600321863705627,1822
12389,3,3.168614587942478,1823
15983,3,3.174641705175879,1824
3336,3,3.1799803706310623,1825
2259,3,3.1811627275978456,1826
6457,3,3.182127492698547,1827
17830,3,3.1844788869004046,1828
22339,3,3.1855571653413186,1829
23805,3,3.1874204112469178,1830
9353,3,3.187564875602402,1831
15288,3,3.1909995472310975,1832
14685,3,3.191288198840204,1833
10044,3,3.1970396962491874,1834
21950,3,3.2049781811739,1835
32,3,3.211485704694535,1836
21803,3,3.21249197234201,1837
8469,3,3.2151751007214404,1838
6790,3,3.215940311841675,1839
3846,3,3.217633884225311,1840
4328,3,3.2207430813361255,1841
14722,3,3.2207430813361255,1842
23924,3,3.221837558610832,1843
71,3,3.2226952477337734,1844
1212,3,3.2226952477337734,1845
1267,3,3.2226952477337734,1846
1276,3,3.2226952477337734,1847
1585,3,3.2226952477337734,1848
1872,3,3.2226952477337734,1849
2153,3,3.2226952477337734,1850
2777,3,3.2226952477337734,1851
3317,3,3.2226952477337734,1852
3569,3,3.2226952477337734,1853
3924,3,3.2226952477337734,1854
3989,3,3.2226952477337734,1855
4095,3,3.2226952477337734,1856
4892,3,3.2226952477337734,1857
4898,3,3.2226952477337734,1858
5008,3,3.2226952477337734,1859
7140,3,3.2226952477337734,1860
8018,3,3.2226952477337734,1861
8128,3,3.2226952477337734,1862
8187,3,3.2226952477337734,1863
9548,3,3.2226952477337734,1864
9599,3,3.2226952477337734,1865
9642,3,3.2226952477337734,1866
11211,3,3.2226952477337734,1867
11713,3,3.2226952477337734,1868
11936,3,3.2226952477337734,1869
12871,3,3.2226952477337734,1870
13251,3,3.2226952477337734,1871
13630,3,3.2226952477337734,1872
13668,3,3.2226952477337734,1873
14170,3,3.2226952477337734,1874
14660,3,3.2226952477337734,1875
14766,3,3.2226952477337734,1876
15091,3,3.2226952477337734,1877
15483,3,3.2226952477337734,1878
15822,3,3.2226952477337734,1879
15925,3,3.2226952477337734,1880
16104,3,3.2226952477337734,1881
17976,3,3.2226952477337734,1882
18112,3,3.2226952477337734,1883
18776,3,3.2226952477337734,1884
20366,3,3.2226952477337734,1885
20602,3,3.2226952477337734,1886
21550,3,3.2226952477337734,1887
22678,3,3.2226952477337734,1888
22691,3,3.2226952477337734,1889
23420,3,3.2226952477337734,1890
9212,3,3.2249391933904077,1891
14923,3,3.226553415684407,1892
19573,3,3.2303525229595795,1893
11512,3,3.2332040960927775,1894
9237,3,3.2385559441115226,1895
10514,3,3.2386766018011075,1896
17966,3,3.2418160846003348,1897
3264,3,3.2423187204048833,1898
22857,3,3.2434855241340106,1899
783,3,3.245016691566349,1900
13339,3,3.251683606975484,1901
20594,3,3.257154188762068,1902
9376,3,3.2583421842425775,1903
4252,3,3.2607599571301513,1904
13136,3,3.2607599571301513,1905
15668,3,3.2660199622853714,1906
1282,3,3.2698351393862586,1907
16530,3,3.2720404981732494,1908
9686,3,3.273222501519789,1909
7369,3,3.273818999174217,1910
636,3,3.275619396554306,1911
10142,3,3.278561162294063,1912
13557,3,3.2819305919452013,1913
914,3,3.2867582170666494,1914
1456,3,3.2900188511008985,1915
20300,3,3.2959873114258356,1916
13382,3,3.2997152587150262,1917
12885,3,3.3004324346685747,1918
5869,3,3.3008895695958116,1919
22060,3,3.301451522286723,1920
24017,3,3.3104100307535322,1921
2375,3,3.3207028061428985,1922
10083,3,3.322283427184013,1923
16862,3,3.335062923012783,1924
705,3,3.3363414983667266,1925
13025,3,3.3400492694508492,1926
14185,3,3.342670237006015,1927
22187,3,3.3470100476803593,1928
5034,3,3.3531260848522635,1929
7879,3,3.3542232293770002,1930
3896,3,3.35560309635965,1931
9286,3,3.3609893345201587,1932
11508,3,3.361413726778643,1933
22066,3,3.3691467497688667,1934
11280,3,3.370613537313757,1935
3086,3,3.371430714494271,1936
12966,3,3.37164084515031,1937
9965,3,3.3785020203543317,1938
11354,3,3.3871384272595644,1939
18565,3,3.391281680442243,1940
656,3,3.398484945904904,1941
13984,3,3.4009174986231425,1942
21148,3,3.4014377635988313,1943
761,3,3.401769302951817,1944
1466,3,3.4056129277950773,1945
17981,3,3.4104135110474267,1946
16545,3,3.4198026539901845,1947
19212,3,3.430611898236357,1948
9015,3,3.4316542037592486,1949
12922,3,3.442300807297762,1950
23047,3,3.4433314573427602,1951
16758,3,3.450778119445289,1952
17487,3,3.4558334063025558,1953
13701,3,3.459542472863228,1954
12026,3,3.4624504295925744,1955
3664,3,3.4690459903563307,1956
6485,3,3.470756932734641,1957
13568,3,3.471399638697284,1958
3218,3,3.4798818985860516,1959
5962,3,3.484562177716762,1960
12440,3,3.486819234437334,1961
19870,3,3.4946776449189767,1962
9593,3,3.4952594803099863,1963
23624,3,3.4963020654611148,1964
14375,3,3.4963309981585766,1965
22527,3,3.4990030390613236,1966
23040,3,3.51083809174527,1967
2338,3,3.512480841444206,1968
4134,3,3.5142090334970875,1969
15698,3,3.515953970823351,1970
2256,3,3.520800267750557,1971
3558,3,3.526116731825974,1972
13529,3,3.5272595703827236,1973
19337,3,3.5272595703827236,1974
23251,3,3.5275940195473585,1975
10586,3,3.527761456224207,1976
17092,3,3.5296952787890636,1977
9787,3,3.530057800941207,1978
13133,3,3.5544593951920187,1979
1166,3,3.5559907538594158,1980
13837,3,3.5576992595197243,1981
14951,3,3.5576992595197243,1982
18708,3,3.559063560496079,1983
23468,3,3.559368953653244,1984
15131,3,3.559741803527261,1985
17933,3,3.574551203662435,1986
23471,3,3.5874270736378526,1987
17496,3,3.5990280519991367,1988
23257,3,3.6166847687778727,1989
20032,3,3.619123093489933,1990
10307,3,3.624892982018264,1991
8908,3,3.6406708488369603,1992
21749,3,3.655122265595932,1993
21962,3,3.6594533656983694,1994
20065,3,3.6698489956329654,1995
18825,3,3.6715184638092926,1996
15639,3,3.671730988714308,1997
10625,3,3.69158539218996,1998
22514,3,3.694720615599146,1999
356,3,3.704878656227563,2000
15625,3,3.7145276700824805,2001
15560,3,3.729367851378226,2002
8750,3,3.750151191972623,2003
17385,3,3.7625232467078056,2004
5385,3,3.7740827989790073,2005
20531,3,3.7740827989790073,2006
16832,3,3.7795702334716097,2007
9706,3,3.8137573986050772,2008
6453,3,3.8228228508847337,2009
19973,3,3.8273700797006174,2010
3590,3,3.8519983387118693,2011
14248,3,3.895236395905422,2012
8652,3,3.9144139456517575,2013
21573,3,3.9168784633671323,2014
2162,3,3.9518657789082896,2015
1229,3,3.95580569997138,2016
9632,3,4.000002896519208,2017
4393,3,4.018235457826815,2018
15422,3,4.0254221825376515,2019
11217,3,4.0721688822358475,2020
546,3,4.139459250904076,2021
3597,3,4.139459250904076,2022
14601,3,4.139459250904076,2023
17038,3,4.139459250904076,2024
17422,3,4.260665798832753,2025
6628,3,4.26678407649267,2026
13209,3,4.26678407649267,2027
457,3,4.344313944694623,2028
9162,3,4.651320629399237,2029
11978,3,4.674996291304807,2030
6973,4,1.2390575257723346,1
4288,4,1.2708040889432073,2
7810,4,1.2723514764678667,3
23667,4,1.317515754664986,4
5272,4,1.3321731855452381,5
19564,4,1.3335531754946413,6
13434,4,1.3580289218744586,7
14603,4,1.3697162932637437,8
7163,4,1.3780545318405526,9
18605,4,1.3989291275764288,10
10114,4,1.4074264449289016,11
15674,4,1.4074264449289016,12
15747,4,1.4074264449289016,13
21255,4,1.4222499858784614,14
14595,4,1.4275939832296471,15
2015,4,1.4529248391344514,16
3187,4,1.4632494596686711,17
18842,4,1.463968546537722,18
426,4,1.4723147076309562,19
23739,4,1.477825129099962,20
2704,4,1.4823915828574983,21
7986,4,1.4942495360355845,22
10313,4,1.5015480956222418,23
13079,4,1.5036511220994917,24
21080,4,1.5055729268467226,25
23600,4,1.5055729268467226,26
17136,4,1.5057885215550124,27
9009,4,1.51838323045607,28
5465,4,1.5185070499730218,29
2905,4,1.5209138700102696,30
21583,4,1.5255672101027968,31
19540,4,1.5358618283308896,32
15207,4,1.5479823674467688,33
17425,4,1.5489118943579638,34
16210,4,1.5505808767560196,35
19579,4,1.5597573116541426,36
15924,4,1.5611205541342157,37
19142,4,1.5653713388718433,38
846,4,1.5756450319833983,39
20427,4,1.5756450319833983,40
1196,4,1.5776165209318607,41
23440,4,1.579734251785052,42
646,4,1.5803171417314923,43
3867,4,1.5803171417314923,44
9508,4,1.5803171417314923,45
16730,4,1.5803171417314923,46
16124,4,1.58157072202155,47
10553,4,1.5850940647600955,48
7172,4,1.590801994522341,49
8122,4,1.591928950685828,50
15478,4,1.6124611116922754,51
23722,4,1.61583679547617,52
20017,4,1.6159768722524614,53
23280,4,1.6159768722524614,54
19638,4,1.617965532036905,55
2120,4,1.6200432099527948,56
8126,4,1.6229212629186631,57
17626,4,1.6272983837324777,58
23951,4,1.6413084611814523,59
22359,4,1.641802287536698,60
6134,4,1.6672117215315292,61
14812,4,1.6676551482110924,62
13143,4,1.6715049459628255,63
12510,4,1.672563609668195,64
1659,4,1.674530416651549,65
9583,4,1.675248702721567,66
17943,4,1.6788055780624742,67
10769,4,1.680074683765953,68
22879,4,1.682922653585862,69
8130,4,1.6858071300891213,70
6500,4,1.6861882738038492,71
20692,4,1.6914070767834384,72
1429,4,1.6987905783736734,73
4491,4,1.6987905783736734,74
8032,4,1.6987905783736734,75
16579,4,1.6987905783736734,76
17055,4,1.6987905783736734,77
17123,4,1.6987905783736734,78
21371,4,1.6987905783736734,79
21390,4,1.6987905783736734,80
22861,4,1.7031793895752658,81
17086,4,1.708383132806948,82
17727,4,1.710619095401139,83
23084,4,1.7121861725908745,84
13831,4,1.713049135665413,85
23974,4,1.7136116599461784,86
7248,4,1.7143129405517878,87
12818,4,1.7203473980417694,88
4762,4,1.7227360682864596,89
5191,4,1.7227360682864596,90
10274,4,1.7234509938578042,91
15166,4,1.724242083038564,92
20419,4,1.7270827659151307,93
2227,4,1.7277399649215506,94
6752,4,1.7320082106517258,95
9963,4,1.7351554502883804,96
2152,4,1.7382371400161913,97
14186,4,1.7426727998873928,98
18338,4,1.7460479574420495,99
10168,4,1.7484686867077495,100
16893,4,1.7485056520066675,101
20351,4,1.7565475268628508,102
300,4,1.7668298921488597,103
2932,4,1.7721283605727591,104
18092,4,1.7783723311069153,105
14701,4,1.7860229075065615,106
1035,4,1.7861511314207843,107
10947,4,1.7882505736467815,108
6504,4,1.7897555278059223,109
18478,4,1.7916514648868853,110
587,4,1.7931940384832123,111
3045,4,1.798338893828721,112
397,4,1.8001176384886113,113
18695,4,1.8013535235846119,114
23161,4,1.801962775318363,115
17495,4,1.8023577874192178,116
2322,4,1.8023731896061652,117
15672,4,1.8064633742723706,118
20671,4,1.806773640323715,119
15600,4,1.807031319655825,120
19395,4,1.8095550497680322,121
13729,4,1.810265257841655,122
19272,4,1.8109918903165512,123
12858,4,1.8121179768500257,124
669,4,1.8123503936786696,125
6793,4,1.819587486330233,126
7420,4,1.8248427810317183,127
17016,4,1.8314779093625357,128
20314,4,1.8318349351058836,129
12694,4,1.8345746562748886,130
20385,4,1.8357736992271487,131
19112,4,1.8388937058512347,132
18459,4,1.8408083014984717,133
20840,4,1.8412783173156488,134
12879,4,1.8419466857611084,135
16795,4,1.8423550831516524,136
20907,4,1.8442831645277284,137
8221,4,1.8444385416399098,138
4325,4,1.8445238041643042,139
3360,4,1.8445282368426839,140
7738,4,1.8465849799010263,141
21428,4,1.8477027120790648,142
15396,4,1.8488585933457677,143
22292,4,1.8496550570620696,144
2416,4,1.8526358165669505,145
22299,4,1.8560853739825207,146
17924,4,1.8572766798432065,147
18982,4,1.8582360170921088,148
14624,4,1.858678421216091,149
9390,4,1.858779853412404,150
19340,4,1.859314315041093,151
1599,4,1.8649624438369952,152
19484,4,1.8652573420478527,153
4424,4,1.8681338146156015,154
16591,4,1.8681338146156015,155
996,4,1.8700814888312989,156
655,4,1.8721652885775046,157
1836,4,1.8721652885775046,158
7192,4,1.8721652885775046,159
22916,4,1.8721652885775046,160
5886,4,1.8740049888127261,161
7184,4,1.8752458442792341,162
1956,4,1.8755467857479224,163
7462,4,1.8769760793133876,164
2888,4,1.877897958641546,165
19986,4,1.8785682941299717,166
16632,4,1.8810098238168673,167
18853,4,1.8810098238168673,168
19402,4,1.8810098238168673,169
1795,4,1.8821360457074,170
22941,4,1.8829650089993741,171
21069,4,1.8848469215400108,172
19631,4,1.885106396959706,173
14730,4,1.885173606642389,174
14833,4,1.8853172485262855,175
15446,4,1.8871712284664492,176
21263,4,1.8872535464018343,177
9650,4,1.8908192027047859,178
5642,4,1.8918071720204035,179
7767,4,1.8921533884260697,180
20878,4,1.8924388233872782,181
19654,4,1.8961549714801764,182
11577,4,1.8963301132129249,183
15482,4,1.8965571981567344,184
4391,4,1.8989558186106164,185
16680,4,1.906602256895129,186
7507,4,1.906701578920133,187
10247,4,1.9069577923589687,188
20428,4,1.9075019465554282,189
19274,4,1.9092170419263705,190
1474,4,1.9105250227507922,191
20173,4,1.9114097588548713,192
19400,4,1.9127399014684363,193
7551,4,1.9131888993402295,194
8314,4,1.9131888993402295,195
22050,4,1.9131888993402295,196
15537,4,1.9145580323893852,197
4221,4,1.9207774246280456,198
2045,4,1.9215433474681878,199
13962,4,1.9219208591493275,200
4156,4,1.9246554396822275,201
15216,4,1.925023209077402,202
16707,4,1.9252873515648399,203
15835,4,1.9264822695417565,204
22214,4,1.9268427215497295,205
15818,4,1.9269327334158954,206
2509,4,1.92801823963911,207
16901,4,1.928201720043957,208
11790,4,1.9284647018503,209
7814,4,1.9292403389275241,210
19746,4,1.9292633737326847,211
14171,4,1.9317127805207797,212
7416,4,1.9317820335363456,213
2292,4,1.932988653337104,214
16473,4,1.9356435089670463,215
2199,4,1.936241186568616,216
13889,4,1.9370199241958468,217
22918,4,1.937630556093809,218
5166,4,1.9383392810910804,219
23506,4,1.9402256017268902,220
6965,4,1.9414796537814987,221
9435,4,1.9428580094637526,222
14870,4,1.94392998550354,223
19316,4,1.9466283750258089,224
4807,4,1.9514951097324633,225
12188,4,1.951761624953715,226
5819,4,1.9525580413331367,227
20342,4,1.9534313264933454,228
16458,4,1.9537444453140536,229
23662,4,1.9546013124298414,230
738,4,1.954607060498011,231
8075,4,1.954607060498011,232
12015,4,1.954607060498011,233
21874,4,1.954607060498011,234
7868,4,1.9575832616209718,235
19431,4,1.957853080542955,236
9597,4,1.9630834368906325,237
22650,4,1.9637254291354855,238
20278,4,1.964161144258403,239
14837,4,1.9665633120987853,240
8515,4,1.9677952048198215,241
18105,4,1.968538241875749,242
18248,4,1.968538241875749,243
6534,4,1.9698847286808532,244
21347,4,1.9712361532848832,245
23913,4,1.971249069968607,246
9479,4,1.971725094638632,247
19999,4,1.9722411611425603,248
16638,4,1.9723853713284307,249
3287,4,1.9727426334076827,250
5641,4,1.9768577587982366,251
6751,4,1.9772770154357728,252
20572,4,1.97799341896018,253
4557,4,1.978930505123875,254
13183,4,1.9795538977713816,255
19544,4,1.9803240589493152,256
17815,4,1.9835618555328938,257
18504,4,1.9847331212271415,258
21144,4,1.9851870619882943,259
19535,4,1.986387192759713,260
7293,4,1.988342531256484,261
21391,4,1.9886902718253043,262
5260,4,1.9888732440730847,263
16609,4,1.9924372090872815,264
11053,4,1.9943523342118898,265
23124,4,1.9950782415034276,266
17887,4,1.995383614262898,267
22326,4,1.997901832042036,268
7190,4,1.9985779149442078,269
21367,4,2.0009375183427514,270
7652,4,2.0020539383885474,271
921,4,2.002986771892565,272
17632,4,2.0041569851711714,273
1867,4,2.0052257410672865,274
13323,4,2.0059151418670296,275
19702,4,2.0072077606480074,276
18168,4,2.0101458399403995,277
10245,4,2.011406685208757,278
22501,4,2.0120522139849464,279
15603,4,2.0148931143430997,280
271,4,2.0173289072762337,281
5027,4,2.018181107435804,282
5868,4,2.020296364157037,283
4053,4,2.022150023174856,284
6297,4,2.022150023174856,285
21204,4,2.022150023174856,286
9135,4,2.022897577918313,287
23549,4,2.023130916744448,288
475,4,2.0249555809314996,289
7670,4,2.0249555809314996,290
12382,4,2.0249555809314996,291
16222,4,2.0249555809314996,292
11247,4,2.026176373764791,293
4915,4,2.0279405138644386,294
17677,4,2.029662984429458,295
45,4,2.031315917438479,296
12245,4,2.0313900096534048,297
6791,4,2.031655972018249,298
20705,4,2.0320236620208494,299
21009,4,2.0326854446932563,300
16624,4,2.0340877047645853,301
4187,4,2.0353766888343983,302
11559,4,2.0354492966245035,303
6439,4,2.036787972507351,304
19359,4,2.0387669432813804,305
23620,4,2.0397777168016913,306
22124,4,2.040040225285585,307
19176,4,2.040377679973803,308
18569,4,2.040939431850469,309
19671,4,2.041489266539621,310
23391,4,2.0419037920204763,311
12586,4,2.0422095266058276,312
10815,4,2.042248321130633,313
19864,4,2.042987103281566,314
3633,4,2.043816517771836,315
22535,4,2.04387152597974,316
13253,4,2.0454181696947873,317
17757,4,2.0454564313649537,318
23584,4,2.047245983960955,319
8858,4,2.0474610293331033,320
19743,4,2.0485888987833576,321
10878,4,2.048690868995899,322
14307,4,2.050209659620285,323
19511,4,2.05048314449743,324
18421,4,2.0520513611264155,325
22579,4,2.0520513611264155,326
6602,4,2.0523062182574705,327
10971,4,2.0523583420611495,328
2181,4,2.054168059917264,329
14968,4,2.054725921745229,330
19520,4,2.056878974041138,331
20659,4,2.0591488742420996,332
15909,4,2.0599470419522348,333
7603,4,2.0613029675792407,334
13897,4,2.061650435164326,335
9497,4,2.063054222363392,336
18609,4,2.068551513211002,337
20162,4,2.06882491553484,338
21378,4,2.069042929326593,339
19088,4,2.0697555913959116,340
12126,4,2.0706373429120166,341
15028,4,2.0718298933923864,342
21884,4,2.0723586432997942,343
16443,4,2.0724089390802574,344
23019,4,2.0724089390802574,345
19646,4,2.073574708830184,346
13987,4,2.0767054112448653,347
9528,4,2.0776116255259014,348
7454,4,2.0795980013825877,349
16090,4,2.0803471408968437,350
3961,4,2.0825502824189948,351
11638,4,2.0825814065387935,352
21990,4,2.0826403331247096,353
12192,4,2.0828795198526042,354
685,4,2.084943907356299,355
18913,4,2.0857591350600737,356
1661,4,2.0858942592062997,357
10740,4,2.086727749078539,358
411,4,2.087525529857701,359
20749,4,2.0882499976811815,360
9046,4,2.088797884005869,361
20177,4,2.089241969638726,362
7833,4,2.0899152158845964,363
15017,4,2.0902403294032,364
10327,4,2.091188877113975,365
7692,4,2.091626438970889,366
6735,4,2.0917220077263248,367
11734,4,2.0917441367627476,368
2417,4,2.091755709395449,369
6782,4,2.0921493525506327,370
8490,4,2.092369153885833,371
7729,4,2.093185582489686,372
17705,4,2.093185582489686,373
18696,4,2.093185582489686,374
13697,4,2.0933882076935024,375
10037,4,2.0943571528068996,376
17516,4,2.096047896281895,377
22157,4,2.0962255509412544,378
11113,4,2.096465215337562,379
18930,4,2.098369887186068,380
17566,4,2.0991797969085444,381
22768,4,2.099388891128416,382
14545,4,2.100026734080895,383
9889,4,2.100745068313524,384
5700,4,2.1020318637780626,385
15880,4,2.103456020580368,386
20706,4,2.1047613596826062,387
12619,4,2.1054916931665404,388
11631,4,2.1057613449427657,389
18865,4,2.107983689493057,390
6877,4,2.108071434407927,391
21426,4,2.1087302113717583,392
9383,4,2.1095551685173883,393
19374,4,2.10979233257384,394
14823,4,2.1098741216078234,395
17451,4,2.11146796624312,396
22188,4,2.113003451716722,397
15573,4,2.1135260030160756,398
2056,4,2.114127938039919,399
15234,4,2.1144218954131886,400
8270,4,2.1162260474411996,401
2593,4,2.116530428264238,402
16780,4,2.1167907617845967,403
6018,4,2.117740271120127,404
7530,4,2.119177370684275,405
14094,4,2.1209357035259595,406
13718,4,2.121588212701106,407
22408,4,2.1228186514179135,408
19080,4,2.123459561391625,409
17185,4,2.1242393434328144,410
8944,4,2.124623247259118,411
3774,4,2.1247200921657545,412
11058,4,2.125098109092387,413
11019,4,2.1272860350793406,414
19697,4,2.1272860350793406,415
20656,4,2.128278666025716,416
20436,4,2.129335044204128,417
16341,4,2.129711695095502,418
19752,4,2.129711695095502,419
18895,4,2.1300396312461687,420
11047,4,2.130466407471662,421
5070,4,2.13087268702648,422
2958,4,2.1309684030807605,423
9272,4,2.131489659394857,424
2052,4,2.1354379206738705,425
15319,4,2.135824177278399,426
18994,4,2.137311918546303,427
14708,4,2.139183615487446,428
13263,4,2.139215757763455,429
22568,4,2.1402153781062268,430
11147,4,2.140423415133535,431
10896,4,2.143364823453476,432
17286,4,2.143505031404958,433
3329,4,2.144990960997813,434
14371,4,2.145892737141507,435
6009,4,2.1470265587344013,436
10934,4,2.1481033086379453,437
16298,4,2.1494565811267083,438
10562,4,2.1497861251069064,439
6309,4,2.1517292170091373,440
3540,4,2.1542221865952387,441
7270,4,2.1542221865952387,442
10800,4,2.1542221865952387,443
13881,4,2.1542221865952387,444
17921,4,2.1542221865952387,445
20302,4,2.1555380270306363,446
23160,4,2.155597133553789,447
11394,4,2.155711725450816,448
18626,4,2.157134028726954,449
5399,4,2.1575411535926317,450
18920,4,2.1577575720650475,451
11176,4,2.160318717420132,452
18372,4,2.1614198844184025,453
8246,4,2.1634584037292774,454
14682,4,2.1637658339941717,455
13728,4,2.1639715353300057,456
14025,4,2.1641428788109485,457
767,4,2.164328836684998,458
15197,4,2.164365491943886,459
11391,4,2.1645682954580034,460
18535,4,2.1654535390808642,461
17175,4,2.167050745207767,462
19509,4,2.167311002826806,463
8543,4,2.1685333603719035,464
3838,4,2.1694312198989385,465
6976,4,2.1696548806085874,466
5389,4,2.1713211319370385,467
7714,4,2.172312308411536,468
20251,4,2.1733926818356286,469
10678,4,2.1750083115206627,470
18597,4,2.1752419137480867,471
23977,4,2.1769060823495603,472
22980,4,2.1777017325045542,473
6991,4,2.1786083827923513,474
11020,4,2.179308159981936,475
15052,4,2.179308159981936,476
9529,4,2.1793878511094213,477
12529,4,2.1793878511094213,478
9137,4,2.179924840163036,479
10382,4,2.1799623098685443,480
12836,4,2.1821242623705777,481
17904,4,2.182181088730198,482
14929,4,2.182891497827715,483
4820,4,2.182918258841299,484
2286,4,2.1832215102779298,485
8185,4,2.183393732299824,486
6011,4,2.1856337496225824,487
29,4,2.1862814656725655,488
5505,4,2.186459167159637,489
2200,4,2.1866316094038476,490
21068,4,2.18772172659817,491
13200,4,2.1885183963180483,492
9968,4,2.1888062129841908,493
16819,4,2.1890329043831436,494
12360,4,2.190842928977175,495
7343,4,2.190924331167203,496
1176,4,2.1934225506533336,497
1600,4,2.193772157772956,498
2894,4,2.193881790862731,499
17074,4,2.1943422149962886,500
1575,4,2.19701389417135,501
15779,4,2.197028881429724,502
4934,4,2.1970779289450904,503
8485,4,2.1976159497972443,504
3321,4,2.1984104747822797,505
19110,4,2.1995680630532832,506
16281,4,2.199955460283865,507
11660,4,2.2005492683964,508
952,4,2.200624646280146,509
14384,4,2.200860367123536,510
10122,4,2.2015231923109284,511
16079,4,2.201930870579582,512
26,4,2.2035105416560783,513
10707,4,2.2035105416560783,514
13975,4,2.2036498240094082,515
20974,4,2.204332922437422,516
10221,4,2.20539479918374,517
11126,4,2.2055905853275415,518
216,4,2.2057953437305837,519
6127,4,2.205983064554503,520
20635,4,2.206389789214953,521
3570,4,2.2090134431094905,522
23493,4,2.209607488376737,523
15699,4,2.2096434534569953,524
19539,4,2.2101494756564968,525
13368,4,2.2106951618333026,526
21946,4,2.2106951618333026,527
23304,4,2.2106951618333026,528
23520,4,2.2106951618333026,529
14124,4,2.2107394447785125,530
8261,4,2.211161850599677,531
8614,4,2.2136308593051273,532
10025,4,2.213718664531316,533
13152,4,2.215491867981402,534
14868,4,2.215491867981402,535
21202,4,2.215491867981402,536
11759,4,2.2154993667448366,537
16735,4,2.2160765156836035,538
14214,4,2.2163668613908523,539
3805,4,2.2175208597828244,540
3614,4,2.218457937422682,541
10564,4,2.21961249525021,542
7691,4,2.2203864722150692,543
2242,4,2.2203950491101963,544
11883,4,2.2203950491101963,545
22682,4,2.2203950491101963,546
16872,4,2.2206731488460174,547
21037,4,2.2212469998661315,548
2240,4,2.2216514328112256,549
1026,4,2.2253332232715106,550
13420,4,2.2253332232715106,551
7156,4,2.226195788925251,552
17888,4,2.2263058501538486,553
10120,4,2.228179377603358,554
20294,4,2.2347928265237065,555
7145,4,2.234841243032801,556
11130,4,2.235266118248974,557
1016,4,2.2353966224384356,558
6358,4,2.237429613391711,559
8947,4,2.239681681390866,560
15171,4,2.2398734896434744,561
5827,4,2.240788704326048,562
20834,4,2.241969127038364,563
20679,4,2.243399646635652,564
8680,4,2.24411388602188,565
19901,4,2.2452013612661244,566
18469,4,2.2469755219731042,567
23688,4,2.2483583127850393,568
5655,4,2.2494093711794965,569
22,4,2.249645248982619,570
21698,4,2.250830641629321,571
20905,4,2.2511495110295203,572
1564,4,2.251663292857632,573
13990,4,2.2518614011741414,574
19098,4,2.2520489457428905,575
20403,4,2.2523879487650547,576
5929,4,2.2524118827515114,577
16836,4,2.2533723014461144,578
5163,4,2.2541098802534263,579
4329,4,2.2549025230508253,580
16505,4,2.2553246597203187,581
5732,4,2.255493824632812,582
10823,4,2.2579259628107833,583
22583,4,2.2586865753426726,584
20469,4,2.258856118306359,585
23989,4,2.2602024238547203,586
16692,4,2.2603983822015397,587
1689,4,2.260782879106949,588
18363,4,2.2616698416081005,589
21160,4,2.2623972432156796,590
13502,4,2.263198852121177,591
19209,4,2.2661761667276408,592
20904,4,2.2661769009713497,593
21794,4,2.2668207580062005,594
23105,4,2.266902627579571,595
22818,4,2.2681487677810694,596
21100,4,2.268438566753917,597
23034,4,2.268904123245414,598
21697,4,2.269497650611342,599
15284,4,2.270845009394589,600
11161,4,2.2712996239713537,601
18474,4,2.2716946511283282,602
13355,4,2.2733402260858355,603
5963,4,2.2743499965289486,604
930,4,2.2763648090411794,605
14218,4,2.277244840556356,606
441,4,2.279385448360396,607
10179,4,2.280880074323905,608
15657,4,2.281988964678149,609
23750,4,2.2820848870225725,610
20134,4,2.282447048977322,611
1125,4,2.2832956709828127,612
8933,4,2.2834727705701345,613
11121,4,2.2841546682644642,614
22839,4,2.2856850018307378,615
23884,4,2.286225631672525,616
8267,4,2.2870502755910898,617
8012,4,2.287077735505661,618
19722,4,2.2874907977564023,619
14835,4,2.287841771554172,620
22280,4,2.289680337753041,621
14434,4,2.2913242408399106,622
5692,4,2.2946423770540227,623
18615,4,2.2957315312451816,624
22664,4,2.2957700384702444,625
10964,4,2.2960431547848392,626
10999,4,2.2964026383113385,627
13481,4,2.29785274855332,628
7396,4,2.298437340708548,629
1178,4,2.2987470851287237,630
11002,4,2.2997111377144925,631
18611,4,2.300000454077197,632
18971,4,2.3000957343060366,633
12607,4,2.300836512523493,634
20303,4,2.300876163226225,635
22367,4,2.300876163226225,636
9041,4,2.301833782570178,637
13751,4,2.3020402179594575,638
5570,4,2.3022253059667466,639
13857,4,2.3022253059667466,640
13117,4,2.3028712957539224,641
5596,4,2.3032965650688566,642
5647,4,2.303569246156166,643
14743,4,2.303698930196495,644
2933,4,2.3038811316436583,645
7752,4,2.3040138873192904,646
16113,4,2.3041943471677158,647
8955,4,2.305012358418188,648
5961,4,2.305672283190818,649
7239,4,2.3069951134452933,650
22247,4,2.3093197996364623,651
8968,4,2.3098223304372834,652
2026,4,2.31123105985952,653
847,4,2.3126840394518227,654
15217,4,2.3134633782842124,655
17227,4,2.3134953509638443,656
12723,4,2.3143219786398332,657
2491,4,2.3144325429472072,658
13902,4,2.3144325429472072,659
16463,4,2.314627991162736,660
6655,4,2.3157422109722674,661
17079,4,2.3164143945882296,662
19934,4,2.3171366354170924,663
21537,4,2.318357053591303,664
19932,4,2.319031594516613,665
21595,4,2.3197714812796186,666
11313,4,2.320673768483899,667
11988,4,2.3207662755020757,668
2185,4,2.3218461250497757,669
20722,4,2.323356437676197,670
20025,4,2.324313616713041,671
12175,4,2.3252946791128775,672
5778,4,2.3259810013215483,673
9512,4,2.3263631141878505,674
15583,4,2.326519626353163,675
15598,4,2.327096064611099,676
17003,4,2.3271448204780536,677
1086,4,2.329160906630454,678
15921,4,2.3302599456950372,679
18312,4,2.3304354295684084,680
10846,4,2.330926123393038,681
14783,4,2.3311124554681566,682
5365,4,2.3312824569524504,683
20103,4,2.3314986028220646,684
3170,4,2.3324756112976917,685
87,4,2.332943445580829,686
11857,4,2.332995459387615,687
23599,4,2.3345824274940155,688
10545,4,2.3347254885304207,689
19780,4,2.334883837888529,690
12516,4,2.3359466743422166,691
22737,4,2.3365959249052604,692
6410,4,2.3369695534645096,693
13072,4,2.3372192085901236,694
2154,4,2.3375804586237656,695
20565,4,2.3379438115198363,696
21411,4,2.3383613275744053,697
12811,4,2.3390050181735327,698
2967,4,2.3399077124452092,699
21098,4,2.34160337866827,700
22694,4,2.34160337866827,701
13715,4,2.341654461317874,702
11916,4,2.3452620932460135,703
23837,4,2.3453015055373414,704
17967,4,2.34583852870503,705
10523,4,2.346284595039356,706
6652,4,2.3464314657291063,707
1268,4,2.346523903919835,708
11340,4,2.3467576949061746,709
22206,4,2.3467576949061746,710
12801,4,2.346777594038533,711
16827,4,2.347844262635247,712
23499,4,2.3483102516303638,713
8533,4,2.349393310661451,714
9142,4,2.349619766309903,715
18656,4,2.3506942244655398,716
2382,4,2.350812589922575,717
8824,4,2.351089666873722,718
21664,4,2.351117879132633,719
16849,4,2.353431988035192,720
2859,4,2.3538570309508655,721
2067,4,2.35456009737212,722
8385,4,2.354948735882311,723
15788,4,2.355660317522079,724
22356,4,2.3558888965798523,725
5612,4,2.3563858180066424,726
15360,4,2.3588151582966144,727
6391,4,2.3589747261983987,728
22954,4,2.359072496493801,729
7954,4,2.3592385307779526,730
4926,4,2.3628485974146876,731
10311,4,2.36481961790332,732
21328,4,2.3651720881020792,733
20359,4,2.3655391875453606,734
16812,4,2.366031586851083,735
572,4,2.3661950829772334,736
2436,4,2.367837492670394,737
13864,4,2.3683039976541553,738
5542,4,2.3688063563692316,739
23507,4,2.369370131599551,740
4259,4,2.369699069194717,741
3832,4,2.370631494687908,742
11816,4,2.370757182303223,743
12113,4,2.3730019144148597,744
586,4,2.373360880274695,745
13240,4,2.374181117172031,746
7375,4,2.374427940319181,747
22827,4,2.374644187031494,748
8572,4,2.3748039258862708,749
14750,4,2.375607858691036,750
3817,4,2.375926675444435,751
1083,4,2.378593173293966,752
23297,4,2.3786353947611305,753
1950,4,2.379183368016285,754
16182,4,2.3792637177718645,755
19450,4,2.37928058847885,756
23888,4,2.3803328566722346,757
20909,4,2.380450093163371,758
15885,4,2.380506783012471,759
1637,4,2.3835360559722494,760
10505,4,2.384401582638657,761
11942,4,2.385453691674226,762
16768,4,2.3857843736895,763
9481,4,2.3878191162306592,764
18195,4,2.388330215022768,765
13912,4,2.3893582753703617,766
11918,4,2.390019601436139,767
9008,4,2.390170833403234,768
20923,4,2.390689799849982,769
16608,4,2.3908410777071145,770
10540,4,2.39151306086149,771
18358,4,2.3918285368063907,772
7906,4,2.394397871153483,773
7875,4,2.3953137660944277,774
21271,4,2.3957993596156175,775
6969,4,2.3969091432049803,776
2238,4,2.3970975365279226,777
11536,4,2.3976175033429104,778
13336,4,2.4008839124119,779
19099,4,2.4014416420257065,780
8970,4,2.401472526624599,781
14168,4,2.4015206605394317,782
16351,4,2.401861168572182,783
19660,4,2.402054690610232,784
16762,4,2.402310898414627,785
15397,4,2.4024295666099387,786
18429,4,2.402890734683029,787
20029,4,2.404048177607404,788
1794,4,2.4050326813445255,789
9100,4,2.4054293136786202,790
22276,4,2.4060856918058717,791
13802,4,2.406582100992152,792
10515,4,2.406629111470219,793
8143,4,2.4069892613810873,794
20810,4,2.407902460842927,795
18582,4,2.408216242421922,796
7746,4,2.4084673268892742,797
8425,4,2.4084673268892742,798
3709,4,2.408915324585104,799
581,4,2.4104045306063733,800
6515,4,2.410882531079967,801
15225,4,2.4109960249275857,802
23783,4,2.4114632966609544,803
17324,4,2.411601258645287,804
9948,4,2.4121856743978465,805
15438,4,2.412503280925519,806
18682,4,2.412666595139253,807
21439,4,2.4129047215011483,808
19843,4,2.412994890006689,809
20826,4,2.4131491387748785,810
23776,4,2.413251102020226,811
16702,4,2.4133722401226145,812
1427,4,2.4141660794587985,813
1886,4,2.4141660794587985,814
3500,4,2.4141660794587985,815
14342,4,2.415528291614017,816
5928,4,2.4159950364783294,817
21013,4,2.416109309150053,818
12016,4,2.4162563352139688,819
21520,4,2.4167977678054604,820
5032,4,2.4175045967976425,821
21916,4,2.418407661901303,822
10981,4,2.4190384974026506,823
4924,4,2.4197536413372274,824
6157,4,2.4199858010215123,825
19795,4,2.420542304644768,826
11739,4,2.420980633394751,827
20448,4,2.4218462848131797,828
7120,4,2.421985438473313,829
10617,4,2.4224360687298896,830
23696,4,2.4230625217271977,831
17389,4,2.424325711337367,832
16400,4,2.4244778072359288,833
18904,4,2.4254958927411505,834
19089,4,2.4264737937082987,835
10804,4,2.4280234870397117,836
16363,4,2.4280628964416793,837
18198,4,2.4289970587761416,838
4290,4,2.4305816698646865,839
20000,4,2.4306618548884127,840
23128,4,2.4316797974909052,841
8047,4,2.433914874168502,842
15199,4,2.437257385946223,843
3469,4,2.437625349517285,844
9358,4,2.4377683911929267,845
6673,4,2.4382840972291224,846
22668,4,2.438376713395714,847
12918,4,2.4392459472494106,848
2418,4,2.439623509282061,849
17920,4,2.4400077334650723,850
22325,4,2.4411648394545407,851
17060,4,2.4418768773765716,852
14146,4,2.442597094496965,853
1628,4,2.4431496029149105,854
380,4,2.4431929797134675,855
13064,4,2.4433774405906807,856
10288,4,2.443554754224096,857
7459,4,2.4447135935151647,858
15852,4,2.4452363086865923,859
970,4,2.445259381970927,860
11905,4,2.4453138776940073,861
7703,4,2.4472339821755313,862
19655,4,2.448485654644937,863
10923,4,2.449124051414875,864
2034,4,2.4513843231819035,865
6138,4,2.452041133329459,866
2414,4,2.4521749637433503,867
5841,4,2.4523028342339392,868
5603,4,2.4524640091739154,869
7292,4,2.4533933190932027,870
13693,4,2.453469592145514,871
490,4,2.4537770772822243,872
23965,4,2.45454976254285,873
2392,4,2.454949212878095,874
5926,4,2.4572665589104954,875
20357,4,2.4581222189876035,876
6692,4,2.4581701840655863,877
20446,4,2.4584737847965457,878
23941,4,2.4593582179549336,879
12830,4,2.4593863361440365,880
10645,4,2.460295851800908,881
17124,4,2.460295851800908,882
14821,4,2.4612550217379083,883
10875,4,2.461465358640486,884
3415,4,2.4618339019470064,885
7665,4,2.462711052086401,886
23041,4,2.4628256158225934,887
1587,4,2.466050172512381,888
3513,4,2.4682189837651665,889
23129,4,2.4700979749333354,890
6747,4,2.4704164043337578,891
9226,4,2.471932993957614,892
15395,4,2.4722746502425603,893
2915,4,2.4732283270775715,894
1592,4,2.47330101505804,895
4897,4,2.473734462169088,896
17512,4,2.4750069054729633,897
10314,4,2.4757412803120458,898
23490,4,2.475919301693768,899
21554,4,2.475946079847234,900
23568,4,2.476272952283565,901
15464,4,2.4764112465850565,902
24006,4,2.476642676052306,903
21053,4,2.4775008591926078,904
3946,4,2.478925501397932,905
11367,4,2.479689314387093,906
7324,4,2.4797703166732936,907
20819,4,2.4797870586366426,908
20215,4,2.480166311236507,909
1731,4,2.480248812935067,910
10458,4,2.4806911608937954,911
18691,4,2.4807856815195977,912
3197,4,2.4809707734912316,913
23413,4,2.4817368358941594,914
19755,4,2.4835347171197313,915
4432,4,2.4863572977544,916
4843,4,2.486379927122317,917
13662,4,2.486379927122317,918
22493,4,2.486543366448159,919
3669,4,2.4869086184605784,920
22077,4,2.487409782092041,921
18296,4,2.488532685925729,922
18303,4,2.488532685925729,923
20137,4,2.488532685925729,924
21575,4,2.488532685925729,925
3893,4,2.4885718215460444,926
5992,4,2.488576715426294,927
11251,4,2.488576715426294,928
13260,4,2.489348772763851,929
14530,4,2.4905452799943206,930
20429,4,2.4910004608633503,931
21303,4,2.4910908793767086,932
23804,4,2.491637599104996,933
7705,4,2.4940451733883178,934
6468,4,2.4950329477411635,935
3440,4,2.4963827545803428,936
6869,4,2.497123555343897,937
23187,4,2.4972288073700333,938
20115,4,2.497238597879747,939
13282,4,2.498000946130868,940
9032,4,2.498766429222733,941
4189,4,2.4989542105871405,942
1050,4,2.499992220852921,943
19977,4,2.5006117399891306,944
20418,4,2.5021284202949694,945
773,4,2.502815813567633,946
2735,4,2.5028574802893133,947
6953,4,2.5028574802893133,948
13530,4,2.5028574802893133,949
22301,4,2.5028574802893133,950
13191,4,2.5042499950917185,951
23718,4,2.5044592186146666,952
14927,4,2.504840161106809,953
7721,4,2.5050301812681854,954
15116,4,2.505162677457321,955
20247,4,2.5054847813722,956
15045,4,2.5060701831951375,957
21688,4,2.5068371014929602,958
23671,4,2.507074667628784,959
21363,4,2.5070803330745264,960
18821,4,2.507291825332064,961
17140,4,2.508116861072173,962
17983,4,2.5081308348366163,963
16345,4,2.5091365028220594,964
15993,4,2.509696032655627,965
18432,4,2.511618905807245,966
16292,4,2.5128402154111265,967
23330,4,2.513019229523864,968
18973,4,2.513283436967436,969
20164,4,2.5133796521727465,970
19472,4,2.514223236310758,971
20725,4,2.514223236310758,972
20211,4,2.5154451171141776,973
19598,4,2.5158282605714373,974
14736,4,2.516303237076389,975
11252,4,2.5165305996540117,976
19271,4,2.5181994198639956,977
18444,4,2.519511807840483,978
1128,4,2.5195546739981585,979
20230,4,2.5195546739981585,980
22624,4,2.5195546739981585,981
8058,4,2.520092590273398,982
10224,4,2.5228319537077173,983
9217,4,2.5247364433281962,984
6129,4,2.5258533013375364,985
4952,4,2.526163795498127,986
22472,4,2.526448455550959,987
21921,4,2.527274195113154,988
9628,4,2.5273596143497605,989
11485,4,2.5277137038401944,990
23362,4,2.528434680598958,991
19242,4,2.5288632243766984,992
23926,4,2.5292167729372443,993
4207,4,2.5298480039569267,994
11870,4,2.53034101783887,995
16330,4,2.5306750458204936,996
38,4,2.5309797566744083,997
4641,4,2.5313593413118403,998
10088,4,2.531948303546473,999
5839,4,2.5320210137039396,1000
1784,4,2.5353376281034126,1001
17188,4,2.536728391386054,1002
18232,4,2.53711406021699,1003
12875,4,2.5382536472283466,1004
12405,4,2.538676127977116,1005
1826,4,2.539753736385589,1006
9941,4,2.539770860154877,1007
3587,4,2.5398464968380563,1008
20272,4,2.5407042383773324,1009
5724,4,2.541810633884361,1010
2960,4,2.54201346539603,1011
14574,4,2.5432927156905323,1012
8891,4,2.54353859919724,1013
20583,4,2.5452781309250367,1014
13308,4,2.5455213330853272,1015
20566,4,2.5465333749766317,1016
51,4,2.5471222337974457,1017
4364,4,2.547447208878606,1018
14217,4,2.547747760972046,1019
13269,4,2.5502177711954355,1020
254,4,2.550414031678857,1021
23474,4,2.5517519076185793,1022
14849,4,2.552334236008173,1023
6610,4,2.5570236541476725,1024
17650,4,2.5578603903873387,1025
20059,4,2.55803054504016,1026
19131,4,2.558337113207699,1027
14471,4,2.558399217678157,1028
11344,4,2.5610235206173475,1029
2360,4,2.5612041629670808,1030
6573,4,2.5627433523676046,1031
23446,4,2.5630191653360965,1032
3307,4,2.56362048658629,1033
22419,4,2.5642365097319972,1034
22550,4,2.564473178545951,1035
17285,4,2.5652194698257835,1036
16826,4,2.56529584095659,1037
1526,4,2.5656789296165106,1038
21820,4,2.565687323700341,1039
20535,4,2.567634620438498,1040
18099,4,2.5680146395951806,1041
14737,4,2.568976811438222,1042
23979,4,2.5700858607884842,1043
22838,4,2.570927302091021,1044
10048,4,2.5712827124037014,1045
15713,4,2.5720430193447834,1046
18104,4,2.572877138630028,1047
16627,4,2.5729309746835174,1048
15074,4,2.5739934621941423,1049
10080,4,2.574333019977255,1050
15497,4,2.574366907872901,1051
17231,4,2.5749520859448984,1052
4511,4,2.5754191659842345,1053
16540,4,2.577906832787469,1054
14669,4,2.5780804878696206,1055
8692,4,2.578118878217736,1056
5573,4,2.578849467692994,1057
18616,4,2.5794454247762304,1058
2479,4,2.579597055739992,1059
7744,4,2.579597055739992,1060
7089,4,2.5796682056687037,1061
2020,4,2.5796958662476244,1062
17000,4,2.5796958662476244,1063
5665,4,2.579888662930762,1064
17026,4,2.5802873941622235,1065
23456,4,2.580471170285954,1066
1324,4,2.580847966144034,1067
11399,4,2.5809241904667206,1068
17270,4,2.5809468599947167,1069
21212,4,2.5813424641309326,1070
17578,4,2.581557510889479,1071
23138,4,2.5826415556972417,1072
6128,4,2.584375042293691,1073
3068,4,2.5866314109410427,1074
4158,4,2.5867679070576974,1075
22597,4,2.58764511322554,1076
842,4,2.5879809576360877,1077
12253,4,2.588556364798197,1078
5139,4,2.5895185088623363,1079
7005,4,2.5900286854508767,1080
421,4,2.591335201161562,1081
7865,4,2.5919544595462596,1082
2175,4,2.592308825778272,1083
16771,4,2.592308825778272,1084
7209,4,2.5925897996646614,1085
17365,4,2.593534706219089,1086
5526,4,2.593726981960823,1087
8492,4,2.5951110935542103,1088
2309,4,2.5952070362652515,1089
5941,4,2.595510010382757,1090
15770,4,2.5966891078939396,1091
20711,4,2.596953951850995,1092
11944,4,2.598070958609116,1093
10367,4,2.5987164411268444,1094
20279,4,2.5989192744479506,1095
9123,4,2.5999745009399193,1096
21039,4,2.6013447608398295,1097
578,4,2.603129725267581,1098
23206,4,2.6033001094015304,1099
21816,4,2.6039543734244157,1100
7944,4,2.604462420309175,1101
21129,4,2.6044930851677925,1102
7623,4,2.604924975885833,1103
2180,4,2.6050110796472636,1104
4475,4,2.6053082888658765,1105
19574,4,2.6053336000405967,1106
19549,4,2.6066190904885587,1107
15785,4,2.606939446001155,1108
23453,4,2.6077586878356924,1109
1913,4,2.6077867779621497,1110
18632,4,2.6079999265343097,1111
3568,4,2.608895483980842,1112
6295,4,2.608895483980842,1113
10616,4,2.608895483980842,1114
15047,4,2.6090013884016736,1115
14363,4,2.6094207620543752,1116
5106,4,2.609944505592435,1117
14873,4,2.6100195161394515,1118
8748,4,2.611284570347423,1119
5822,4,2.611346615277146,1120
14680,4,2.6121970555768628,1121
20570,4,2.6156009327114043,1122
58,4,2.616082382591191,1123
4055,4,2.616266923424705,1124
16187,4,2.6176829956428405,1125
21731,4,2.618474191938094,1126
1532,4,2.6185736428771262,1127
18027,4,2.618765417962191,1128
16445,4,2.619174134591704,1129
15323,4,2.61932474943652,1130
3072,4,2.619612620862157,1131
16874,4,2.6198031449073227,1132
11516,4,2.620299200063989,1133
2461,4,2.620497312169369,1134
1685,4,2.6211449937309825,1135
5099,4,2.6212320005104783,1136
22851,4,2.6226036897737774,1137
21886,4,2.622633928209839,1138
16147,4,2.622789020485364,1139
20105,4,2.6245372405391167,1140
2172,4,2.6254594364070107,1141
17121,4,2.626128385057048,1142
2329,4,2.6265199074454046,1143
23098,4,2.626739057711279,1144
12825,4,2.6290681887472207,1145
24021,4,2.6295592694597754,1146
18095,4,2.630213843770815,1147
18529,4,2.630367701494235,1148
22762,4,2.631635289521977,1149
23075,4,2.6326133678569046,1150
21665,4,2.6326780706168282,1151
7870,4,2.63281783431283,1152
4224,4,2.633130583976698,1153
5785,4,2.6337936637924386,1154
16661,4,2.6337936637924386,1155
13868,4,2.6341035745538814,1156
18740,4,2.6348162910085677,1157
3904,4,2.6354818500887474,1158
11744,4,2.6355971788648866,1159
20756,4,2.6355971788648866,1160
21941,4,2.6355971788648866,1161
16346,4,2.636463988702047,1162
7092,4,2.6365800827902937,1163
13548,4,2.637701256410822,1164
12276,4,2.638818309008032,1165
14145,4,2.6394149993537495,1166
8237,4,2.6395018872367655,1167
2787,4,2.6400215460480334,1168
12198,4,2.6402651922111033,1169
6639,4,2.6403330158004077,1170
7700,4,2.6413893763395024,1171
22333,4,2.641480934023941,1172
18964,4,2.641645517028789,1173
23113,4,2.64256725772803,1174
18271,4,2.6430101202189,1175
10527,4,2.6453166253071436,1176
392,4,2.6454111138561207,1177
1686,4,2.64604875561784,1178
2685,4,2.6470478939899444,1179
10698,4,2.6480768361814797,1180
12847,4,2.6482783041740245,1181
20249,4,2.6484204348190508,1182
1929,4,2.648804568259222,1183
12139,4,2.6493949880386203,1184
18410,4,2.6493949880386203,1185
21663,4,2.6498625572920043,1186
4276,4,2.650130044265327,1187
6893,4,2.6501751807789797,1188
9542,4,2.650247887639069,1189
19767,4,2.650798790281942,1190
19091,4,2.6510101773407775,1191
8951,4,2.651327361132663,1192
8382,4,2.651592561459023,1193
109,4,2.652291852235552,1194
1098,4,2.653389912162557,1195
1978,4,2.653652108992066,1196
23348,4,2.6546678497345884,1197
20444,4,2.655111601716797,1198
7653,4,2.6554328850805553,1199
1063,4,2.656332892886185,1200
1283,4,2.6564133967338903,1201
21526,4,2.6565779194723707,1202
8209,4,2.658891857193696,1203
10341,4,2.658891857193696,1204
15353,4,2.658891857193696,1205
18220,4,2.6600138534892346,1206
18651,4,2.660281769595517,1207
6928,4,2.661047148884977,1208
15746,4,2.664376672460138,1209
8198,4,2.6644569514011396,1210
3201,4,2.6646392893490423,1211
20344,4,2.6672225356039294,1212
1899,4,2.66981109538242,1213
15806,4,2.670039151268915,1214
9736,4,2.6701561425189495,1215
19330,4,2.6709021792869634,1216
22363,4,2.6711103616065826,1217
3260,4,2.6738281390991494,1218
727,4,2.6751924339803543,1219
4420,4,2.6763162946681613,1220
17475,4,2.6768392110757637,1221
22674,4,2.67730216211909,1222
1306,4,2.678987609174286,1223
2715,4,2.6790971868754614,1224
14956,4,2.680160513442762,1225
4300,4,2.6802300410834095,1226
10347,4,2.680906113091617,1227
5424,4,2.68111791210589,1228
2820,4,2.6815400216742975,1229
10261,4,2.683153764265491,1230
4965,4,2.6862375830655645,1231
20875,4,2.6874148438968484,1232
13111,4,2.688087918074127,1233
16743,4,2.6882157132217332,1234
13397,4,2.6892812531158867,1235
866,4,2.690051117015914,1236
2863,4,2.690051117015914,1237
3205,4,2.690051117015914,1238
13626,4,2.690051117015914,1239
13905,4,2.690051117015914,1240
14276,4,2.690051117015914,1241
20216,4,2.690051117015914,1242
21064,4,2.690051117015914,1243
21188,4,2.690051117015914,1244
21447,4,2.690051117015914,1245
22867,4,2.690051117015914,1246
15946,4,2.690391123832267,1247
19606,4,2.692488589928905,1248
21082,4,2.692488589928905,1249
21216,4,2.692488589928905,1250
14558,4,2.6929311513291077,1251
962,4,2.6932217709143123,1252
16201,4,2.6933049307407124,1253
933,4,2.6935552205174926,1254
9444,4,2.6938907251093025,1255
23971,4,2.6950534407906552,1256
2658,4,2.69517904993851,1257
17617,4,2.69548073624649,1258
8688,4,2.6954866302355724,1259
22675,4,2.696416952613823,1260
12593,4,2.6967536741291727,1261
12833,4,2.696993988020117,1262
6582,4,2.6976916007767064,1263
4174,4,2.6978209306592165,1264
3936,4,2.6980065354649994,1265
10415,4,2.6980065354649994,1266
15590,4,2.6982903166568994,1267
4395,4,2.6985425265315697,1268
4954,4,2.699403219170866,1269
2877,4,2.699407845810235,1270
3844,4,2.699738122220956,1271
16754,4,2.700400791129932,1272
22217,4,2.701150706579539,1273
13457,4,2.7019973953482976,1274
20752,4,2.7036889103188715,1275
1721,4,2.7047036670121085,1276
15513,4,2.7049216886859697,1277
17366,4,2.7049216886859697,1278
3886,4,2.7058447418640195,1279
23169,4,2.7061684989626107,1280
9645,4,2.7063553726295915,1281
18765,4,2.7068839280025165,1282
14275,4,2.707848431845312,1283
15085,4,2.708840761143133,1284
11895,4,2.708911606386695,1285
10323,4,2.7090981271026737,1286
23574,4,2.710103703465811,1287
3995,4,2.7102317510717024,1288
6124,4,2.7106388622081043,1289
7501,4,2.7107983246926537,1290
4122,4,2.71141802439739,1291
4298,4,2.7119815158547036,1292
1958,4,2.7123996854684624,1293
15243,4,2.7124264129388984,1294
16064,4,2.713764022261778,1295
4368,4,2.7145448301262647,1296
14901,4,2.7145448301262647,1297
21104,4,2.7145448301262647,1298
22562,4,2.7145448301262647,1299
22989,4,2.7145448301262647,1300
23736,4,2.7145448301262647,1301
23172,4,2.715385612359014,1302
21473,4,2.7160929646512377,1303
3941,4,2.7161226189911973,1304
14242,4,2.7164058180298545,1305
22423,4,2.716931492019801,1306
20200,4,2.718260181040508,1307
3591,4,2.7188212667852985,1308
1698,4,2.7193909578263287,1309
1666,4,2.7200747980673,1310
20117,4,2.720081198533556,1311
35,4,2.72019712855105,1312
1615,4,2.7210909583175793,1313
3706,4,2.721722595861182,1314
9759,4,2.7226786460150723,1315
12915,4,2.7228673736615048,1316
21878,4,2.723580622161121,1317
11610,4,2.7237997369844726,1318
18389,4,2.7251949341357573,1319
20369,4,2.7252959372050727,1320
14282,4,2.7253172260719363,1321
23811,4,2.7260852280257972,1322
11989,4,2.7265394832198337,1323
10163,4,2.7274157108661155,1324
19875,4,2.7275788153231044,1325
16246,4,2.728373918590886,1326
19681,4,2.7284512854769183,1327
22260,4,2.7289479911138055,1328
16168,4,2.729083091828466,1329
5901,4,2.7293362660278366,1330
11686,4,2.7293362660278366,1331
20967,4,2.729690636890867,1332
758,4,2.7300657183974875,1333
16488,4,2.7303742243604665,1334
17673,4,2.731235463515245,1335
3446,4,2.7318424296783452,1336
6164,4,2.7318765802858915,1337
22269,4,2.7321375464293944,1338
8213,4,2.7326576781968925,1339
7058,4,2.7328638824782967,1340
22633,4,2.7329493751875282,1341
18558,4,2.733081568008485,1342
11975,4,2.7331636520648126,1343
2066,4,2.7332937456610504,1344
497,4,2.7352572758590035,1345
4362,4,2.736106780430526,1346
22985,4,2.736811214004923,1347
17019,4,2.738208502294181,1348
4872,4,2.7391771639201594,1349
554,4,2.7395395278362713,1350
11757,4,2.7404038828403707,1351
4184,4,2.741527117703349,1352
19139,4,2.741750143876666,1353
18981,4,2.7421566898476057,1354
4236,4,2.7423697239380727,1355
20128,4,2.743285173688108,1356
16577,4,2.74367255785257,1357
19211,4,2.74367255785257,1358
6242,4,2.7449717972026337,1359
11575,4,2.745354442765544,1360
18503,4,2.7454518152316267,1361
5566,4,2.7457406046163317,1362
18081,4,2.745843168312701,1363
9056,4,2.746861516835531,1364
12954,4,2.747175166914646,1365
12580,4,2.747309441160429,1366
8582,4,2.7479988463413627,1367
13497,4,2.7480953006438633,1368
18908,4,2.7485705650754975,1369
10995,4,2.748735046036448,1370
21050,4,2.749598729045855,1371
23272,4,2.7504749033358826,1372
15242,4,2.750657634222142,1373
10244,4,2.7508443718240234,1374
14403,4,2.751363338275631,1375
3418,4,2.751409411157407,1376
5663,4,2.7517796131795675,1377
4815,4,2.7531240308817204,1378
19097,4,2.754237116817986,1379
22594,4,2.754534637677487,1380
22823,4,2.755238590550945,1381
3110,4,2.7553170751273353,1382
5525,4,2.75569274502346,1383
17287,4,2.7564351728352485,1384
8592,4,2.7588931096330227,1385
2311,4,2.759278204736453,1386
20116,4,2.759305852593933,1387
2631,4,2.7601464684095816,1388
22057,4,2.760364784957217,1389
21208,4,2.7603812930374625,1390
9802,4,2.7605253716693277,1391
22735,4,2.7613326040888837,1392
18,4,2.7614997968237605,1393
18324,4,2.761811449526567,1394
19524,4,2.7625853246791605,1395
1335,4,2.762792884248319,1396
14302,4,2.7632354547534743,1397
5666,4,2.7642613384012322,1398
20009,4,2.7643399123690795,1399
7737,4,2.7643647538888985,1400
19354,4,2.7652479603519433,1401
11662,4,2.7665956308688315,1402
23035,4,2.7665956308688315,1403
20035,4,2.7702509881517665,1404
18340,4,2.771217229024113,1405
155,4,2.772174623409199,1406
11357,4,2.772174623409199,1407
11913,4,2.772174623409199,1408
519,4,2.772450884293865,1409
18820,4,2.7728629381373078,1410
19585,4,2.7729321861799403,1411
455,4,2.7735390957807566,1412
23754,4,2.7755528756042573,1413
12012,4,2.7755991404857387,1414
20459,4,2.7759112594164033,1415
21621,4,2.7775003392993614,1416
5907,4,2.778943752999421,1417
17551,4,2.778943752999421,1418
17770,4,2.778943752999421,1419
20206,4,2.778943752999421,1420
11037,4,2.781125448071917,1421
19188,4,2.7815482913943694,1422
23418,4,2.781824635016395,1423
23967,4,2.7820987249116422,1424
6757,4,2.783030234894718,1425
16304,4,2.7830620658748373,1426
14805,4,2.7838190827230993,1427
18402,4,2.7844615489102447,1428
3273,4,2.784562075299715,1429
23454,4,2.78577153524222,1430
379,4,2.7862809405653968,1431
17748,4,2.7862809405653968,1432
8967,4,2.788898027765883,1433
7259,4,2.790955510891843,1434
237,4,2.7910353958130956,1435
467,4,2.7910353958130956,1436
940,4,2.7910353958130956,1437
12137,4,2.7910353958130956,1438
15029,4,2.7910353958130956,1439
19542,4,2.7910353958130956,1440
19707,4,2.7910353958130956,1441
9263,4,2.7912870168419577,1442
10165,4,2.7914140484287917,1443
19127,4,2.7930972201438675,1444
19314,4,2.793575119257548,1445
1905,4,2.7946859841173235,1446
17354,4,2.7954385771108057,1447
21815,4,2.795728808598631,1448
14078,4,2.7960476284272366,1449
4575,4,2.797114166693818,1450
1583,4,2.797265131975331,1451
10502,4,2.797915735806074,1452
18130,4,2.798444034007335,1453
12488,4,2.800018663439484,1454
17790,4,2.8007860300334966,1455
14315,4,2.801284453668799,1456
3652,4,2.8040134854100014,1457
22172,4,2.80449371098043,1458
13769,4,2.8058870310921953,1459
9395,4,2.8064901561762596,1460
21852,4,2.806704792414105,1461
15552,4,2.807077462779634,1462
19206,4,2.807306896621063,1463
7640,4,2.8083585969652485,1464
20024,4,2.80932939409164,1465
23970,4,2.8096881931293827,1466
17145,4,2.809767405770479,1467
1694,4,2.810417313363899,1468
16164,4,2.8121115734343607,1469
3183,4,2.812163353692039,1470
11805,4,2.812574427530689,1471
14830,4,2.812851458864158,1472
15491,4,2.8138623011229393,1473
3527,4,2.8141924558203204,1474
12266,4,2.814248324562364,1475
3851,4,2.8159402789991264,1476
3801,4,2.817727874895634,1477
21285,4,2.8179836740948394,1478
15984,4,2.8182650110490104,1479
22598,4,2.8182650110490104,1480
14332,4,2.8189989479461355,1481
10856,4,2.819301557735913,1482
17936,4,2.819671493349853,1483
23228,4,2.8205621471609836,1484
18058,4,2.8206461476726408,1485
3956,4,2.821270874828581,1486
804,4,2.823133664717999,1487
20120,4,2.8233053598701026,1488
15246,4,2.8246788099739,1489
7039,4,2.824959382358799,1490
12104,4,2.8257512870041213,1491
22364,4,2.8260201684829167,1492
14195,4,2.8261891784667315,1493
14496,4,2.8261891784667315,1494
22777,4,2.8261891784667315,1495
16689,4,2.826530968116489,1496
16824,4,2.826856578534546,1497
8840,4,2.8277422908205883,1498
8678,4,2.8282487188287844,1499
22509,4,2.828273497276962,1500
19255,4,2.8283979499561718,1501
19103,4,2.8288100782744516,1502
18017,4,2.83174869262144,1503
15540,4,2.8319825819936706,1504
21107,4,2.8323696821125766,1505
2043,4,2.8330339556518296,1506
22887,4,2.8338035942818816,1507
19988,4,2.8344461019175937,1508
22505,4,2.8352688395238697,1509
922,4,2.8359465558352066,1510
19434,4,2.8372560363777564,1511
1409,4,2.8380589320353304,1512
12079,4,2.8381954490721144,1513
14793,4,2.8388861040417517,1514
6742,4,2.8390915223072892,1515
3959,4,2.839244970553018,1516
1287,4,2.83925831254718,1517
21256,4,2.8399288758735084,1518
23255,4,2.8403399580048574,1519
19522,4,2.842593674658989,1520
18578,4,2.8431798915194473,1521
9221,4,2.843268935564589,1522
9676,4,2.8436885693367517,1523
20504,4,2.844582061956778,1524
16676,4,2.8449553534937637,1525
16532,4,2.8454032191628507,1526
21786,4,2.8454129212438186,1527
1573,4,2.8459081857919943,1528
1681,4,2.846228543105037,1529
4456,4,2.847673824366192,1530
10630,4,2.8478012897180967,1531
229,4,2.849667279921474,1532
9553,4,2.8501074529263084,1533
23945,4,2.85063160337394,1534
12929,4,2.8506541826743277,1535
14461,4,2.8511818739915618,1536
4646,4,2.8512433911616974,1537
12315,4,2.8519721747749354,1538
14562,4,2.85219085144509,1539
2178,4,2.8523746105604935,1540
6249,4,2.852536703426028,1541
15973,4,2.852536703426028,1542
22649,4,2.852536703426028,1543
12221,4,2.853491766766349,1544
17565,4,2.853491766766349,1545
14692,4,2.854678411267836,1546
5815,4,2.85522554266672,1547
22756,4,2.8553308325258384,1548
8300,4,2.8554730190496724,1549
15193,4,2.8556005272032405,1550
2711,4,2.8556039693694335,1551
188,4,2.855819321646354,1552
17856,4,2.8564305690200156,1553
11318,4,2.8567813070026817,1554
3526,4,2.8586582499040305,1555
9841,4,2.8591039498915936,1556
2410,4,2.859594429983173,1557
14642,4,2.8597745405104824,1558
7848,4,2.8598946262701834,1559
13108,4,2.8609380757405956,1560
5446,4,2.8629187564628804,1561
23813,4,2.8630906887460736,1562
19010,4,2.863721565341184,1563
40,4,2.8637936530215073,1564
6024,4,2.8641281087800268,1565
13431,4,2.864154476877985,1566
20945,4,2.864598067191177,1567
3477,4,2.8654719861643416,1568
18165,4,2.866681991834984,1569
19469,4,2.867055830081333,1570
19056,4,2.867257354331677,1571
19459,4,2.8677055018788993,1572
13482,4,2.8686882417446062,1573
17618,4,2.8696485749118548,1574
217,4,2.873168722355242,1575
4162,4,2.8737168540369407,1576
1882,4,2.8747667430599244,1577
11740,4,2.875493857193271,1578
21841,4,2.876023897300613,1579
8112,4,2.8762786582492175,1580
19879,4,2.8767606384979834,1581
14794,4,2.8774033984348417,1582
18153,4,2.8775311181881817,1583
20288,4,2.879588805022852,1584
13893,4,2.8798381929971266,1585
15127,4,2.882079400356106,1586
7296,4,2.8829877207339645,1587
11439,4,2.8836253620620877,1588
14117,4,2.883790667312725,1589
2446,4,2.8838294492055336,1590
20533,4,2.885643349304169,1591
13545,4,2.885691476583953,1592
2467,4,2.8866543783943808,1593
8963,4,2.886908716400905,1594
7013,4,2.8877160547054364,1595
17792,4,2.889407471694012,1596
10626,4,2.889482252614261,1597
12230,4,2.8919601724688127,1598
5178,4,2.892190661727495,1599
967,4,2.892484465663992,1600
16767,4,2.8930027212183624,1601
16373,4,2.893133784648644,1602
23806,4,2.894578958108538,1603
18561,4,2.896832470539622,1604
12106,4,2.8985534245290325,1605
8730,4,2.8990933919319963,1606
23477,4,2.899209758239874,1607
10605,4,2.8994264002753494,1608
1750,4,2.900733530199405,1609
7098,4,2.9014860549081853,1610
22096,4,2.9014860549081853,1611
9669,4,2.9018548635039023,1612
21231,4,2.902930613729817,1613
14955,4,2.904130647825725,1614
14741,4,2.9071366312071087,1615
19937,4,2.9087577760618353,1616
13227,4,2.909147074405236,1617
12124,4,2.909212020328237,1618
2163,4,2.9106188491992864,1619
6458,4,2.9106188491992864,1620
16318,4,2.91092511319121,1621
14466,4,2.9110877284708367,1622
9930,4,2.9114873740353713,1623
4494,4,2.912127855792812,1624
10265,4,2.914288416983194,1625
18391,4,2.9149252268060994,1626
23929,4,2.9165984625987025,1627
21145,4,2.9171069676972747,1628
2220,4,2.9233161478936895,1629
13078,4,2.9233161478936895,1630
3147,4,2.923564511469421,1631
5208,4,2.924172328836076,1632
19199,4,2.9242009431798404,1633
12335,4,2.924594158358172,1634
1357,4,2.924694171023928,1635
5450,4,2.9265512857350098,1636
10816,4,2.9292993291942295,1637
2873,4,2.9294617555366353,1638
14202,4,2.9304686657840517,1639
3572,4,2.931703327691904,1640
15084,4,2.932222708992111,1641
4370,4,2.9326774896254104,1642
23762,4,2.933112558808728,1643
10955,4,2.9343504035088412,1644
14090,4,2.9347051053669766,1645
16074,4,2.935094120087432,1646
9643,4,2.9351014470506964,1647
8740,4,2.9358837822104125,1648
15285,4,2.9387024518200078,1649
18345,4,2.9406414746602207,1650
16339,4,2.9414833046424396,1651
10331,4,2.942976580006211,1652
5799,4,2.9437661025030897,1653
8393,4,2.944102498152625,1654
23102,4,2.9445965074334945,1655
12913,4,2.9446125686708102,1656
18489,4,2.9448309352331594,1657
21493,4,2.945543934023537,1658
4018,4,2.9457667353302828,1659
4571,4,2.946695964446873,1660
21252,4,2.9467450220503997,1661
16017,4,2.9467838380525153,1662
15927,4,2.950050019377506,1663
926,4,2.951563485943694,1664
363,4,2.952885907446847,1665
16359,4,2.953578906386404,1666
3790,4,2.954547626960756,1667
18004,4,2.954942191854316,1668
19031,4,2.954942191854316,1669
22571,4,2.954942191854316,1670
12448,4,2.95520280217262,1671
13946,4,2.955229803198798,1672
6651,4,2.956125249660512,1673
2521,4,2.9568174050784712,1674
15087,4,2.9568307737641257,1675
20648,4,2.957498137673186,1676
10332,4,2.9578908114524363,1677
23869,4,2.9601006677037596,1678
355,4,2.963147480733601,1679
19067,4,2.9636639291220646,1680
22398,4,2.964345279484285,1681
4581,4,2.9649595782346996,1682
8263,4,2.9652679029667244,1683
19866,4,2.965460750965993,1684
19160,4,2.96566629556963,1685
23706,4,2.9663177180124483,1686
20058,4,2.966414063918967,1687
14772,4,2.968007255311912,1688
10620,4,2.969824394915875,1689
7897,4,2.9707708527465306,1690
13510,4,2.9735875694162774,1691
10270,4,2.9736489222105686,1692
19771,4,2.9745326534685668,1693
17730,4,2.9747755307552195,1694
10668,4,2.974895205000377,1695
4299,4,2.9761561179702403,1696
9077,4,2.9763337872209568,1697
20827,4,2.97633942916488,1698
11843,4,2.9774789239348642,1699
16818,4,2.977887449354121,1700
838,4,2.978689722111856,1701
3724,4,2.9787988403980643,1702
5579,4,2.9813262199689463,1703
20640,4,2.9821590173234167,1704
14846,4,2.9825248157081368,1705
15414,4,2.983684336111823,1706
14446,4,2.9853577634682136,1707
3749,4,2.985410515897728,1708
3495,4,2.986182440994816,1709
20757,4,2.986573811235092,1710
16245,4,2.9869713560627558,1711
1865,4,2.9878345379964797,1712
23742,4,2.9882262295580695,1713
10952,4,2.9884505657412075,1714
5733,4,2.9885727790747003,1715
21111,4,2.9903815141216397,1716
20338,4,2.9904635735850014,1717
4150,4,2.9915069318309917,1718
12420,4,2.992530511386199,1719
5991,4,2.992810834063792,1720
8244,4,2.99297136106724,1721
11471,4,2.9943878288708117,1722
9522,4,2.9964665191148643,1723
5201,4,2.9968584319229525,1724
13564,4,2.9968584319229525,1725
2321,4,2.997406829573535,1726
15099,4,2.9986236620039484,1727
21334,4,2.999887762750955,1728
17382,4,3.000034986523393,1729
2992,4,3.001267437156263,1730
3975,4,3.0022291996564916,1731
12978,4,3.002704637094414,1732
4413,4,3.0028440002531616,1733
13629,4,3.003131313857256,1734
10456,4,3.003518426975603,1735
20227,4,3.0040362869633355,1736
23316,4,3.004391301968801,1737
5838,4,3.0061557381546717,1738
7346,4,3.006209121065173,1739
6817,4,3.006216919284809,1740
4046,4,3.006663511288612,1741
19553,4,3.0069346847637397,1742
9116,4,3.007668281115592,1743
15563,4,3.007668281115592,1744
23126,4,3.007668281115592,1745
3499,4,3.011890224723863,1746
15700,4,3.0123827969672154,1747
6205,4,3.013810882182742,1748
9694,4,3.013810882182742,1749
14952,4,3.013810882182742,1750
21233,4,3.013875788566225,1751
21472,4,3.01415225343584,1752
19109,4,3.016854446569402,1753
1771,4,3.0170248226537986,1754
1017,4,3.017068711441145,1755
20248,4,3.0171015196543585,1756
14871,4,3.017985701738281,1757
11867,4,3.0181075028433724,1758
15651,4,3.0182975344167815,1759
10711,4,3.0184132744236702,1760
8347,4,3.0184871906809994,1761
19150,4,3.019260947725794,1762
7631,4,3.020133914165411,1763
14510,4,3.0205159481045576,1764
14836,4,3.021007454544948,1765
22981,4,3.021127649587697,1766
15072,4,3.021289158583024,1767
20888,4,3.0217763298428553,1768
21689,4,3.0221858273172826,1769
22075,4,3.023073366043473,1770
7741,4,3.0245584395734233,1771
3447,4,3.0256330165631424,1772
18602,4,3.026504216519025,1773
20480,4,3.0267978296313895,1774
20653,4,3.0267978296313895,1775
20420,4,3.0275890749255705,1776
6211,4,3.028975542889441,1777
9438,4,3.029543292930547,1778
6522,4,3.0296517364872955,1779
2021,4,3.0296593167529116,1780
2862,4,3.0296593167529116,1781
13306,4,3.0296593167529116,1782
18567,4,3.0296593167529116,1783
19914,4,3.0296593167529116,1784
10648,4,3.03024450083922,1785
8671,4,3.0303628507403864,1786
9188,4,3.030388386153076,1787
18612,4,3.0312273216613743,1788
20250,4,3.0312273216613743,1789
11698,4,3.031389034121164,1790
17724,4,3.031713755993387,1791
20090,4,3.031788781052248,1792
8096,4,3.0344178189700233,1793
23108,4,3.035096202911825,1794
8184,4,3.0351399166729407,1795
5014,4,3.035683799459412,1796
7639,4,3.037456620374239,1797
20717,4,3.0375589308094524,1798
250,4,3.0378307015147303,1799
23036,4,3.0379115403165904,1800
16378,4,3.0384311537920072,1801
11878,4,3.0391773231913954,1802
13554,4,3.039891924041935,1803
7935,4,3.042307256653214,1804
1206,4,3.04306196048725,1805
9744,4,3.044166432575414,1806
23575,4,3.0458868963501655,1807
13810,4,3.046280049986851,1808
4352,4,3.046515349309431,1809
15415,4,3.046567389464269,1810
3968,4,3.046682446690626,1811
6489,4,3.0477576093911365,1812
20763,4,3.0482261694196517,1813
24007,4,3.049385122280344,1814
9533,4,3.0517353020228226,1815
18317,4,3.05209394244447,1816
16440,4,3.056215438669567,1817
2350,4,3.056362269568322,1818
1374,4,3.0566639762333647,1819
6433,4,3.0578858940129106,1820
8523,4,3.0580361430926075,1821
14392,4,3.058163373482105,1822
7696,4,3.0593711450130914,1823
20558,4,3.0597732575313676,1824
23438,4,3.0615916391654596,1825
4092,4,3.06281991831433,1826
9964,4,3.063029255083256,1827
18045,4,3.0631819230258897,1828
23309,4,3.0632443804465708,1829
12683,4,3.0639267366090346,1830
21606,4,3.0643621937916197,1831
3083,4,3.064626625857637,1832
329,4,3.066193572860798,1833
15020,4,3.0662442143790103,1834
23986,4,3.0668309922324557,1835
3720,4,3.0688470789219315,1836
9551,4,3.0688728014950004,1837
22951,4,3.0688728014950004,1838
5685,4,3.071125163647538,1839
16392,4,3.071744251976989,1840
15331,4,3.072535536010759,1841
17572,4,3.072535536010759,1842
22155,4,3.072535536010759,1843
19830,4,3.07316983105036,1844
11334,4,3.075071987036227,1845
7123,4,3.07618248895609,1846
4219,4,3.0779134253897458,1847
5117,4,3.081182581631763,1848
18156,4,3.081395061366141,1849
9108,4,3.0830613488921195,1850
12196,4,3.083798017525241,1851
17288,4,3.0840513529944324,1852
23659,4,3.0840513529944324,1853
21576,4,3.0842336115664475,1854
20153,4,3.084644836950746,1855
9427,4,3.085733960275583,1856
17474,4,3.085733960275583,1857
23289,4,3.086296502395036,1858
5714,4,3.087340859257718,1859
6902,4,3.088224707202984,1860
21691,4,3.088546333467979,1861
1781,4,3.0892001885546296,1862
6665,4,3.089291459588717,1863
6819,4,3.089291459588717,1864
18169,4,3.089291459588717,1865
18299,4,3.0895113541528625,1866
19438,4,3.0895113541528625,1867
12481,4,3.089728993982939,1868
9314,4,3.089998650409434,1869
7331,4,3.090856238737672,1870
10903,4,3.0911721492699047,1871
6255,4,3.0915005791870316,1872
22069,4,3.092096469097886,1873
22742,4,3.092114523960085,1874
6093,4,3.094572449289358,1875
20183,4,3.095103522434657,1876
23781,4,3.097682767626494,1877
22038,4,3.0990413558532106,1878
16821,4,3.0995797073737266,1879
15320,4,3.099922237557168,1880
12497,4,3.1007574574004604,1881
3219,4,3.102218697341615,1882
2847,4,3.102313698374224,1883
15550,4,3.1043848466934088,1884
14738,4,3.104985553788992,1885
9409,4,3.105007057550948,1886
1658,4,3.105509388425287,1887
1211,4,3.106414931487648,1888
10099,4,3.1065416831772974,1889
18066,4,3.1083697579024543,1890
18159,4,3.108441354328434,1891
20332,4,3.109340159281469,1892
3918,4,3.109636174288771,1893
17215,4,3.109636174288771,1894
17853,4,3.109636174288771,1895
10364,4,3.110297589750992,1896
18035,4,3.1103415935908396,1897
20309,4,3.1103415935908396,1898
16590,4,3.1107560810506434,1899
23176,4,3.111303477167105,1900
8666,4,3.1128410128856787,1901
4732,4,3.1139586094469305,1902
22103,4,3.114120199991041,1903
15831,4,3.1156148009248215,1904
14678,4,3.1161647195349755,1905
6966,4,3.116509726383738,1906
23857,4,3.1193575330521193,1907
8051,4,3.120131812219195,1908
22283,4,3.120131812219195,1909
4814,4,3.1210993906629363,1910
4523,4,3.1216077643551756,1911
3718,4,3.122569541990042,1912
1253,4,3.123620966783082,1913
1557,4,3.12367272339394,1914
17567,4,3.1242229084037794,1915
4295,4,3.1255124034203803,1916
15451,4,3.125753662820057,1917
11494,4,3.1266049394519957,1918
16533,4,3.1276172658199806,1919
901,4,3.127854534890737,1920
16631,4,3.128825347391619,1921
13775,4,3.1292950914629785,1922
21928,4,3.129845061569489,1923
3795,4,3.131345329502418,1924
11070,4,3.131632843042563,1925
14656,4,3.131632843042563,1926
14337,4,3.1324102469617197,1927
9187,4,3.132432557351142,1928
7210,4,3.1325295618782616,1929
6158,4,3.1329243694483386,1930
1131,4,3.133837772473498,1931
1280,4,3.133837772473498,1932
1462,4,3.133837772473498,1933
1938,4,3.133837772473498,1934
2366,4,3.133837772473498,1935
2453,4,3.133837772473498,1936
3293,4,3.133837772473498,1937
3463,4,3.133837772473498,1938
3807,4,3.133837772473498,1939
4377,4,3.133837772473498,1940
5181,4,3.133837772473498,1941
5248,4,3.133837772473498,1942
5790,4,3.133837772473498,1943
5908,4,3.133837772473498,1944
6389,4,3.133837772473498,1945
6703,4,3.133837772473498,1946
6947,4,3.133837772473498,1947
7312,4,3.133837772473498,1948
7367,4,3.133837772473498,1949
8045,4,3.133837772473498,1950
8646,4,3.133837772473498,1951
9398,4,3.133837772473498,1952
10050,4,3.133837772473498,1953
10343,4,3.133837772473498,1954
11359,4,3.133837772473498,1955
11761,4,3.133837772473498,1956
11792,4,3.133837772473498,1957
12592,4,3.133837772473498,1958
15690,4,3.133837772473498,1959
15955,4,3.133837772473498,1960
16047,4,3.133837772473498,1961
17348,4,3.133837772473498,1962
17561,4,3.133837772473498,1963
17593,4,3.133837772473498,1964
17951,4,3.133837772473498,1965
19492,4,3.133837772473498,1966
19869,4,3.133837772473498,1967
19923,4,3.133837772473498,1968
20358,4,3.133837772473498,1969
20404,4,3.133837772473498,1970
22042,4,3.133837772473498,1971
23710,4,3.133837772473498,1972
20080,4,3.1339333377723095,1973
20106,4,3.134288338223704,1974
3178,4,3.1349639291550235,1975
18490,4,3.1355332967554768,1976
3483,4,3.1358267205613912,1977
11764,4,3.1363566973380124,1978
2879,4,3.136746721347955,1979
23537,4,3.137754549486356,1980
12100,4,3.138551244150853,1981
3304,4,3.1387884291084425,1982
19310,4,3.138812745350587,1983
10557,4,3.1392461520632744,1984
11671,4,3.139639171743834,1985
19761,4,3.1401175311074407,1986
19862,4,3.1424734720017042,1987
18149,4,3.143299760121619,1988
6308,4,3.143532852061198,1989
7894,4,3.1440870808935486,1990
3192,4,3.1454149203885575,1991
20790,4,3.145557252605912,1992
12999,4,3.1463440914375904,1993
10590,4,3.146385855087372,1994
1777,4,3.1467313744965053,1995
13329,4,3.1475162161741452,1996
22531,4,3.147739566155238,1997
596,4,3.148197407663932,1998
15194,4,3.148197407663932,1999
21989,4,3.148197407663932,2000
8180,4,3.1497664375847423,2001
4595,4,3.150690341805764,2002
9112,4,3.153033931115449,2003
19921,4,3.1532676464864506,2004
20473,4,3.1533264232275413,2005
15658,4,3.1534651167031287,2006
7924,4,3.1551923629899354,2007
5003,4,3.156317206503063,2008
65,4,3.1566609786134845,2009
15051,4,3.1583131088942196,2010
6215,4,3.1614784047117515,2011
19143,4,3.1622042810437683,2012
3957,4,3.162445752833801,2013
1296,4,3.1625805673948957,2014
23778,4,3.1625805673948957,2015
678,4,3.163630764071353,2016
22641,4,3.164293034454822,2017
3705,4,3.1653687960410286,2018
3057,4,3.1656056295135953,2019
10082,4,3.1660397213087377,2020
9540,4,3.1674260797316736,2021
12578,4,3.1691048535409694,2022
13593,4,3.1698323662100787,2023
5270,4,3.1698929538746046,2024
12721,4,3.1714854712423586,2025
11793,4,3.172098382837748,2026
1906,4,3.173306026001523,2027
8407,4,3.1735462771129725,2028
14739,4,3.173950847336122,2029
22734,4,3.1745398688275865,2030
14619,4,3.1747609974408593,2031
11291,4,3.176947922297776,2032
1053,4,3.1776473886430887,2033
20383,4,3.177969870870978,2034
6642,4,3.18078251715628,2035
22815,4,3.181936719375963,2036
3021,4,3.183288822240805,2037
10739,4,3.1839444467846323,2038
23565,4,3.187700505756513,2039
18921,4,3.1880084042030825,2040
8710,4,3.1884289909710084,2041
6001,4,3.1889676573644055,2042
4069,4,3.1890866924394117,2043
9564,4,3.1894718948398224,2044
4429,4,3.1914058769096165,2045
16691,4,3.1937126117127104,2046
14504,4,3.1955586045325473,2047
5024,4,3.197588299866233,2048
8004,4,3.197778140741062,2049
14665,4,3.1988831095554886,2050
2001,4,3.1997017994225243,2051
6020,4,3.2000161898804356,2052
1878,4,3.2005891562907274,2053
8218,4,3.2022283107839478,2054
10949,4,3.202368500294922,2055
16813,4,3.202860942604778,2056
18124,4,3.203063103810329,2057
1774,4,3.203580692511229,2058
3275,4,3.203630526622968,2059
8909,4,3.203630526622968,2060
8223,4,3.206220430384243,2061
2561,4,3.2080369994917306,2062
19526,4,3.210340105788595,2063
5952,4,3.211471576432961,2064
12636,4,3.212521591143051,2065
3820,4,3.212820324407598,2066
13741,4,3.214797955636299,2067
16190,4,3.21563802824908,2068
6192,4,3.2168307409372257,2069
22639,4,3.2175566413625822,2070
15157,4,3.2188756320329674,2071
18513,4,3.219026032184812,2072
20374,4,3.2198413488677553,2073
19717,4,3.221374578506117,2074
10330,4,3.2215136243158042,2075
7811,4,3.222051550162173,2076
9061,4,3.2223160294468793,2077
5837,4,3.2231276602688927,2078
18110,4,3.224703417762511,2079
23157,4,3.226428040224047,2080
17880,4,3.226530404808858,2081
9916,4,3.227429035613181,2082
2336,4,3.228365360218897,2083
9873,4,3.2297203962264915,2084
22068,4,3.229856966615049,2085
19496,4,3.2298788093974378,2086
1682,4,3.2310296631341733,2087
4525,4,3.2310299305429107,2088
6270,4,3.2312691584167488,2089
15490,4,3.235780630441905,2090
4115,4,3.239836671756712,2091
6068,4,3.23996968651233,2092
13595,4,3.2405525267099646,2093
2794,4,3.241304770174113,2094
21887,4,3.2417519038837117,2095
11846,4,3.2439868348693763,2096
15267,4,3.245949247848294,2097
1879,4,3.2469331968195547,2098
9469,4,3.246939892918039,2099
6098,4,3.2483147752764086,2100
8604,4,3.248439809065678,2101
4855,4,3.248892150350463,2102
23533,4,3.2527450104749778,2103
23381,4,3.252900267384502,2104
6855,4,3.253491343181037,2105
7388,4,3.253491343181037,2106
7025,4,3.254178326336562,2107
19688,4,3.254192804036352,2108
18630,4,3.25459287479084,2109
10237,4,3.2548823601625063,2110
4209,4,3.2552675604499828,2111
16347,4,3.255616908370783,2112
10926,4,3.2574857637056818,2113
18044,4,3.2579377343291407,2114
15278,4,3.2588033151063005,2115
21407,4,3.259636255325904,2116
1646,4,3.259772220398553,2117
6784,4,3.2604663007663874,2118
3678,4,3.260731147074003,2119
10242,4,3.2607500195392567,2120
11548,4,3.261503158672715,2121
19639,4,3.261736113057267,2122
5075,4,3.262736194629731,2123
17409,4,3.2629459922621176,2124
13077,4,3.2635709401453314,2125
3078,4,3.263908130069872,2126
6693,4,3.263977064744291,2127
22070,4,3.263991816720932,2128
7504,4,3.26564301046579,2129
10783,4,3.266823693052779,2130
12474,4,3.2713391065741564,2131
12561,4,3.272557457898524,2132
22277,4,3.272616465529144,2133
14486,4,3.2754910443538714,2134
6239,4,3.2776095583075,2135
20210,4,3.2781375703342546,2136
3407,4,3.2781683635541214,2137
9909,4,3.2783485290984276,2138
20340,4,3.2785288270339192,2139
22208,4,3.2787867447296244,2140
16536,4,3.280363624064931,2141
22891,4,3.280363624064931,2142
2892,4,3.280393826945555,2143
13140,4,3.2807488273996603,2144
5165,4,3.28173118138492,2145
14791,4,3.2819899557314183,2146
1290,4,3.2833344432213463,2147
13661,4,3.285669973206047,2148
17006,4,3.2887504222140396,2149
19716,4,3.2904137209109323,2150
6444,4,3.291251617029044,2151
3027,4,3.291661577149181,2152
14413,4,3.291831864411681,2153
20806,4,3.2920287349650965,2154
12388,4,3.29378582788874,2155
17394,4,3.2944253133733206,2156
200,4,3.2947788343287825,2157
4235,4,3.2962983352982342,2158
16429,4,3.296406766024535,2159
14735,4,3.2965852864859775,2160
23033,4,3.297029499753936,2161
4339,4,3.2991053105307317,2162
13766,4,3.3000008124084146,2163
6725,4,3.300501238879587,2164
15805,4,3.300998143838837,2165
328,4,3.3013591962813047,2166
2404,4,3.3030298367837676,2167
23532,4,3.3037400885275945,2168
20516,4,3.3043435618456845,2169
1089,4,3.305210504589529,2170
10161,4,3.3076178678826476,2171
23356,4,3.3076178678826476,2172
12571,4,3.307750807936061,2173
4398,4,3.308120147664094,2174
7863,4,3.309013760245281,2175
6512,4,3.3125675632448717,2176
2050,4,3.3134400967254654,2177
4634,4,3.3147655088896038,2178
12790,4,3.3157218558691497,2179
19443,4,3.3157218558691497,2180
17824,4,3.316515953882466,2181
14563,4,3.3172237164459646,2182
23887,4,3.3202503057540214,2183
5981,4,3.3216206057232145,2184
3512,4,3.3220485876893275,2185
5849,4,3.322523456915392,2186
6338,4,3.322523456915392,2187
7860,4,3.322523456915392,2188
11361,4,3.322523456915392,2189
21265,4,3.322523456915392,2190
263,4,3.3227259147992028,2191
19558,4,3.323344836323235,2192
4683,4,3.3246279455588645,2193
8404,4,3.325967864781384,2194
21308,4,3.3272571409530483,2195
15740,4,3.3301375623346834,2196
22654,4,3.330839309617779,2197
23524,4,3.3313854550683577,2198
6120,4,3.332608328931615,2199
23301,4,3.3327558210994903,2200
16737,4,3.335763413125685,2201
22473,4,3.335763413125685,2202
8195,4,3.3357958811870154,2203
5225,4,3.3359249644576145,2204
5128,4,3.3390449384556735,2205
19278,4,3.339846415373365,2206
7529,4,3.3409269103086126,2207
9927,4,3.3411200401911576,2208
21553,4,3.341961869448105,2209
15411,4,3.345154282041615,2210
16945,4,3.3460200041945862,2211
21097,4,3.346332517909013,2212
3361,4,3.346361510483416,2213
1514,4,3.346915949700943,2214
16944,4,3.347254963584974,2215
21730,4,3.34787841737314,2216
19994,4,3.348211029789336,2217
20893,4,3.3491236545079675,2218
1446,4,3.349597460986859,2219
6958,4,3.3519680924480935,2220
23432,4,3.352826411208936,2221
9059,4,3.353515124181325,2222
4421,4,3.3562139688136945,2223
14270,4,3.356947138014524,2224
13089,4,3.3572669082705593,2225
23339,4,3.357473243037051,2226
23027,4,3.3576979876034065,2227
1064,4,3.358418173666185,2228
14662,4,3.3596216680938307,2229
12596,4,3.362379897414883,2230
11457,4,3.3644490854744715,2231
15100,4,3.364776349940156,2232
16405,4,3.3663591375370636,2233
17953,4,3.366542412622694,2234
20384,4,3.367960371713083,2235
19942,4,3.3691591522068602,2236
10559,4,3.370423206052595,2237
21281,4,3.370423206052595,2238
23374,4,3.3704605761826043,2239
18085,4,3.3710283347786083,2240
1512,4,3.3727526413138396,2241
16566,4,3.373770561721853,2242
3971,4,3.3743352525225485,2243
11674,4,3.3743352525225485,2244
15313,4,3.3743352525225485,2245
22751,4,3.3743352525225485,2246
515,4,3.376650877603338,2247
532,4,3.376650877603338,2248
21626,4,3.3772500242817207,2249
23267,4,3.379140311288463,2250
20712,4,3.381547590667009,2251
22931,4,3.3818323478527836,2252
12493,4,3.3822800546513476,2253
14503,4,3.382422335524685,2254
17203,4,3.3836541818442303,2255
14452,4,3.3848006509257775,2256
17172,4,3.3848006509257775,2257
23236,4,3.3848006509257775,2258
1566,4,3.3859759306994155,2259
16432,4,3.3864763975534604,2260
15224,4,3.387827953459977,2261
15577,4,3.388625242049443,2262
12272,4,3.3898278443546705,2263
22665,4,3.390745181570967,2264
6099,4,3.391271478928256,2265
22591,4,3.3915374147249824,2266
17990,4,3.39318721117024,2267
4668,4,3.3943832475545186,2268
18629,4,3.3949910186961887,2269
5254,4,3.3955910449866358,2270
18463,4,3.3958450198312966,2271
11965,4,3.397438769338523,2272
5459,4,3.3981482272990466,2273
9451,4,3.398664157126892,2274
9768,4,3.39962653418366,2275
10835,4,3.4011491845515023,2276
10293,4,3.401598305454206,2277
2388,4,3.402919563842877,2278
3236,4,3.4037732311105957,2279
4754,4,3.407777217407544,2280
11116,4,3.410048568153307,2281
438,4,3.4101716189346996,2282
18061,4,3.4101716189346996,2283
18305,4,3.4101716189346996,2284
11452,4,3.4105251027593657,2285
13226,4,3.4105251027593657,2286
9588,4,3.4116348529106126,2287
15119,4,3.413324344939499,2288
5984,4,3.413664833638168,2289
18219,4,3.414094036641305,2290
7323,4,3.4144246905042355,2291
12308,4,3.4157443372595218,2292
7511,4,3.4168456012129775,2293
12881,4,3.4169895451620964,2294
3875,4,3.4183735680922114,2295
22221,4,3.4185936051328367,2296
3402,4,3.4198851582977663,2297
23054,4,3.420244648511872,2298
20808,4,3.4204438062689237,2299
21541,4,3.4208044205672747,2300
21666,4,3.420806122287316,2301
5236,4,3.4232560843713817,2302
15914,4,3.4236746819649087,2303
12458,4,3.4256481773223912,2304
1734,4,3.425983270691533,2305
1759,4,3.427664423769068,2306
5454,4,3.427986922007873,2307
22032,4,3.4281787362489036,2308
12050,4,3.428232996788707,2309
14593,4,3.428497331207306,2310
8785,4,3.429956810424445,2311
6411,4,3.434754927237405,2312
17807,4,3.434754927237405,2313
22819,4,3.434754927237405,2314
23218,4,3.434754927237405,2315
23911,4,3.4367453602636395,2316
18778,4,3.437565659435323,2317
20841,4,3.437565659435323,2318
7327,4,3.437948683380547,2319
20495,4,3.437948683380547,2320
22543,4,3.440551412991637,2321
18640,4,3.4429772013036506,2322
12088,4,3.445305279447356,2323
3655,4,3.4456086589982986,2324
8842,4,3.446234048923652,2325
15548,4,3.4474970176416693,2326
7355,4,3.4475386836540935,2327
22138,4,3.447661275770882,2328
4406,4,3.4523256713112183,2329
20781,4,3.453058262589591,2330
22587,4,3.4610087418760362,2331
11205,4,3.4639673249173417,2332
2060,4,3.4643497709771474,2333
13002,4,3.4677163554443746,2334
20240,4,3.469110512304889,2335
2288,4,3.4728524895830786,2336
23552,4,3.478738221950475,2337
7974,4,3.479402842626887,2338
5142,4,3.4815883001867647,2339
2846,4,3.4830597761424436,2340
684,4,3.48372965353966,2341
6476,4,3.48372965353966,2342
2568,4,3.484723948893641,2343
17416,4,3.4850211281653287,2344
16343,4,3.4853274070860336,2345
5900,4,3.486397242481694,2346
2271,4,3.486962046354239,2347
10162,4,3.4873089651267546,2348
21899,4,3.4873237337954457,2349
1601,4,3.4884373551455634,2350
10554,4,3.4886098875585305,2351
9673,4,3.4891526071568393,2352
496,4,3.48994779331904,2353
21323,4,3.49044928985011,2354
8510,4,3.492496125290249,2355
9437,4,3.492496125290249,2356
11784,4,3.492496125290249,2357
15076,4,3.492496125290249,2358
22635,4,3.492496125290249,2359
17433,4,3.495440683267928,2360
22589,4,3.495875203278866,2361
3450,4,3.4960436946718034,2362
3732,4,3.4960436946718034,2363
5078,4,3.4960436946718034,2364
11330,4,3.4960436946718034,2365
12312,4,3.4960436946718034,2366
13386,4,3.4960436946718034,2367
18732,4,3.4960436946718034,2368
22368,4,3.4960436946718034,2369
20537,4,3.496271915943076,2370
13679,4,3.4968404807416524,2371
15124,4,3.497035950568678,2372
3204,4,3.497109871162078,2373
4662,4,3.4973173069887378,2374
18436,4,3.4973173069887378,2375
14233,4,3.4975203824495424,2376
21094,4,3.499148666802296,2377
6764,4,3.5041940307923256,2378
11218,4,3.5041940307923256,2379
12678,4,3.5050857828777313,2380
7216,4,3.506621314600816,2381
651,4,3.5082813703598354,2382
687,4,3.5082813703598354,2383
1713,4,3.5082813703598354,2384
2576,4,3.5082813703598354,2385
3310,4,3.5082813703598354,2386
3913,4,3.5082813703598354,2387
5783,4,3.5082813703598354,2388
5818,4,3.5082813703598354,2389
5945,4,3.5082813703598354,2390
6329,4,3.5082813703598354,2391
7895,4,3.5082813703598354,2392
10957,4,3.5082813703598354,2393
10965,4,3.5082813703598354,2394
10973,4,3.5082813703598354,2395
11046,4,3.5082813703598354,2396
11316,4,3.5082813703598354,2397
11497,4,3.5082813703598354,2398
11991,4,3.5082813703598354,2399
12652,4,3.5082813703598354,2400
12842,4,3.5082813703598354,2401
14309,4,3.5082813703598354,2402
14759,4,3.5082813703598354,2403
15949,4,3.5082813703598354,2404
16628,4,3.5082813703598354,2405
17306,4,3.5082813703598354,2406
17978,4,3.5082813703598354,2407
17984,4,3.5082813703598354,2408
19291,4,3.5082813703598354,2409
19308,4,3.5082813703598354,2410
19360,4,3.5082813703598354,2411
19990,4,3.5082813703598354,2412
21076,4,3.5082813703598354,2413
22466,4,3.5082813703598354,2414
23360,4,3.5082813703598354,2415
5613,4,3.509803425516029,2416
347,4,3.5111391563403083,2417
2086,4,3.5112910179148518,2418
15203,4,3.5115655155672094,2419
14602,4,3.512462654731541,2420
20491,4,3.517675384734022,2421
19844,4,3.5184564974562123,2422
18604,4,3.5187365643148754,2423
21408,4,3.519774555222943,2424
3019,4,3.520379192638662,2425
19919,4,3.5217583605523135,2426
23495,4,3.527563082909077,2427
16806,4,3.532059892834129,2428
22912,4,3.532356831825964,2429
9573,4,3.5396837296553025,2430
4568,4,3.541890933742576,2431
15023,4,3.5447486320833193,2432
21313,4,3.545120246612783,2433
6954,4,3.546255657005422,2434
20961,4,3.5468566078268755,2435
2340,4,3.5476181220582514,2436
11386,4,3.548598329570098,2437
16054,4,3.5523886710841337,2438
11951,4,3.5529801262339067,2439
16686,4,3.5535826565829884,2440
13203,4,3.5542773413347453,2441
19828,4,3.5555486300774195,2442
12877,4,3.5576632618031545,2443
2186,4,3.5602405556636225,2444
11366,4,3.5615831719217694,2445
16200,4,3.5626912829303397,2446
23700,4,3.5705099911752334,2447
15237,4,3.572813860973494,2448
8291,4,3.573342747583239,2449
4722,4,3.5737073128288936,2450
9857,4,3.573994606801231,2451
14453,4,3.573994606801231,2452
21944,4,3.5763622387814546,2453
7014,4,3.5765557005912463,2454
20513,4,3.5771575477397133,2455
12410,4,3.577391305534358,2456
15711,4,3.5777144090292246,2457
17961,4,3.5818124067401307,2458
13616,4,3.5824545492237236,2459
1270,4,3.583145707188868,2460
7044,4,3.5839200864996332,2461
23405,4,3.5871978856183264,2462
8791,4,3.5885060323111686,2463
22303,4,3.5899401116992316,2464
20085,4,3.5910989297850424,2465
19745,4,3.5919585738830753,2466
21713,4,3.5922068081907432,2467
17768,4,3.5924759629899556,2468
2261,4,3.5925103666645666,2469
22672,4,3.5925103666645666,2470
20534,4,3.592520618250158,2471
5337,4,3.595043970215078,2472
4078,4,3.5952886421548937,2473
798,4,3.5958183823605268,2474
5420,4,3.5958183823605268,2475
1917,4,3.596932331453767,2476
7832,4,3.596932331453767,2477
23651,4,3.597345929159828,2478
21469,4,3.5989517094147194,2479
5846,4,3.6004372585211635,2480
7839,4,3.600859421577651,2481
4916,4,3.600989923811703,2482
5297,4,3.600989923811703,2483
10073,4,3.600989923811703,2484
12333,4,3.600989923811703,2485
12427,4,3.600989923811703,2486
16910,4,3.600989923811703,2487
19720,4,3.600989923811703,2488
21201,4,3.600989923811703,2489
21819,4,3.606874297647535,2490
20778,4,3.6078136475090505,2491
12306,4,3.607874448726553,2492
19461,4,3.608336766438467,2493
3497,4,3.6093193639196817,2494
6493,4,3.6093193639196817,2495
6564,4,3.6093193639196817,2496
7200,4,3.6093193639196817,2497
7548,4,3.6093193639196817,2498
17033,4,3.6093193639196817,2499
17671,4,3.6093193639196817,2500
21966,4,3.6093193639196817,2501
22588,4,3.6093193639196817,2502
23510,4,3.6093193639196817,2503
209,4,3.6128721386111673,2504
385,4,3.6128721386111673,2505
405,4,3.6128721386111673,2506
566,4,3.6128721386111673,2507
576,4,3.6128721386111673,2508
700,4,3.6128721386111673,2509
784,4,3.6128721386111673,2510
1005,4,3.6128721386111673,2511
1470,4,3.6128721386111673,2512
1982,4,3.6128721386111673,2513
2077,4,3.6128721386111673,2514
3108,4,3.6128721386111673,2515
3136,4,3.6128721386111673,2516
3308,4,3.6128721386111673,2517
3592,4,3.6128721386111673,2518
4425,4,3.6128721386111673,2519
4477,4,3.6128721386111673,2520
4719,4,3.6128721386111673,2521
4769,4,3.6128721386111673,2522
4967,4,3.6128721386111673,2523
5269,4,3.6128721386111673,2524
5699,4,3.6128721386111673,2525
5898,4,3.6128721386111673,2526
6581,4,3.6128721386111673,2527
6758,4,3.6128721386111673,2528
7206,4,3.6128721386111673,2529
7266,4,3.6128721386111673,2530
7688,4,3.6128721386111673,2531
8052,4,3.6128721386111673,2532
8476,4,3.6128721386111673,2533
8640,4,3.6128721386111673,2534
9406,4,3.6128721386111673,2535
9592,4,3.6128721386111673,2536
10849,4,3.6128721386111673,2537
11090,4,3.6128721386111673,2538
13289,4,3.6128721386111673,2539
13387,4,3.6128721386111673,2540
13952,4,3.6128721386111673,2541
14463,4,3.6128721386111673,2542
15019,4,3.6128721386111673,2543
15324,4,3.6128721386111673,2544
15675,4,3.6128721386111673,2545
16355,4,3.6128721386111673,2546
16574,4,3.6128721386111673,2547
17359,4,3.6128721386111673,2548
18377,4,3.6128721386111673,2549
18455,4,3.6128721386111673,2550
18507,4,3.6128721386111673,2551
19257,4,3.6128721386111673,2552
19266,4,3.6128721386111673,2553
19377,4,3.6128721386111673,2554
19383,4,3.6128721386111673,2555
19620,4,3.6128721386111673,2556
19892,4,3.6128721386111673,2557
20060,4,3.6128721386111673,2558
20076,4,3.6128721386111673,2559
20547,4,3.6128721386111673,2560
21022,4,3.6128721386111673,2561
21898,4,3.6128721386111673,2562
22534,4,3.6128721386111673,2563
22653,4,3.6128721386111673,2564
22925,4,3.6128721386111673,2565
23067,4,3.6128721386111673,2566
23253,4,3.6128721386111673,2567
23508,4,3.6128721386111673,2568
23514,4,3.6128721386111673,2569
9245,4,3.61457825550467,2570
8720,4,3.6163496142107947,2571
23610,4,3.6179890524066165,2572
23214,4,3.6185743544983535,2573
46,4,3.6211742473022466,2574
136,4,3.6211742473022466,2575
649,4,3.6211742473022466,2576
693,4,3.6211742473022466,2577
918,4,3.6211742473022466,2578
1138,4,3.6211742473022466,2579
1269,4,3.6211742473022466,2580
1367,4,3.6211742473022466,2581
1482,4,3.6211742473022466,2582
2009,4,3.6211742473022466,2583
2202,4,3.6211742473022466,2584
2569,4,3.6211742473022466,2585
2598,4,3.6211742473022466,2586
2724,4,3.6211742473022466,2587
3435,4,3.6211742473022466,2588
3781,4,3.6211742473022466,2589
3973,4,3.6211742473022466,2590
4444,4,3.6211742473022466,2591
4690,4,3.6211742473022466,2592
5357,4,3.6211742473022466,2593
5543,4,3.6211742473022466,2594
5867,4,3.6211742473022466,2595
6174,4,3.6211742473022466,2596
6283,4,3.6211742473022466,2597
6843,4,3.6211742473022466,2598
6862,4,3.6211742473022466,2599
6931,4,3.6211742473022466,2600
7564,4,3.6211742473022466,2601
7575,4,3.6211742473022466,2602
7583,4,3.6211742473022466,2603
7619,4,3.6211742473022466,2604
7625,4,3.6211742473022466,2605
7689,4,3.6211742473022466,2606
8825,4,3.6211742473022466,2607
8925,4,3.6211742473022466,2608
8973,4,3.6211742473022466,2609
9096,4,3.6211742473022466,2610
11231,4,3.6211742473022466,2611
11920,4,3.6211742473022466,2612
12304,4,3.6211742473022466,2613
12583,4,3.6211742473022466,2614
13321,4,3.6211742473022466,2615
14091,4,3.6211742473022466,2616
14801,4,3.6211742473022466,2617
15346,4,3.6211742473022466,2618
15365,4,3.6211742473022466,2619
15372,4,3.6211742473022466,2620
15764,4,3.6211742473022466,2621
15825,4,3.6211742473022466,2622
15844,4,3.6211742473022466,2623
16034,4,3.6211742473022466,2624
16393,4,3.6211742473022466,2625
16733,4,3.6211742473022466,2626
17113,4,3.6211742473022466,2627
17161,4,3.6211742473022466,2628
17429,4,3.6211742473022466,2629
17554,4,3.6211742473022466,2630
17716,4,3.6211742473022466,2631
18094,4,3.6211742473022466,2632
18225,4,3.6211742473022466,2633
18399,4,3.6211742473022466,2634
18484,4,3.6211742473022466,2635
18823,4,3.6211742473022466,2636
18898,4,3.6211742473022466,2637
18961,4,3.6211742473022466,2638
19253,4,3.6211742473022466,2639
19556,4,3.6211742473022466,2640
19576,4,3.6211742473022466,2641
19809,4,3.6211742473022466,2642
19813,4,3.6211742473022466,2643
19836,4,3.6211742473022466,2644
19936,4,3.6211742473022466,2645
19955,4,3.6211742473022466,2646
19957,4,3.6211742473022466,2647
19981,4,3.6211742473022466,2648
20002,4,3.6211742473022466,2649
20061,4,3.6211742473022466,2650
20129,4,3.6211742473022466,2651
20331,4,3.6211742473022466,2652
20333,4,3.6211742473022466,2653
20503,4,3.6211742473022466,2654
20912,4,3.6211742473022466,2655
21372,4,3.6211742473022466,2656
21865,4,3.6211742473022466,2657
22274,4,3.6211742473022466,2658
22344,4,3.6211742473022466,2659
22679,4,3.6211742473022466,2660
22788,4,3.6211742473022466,2661
22875,4,3.6211742473022466,2662
23100,4,3.6211742473022466,2663
23278,4,3.6211742473022466,2664
23336,4,3.6211742473022466,2665
23343,4,3.6211742473022466,2666
23470,4,3.6211742473022466,2667
23473,4,3.6211742473022466,2668
23799,4,3.6211742473022466,2669
23876,4,3.6211742473022466,2670
23906,4,3.6211742473022466,2671
23998,4,3.6211742473022466,2672
24025,4,3.6211742473022466,2673
3548,4,3.6227824102365016,2674
645,4,3.624772676625248,2675
9514,4,3.6274103720864757,2676
4140,4,3.62996383001334,2677
11133,4,3.6322964304518464,2678
7457,4,3.6325526338826744,2679
1773,4,3.6346950657259463,2680
1419,4,3.641716356765153,2681
10763,4,3.6430176282782116,2682
19894,4,3.643023141266212,2683
17091,4,3.6472267925388175,2684
20003,4,3.657514412523004,2685
3387,4,3.6607329803584343,2686
10058,4,3.664002132005914,2687
10592,4,3.6727164068033815,2688
23897,4,3.684622923776052,2689
13284,4,3.68679749132044,2690
6614,4,3.68908839868262,2691
14686,4,3.68908839868262,2692
10124,4,3.689536183731958,2693
9884,4,3.6995757198184545,2694
439,4,3.702666298312812,2695
17804,4,3.707809129662346,2696
18837,4,3.707956247497621,2697
12049,4,3.7093826719353995,2698
419,4,3.709435067234714,2699
21449,4,3.710540648923819,2700
19906,4,3.7118366003756758,2701
1246,4,3.7154663430157764,2702
11817,4,3.717460689234172,2703
22968,4,3.720341140765321,2704
22770,4,3.729961396980532,2705
10337,4,3.733381019667021,2706
13039,4,3.738047925453451,2707
21038,4,3.7382419918853134,2708
21424,4,3.7405027118571317,2709
21047,4,3.741195124952047,2710
12478,4,3.7443090678828126,2711
12302,4,3.7478675409585436,2712
22801,4,3.748279119205389,2713
10125,4,3.7495272986761172,2714
16060,4,3.7512025478145774,2715
7106,4,3.762769393135443,2716
22688,4,3.769895384595152,2717
14921,4,3.7702526008844224,2718
953,4,3.773760060607943,2719
5763,4,3.776357037486331,2720
6013,4,3.780904052713396,2721
6445,4,3.780904052713396,2722
4281,4,3.7817373015549767,2723
5121,4,3.783131124653156,2724
7087,4,3.783131124653156,2725
14583,4,3.783131124653156,2726
21592,4,3.783131124653156,2727
20522,4,3.787434389060587,2728
3551,4,3.787448425790557,2729
11797,4,3.787448425790557,2730
12400,4,3.79229528839959,2731
11,4,3.794443011151816,2732
706,4,3.794443011151816,2733
1274,4,3.794443011151816,2734
1672,4,3.794443011151816,2735
1755,4,3.794443011151816,2736
2069,4,3.794443011151816,2737
2101,4,3.794443011151816,2738
2856,4,3.794443011151816,2739
2977,4,3.794443011151816,2740
3047,4,3.794443011151816,2741
3748,4,3.794443011151816,2742
4590,4,3.794443011151816,2743
4639,4,3.794443011151816,2744
4920,4,3.794443011151816,2745
5409,4,3.794443011151816,2746
5508,4,3.794443011151816,2747
5534,4,3.794443011151816,2748
6113,4,3.794443011151816,2749
6737,4,3.794443011151816,2750
7377,4,3.794443011151816,2751
7401,4,3.794443011151816,2752
7930,4,3.794443011151816,2753
8038,4,3.794443011151816,2754
8046,4,3.794443011151816,2755
10294,4,3.794443011151816,2756
10712,4,3.794443011151816,2757
11129,4,3.794443011151816,2758
11746,4,3.794443011151816,2759
12172,4,3.794443011151816,2760
12349,4,3.794443011151816,2761
13713,4,3.794443011151816,2762
14604,4,3.794443011151816,2763
15089,4,3.794443011151816,2764
15333,4,3.794443011151816,2765
15694,4,3.794443011151816,2766
15709,4,3.794443011151816,2767
15731,4,3.794443011151816,2768
16094,4,3.794443011151816,2769
16987,4,3.794443011151816,2770
17130,4,3.794443011151816,2771
18294,4,3.794443011151816,2772
18380,4,3.794443011151816,2773
18450,4,3.794443011151816,2774
18676,4,3.794443011151816,2775
18875,4,3.794443011151816,2776
18914,4,3.794443011151816,2777
19013,4,3.794443011151816,2778
19538,4,3.794443011151816,2779
19652,4,3.794443011151816,2780
19749,4,3.794443011151816,2781
19792,4,3.794443011151816,2782
19812,4,3.794443011151816,2783
20959,4,3.794443011151816,2784
21055,4,3.794443011151816,2785
21078,4,3.794443011151816,2786
21392,4,3.794443011151816,2787
21422,4,3.794443011151816,2788
21503,4,3.794443011151816,2789
22067,4,3.794443011151816,2790
22212,4,3.794443011151816,2791
22698,4,3.794443011151816,2792
22890,4,3.794443011151816,2793
23851,4,3.794443011151816,2794
22428,4,3.7950766030886403,2795
16685,4,3.795329188285385,2796
14696,4,3.7953779536707146,2797
10135,4,3.7959682985532144,2798
2762,4,3.7966271504120366,2799
17860,4,3.7977357380978356,2800
19011,4,3.808363708547774,2801
12232,4,3.808759871068887,2802
16381,4,3.808759871068887,2803
22661,4,3.808759871068887,2804
4112,4,3.809403192855519,2805
15309,4,3.8102095963826987,2806
6511,4,3.815361746719273,2807
2197,4,3.8171860028555282,2808
16161,4,3.818275534817513,2809
7922,4,3.8270350342932136,2810
21030,4,3.8270350342932136,2811
21340,4,3.835177123806448,2812
18519,4,3.8361769101927368,2813
21024,4,3.8450943462089655,2814
1746,4,3.8453971216847203,2815
4861,4,3.8500854624711747,2816
7452,4,3.8500854624711747,2817
16582,4,3.855103590786759,2818
12085,4,3.8583590770697276,2819
14978,4,3.8586309979250317,2820
3553,4,3.865040064145983,2821
9505,4,3.8683016834800217,2822
20450,4,3.8710499533297855,2823
11804,4,3.8726930460994944,2824
6477,4,3.8729564208544196,2825
18154,4,3.8770059678524755,2826
1999,4,3.8771967879120486,2827
6274,4,3.8810772069445703,2828
5811,4,3.884433506331238,2829
4922,4,3.8859333914836722,2830
20989,4,3.8859333914836722,2831
22921,4,3.8859333914836722,2832
10982,4,3.88607765399018,2833
16657,4,3.888664046413682,2834
10519,4,3.8889785078354384,2835
20782,4,3.890052950826516,2836
22842,4,3.8937673686849235,2837
17224,4,3.894352496864467,2838
828,4,3.895188372408526,2839
16495,4,3.9048031108316055,2840
19851,4,3.905186986826993,2841
10962,4,3.905931698652323,2842
22025,4,3.910114029141189,2843
11081,4,3.9135625880706493,2844
11927,4,3.9140143973995887,2845
23504,4,3.9172682044382725,2846
388,4,3.924949090320877,2847
412,4,3.924949090320877,2848
864,4,3.924949090320877,2849
1180,4,3.924949090320877,2850
1712,4,3.924949090320877,2851
1831,4,3.924949090320877,2852
2107,4,3.924949090320877,2853
4888,4,3.924949090320877,2854
5192,4,3.924949090320877,2855
5786,4,3.924949090320877,2856
6532,4,3.924949090320877,2857
7003,4,3.924949090320877,2858
8386,4,3.924949090320877,2859
8408,4,3.924949090320877,2860
11132,4,3.924949090320877,2861
11167,4,3.924949090320877,2862
13767,4,3.924949090320877,2863
13973,4,3.924949090320877,2864
14305,4,3.924949090320877,2865
17799,4,3.924949090320877,2866
19440,4,3.924949090320877,2867
19445,4,3.924949090320877,2868
19701,4,3.924949090320877,2869
20471,4,3.924949090320877,2870
20601,4,3.924949090320877,2871
21412,4,3.924949090320877,2872
21567,4,3.924949090320877,2873
22790,4,3.924949090320877,2874
20999,4,3.926758197143379,2875
2722,4,3.927178179058933,2876
3082,4,3.9276823049021536,2877
8745,4,3.934165710855544,2878
995,4,3.935036286627921,2879
13081,4,3.9379114244556175,2880
21710,4,3.939374155023091,2881
5844,4,3.942019595823899,2882
9888,4,3.9538457763799513,2883
6753,4,3.956423116236086,2884
20237,4,3.9645463698937005,2885
19343,4,3.9653135134529585,2886
15530,4,3.972427390142104,2887
5874,4,3.9769964439112493,2888
8578,4,3.9769964439112493,2889
1347,4,3.983201730832952,2890
1733,4,3.983201730832952,2891
3098,4,3.983201730832952,2892
4515,4,3.983201730832952,2893
11465,4,3.983201730832952,2894
13197,4,3.983201730832952,2895
15018,4,3.983201730832952,2896
17715,4,3.983201730832952,2897
18581,4,3.983201730832952,2898
18588,4,3.983201730832952,2899
19192,4,3.983201730832952,2900
19433,4,3.983201730832952,2901
20506,4,3.983201730832952,2902
20563,4,3.983201730832952,2903
22595,4,3.983201730832952,2904
1611,4,4.002973160278009,2905
2720,4,4.003602763129812,2906
9728,4,4.015730066063722,2907
11209,4,4.027399159135119,2908
20095,4,4.027995731028313,2909
506,4,4.029318487420858,2910
10705,4,4.032338463989761,2911
17349,4,4.0348504183947735,2912
13596,4,4.0393211976237176,2913
8023,4,4.041239554287132,2914
4426,4,4.042232789591034,2915
9565,4,4.044951768351139,2916
22429,4,4.051537219158206,2917
14853,4,4.057669448486046,2918
18464,4,4.061695389451846,2919
23392,4,4.073670520387244,2920
13073,4,4.089933949026854,2921
6984,4,4.09014584608063,2922
4029,4,4.103825970344991,2923
4296,4,4.112568151652115,2924
13261,4,4.122227627232848,2925
2601,4,4.127098665281293,2926
19718,4,4.127472140479957,2927
4859,4,4.127758608297503,2928
1692,4,4.128957001185645,2929
10097,4,4.132814528558096,2930
17533,4,4.136640247984239,2931
1162,4,4.140221315469724,2932
5667,4,4.1470835338744125,2933
10067,4,4.154832573463934,2934
4770,4,4.1572351903090965,2935
13646,4,4.175490647147515,2936
15198,4,4.191953983742585,2937
3332,4,4.2006135921539824,2938
14728,4,4.201164902793835,2939
17781,4,4.202069190994933,2940
3051,4,4.210804104817535,2941
8000,4,4.210804104817535,2942
8518,4,4.210804104817535,2943
10078,4,4.210804104817535,2944
10240,4,4.210804104817535,2945
11469,4,4.210804104817535,2946
12336,4,4.210804104817535,2947
13396,4,4.210804104817535,2948
14376,4,4.210804104817535,2949
14479,4,4.210804104817535,2950
15148,4,4.210804104817535,2951
18533,4,4.210804104817535,2952
21433,4,4.210804104817535,2953
21903,4,4.210804104817535,2954
15564,4,4.2152981287527105,2955
15332,4,4.222541421482037,2956
18384,4,4.222541421482037,2957
20126,4,4.228696029998859,2958
23423,4,4.232864720712988,2959
2826,4,4.2340586661090365,2960
2054,4,4.234826923333259,2961
20282,4,4.255883478403362,2962
4923,4,4.277912877520071,2963
8067,4,4.277912877520071,2964
20783,4,4.277912877520071,2965
2546,4,4.3017088010139455,2966
7861,4,4.320186695852107,2967
23426,4,4.320186695852107,2968
18838,4,4.320638257151173,2969
1014,4,4.3234326581335285,2970
6481,4,4.3234326581335285,2971
9905,4,4.3234326581335285,2972
10595,4,4.3234326581335285,2973
659,4,4.326675145762857,2974
10000,4,4.329094420786019,2975
14776,4,4.329094420786019,2976
10390,4,4.346561988959679,2977
12060,4,4.356351293484148,2978
9801,4,4.412175992417697,2979
17702,4,4.426428726740743,2980
2044,4,4.450636136165806,2981
3598,4,4.450636136165806,2982
6106,4,4.450636136165806,2983
9589,4,4.450636136165806,2984
16717,4,4.450636136165806,2985
20815,4,4.450636136165806,2986
21544,4,4.450636136165806,2987
22460,4,4.450636136165806,2988
7076,4,4.455345430431711,2989
5485,4,4.471773142969135,2990
23025,4,4.490228401578013,2991
313,4,4.525268709507052,2992
3782,4,4.525268709507052,2993
7655,4,4.525268709507052,2994
8409,4,4.525268709507052,2995
9294,4,4.525268709507052,2996
10426,4,4.525268709507052,2997
11907,4,4.525268709507052,2998
12761,4,4.525268709507052,2999
16065,4,4.525268709507052,3000
16889,4,4.525268709507052,3001
21922,4,4.525268709507052,3002
18334,4,4.529202388338548,3003
274,4,4.5591232350336,3004
826,4,4.5591232350336,3005
1068,4,4.5591232350336,3006
1183,4,4.5591232350336,3007
2126,4,4.5591232350336,3008
2555,4,4.5591232350336,3009
2646,4,4.5591232350336,3010
3112,4,4.5591232350336,3011
3117,4,4.5591232350336,3012
3188,4,4.5591232350336,3013
3457,4,4.5591232350336,3014
3537,4,4.5591232350336,3015
3920,4,4.5591232350336,3016
4293,4,4.5591232350336,3017
4448,4,4.5591232350336,3018
4572,4,4.5591232350336,3019
4824,4,4.5591232350336,3020
5180,4,4.5591232350336,3021
5265,4,4.5591232350336,3022
6230,4,4.5591232350336,3023
6471,4,4.5591232350336,3024
6541,4,4.5591232350336,3025
7202,4,4.5591232350336,3026
7264,4,4.5591232350336,3027
7819,4,4.5591232350336,3028
8644,4,4.5591232350336,3029
9141,4,4.5591232350336,3030
9600,4,4.5591232350336,3031
10449,4,4.5591232350336,3032
10892,4,4.5591232350336,3033
11809,4,4.5591232350336,3034
12081,4,4.5591232350336,3035
12091,4,4.5591232350336,3036
12152,4,4.5591232350336,3037
12213,4,4.5591232350336,3038
13211,4,4.5591232350336,3039
13444,4,4.5591232350336,3040
13535,4,4.5591232350336,3041
15661,4,4.5591232350336,3042
16561,4,4.5591232350336,3043
16900,4,4.5591232350336,3044
18116,4,4.5591232350336,3045
18445,4,4.5591232350336,3046
18637,4,4.5591232350336,3047
19191,4,4.5591232350336,3048
19282,4,4.5591232350336,3049
19893,4,4.5591232350336,3050
20350,4,4.5591232350336,3051
20396,4,4.5591232350336,3052
20939,4,4.5591232350336,3053
21853,4,4.5591232350336,3054
22378,4,4.5591232350336,3055
22585,4,4.5591232350336,3056
22974,4,4.5591232350336,3057
1384,4,4.564082326297482,3058
22294,4,4.569377295747304,3059
9944,4,4.622392444966447,3060
12332,4,4.622392444966447,3061
17863,4,4.636414950396991,3062
2017,4,4.6667206515261865,3063
7638,4,4.6667206515261865,3064
9110,4,4.6667206515261865,3065
15843,4,4.6667206515261865,3066
20633,4,4.6667206515261865,3067
21683,4,4.772035261109351,3068
11451,4,4.888148729583585,3069
805,4,4.909806747451413,3070
21847,4,4.92577342834623,3071
21560,4,4.990877861266175,3072
3106,4,4.999457819067608,3073
3907,4,4.999457819067608,3074
5395,4,4.999457819067608,3075
9886,4,4.999457819067608,3076
10677,4,4.999457819067608,3077
14055,4,4.999457819067608,3078
14105,4,4.999457819067608,3079
16098,4,4.999457819067608,3080
17260,4,4.999457819067608,3081
3244,4,5.032701317787984,3082
14039,4,5.11939303474173,3083
652,4,5.205065663640637,3084
2024,4,5.205065663640637,3085
17298,4,5.213293126361701,3086
22715,4,5.213293126361701,3087
7119,4,5.213871492424055,3088
20591,4,5.847932956948208,3089
22073,4,6.114559223601616,3090
2222,5,1.422006428194059,1
2732,5,1.4405811371955144,2
14631,5,1.5071079955708515,3
9591,5,1.5208769470569123,4
14347,5,1.5797066081157676,5
1595,5,1.636040618606504,6
19666,5,1.6614639574063588,7
488,5,1.6847020310221426,8
8360,5,1.6926679662346307,9
19651,5,1.6934143784473137,10
6666,5,1.6979881559082268,11
18072,5,1.7230742830596635,12
15969,5,1.7319366798546687,13
13277,5,1.7325993136083893,14
6153,5,1.7341420678993502,15
12866,5,1.7403550558452363,16
13337,5,1.7405635674511284,17
11056,5,1.7431382484384652,18
460,5,1.754754808564141,19
7513,5,1.7595753112916463,20
3579,5,1.774180593298317,21
18517,5,1.77732913873679,22
18420,5,1.7811353009911641,23
16091,5,1.7891765620924307,24
14839,5,1.791003781323333,25
28,5,1.7927960052745318,26
7102,5,1.7953037296640928,27
2797,5,1.7956300616646745,28
2161,5,1.79769734399491,29
1550,5,1.798838112513792,30
7713,5,1.8037309977869167,31
11389,5,1.8038008414087847,32
9756,5,1.8088314035355946,33
8274,5,1.809246301889927,34
13483,5,1.813245626917043,35
8292,5,1.8171408348943703,36
18308,5,1.8203039865000488,37
15162,5,1.8236631547370552,38
4977,5,1.8257711288604876,39
18947,5,1.82604167363565,40
9425,5,1.8277928826037193,41
37,5,1.8283937959609182,42
8838,5,1.8291398109399732,43
459,5,1.8407884098140426,44
18200,5,1.8446959000956054,45
18877,5,1.8462012591125347,46
9808,5,1.8476868026678113,47
18460,5,1.8540801298271201,48
16678,5,1.8556643210374932,49
9019,5,1.8560258776967016,50
6746,5,1.8586166940590385,51
1256,5,1.8590228766042598,52
9429,5,1.860366757781485,53
12527,5,1.865540331491558,54
10030,5,1.8668664964312518,55
20947,5,1.8670848726895917,56
3560,5,1.8690817530135266,57
1651,5,1.8694941103547675,58
19429,5,1.8719898220412678,59
2217,5,1.8768661979083023,60
18774,5,1.8772731546767656,61
9238,5,1.8795948013923247,62
19247,5,1.8818218804372395,63
7650,5,1.8846237616809465,64
10008,5,1.8950938113837115,65
19022,5,1.8952001096393327,66
10536,5,1.8991936588448277,67
5110,5,1.899942499886233,68
13037,5,1.9020824163789154,69
4397,5,1.9023752689311135,70
3267,5,1.9027809600403214,71
20720,5,1.9030770529856011,72
8183,5,1.9080303542453765,73
1094,5,1.9082882695738534,74
15870,5,1.9088334455008762,75
17563,5,1.9128825304634332,76
9745,5,1.9147228652980128,77
13541,5,1.9168950301712286,78
15417,5,1.9286504237197106,79
12708,5,1.9289859092255393,80
20138,5,1.9299014856532473,81
23220,5,1.9303141613234376,82
22416,5,1.9386546919190746,83
1635,5,1.941299192297953,84
1407,5,1.9426884093388002,85
1705,5,1.9476773453351905,86
23784,5,1.949772915396561,87
5305,5,1.9508477018878376,88
4879,5,1.9510581202987785,89
11623,5,1.952664689360689,90
2995,5,1.953384531232338,91
14612,5,1.9555308511966263,92
616,5,1.9556649815121379,93
2095,5,1.9583305332287195,94
13771,5,1.9594963679868724,95
6827,5,1.9646046294940425,96
12371,5,1.9646873117499744,97
10493,5,1.964892508913297,98
3436,5,1.9660700060596228,99
7787,5,1.970792961649526,100
22988,5,1.9726415444064922,101
2,5,1.9782851106609227,102
20556,5,1.9791417094315957,103
12600,5,1.979704813013962,104
3996,5,1.9814072695716314,105
5437,5,1.983476452074165,106
17917,5,1.986983937656645,107
517,5,1.9880406477439052,108
2300,5,1.9912498349807888,109
2415,5,1.9913584936380293,110
14499,5,1.9939975018773077,111
8603,5,1.9994141896843338,112
11571,5,2.0021750906891858,113
21827,5,2.0037338054356466,114
8676,5,2.010155676208571,115
11735,5,2.0116211840561298,116
4038,5,2.0148227535283327,117
435,5,2.0153035196925915,118
17889,5,2.0178362882133096,119
18697,5,2.0187671782526055,120
23714,5,2.018859888582703,121
23641,5,2.021333507676871,122
4596,5,2.023363775181938,123
20410,5,2.0261916436495615,124
5863,5,2.026323521872209,125
16149,5,2.0268612863162225,126
7658,5,2.0276974597505086,127
15293,5,2.0292065887253643,128
10621,5,2.029457894153068,129
23403,5,2.0296750618437196,130
21822,5,2.032420380531861,131
7201,5,2.0348319018870367,132
12693,5,2.035250339959291,133
7466,5,2.039556374446004,134
16903,5,2.0415227603021204,135
5784,5,2.0432759961160687,136
13087,5,2.044271128172583,137
18043,5,2.0452537276224665,138
3191,5,2.0456787128789293,139
5370,5,2.0458033590060225,140
23310,5,2.0461795402495695,141
6903,5,2.046821054871912,142
16607,5,2.0486427500166102,143
2369,5,2.0493070890471228,144
2557,5,2.050393991200914,145
1039,5,2.0505049308705843,146
16402,5,2.0514521621299897,147
7363,5,2.0516808436654235,148
299,5,2.056156531611668,149
16358,5,2.057008075688776,150
19040,5,2.057721187784166,151
18890,5,2.0578190606981135,152
5204,5,2.0582905011275265,153
1191,5,2.059032500917299,154
14166,5,2.0594163090641695,155
7785,5,2.0595745118283757,156
20051,5,2.0604957721720036,157
14667,5,2.0607323039148993,158
4498,5,2.0632583620670326,159
2500,5,2.065251866637471,160
16772,5,2.0656479497767744,161
6552,5,2.0656514198386686,162
6353,5,2.065792304979577,163
10745,5,2.066831595566783,164
5193,5,2.068915731175816,165
3516,5,2.0698138769282592,166
19453,5,2.070022769183012,167
20349,5,2.0700432571491283,168
11727,5,2.0718643276924618,169
7739,5,2.07286587037673,170
19436,5,2.0730100994284775,171
314,5,2.0734741053181116,172
5617,5,2.073654293309367,173
2645,5,2.074422449205488,174
12599,5,2.075874394898221,175
3241,5,2.0760209741499605,176
12028,5,2.0761262663630777,177
16793,5,2.077990067657264,178
19025,5,2.081178828582439,179
19068,5,2.0817538795082062,180
19064,5,2.0835775292190077,181
18374,5,2.085143141893974,182
8456,5,2.087410386910317,183
1811,5,2.0886499265779452,184
7789,5,2.088674803170333,185
13033,5,2.089568880989337,186
14397,5,2.089779720641884,187
12834,5,2.0899294224593947,188
21619,5,2.0915430382663005,189
23768,5,2.0917063494339625,190
6047,5,2.091867596413897,191
22987,5,2.09393625204531,192
11692,5,2.093989425185733,193
19401,5,2.094993132139459,194
10500,5,2.0957798193999224,195
10065,5,2.096791040240769,196
17277,5,2.097120641979925,197
11134,5,2.0971931528779386,198
6773,5,2.098820464080763,199
7805,5,2.09884740988986,200
21042,5,2.100082669217356,201
5149,5,2.1046157041403584,202
16122,5,2.1046868991193293,203
171,5,2.104761557447951,204
2270,5,2.1047634985737402,205
10889,5,2.107086974998718,206
6566,5,2.1076182828236703,207
21972,5,2.1091998926855338,208
20108,5,2.1123965127871256,209
628,5,2.113208506099492,210
6187,5,2.113564342317571,211
19053,5,2.1151531660812823,212
878,5,2.1164479178466724,213
13229,5,2.117314006569982,214
23482,5,2.118912200277807,215
3146,5,2.1193261659052878,216
23199,5,2.1194794744786836,217
21555,5,2.120314517190321,218
1133,5,2.1208142124038374,219
13222,5,2.120831290224836,220
12882,5,2.121217042489686,221
17672,5,2.1239398561327247,222
5069,5,2.1250540768058386,223
23571,5,2.125888954931182,224
9306,5,2.1264214686963094,225
20255,5,2.126637486338104,226
16560,5,2.127156654768461,227
7896,5,2.1285069041759863,228
1710,5,2.1299900143256365,229
327,5,2.1301442462420406,230
15901,5,2.1308862875423205,231
20299,5,2.1312987921332263,232
1748,5,2.1318983585446327,233
10702,5,2.132891395718222,234
7262,5,2.1356624517551395,235
18643,5,2.135675257684612,236
8755,5,2.136299500282132,237
19508,5,2.1370596766599097,238
15769,5,2.1380457184479793,239
12569,5,2.1381237395678823,240
10259,5,2.1381502401940677,241
4094,5,2.1389602986187155,242
18083,5,2.139034751111649,243
18737,5,2.1390819284997464,244
605,5,2.1392757655105696,245
16276,5,2.139324235635455,246
17969,5,2.139496448297252,247
23294,5,2.141528950083236,248
15760,5,2.1417089007193404,249
548,5,2.142098382962538,250
19970,5,2.142375129652935,251
14366,5,2.1433409034725512,252
21563,5,2.145959232874779,253
2428,5,2.1460648385576118,254
3009,5,2.1474896913079715,255
14132,5,2.1476538566379815,256
16465,5,2.1486236717891503,257
7114,5,2.148808423233984,258
9331,5,2.1491179166343257,259
3153,5,2.1502089835974356,260
9952,5,2.150387785802957,261
18751,5,2.151530927786387,262
9488,5,2.1523450409007228,263
1251,5,2.153597758327421,264
2927,5,2.153923839591142,265
16236,5,2.154167812776531,266
10972,5,2.1550984572662233,267
7910,5,2.155206441743811,268
18375,5,2.155652445964144,269
22311,5,2.155980558149621,270
2596,5,2.156088360591703,271
21087,5,2.1571971238125887,272
18244,5,2.1583355209738007,273
14356,5,2.15936867619324,274
6051,5,2.16298287467961,275
10863,5,2.1633302852417753,276
11856,5,2.1656435134526246,277
19009,5,2.1660047144725234,278
12441,5,2.1672635726422995,279
4805,5,2.167447583979345,280
2563,5,2.167946012368787,281
12236,5,2.168140739967127,282
132,5,2.1685632920350244,283
13730,5,2.1689481427228277,284
19074,5,2.1693500524530824,285
23882,5,2.1697374763368056,286
1018,5,2.1705634956438717,287
2560,5,2.1723039666776267,288
8190,5,2.1727933439001546,289
8167,5,2.1730753611670246,290
18122,5,2.175400708975431,291
20109,5,2.175467573433461,292
6176,5,2.175730580076725,293
2742,5,2.175986880847135,294
21502,5,2.177583760276326,295
5398,5,2.1782636323503892,296
6733,5,2.178552556262992,297
23973,5,2.18168275355507,298
18791,5,2.183194586481477,299
9876,5,2.18468389307895,300
9125,5,2.1848892223253045,301
3905,5,2.1858863453531505,302
7088,5,2.186669757457141,303
14053,5,2.1872717851788566,304
9576,5,2.188071930076118,305
6271,5,2.188197520862934,306
6284,5,2.1919796850441777,307
21414,5,2.1922410632585954,308
11421,5,2.1938666576573462,309
22567,5,2.195399354167982,310
15996,5,2.196157391522869,311
8333,5,2.1966193851122715,312
2549,5,2.1967715932739544,313
21353,5,2.1969208116633467,314
6304,5,2.1988438137971373,315
17112,5,2.199469280589084,316
14290,5,2.1995801956919117,317
5976,5,2.2004766479633235,318
21063,5,2.201567391793334,319
18761,5,2.2017457400578713,320
10040,5,2.2021983125124205,321
7882,5,2.2022092184349327,322
3276,5,2.204193157300268,323
5969,5,2.2043247508776407,324
4050,5,2.204365655215076,325
10383,5,2.2046519012347634,326
15737,5,2.2055815626222994,327
18448,5,2.2058167069943417,328
8162,5,2.206021476284108,329
8565,5,2.206348598397782,330
4159,5,2.2078006484640658,331
3874,5,2.208307697024045,332
6842,5,2.209350300889283,333
22422,5,2.209913068618899,334
23513,5,2.2101844411847815,335
17538,5,2.210326756856901,336
21585,5,2.210948849634037,337
22746,5,2.211386956003244,338
10602,5,2.211455622539242,339
1745,5,2.2140197582388508,340
5576,5,2.21412799000648,341
23765,5,2.2149587864544933,342
21153,5,2.215336649050532,343
2654,5,2.217219351637029,344
19833,5,2.2179938330336246,345
18544,5,2.2190081773931136,346
6600,5,2.2195446525217117,347
1458,5,2.2201985877368053,348
1334,5,2.2204852178632994,349
21701,5,2.2210861775414754,350
14128,5,2.222084405439118,351
16156,5,2.2221930074735337,352
3486,5,2.222452587459179,353
23841,5,2.227575189759047,354
3631,5,2.2285948190348037,355
8571,5,2.228789498543399,356
10628,5,2.229731149388471,357
2674,5,2.2298451657023706,358
2644,5,2.2310533474040692,359
9420,5,2.2315941903451,360
9246,5,2.233243539605659,361
7835,5,2.2335426543114583,362
2723,5,2.233831024582684,363
2870,5,2.2338880450796603,364
22847,5,2.2343724147250006,365
18756,5,2.2348056839878,366
5196,5,2.235524071659745,367
1892,5,2.2365754592675784,368
13364,5,2.236906842458365,369
15251,5,2.2370679542882232,370
881,5,2.237407787926206,371
23580,5,2.2379780052329488,372
15964,5,2.23799994372096,373
273,5,2.2385574111478417,374
6017,5,2.238727780106725,375
2993,5,2.238982170546282,376
22559,5,2.2396913163192242,377
4334,5,2.2408092539721682,378
11606,5,2.241631088950012,379
20901,5,2.2439046103236655,380
2409,5,2.2439917755045933,381
3501,5,2.244296697864643,382
17447,5,2.244486605414885,383
21641,5,2.2451710646072818,384
9466,5,2.2465696362501597,385
19785,5,2.2466317837054,386
831,5,2.247703483418392,387
17462,5,2.2479602500334996,388
472,5,2.248934230088117,389
22133,5,2.2490839945073575,390
22892,5,2.249300387156416,391
17484,5,2.24945436456788,392
2213,5,2.2499879905677878,393
14652,5,2.2501996822752095,394
13565,5,2.2511015422603795,395
15327,5,2.251507747901118,396
9094,5,2.252001644641316,397
1273,5,2.252168789164576,398
2803,5,2.253855259449878,399
20132,5,2.2539484047712817,400
555,5,2.254517389673355,401
10882,5,2.2552513446836886,402
18030,5,2.2555559901237516,403
2037,5,2.2556837522383546,404
8526,5,2.2557585250854464,405
8813,5,2.255767207984023,406
1903,5,2.2580312670654346,407
10106,5,2.260646605981243,408
11263,5,2.260671656521972,409
19727,5,2.260703691880186,410
5471,5,2.262327368380491,411
10704,5,2.262824119204141,412
12470,5,2.26313029613132,413
1838,5,2.2653967202032343,414
5224,5,2.2657535279524548,415
11688,5,2.266298542268645,416
11826,5,2.266674394549546,417
19261,5,2.266699804018733,418
23715,5,2.266953077132608,419
8560,5,2.2684253960162124,420
305,5,2.2707306554757483,421
8712,5,2.2718184684487412,422
1154,5,2.272236792665211,423
11630,5,2.272903249363129,424
13879,5,2.272993422642015,425
14710,5,2.2737275988991428,426
9415,5,2.274317106710821,427
10009,5,2.274371759854128,428
14734,5,2.27547798294092,429
2550,5,2.2759349890498357,430
12150,5,2.2781912482979405,431
2780,5,2.2784979152856324,432
16980,5,2.2794366291119137,433
21117,5,2.2820516086207943,434
10594,5,2.2821113460229254,435
10827,5,2.282329489636632,436
19533,5,2.2828614042162423,437
13285,5,2.2834079859587915,438
19800,5,2.284586897025011,439
518,5,2.285088091941715,440
8594,5,2.2853269431852565,441
23635,5,2.2865056268058135,442
20550,5,2.2868056102591994,443
7779,5,2.2873735635024364,444
21500,5,2.2874477109700293,445
22739,5,2.2878833092673165,446
8239,5,2.287891649546072,447
14610,5,2.288013173529381,448
9485,5,2.288220600626564,449
23448,5,2.288314931478427,450
14065,5,2.289435482752281,451
8225,5,2.2902399783400123,452
7280,5,2.2908380438753837,453
13634,5,2.291786212067204,454
12937,5,2.291841159377738,455
9524,5,2.2923785219121613,456
8547,5,2.2930402100038623,457
2426,5,2.293264977967208,458
7800,5,2.293626471997001,459
2729,5,2.2945968016336185,460
14494,5,2.2946617457609664,461
18800,5,2.2946728708089275,462
8030,5,2.2946791654815835,463
6363,5,2.2948303082772545,464
19488,5,2.2948892959855187,465
14300,5,2.2950489651328336,466
21427,5,2.2969601819778176,467
8026,5,2.297546733694936,468
15016,5,2.2979628217390284,469
5662,5,2.298871868464691,470
10411,5,2.2999041309197055,471
22159,5,2.299938627350756,472
7973,5,2.3006234461704875,473
7579,5,2.3013326850806703,474
1245,5,2.3015687756649195,475
20006,5,2.3016110699230055,476
8828,5,2.30194109755444,477
15510,5,2.3021477318856287,478
19358,5,2.3023132554877126,479
516,5,2.30270919559855,480
3348,5,2.304358454181758,481
7386,5,2.3043926309648595,482
5197,5,2.30476877473505,483
14429,5,2.304887597191134,484
13762,5,2.3051613267751496,485
18899,5,2.305718570844273,486
19565,5,2.3061315767229953,487
12785,5,2.306381295196736,488
13867,5,2.3077919461118737,489
5865,5,2.307846477288473,490
12661,5,2.308405716610536,491
12045,5,2.3086135961671785,492
5850,5,2.3092619432722903,493
17181,5,2.3096798150710742,494
8921,5,2.309679936555166,495
14288,5,2.310168842907595,496
15107,5,2.3107824557907026,497
17008,5,2.31133673431719,498
14940,5,2.3118776610142944,499
20166,5,2.3121743020938355,500
6713,5,2.3126929746574834,501
10445,5,2.313436532325697,502
14749,5,2.3141671452126964,503
15580,5,2.314589534206724,504
22417,5,2.3149138295121197,505
15295,5,2.316156094497047,506
86,5,2.3166902117722974,507
3707,5,2.3167190753207563,508
13086,5,2.318719007813168,509
12233,5,2.3187686572266717,510
2214,5,2.318807282173085,511
21199,5,2.319629304378356,512
11933,5,2.320442662785015,513
19974,5,2.320826810644704,514
6867,5,2.321095307859776,515
4107,5,2.3211000904144563,516
18087,5,2.321131624381842,517
20730,5,2.3221935169249557,518
4748,5,2.3222159455751306,519
11006,5,2.3223387859632734,520
20766,5,2.322845398514523,521
15662,5,2.323225862541565,522
22491,5,2.323444604161281,523
9559,5,2.323790599807479,524
11232,5,2.323874573976924,525
4989,5,2.3238844555130678,526
11730,5,2.3240459725385954,527
13916,5,2.324871386790331,528
13512,5,2.325028726416595,529
862,5,2.3256923326681465,530
18759,5,2.325942859110932,531
16125,5,2.3262973831352034,532
13691,5,2.326306496890382,533
4502,5,2.3265210247298453,534
10146,5,2.3270485706335053,535
8570,5,2.3282110505421327,536
2225,5,2.3282250998762204,537
6858,5,2.3285059082006905,538
1843,5,2.3286489331506712,539
11124,5,2.3292431015206625,540
14475,5,2.3299165131201782,541
13352,5,2.330381416567111,542
11550,5,2.3306421697031756,543
13322,5,2.331146558834048,544
4672,5,2.3323912499378396,545
13655,5,2.332668168959726,546
20855,5,2.3343001621390367,547
13358,5,2.334304492802628,548
15102,5,2.3347470670057016,549
10681,5,2.3359126981288716,550
7597,5,2.336766857022153,551
11105,5,2.3373275970404324,552
22519,5,2.337651857089177,553
9216,5,2.3383410894191456,554
607,5,2.3411394575251325,555
13237,5,2.341311353955477,556
3937,5,2.341381794771041,557
17154,5,2.341734727152218,558
16108,5,2.341759349248352,559
16080,5,2.342471163659741,560
11926,5,2.342496339064687,561
8641,5,2.34284327441369,562
17852,5,2.34285194519061,563
6988,5,2.3433293039758105,564
5334,5,2.3433482903606238,565
5628,5,2.3436926067181774,566
4280,5,2.3438008775653985,567
11904,5,2.3439413845629895,568
4869,5,2.345180192070547,569
22709,5,2.3452345965317316,570
3333,5,2.345550370541248,571
12500,5,2.3456179815393052,572
1579,5,2.3457518693032093,573
14031,5,2.348105578450491,574
11822,5,2.349509924768809,575
8789,5,2.349556808807459,576
6675,5,2.3508120526170035,577
4495,5,2.3513783492326725,578
11551,5,2.3516951214732718,579
14934,5,2.3517370567103355,580
22724,5,2.3521015956137186,581
17726,5,2.352134274971763,582
429,5,2.352272094806841,583
20527,5,2.3532623087275257,584
14552,5,2.3534699402436114,585
12682,5,2.3540931619584486,586
2312,5,2.3544771286876283,587
7122,5,2.35505649072894,588
20107,5,2.356846980076792,589
14089,5,2.3568742066582162,590
4957,5,2.3586987810181372,591
8150,5,2.358861680903653,592
9962,5,2.3593258498504524,593
21095,5,2.3598426548171108,594
16781,5,2.3598887951550997,595
924,5,2.359953799108865,596
17018,5,2.361182648516237,597
9476,5,2.3614710097289535,598
18548,5,2.361498526990814,599
22605,5,2.361667611488308,600
23501,5,2.3622704797618037,601
17472,5,2.3627390414801375,602
4204,5,2.3627908419356856,603
5153,5,2.363845103650605,604
22362,5,2.3639898640191466,605
3637,5,2.364821514918663,606
6126,5,2.3649520166514457,607
5565,5,2.365154376947601,608
21268,5,2.365298757522797,609
13797,5,2.3652994573967168,610
4277,5,2.3660839069267268,611
15757,5,2.3665802494857497,612
10654,5,2.3667205952254076,613
1983,5,2.3670785822036464,614
15149,5,2.3676014237224963,615
3033,5,2.367983086027622,616
8924,5,2.368180927493121,617
11036,5,2.36908651506663,618
18109,5,2.369520973823728,619
13977,5,2.370610500646781,620
12217,5,2.3708414443523087,621
6037,5,2.37121908160654,622
5875,5,2.3717168534007347,623
22091,5,2.371746308533824,624
9852,5,2.3722631880595646,625
18639,5,2.3723494727441192,626
7124,5,2.3725659336150393,627
478,5,2.3727171857429594,628
9194,5,2.372788811692669,629
11026,5,2.3730141498408774,630
13637,5,2.373233826652574,631
10105,5,2.374637495157184,632
14226,5,2.37485455847841,633
15330,5,2.3749158364144067,634
22074,5,2.374994011821614,635
11378,5,2.375075522441758,636
11949,5,2.375121486119355,637
18654,5,2.3751477935401946,638
7541,5,2.375762296846858,639
16399,5,2.3757861147955794,640
12203,5,2.376433530385737,641
10985,5,2.377241725735014,642
10675,5,2.37725965065221,643
12741,5,2.3775286306538916,644
12650,5,2.377825758730507,645
1311,5,2.3778435317098405,646
20175,5,2.378100231029561,647
6379,5,2.3788013269392088,648
18862,5,2.379184732249769,649
16764,5,2.379286071143032,650
4265,5,2.379457686698732,651
3434,5,2.3795416099907096,652
15958,5,2.380038070077094,653
4808,5,2.3800932401446246,654
16021,5,2.3804106530814977,655
5002,5,2.380719492495409,656
16174,5,2.381024438067533,657
8042,5,2.381097816490195,658
18692,5,2.382457435088342,659
16157,5,2.382542872287222,660
10468,5,2.3830601427074476,661
12111,5,2.384317154466376,662
23821,5,2.3852848154559987,663
13080,5,2.385456744753314,664
9316,5,2.3855452056250686,665
3284,5,2.385917431552751,666
20632,5,2.386103798968376,667
5953,5,2.3862944577897873,668
6163,5,2.3863864905217627,669
22137,5,2.3868046970595365,670
15336,5,2.387111616266769,671
13587,5,2.388337401397006,672
15306,5,2.389359082517659,673
19,5,2.3893634770128207,674
9117,5,2.3898359487047456,675
10094,5,2.3899164258936314,676
6587,5,2.3902447747668214,677
7766,5,2.3933954744678023,678
82,5,2.3950268693405734,679
3400,5,2.3951002055949937,680
11854,5,2.3962854353192538,681
13258,5,2.397016485505927,682
15447,5,2.3979995049976197,683
13343,5,2.398053169151478,684
21305,5,2.3982795217725053,685
23492,5,2.399082256949945,686
10643,5,2.3992167854166637,687
2604,5,2.3995130204771113,688
21766,5,2.4001648311536528,689
20273,5,2.4003259841849167,690
14436,5,2.401449905181732,691
22727,5,2.402056871835879,692
747,5,2.402317582427854,693
14713,5,2.4028811606310434,694
4103,5,2.4039836575237845,695
10326,5,2.4044255668576837,696
5484,5,2.404482305385817,697
8585,5,2.4050689883813394,698
8668,5,2.4051315312776125,699
7055,5,2.405537981925969,700
7740,5,2.4062400423947747,701
5047,5,2.406429008018707,702
9692,5,2.4065873909393867,703
4059,5,2.4066687244185445,704
10127,5,2.4074125186185036,705
7694,5,2.407784255881107,706
9636,5,2.4079393808695277,707
1265,5,2.4081094557002056,708
20813,5,2.408369855931213,709
11552,5,2.410120445530081,710
1037,5,2.4102773609399146,711
8878,5,2.4112307053818527,712
11580,5,2.4117570664013193,713
6027,5,2.412610137064688,714
20740,5,2.4131015908996645,715
892,5,2.413505382710981,716
5693,5,2.414012768573724,717
476,5,2.415064524405935,718
8380,5,2.4151870412449568,719
18356,5,2.415408877360916,720
3546,5,2.41553953679089,721
10890,5,2.415758963465634,722
16282,5,2.4162535763990762,723
18768,5,2.416255680676506,724
19518,5,2.416569225202603,725
14318,5,2.4167081626803766,726
1417,5,2.4170769704431208,727
11365,5,2.4174856170184,728
19982,5,2.4175291989599454,729
9527,5,2.417758418275855,730
5447,5,2.417844317490543,731
8168,5,2.4179845580397905,732
20437,5,2.418534374044463,733
12598,5,2.41886560494331,734
11052,5,2.4190776489410504,735
9333,5,2.419837957860736,736
2880,5,2.4200375966051864,737
11162,5,2.420666777969085,738
18758,5,2.4207238797729587,739
5401,5,2.422060574269799,740
4700,5,2.4220727695192172,741
10271,5,2.4240698130498513,742
20557,5,2.4242077850920594,743
551,5,2.425211370054947,744
6025,5,2.4253139072573893,745
1763,5,2.4253476742473543,746
13201,5,2.425658339749169,747
10219,5,2.426264137734475,748
4383,5,2.42664783022713,749
10960,5,2.4270634831228195,750
4750,5,2.427196425152608,751
4324,5,2.4274468918796797,752
16817,5,2.4281248363704124,753
17706,5,2.4284118933830627,754
20951,5,2.428657044593737,755
17279,5,2.4288698647844487,756
21939,5,2.4289350421630087,757
9712,5,2.42951988333194,758
6386,5,2.429760417768861,759
11380,5,2.430089758265838,760
644,5,2.4302526068886987,761
16630,5,2.430375440698293,762
9720,5,2.43052182312235,763
4813,5,2.430838417936903,764
19984,5,2.4310298661994327,765
14983,5,2.432284394324428,766
113,5,2.4323059468064154,767
8205,5,2.4331739160497095,768
620,5,2.4333439908842873,769
16415,5,2.4338156320900577,770
10216,5,2.4342543808831647,771
20451,5,2.434355138240255,772
12788,5,2.434680813982792,773
10655,5,2.434968308729244,774
19888,5,2.435075744270916,775
21635,5,2.435284361324538,776
336,5,2.4356772936702527,777
6324,5,2.4358390100630407,778
18724,5,2.4358547859213333,779
3813,5,2.436701286043563,780
21262,5,2.436730449445357,781
14148,5,2.4376238050216354,782
4304,5,2.437842598863891,783
5435,5,2.4382082378241843,784
15626,5,2.4385177966733904,785
20584,5,2.438857541537775,786
18521,5,2.4389546191248628,787
18878,5,2.43935178638283,788
4761,5,2.4394554710601812,789
10134,5,2.440009045212846,790
20381,5,2.440156199670103,791
17709,5,2.4402433934231156,792
10993,5,2.4403429183602525,793
21638,5,2.4409089933513926,794
17167,5,2.4411200698257094,795
21875,5,2.4414932002818825,796
1902,5,2.442006540983143,797
9974,5,2.4423283913622464,798
1704,5,2.443264104868474,799
14834,5,2.443621225541146,800
7474,5,2.4436571623266476,801
1744,5,2.443931718781622,802
22475,5,2.4441548325400557,803
13068,5,2.444359296090669,804
13272,5,2.4443661968541703,805
7220,5,2.4445079265496776,806
20631,5,2.444764651586687,807
112,5,2.4452273946600696,808
21284,5,2.4455230142931126,809
10391,5,2.4458187364428623,810
21530,5,2.446176924876732,811
3716,5,2.4472499544536324,812
7916,5,2.4473448399384523,813
11541,5,2.448448858482068,814
19444,5,2.4484722151235405,815
16531,5,2.448611026904853,816
5507,5,2.44946341332286,817
12942,5,2.449598023333612,818
9010,5,2.4496852801018103,819
23463,5,2.4501481015152913,820
22576,5,2.450759621527875,821
8726,5,2.450936238387721,822
20038,5,2.4512062601372593,823
4655,5,2.452252360605281,824
19630,5,2.4522644348531477,825
10289,5,2.452488153353649,826
15931,5,2.4525909148513407,827
7602,5,2.452785002126071,828
19366,5,2.4529270794064035,829
15736,5,2.4529292339692037,830
22031,5,2.4529371155917747,831
11676,5,2.4529919355059153,832
17504,5,2.45320735909298,833
170,5,2.4536518679829795,834
19940,5,2.4537685098371482,835
15526,5,2.45384440613337,836
17959,5,2.454141800850245,837
8530,5,2.4545736346921156,838
14854,5,2.4553637743573677,839
18227,5,2.4555067978727063,840
12167,5,2.4555952782143655,841
12435,5,2.4560239481088106,842
3958,5,2.4561949423645633,843
17027,5,2.4562538946497976,844
10533,5,2.4565868676405964,845
9098,5,2.4567157841458234,846
16555,5,2.45692762194109,847
10021,5,2.457068589041473,848
7261,5,2.457112911725224,849
2405,5,2.4583113990900096,850
12983,5,2.4586974339794856,851
16477,5,2.4599362522562718,852
3180,5,2.4599495516680143,853
7902,5,2.460157743438479,854
723,5,2.4604368856803736,855
15695,5,2.460794386988859,856
7945,5,2.460925549808923,857
16711,5,2.461629096165535,858
23163,5,2.4623242081944063,859
9111,5,2.4623738421443533,860
4597,5,2.4629549109949234,861
18014,5,2.4631547613126865,862
2836,5,2.4637021124852936,863
19477,5,2.4640451469156366,864
15517,5,2.464148634819721,865
18197,5,2.4648044630629977,866
8434,5,2.465265189642474,867
21398,5,2.465490451246373,868
19679,5,2.46552944098791,869
17734,5,2.4656003913923468,870
13011,5,2.4657840969867966,871
8346,5,2.466047117966473,872
15667,5,2.4665531447818827,873
16053,5,2.4681049092729888,874
22175,5,2.468321880366893,875
21384,5,2.4683377767636774,876
13118,5,2.468620887207182,877
8134,5,2.4687743644257756,878
15715,5,2.468950159543946,879
14936,5,2.4692603884062847,880
2909,5,2.469846951722567,881
10396,5,2.4700178810718625,882
7418,5,2.470108943939342,883
17050,5,2.4702892930481544,884
10984,5,2.4704440450656664,885
22836,5,2.4705933783630174,886
12065,5,2.4711874370866256,887
19258,5,2.4714426697732446,888
9815,5,2.4715151790238163,889
2494,5,2.4716077488745682,890
4625,5,2.4716349590138638,891
2182,5,2.471701505241902,892
7030,5,2.4719227321846993,893
1884,5,2.472085125297459,894
7609,5,2.47264882476412,895
7518,5,2.4726698276713965,896
5681,5,2.4732553505151462,897
20170,5,2.4737770767935556,898
20470,5,2.474053603375814,899
7274,5,2.4743177608155715,900
21723,5,2.4744673836728013,901
22776,5,2.4745000321529615,902
7695,5,2.474589222540509,903
22113,5,2.475531804775181,904
4667,5,2.475616378597921,905
5633,5,2.4758664439211264,906
12469,5,2.4761277782176943,907
23480,5,2.4763778444348894,908
11994,5,2.4763953043031033,909
20944,5,2.476686690373616,910
5267,5,2.476857587348042,911
9345,5,2.4770014603573784,912
19975,5,2.4770897276983987,913
850,5,2.4779633784264643,914
5108,5,2.477992367197035,915
16092,5,2.478022610384844,916
16128,5,2.4784711009654097,917
2188,5,2.478529270567621,918
2082,5,2.478728065679847,919
2641,5,2.4790730661597693,920
1365,5,2.4794485536186293,921
1155,5,2.479947192134189,922
22821,5,2.4800155138239104,923
20685,5,2.4801648759199018,924
16294,5,2.4804256175950514,925
4297,5,2.48051283751598,926
9160,5,2.4805207023543194,927
19172,5,2.4813675219847617,928
8852,5,2.4814593112514634,929
4213,5,2.4815924203945205,930
8860,5,2.4818095871995585,931
17149,5,2.481884922165665,932
10511,5,2.482542778859075,933
4816,5,2.4827189953362425,934
15681,5,2.482974565448557,935
21158,5,2.4830995056431493,936
2825,5,2.4834834782670145,937
7246,5,2.4841104033584234,938
6452,5,2.484360475256216,939
14668,5,2.4844944065084,940
14641,5,2.4847096258852686,941
7093,5,2.4849808234470605,942
23349,5,2.484984288236078,943
4909,5,2.4851352043680097,944
23016,5,2.485199931088292,945
18810,5,2.4866931747867267,946
7320,5,2.4869213406006936,947
6918,5,2.4871678466204665,948
6422,5,2.487658294018159,949
19205,5,2.487709674854182,950
11384,5,2.4879076061298977,951
18403,5,2.4880653207765713,952
20447,5,2.4881024826519793,953
16514,5,2.4884896739871976,954
8025,5,2.4896762298023654,955
16229,5,2.4898891822142506,956
18523,5,2.4905042415193797,957
12832,5,2.490637956903883,958
210,5,2.49182337176064,959
16904,5,2.4928582896672324,960
19871,5,2.493254373602487,961
10013,5,2.4935132359290946,962
4552,5,2.494874150530836,963
19336,5,2.495352379478456,964
10774,5,2.4954144096834954,965
13635,5,2.495637668942547,966
18060,5,2.496197352760605,967
14477,5,2.4966099555167887,968
23916,5,2.498849534435794,969
24008,5,2.4989374871121526,970
5640,5,2.499769577165753,971
5023,5,2.5008351858241156,972
5154,5,2.5008351858241156,973
20304,5,2.501253018254651,974
12231,5,2.5017616992001868,975
534,5,2.502167777401061,976
17756,5,2.502365063737768,977
14012,5,2.502572159945626,978
4838,5,2.50345826345247,979
10447,5,2.503671357588763,980
2996,5,2.5038101224123213,981
8161,5,2.503838500545325,982
17327,5,2.5047785185648537,983
654,5,2.504843203732657,984
18819,5,2.5051572390989607,985
3745,5,2.505607231359449,986
10939,5,2.505666008119849,987
7546,5,2.5056923386317242,988
20097,5,2.5065660295957612,989
15676,5,2.5072883293254207,990
14151,5,2.5077615041661283,991
9023,5,2.5078969495096746,992
5808,5,2.508218141087461,993
10291,5,2.5082367546143187,994
17108,5,2.508623508126967,995
8796,5,2.5095419561298056,996
17258,5,2.510276465418146,997
9443,5,2.5111040069105424,998
17782,5,2.5113011573785418,999
13235,5,2.511449614454765,1000
10752,5,2.5115754424970853,1001
5762,5,2.5129126933339685,1002
5635,5,2.513731738516983,1003
22729,5,2.5140965024563786,1004
15704,5,2.514205423074851,1005
3294,5,2.514297236837635,1006
1738,5,2.5144207683806257,1007
12860,5,2.5145052313818286,1008
9487,5,2.5150489427672085,1009
21059,5,2.5165568500540245,1010
7803,5,2.5167481422368447,1011
1904,5,2.5168643979128396,1012
7427,5,2.516874762609197,1013
4594,5,2.516915320295466,1014
23162,5,2.5169713854714346,1015
17321,5,2.5170475352358546,1016
2860,5,2.51739229330077,1017
16787,5,2.518131016755901,1018
8631,5,2.518431133430732,1019
14383,5,2.5190112029526843,1020
7155,5,2.5194389143167695,1021
7679,5,2.5194991203281654,1022
2746,5,2.519500244634971,1023
6810,5,2.5198397689787253,1024
8343,5,2.519921467869786,1025
21198,5,2.5200522103676923,1026
12574,5,2.5201527314012573,1027
18495,5,2.5203113076988726,1028
676,5,2.520480733277505,1029
21523,5,2.521407786678431,1030
395,5,2.5215476180159526,1031
6872,5,2.521961755842359,1032
9791,5,2.5223053598457397,1033
17929,5,2.5229579365981247,1034
7392,5,2.523098360216503,1035
5684,5,2.5239736263707147,1036
18736,5,2.5241852355538983,1037
18520,5,2.5242505473853676,1038
18846,5,2.5248189005740524,1039
8978,5,2.5258178985270714,1040
7359,5,2.5261006685626834,1041
9510,5,2.526780333418113,1042
6217,5,2.52681054558742,1043
15377,5,2.527313653008159,1044
13252,5,2.5274496296295172,1045
1596,5,2.5276746930801743,1046
11154,5,2.527679050694855,1047
1555,5,2.5281062689913463,1048
9647,5,2.5281669063991825,1049
11294,5,2.528537393111282,1050
16714,5,2.5285753429070335,1051
5657,5,2.5295030505449896,1052
19227,5,2.5296325006526934,1053
15754,5,2.529686144377187,1054
2741,5,2.530199560102224,1055
16506,5,2.530988763504768,1056
8255,5,2.531442845333951,1057
20301,5,2.5314722655407436,1058
14216,5,2.5315105366986916,1059
10160,5,2.531608644737336,1060
197,5,2.5328274633306465,1061
22289,5,2.533075882259972,1062
21557,5,2.5332441192348694,1063
15405,5,2.533553387134432,1064
2600,5,2.533701959971237,1065
13539,5,2.5339120421582777,1066
22496,5,2.534193941655141,1067
1380,5,2.534538969799395,1068
4338,5,2.5347957221478072,1069
9260,5,2.53612561805528,1070
10059,5,2.5372282306237937,1071
4579,5,2.5373625707166965,1072
4919,5,2.537678415597738,1073
6669,5,2.537702632393752,1074
12412,5,2.5379169475958663,1075
6949,5,2.5379286771538534,1076
2781,5,2.538295758855023,1077
10153,5,2.538306318719501,1078
12632,5,2.5383282945488417,1079
4051,5,2.538455888538082,1080
537,5,2.538725784566002,1081
23597,5,2.5389481639466487,1082
21415,5,2.5390341172040727,1083
15891,5,2.5390947330970692,1084
12888,5,2.539264927064159,1085
7464,5,2.540222476177072,1086
19003,5,2.54069658498994,1087
14532,5,2.5409812828663503,1088
7299,5,2.5419771810059886,1089
16713,5,2.5420456717561803,1090
23062,5,2.5422753771913196,1091
1962,5,2.5426221832323934,1092
14918,5,2.5430464110786404,1093
91,5,2.5435967245713136,1094
822,5,2.5442821868098857,1095
9213,5,2.54437712948434,1096
682,5,2.5446319165995344,1097
18007,5,2.544749001698221,1098
3265,5,2.5450286080160947,1099
9482,5,2.5451259996470097,1100
9313,5,2.545278458107648,1101
18714,5,2.5454757901628815,1102
15586,5,2.545905907639771,1103
16166,5,2.546081466646986,1104
16550,5,2.5469480626175387,1105
18946,5,2.5471181228326074,1106
9082,5,2.547182178534233,1107
3952,5,2.5472942238432594,1108
13887,5,2.547747631555147,1109
1741,5,2.5478992182612954,1110
503,5,2.548145625074374,1111
17148,5,2.5481952043413068,1112
6374,5,2.5490299033522046,1113
19306,5,2.549214148150786,1114
17391,5,2.5493219595566536,1115
371,5,2.549358285959809,1116
814,5,2.5493634127708433,1117
1895,5,2.5504896736438196,1118
5502,5,2.551143647647383,1119
12965,5,2.5514192848271033,1120
5597,5,2.5514748878367755,1121
11468,5,2.5516056592952454,1122
8885,5,2.552020040537228,1123
12417,5,2.5523205723394597,1124
2738,5,2.552366508405429,1125
2968,5,2.55298953151005,1126
15615,5,2.553055008821066,1127
23305,5,2.55309290669038,1128
19341,5,2.5535349062219512,1129
540,5,2.5535787291241387,1130
6603,5,2.55401007205585,1131
12344,5,2.5540551754904817,1132
13790,5,2.5541234492995137,1133
6623,5,2.5541321522312694,1134
23385,5,2.5545040285305545,1135
4670,5,2.554539230913567,1136
13561,5,2.5549794118433025,1137
16723,5,2.5550026240775536,1138
24020,5,2.555383647300049,1139
5535,5,2.555480461424816,1140
19457,5,2.555631534683437,1141
5758,5,2.5556573010913524,1142
6470,5,2.555736155876914,1143
21772,5,2.555842998847126,1144
7381,5,2.556093136856998,1145
20241,5,2.5561574571733505,1146
16228,5,2.5563133462129897,1147
23442,5,2.55642073234219,1148
3038,5,2.556980319276327,1149
3159,5,2.5569881178290195,1150
9,5,2.558191460954105,1151
19801,5,2.5591382260152233,1152
9649,5,2.5592897460555264,1153
8212,5,2.559356432378337,1154
6806,5,2.5598998686295222,1155
10039,5,2.5600559888084744,1156
2578,5,2.560231383930738,1157
17972,5,2.560496128691117,1158
9175,5,2.562119103684346,1159
14803,5,2.562251081865615,1160
3729,5,2.5629614774897416,1161
14036,5,2.5633550786790464,1162
608,5,2.5637229930632714,1163
14778,5,2.5638155775626914,1164
12432,5,2.5651832911182377,1165
1400,5,2.565324512797867,1166
19763,5,2.5655745107388213,1167
917,5,2.5655807069463696,1168
757,5,2.5660144713369664,1169
19615,5,2.5670138737310624,1170
22844,5,2.5670690479731624,1171
10062,5,2.5678316450352727,1172
1152,5,2.567916923158859,1173
13910,5,2.568008480028448,1174
6579,5,2.5680109915278004,1175
6450,5,2.568170442489669,1176
12309,5,2.5687172069636897,1177
15342,5,2.5688643638189044,1178
4165,5,2.5700106953667334,1179
1416,5,2.5700199049389805,1180
21539,5,2.5705110367357356,1181
683,5,2.5707338810555793,1182
6920,5,2.570897514197002,1183
17247,5,2.5709085662935567,1184
14679,5,2.5712125887307615,1185
6007,5,2.5714581134477377,1186
11024,5,2.5718688569326673,1187
3246,5,2.5720707313018436,1188
2203,5,2.5721521311832833,1189
16234,5,2.572367100847004,1190
16484,5,2.5725109867387412,1191
5375,5,2.5726493652189513,1192
1803,5,2.5732760415054416,1193
4740,5,2.573406172221039,1194
7745,5,2.573445148893246,1195
14213,5,2.5734523329680496,1196
19251,5,2.5735249662758233,1197
17293,5,2.573902876557313,1198
16923,5,2.574026578510363,1199
20163,5,2.574542950228753,1200
6437,5,2.5750375217167902,1201
17810,5,2.5753820662295266,1202
4332,5,2.5762143918644966,1203
5470,5,2.576312376938527,1204
21680,5,2.5768843087558038,1205
20542,5,2.577294141001633,1206
9666,5,2.5785517961370075,1207
23835,5,2.5785755952828624,1208
22494,5,2.5789266473969055,1209
6789,5,2.5795973884992915,1210
2638,5,2.5796257209370625,1211
20508,5,2.579869664950428,1212
1496,5,2.580561050707425,1213
3193,5,2.5806549379998853,1214
7434,5,2.58154204563365,1215
9655,5,2.582433007110799,1216
21984,5,2.582443368359491,1217
22695,5,2.5825141837880903,1218
12798,5,2.5830819061968024,1219
6291,5,2.5831028893557773,1220
16255,5,2.5834538215715366,1221
5590,5,2.5835262864337367,1222
8011,5,2.5839241250220004,1223
15279,5,2.5844884440770177,1224
17497,5,2.5855026213576147,1225
6340,5,2.5855861918915104,1226
14255,5,2.585614319293936,1227
2925,5,2.5856961339728297,1228
2484,5,2.5857332319381654,1229
8934,5,2.5859753991657093,1230
13805,5,2.5859890262959313,1231
7873,5,2.5863108123727,1232
6409,5,2.587156035407344,1233
6344,5,2.587391797073886,1234
5845,5,2.587441753231483,1235
9338,5,2.587472706246518,1236
15433,5,2.587527773292938,1237
8457,5,2.5876797119296717,1238
20728,5,2.5877591079502023,1239
8851,5,2.5881108657068586,1240
11928,5,2.5884879269850014,1241
18031,5,2.5886775449910524,1242
6924,5,2.5887395937116335,1243
6373,5,2.5889023711256107,1244
11039,5,2.5889822671222253,1245
119,5,2.58909571632049,1246
12631,5,2.5892747763650616,1247
9021,5,2.589533100664663,1248
11961,5,2.5895478585754197,1249
5422,5,2.5896632965595794,1250
20245,5,2.5897505243578136,1251
10100,5,2.59027701898252,1252
7258,5,2.5903708579076117,1253
8365,5,2.5909441911303728,1254
23055,5,2.591919769295439,1255
16099,5,2.5922134071141265,1256
23770,5,2.5923346986982705,1257
21049,5,2.59268526575437,1258
18638,5,2.5928383068609273,1259
11429,5,2.592946531983124,1260
9976,5,2.593195890357033,1261
14222,5,2.59397706652283,1262
12087,5,2.5943558029558518,1263
16750,5,2.5943663506520727,1264
21182,5,2.5949076049299116,1265
17774,5,2.595215254800712,1266
5304,5,2.5952241229635216,1267
1518,5,2.595273518099176,1268
8669,5,2.5955014687266718,1269
9762,5,2.5959839352129785,1270
4532,5,2.596087145529391,1271
3301,5,2.596144456233304,1272
14143,5,2.596174513738919,1273
2827,5,2.5963878201286152,1274
15832,5,2.5967422745653215,1275
16353,5,2.596832024716902,1276
1057,5,2.5968871299790814,1277
1546,5,2.5975423869487115,1278
6734,5,2.5980091895386277,1279
19543,5,2.598110216287137,1280
7191,5,2.5981150059704707,1281
15283,5,2.5985947546168817,1282
10236,5,2.5988985421991146,1283
12891,5,2.5991148990795785,1284
5649,5,2.5991396037580494,1285
10318,5,2.5991591674058756,1286
13644,5,2.5991820976290145,1287
4428,5,2.600110735469812,1288
21251,5,2.6005034771321145,1289
12378,5,2.6008547352655254,1290
19304,5,2.6013040811470622,1291
16397,5,2.601489138873912,1292
9558,5,2.6015366777502194,1293
12821,5,2.6022517293977523,1294
9887,5,2.6027172825850844,1295
16844,5,2.6027223997996103,1296
9204,5,2.60326519098889,1297
22052,5,2.6035240785000293,1298
17503,5,2.604027589895203,1299
11295,5,2.6041011000550287,1300
10118,5,2.6041441818436395,1301
10201,5,2.6044559888402716,1302
5145,5,2.604650743859899,1303
10203,5,2.604804289187934,1304
7736,5,2.6049652269955077,1305
383,5,2.605676955114813,1306
16674,5,2.6056879267378164,1307
703,5,2.606459096750833,1308
13433,5,2.6067136149758854,1309
15727,5,2.6068267155216973,1310
5802,5,2.6072142050368714,1311
7277,5,2.6074324454964932,1312
3015,5,2.6085375890872315,1313
19987,5,2.609043625701947,1314
14412,5,2.6090896881781727,1315
10218,5,2.609114831328761,1316
1483,5,2.6096986789691337,1317
7761,5,2.6100246094458193,1318
13820,5,2.6106421252054126,1319
47,5,2.610662447093548,1320
1455,5,2.610992543590051,1321
3666,5,2.611071929955905,1322
12973,5,2.6117456385062794,1323
13331,5,2.611875745252004,1324
9523,5,2.6119501598361587,1325
19941,5,2.612583494717742,1326
14517,5,2.6131911227462226,1327
594,5,2.613774888412394,1328
12346,5,2.614540742102244,1329
21765,5,2.6151855196077314,1330
2622,5,2.6157217456910953,1331
7751,5,2.6159495507445443,1332
11758,5,2.6163020891835997,1333
15582,5,2.6166438654180375,1334
9069,5,2.6169525809884466,1335
14173,5,2.6170781480420544,1336
17369,5,2.61720936230058,1337
21023,5,2.6172104580306166,1338
15619,5,2.617871252944269,1339
9060,5,2.618169097775449,1340
19122,5,2.618294257998299,1341
301,5,2.6186846607913727,1342
13101,5,2.6189618959167094,1343
14605,5,2.619372427460518,1344
21405,5,2.6196508676532235,1345
11558,5,2.6200001531595603,1346
23006,5,2.6200867298729236,1347
5089,5,2.6203264576785217,1348
4412,5,2.6206729061120577,1349
18449,5,2.6208227212284863,1350
22063,5,2.6210573835071442,1351
22154,5,2.6211762477538953,1352
6014,5,2.621178611716336,1353
13401,5,2.6214627828193637,1354
23632,5,2.621464164232582,1355
12900,5,2.621941699117813,1356
15692,5,2.6219737128952043,1357
2406,5,2.6221860811613884,1358
3101,5,2.6222421886943423,1359
12553,5,2.6233455733516817,1360
12554,5,2.623934473603636,1361
10843,5,2.6240350403649626,1362
3312,5,2.6245907596687172,1363
13719,5,2.624673588641432,1364
6632,5,2.6248409253763954,1365
23838,5,2.625207043852256,1366
12369,5,2.625219708976857,1367
19907,5,2.6252381876442525,1368
2961,5,2.6253006527488716,1369
3862,5,2.625815531822046,1370
22500,5,2.6259142380267986,1371
11210,5,2.626355573445968,1372
10302,5,2.6268042502478486,1373
9043,5,2.6276578651426816,1374
4234,5,2.6277450490933894,1375
11925,5,2.627896675639722,1376
15786,5,2.6279556935749193,1377
17013,5,2.628877580681534,1378
13819,5,2.6291657315002093,1379
18033,5,2.6293531746733407,1380
8883,5,2.629400092318898,1381
4734,5,2.6299762451176227,1382
20734,5,2.630523093574688,1383
2699,5,2.6309707634058173,1384
121,5,2.6310464405089253,1385
11076,5,2.6310496279005284,1386
22010,5,2.6312444613223476,1387
1420,5,2.6312631083042297,1388
8827,5,2.6314758027197525,1389
6212,5,2.632291312157734,1390
21656,5,2.6324464974083437,1391
16365,5,2.632706079001463,1392
16673,5,2.633084383092689,1393
7483,5,2.633346156129949,1394
21343,5,2.633396728938118,1395
16314,5,2.633504657111939,1396
21751,5,2.6337422232133014,1397
9276,5,2.633884521692737,1398
16611,5,2.634056210914815,1399
12454,5,2.6347179690285123,1400
3394,5,2.6349007032865064,1401
6727,5,2.6349143287197316,1402
6350,5,2.634958521700927,1403
11183,5,2.6354986409606367,1404
4944,5,2.635778359623087,1405
22927,5,2.635867749673368,1406
7636,5,2.636095031870972,1407
22975,5,2.636655021292711,1408
1569,5,2.6379544830145565,1409
20423,5,2.638479319194245,1410
12620,5,2.638730272404881,1411
6156,5,2.6398373311084384,1412
22298,5,2.6399031088268434,1413
1679,5,2.6399867899964016,1414
806,5,2.6401367029543796,1415
15762,5,2.640260848592628,1416
6206,5,2.6403314343010735,1417
21672,5,2.640578122816714,1418
20581,5,2.6406813300974656,1419
7742,5,2.640708030932265,1420
10979,5,2.6407603361145315,1421
742,5,2.6409955400727316,1422
9821,5,2.641258990081947,1423
6723,5,2.6418652503892375,1424
21325,5,2.6422041037599375,1425
9525,5,2.6422152294179724,1426
23917,5,2.6422486069107087,1427
13948,5,2.642758269723754,1428
1312,5,2.6427635377007377,1429
942,5,2.6428348163296747,1430
20289,5,2.6428997346299403,1431
2104,5,2.6435022375768242,1432
12990,5,2.6438876599627052,1433
1033,5,2.6448417684568097,1434
20727,5,2.6449184574062024,1435
8635,5,2.6451328138905597,1436
3226,5,2.645477833476972,1437
8111,5,2.6456393405902143,1438
5410,5,2.645780724670101,1439
6396,5,2.646033784989681,1440
16042,5,2.6462633486622424,1441
6812,5,2.6464585987385862,1442
21690,5,2.64650967957261,1443
11027,5,2.6468131171205354,1444
6822,5,2.6469899645095563,1445
20476,5,2.647252991171734,1446
11348,5,2.647264938909314,1447
8677,5,2.6481100407280525,1448
13299,5,2.6483342149576887,1449
4387,5,2.6485050031127235,1450
22651,5,2.6493167499553194,1451
18281,5,2.65011644590552,1452
22832,5,2.6501666717574683,1453
5474,5,2.6502242722681593,1454
11786,5,2.6512357428524282,1455
9536,5,2.651386158705379,1456
2166,5,2.651713073074959,1457
9608,5,2.6517826238485,1458
2121,5,2.6518196776520133,1459
17397,5,2.6518434347687427,1460
7061,5,2.652051531737869,1461
3794,5,2.6524827471742425,1462
2897,5,2.6528747605558918,1463
23149,5,2.6529950098293873,1464
23814,5,2.65324443837323,1465
23497,5,2.6532677012381347,1466
13056,5,2.654284308589152,1467
12311,5,2.654751233575133,1468
13436,5,2.6547802098353577,1469
18187,5,2.6548516505026414,1470
14449,5,2.6551781585614154,1471
5689,5,2.655208719941711,1472
9197,5,2.6555493582820877,1473
13464,5,2.655935952393111,1474
1528,5,2.656018561947359,1475
21645,5,2.6560937269233746,1476
16391,5,2.6562928110125754,1477
12289,5,2.656733994717758,1478
19478,5,2.6577196385695125,1479
18117,5,2.657875802848563,1480
8868,5,2.6578811767021313,1481
7856,5,2.658627883977113,1482
8687,5,2.6589462604783853,1483
13643,5,2.659102136410404,1484
5498,5,2.6591503526946076,1485
20155,5,2.6593313195235555,1486
11894,5,2.660343687170743,1487
21945,5,2.66062351770632,1488
785,5,2.660850527947656,1489
20885,5,2.6608805451452437,1490
15553,5,2.6611139604576577,1491
3143,5,2.6611244696770564,1492
366,5,2.6611434107285183,1493
17043,5,2.6611947308631385,1494
12223,5,2.6612472512820675,1495
19626,5,2.6613937039248237,1496
10141,5,2.661413770693113,1497
17948,5,2.6618718682051745,1498
18536,5,2.66197544387251,1499
10941,5,2.6621958622010253,1500
3039,5,2.6627323221238313,1501
19276,5,2.6636259536489573,1502
13000,5,2.663705978587659,1503
18167,5,2.6638610829732143,1504
16557,5,2.6640502989026165,1505
5638,5,2.664592252853754,1506
13357,5,2.664773505609268,1507
7170,5,2.6649295863032085,1508
15282,5,2.6651943947384464,1509
7970,5,2.6654953534453023,1510
2150,5,2.6666747565261946,1511
5513,5,2.6677263997751357,1512
10281,5,2.667762240709916,1513
10434,5,2.6679519169159267,1514
23337,5,2.6681961233612586,1515
4840,5,2.668844342637166,1516
13256,5,2.6691494994704237,1517
17200,5,2.6693977243206315,1518
21600,5,2.669700622467811,1519
23622,5,2.6701293253356932,1520
4658,5,2.6710846495891216,1521
12789,5,2.6711037474944623,1522
17101,5,2.6715456478073016,1523
14957,5,2.6717349130348285,1524
21738,5,2.6718157867244337,1525
1765,5,2.6718939772882973,1526
2399,5,2.6724652807018314,1527
18950,5,2.672489302996194,1528
15653,5,2.672605447194524,1529
9622,5,2.6728658845588416,1530
15240,5,2.672947531174223,1531
17362,5,2.673059791160296,1532
16779,5,2.673247175607935,1533
1493,5,2.6733727885743157,1534
5084,5,2.673545854612006,1535
22856,5,2.673975188561112,1536
4764,5,2.6740281436539597,1537
13622,5,2.674058311776094,1538
1503,5,2.674220153545227,1539
4384,5,2.674530704425321,1540
13403,5,2.6745583708538665,1541
19811,5,2.6747907964958104,1542
16144,5,2.6754560785408215,1543
14385,5,2.6765370234920027,1544
16894,5,2.676644680680521,1545
9780,5,2.6769587252120495,1546
1717,5,2.6770723269718024,1547
96,5,2.6780725336380877,1548
10942,5,2.6782461616508586,1549
6514,5,2.6784387033939763,1550
14011,5,2.6785008336597773,1551
21051,5,2.6786885739507884,1552
13348,5,2.6789971172809772,1553
18822,5,2.680223415317141,1554
7368,5,2.6806972878331528,1555
1915,5,2.681155974397979,1556
22969,5,2.6812856166832795,1557
845,5,2.681383250758885,1558
1238,5,2.6815470563089296,1559
21187,5,2.682322214898835,1560
18278,5,2.6831393940505954,1561
9654,5,2.683173506037616,1562
15163,5,2.683371559054779,1563
6828,5,2.6836961192788915,1564
8899,5,2.6840684032219095,1565
19052,5,2.6843361884074968,1566
8483,5,2.6845551115813606,1567
6081,5,2.684650122760296,1568
11591,5,2.6848878663800635,1569
14876,5,2.685010161241931,1570
908,5,2.6850220939655776,1571
4647,5,2.6851071250516254,1572
9913,5,2.685271848424083,1573
508,5,2.6854565315658037,1574
13009,5,2.6855522450406655,1575
5458,5,2.6856368011257095,1576
10470,5,2.6866297961776486,1577
1935,5,2.6868527473427286,1578
7371,5,2.686925102271366,1579
16765,5,2.6871971665935233,1580
17025,5,2.6875794997036957,1581
222,5,2.6878026882001085,1582
10210,5,2.688090269355716,1583
19611,5,2.6881013082616416,1584
7523,5,2.6886104578221977,1585
14411,5,2.688670534275949,1586
19138,5,2.688897975716796,1587
16584,5,2.6889170158697944,1588
5207,5,2.6889998729764333,1589
4183,5,2.6895055087803086,1590
16922,5,2.6895344583728025,1591
1699,5,2.6896914565701455,1592
15665,5,2.6898796123595363,1593
22852,5,2.69011315778228,1594
12239,5,2.6901724665101874,1595
13376,5,2.6904692455771926,1596
23611,5,2.6907988160055383,1597
22358,5,2.6910387952649786,1598
13540,5,2.6913734814199484,1599
19827,5,2.691460473321704,1600
2170,5,2.6918008456304054,1601
6547,5,2.6920501310507294,1602
6381,5,2.692185712152666,1603
13429,5,2.692214274908621,1604
8036,5,2.6922980951798494,1605
21421,5,2.692891143884041,1606
12543,5,2.6933437341007225,1607
14115,5,2.6934920037336676,1608
5012,5,2.6935534671784707,1609
8954,5,2.6937843450900196,1610
13788,5,2.6939983814934134,1611
17054,5,2.6942725132780314,1612
15833,5,2.6942799130415276,1613
7128,5,2.6948449222703763,1614
13955,5,2.695384368696652,1615
13574,5,2.6955726945069607,1616
606,5,2.695646073934472,1617
10692,5,2.695793093415386,1618
17463,5,2.6960477426198914,1619
7629,5,2.696278983137012,1620
3378,5,2.6969971245837474,1621
3951,5,2.6974701975841926,1622
12143,5,2.6975876058689345,1623
6071,5,2.6976102842822,1624
12259,5,2.6977647772450766,1625
18431,5,2.6978375295418964,1626
3368,5,2.6980869351720322,1627
22394,5,2.698192185014052,1628
2075,5,2.6987903699310385,1629
10444,5,2.6988653774054594,1630
146,5,2.6991072754685823,1631
20842,5,2.699187916990718,1632
21434,5,2.6993246818786503,1633
17747,5,2.699451660736908,1634
19504,5,2.6994609916242984,1635
17508,5,2.6996621449626925,1636
15900,5,2.6996915990181134,1637
13394,5,2.699707968750548,1638
1751,5,2.699812555805202,1639
10615,5,2.700332466078348,1640
2347,5,2.700385888647891,1641
20803,5,2.7005924265788908,1642
13059,5,2.70109318473611,1643
4343,5,2.701130092478803,1644
11733,5,2.7017772703467418,1645
6836,5,2.7019811027531158,1646
19855,5,2.7020855188898625,1647
10784,5,2.7022053834277284,1648
14972,5,2.7025419435538685,1649
198,5,2.702546156441333,1650
3270,5,2.7027809033219095,1651
14796,5,2.703208231809824,1652
7559,5,2.703357484952672,1653
23646,5,2.703684419895304,1654
8636,5,2.704489134597071,1655
7570,5,2.705281629728014,1656
21089,5,2.705567339584542,1657
12841,5,2.705586006228258,1658
52,5,2.7058374815205997,1659
13305,5,2.7060056329008297,1660
14621,5,2.7061715007444698,1661
6370,5,2.7066071058883785,1662
19144,5,2.7066412530192134,1663
8433,5,2.7069668995854563,1664
9361,5,2.707318868056906,1665
18283,5,2.7074393673800845,1666
14289,5,2.7075741043348542,1667
22349,5,2.70761813792836,1668
22021,5,2.7081293512485467,1669
1846,5,2.7083408546220427,1670
4615,5,2.708862608618614,1671
11684,5,2.709155344579787,1672
23544,5,2.7092801837525955,1673
19601,5,2.7093739760449997,1674
19925,5,2.7097016282010786,1675
8083,5,2.7097108069067155,1676
20208,5,2.709749526137135,1677
11705,5,2.7097678735209882,1678
2789,5,2.7098530291451524,1679
7646,5,2.7101927426078554,1680
13276,5,2.710502259564072,1681
3258,5,2.7105288080615892,1682
2693,5,2.7106345465790525,1683
7328,5,2.7106534751520255,1684
12013,5,2.710688779030934,1685
1093,5,2.7107158171901484,1686
11755,5,2.7109989762880327,1687
15867,5,2.711640399391782,1688
936,5,2.711843197568503,1689
14489,5,2.7122105687529645,1690
23265,5,2.7122552092821604,1691
124,5,2.7124338242776753,1692
16998,5,2.712563776669481,1693
6636,5,2.7131374239633383,1694
9107,5,2.7134735157078995,1695
79,5,2.713578302710274,1696
10397,5,2.713733842938248,1697
8387,5,2.714151076768173,1698
8516,5,2.7142262112033677,1699
21960,5,2.714460732355529,1700
8983,5,2.714686592642589,1701
1436,5,2.7147220768208524,1702
17898,5,2.7148668255118897,1703
16701,5,2.71515832463838,1704
886,5,2.715498709713598,1705
15649,5,2.716104585439683,1706
10503,5,2.7164517862737947,1707
14301,5,2.716580468194282,1708
21217,5,2.7166084254327236,1709
23014,5,2.71673781347955,1710
13185,5,2.716865524661546,1711
11537,5,2.7173154140829774,1712
16038,5,2.71739472790815,1713
20913,5,2.717871542690813,1714
18672,5,2.7182603678175625,1715
102,5,2.718311985141275,1716
18879,5,2.7185607606790168,1717
81,5,2.7186953146667756,1718
7972,5,2.7187583718349373,1719
14879,5,2.7188017329692538,1720
15291,5,2.7196084971957557,1721
4070,5,2.719791680259052,1722
15595,5,2.719884857766272,1723
4510,5,2.720021677380487,1724
6015,5,2.7201960311992113,1725
381,5,2.720294460726994,1726
7876,5,2.720357487210732,1727
14820,5,2.7205294749389957,1728
3636,5,2.720673960873235,1729
7850,5,2.7208261536306724,1730
22147,5,2.720868768909777,1731
2085,5,2.7208806974343136,1732
1144,5,2.7211413364815518,1733
16283,5,2.7212128052225744,1734
12941,5,2.721402246242036,1735
15726,5,2.7218811962579053,1736
11003,5,2.7219008458036136,1737
11977,5,2.722134502092467,1738
12299,5,2.72229041080377,1739
27,5,2.7223255426788078,1740
18840,5,2.722457157208135,1741
10879,5,2.7224936297043487,1742
17857,5,2.722929831044527,1743
16823,5,2.7229736810800946,1744
3803,5,2.7231559769558173,1745
14372,5,2.7235612716039506,1746
1959,5,2.723702947451534,1747
23459,5,2.7237032000331296,1748
22225,5,2.723782336209352,1749
18665,5,2.723912225806013,1750
4305,5,2.723983441467836,1751
5487,5,2.724059692994183,1752
17560,5,2.7243706875512825,1753
21829,5,2.7245475349107378,1754
6293,5,2.724912654907144,1755
7139,5,2.7249846483961315,1756
20545,5,2.724997535850271,1757
9389,5,2.7257821946464533,1758
9478,5,2.7258393357533435,1759
13400,5,2.7263681830613806,1760
10459,5,2.726459285517923,1761
4108,5,2.7264778496694047,1762
10041,5,2.727534101393432,1763
21444,5,2.7277168562071505,1764
9177,5,2.727741402623175,1765
1007,5,2.727753627350418,1766
1148,5,2.7278576954307385,1767
13503,5,2.7279097151762457,1768
22446,5,2.728522638644149,1769
17598,5,2.7285360165852177,1770
14747,5,2.728573537496266,1771
22019,5,2.7290064487100936,1772
12859,5,2.7290259175191727,1773
3443,5,2.729178229849917,1774
9672,5,2.7294443284908954,1775
16474,5,2.7296067131346406,1776
13579,5,2.7296978340058566,1777
18189,5,2.7297305646127286,1778
16908,5,2.730126404282257,1779
2767,5,2.7303857631365345,1780
1920,5,2.7306759795213114,1781
7883,5,2.730859655817382,1782
22929,5,2.7310589332705884,1783
22692,5,2.731377745217783,1784
23417,5,2.7315358720299514,1785
17009,5,2.731925244918159,1786
3066,5,2.7320229564749217,1787
3002,5,2.7320389907395657,1788
12945,5,2.732332578089337,1789
4817,5,2.7323811742398223,1790
15855,5,2.732530321145262,1791
3752,5,2.732856759028755,1792
13780,5,2.7334363529486327,1793
19649,5,2.7336198362876756,1794
20804,5,2.733687656174915,1795
23476,5,2.7338589815188983,1796
18206,5,2.734690056415804,1797
13021,5,2.7347644980511245,1798
16000,5,2.734775566475302,1799
5750,5,2.734821666337152,1800
1617,5,2.734894569750543,1801
7211,5,2.734939071176268,1802
17681,5,2.7350021036602796,1803
16100,5,2.7353183340931726,1804
14795,5,2.7357043820211273,1805
12917,5,2.7357381492234083,1806
8472,5,2.7358190749474955,1807
18071,5,2.7360917628900623,1808
5940,5,2.736496402260801,1809
717,5,2.736797600418595,1810
22296,5,2.7368178960723797,1811
15571,5,2.736887189566436,1812
425,5,2.7373466829067774,1813
7517,5,2.7375724126156395,1814
6272,5,2.7376417127724113,1815
15406,5,2.73777946789721,1816
17892,5,2.7378212911641704,1817
13600,5,2.7379444570142772,1818
11763,5,2.738228159036223,1819
5726,5,2.738401157307553,1820
3342,5,2.739325758561485,1821
6759,5,2.7394463567131018,1822
21591,5,2.7398708607185034,1823
21147,5,2.7401443094120754,1824
10961,5,2.740290300451848,1825
10023,5,2.740411798071951,1826
22388,5,2.740417256085718,1827
1433,5,2.740529298650827,1828
16224,5,2.7406395074482672,1829
15647,5,2.7410386033613614,1830
12328,5,2.741054986868305,1831
22655,5,2.7416304362510244,1832
20612,5,2.7419968442473155,1833
3912,5,2.742083008966402,1834
2084,5,2.7428666395615546,1835
20903,5,2.7434383183627533,1836
17114,5,2.743954268218828,1837
12211,5,2.7439587007077284,1838
18671,5,2.7440044304837756,1839
2841,5,2.7440295828537264,1840
8020,5,2.744311412394217,1841
12386,5,2.744515678123952,1842
16045,5,2.7451089560805855,1843
10038,5,2.7451773938474147,1844
19608,5,2.7452956839574782,1845
19362,5,2.745296228140845,1846
22370,5,2.745398917415949,1847
4943,5,2.7460214658403457,1848
16665,5,2.7465840616197195,1849
12687,5,2.7466291033968155,1850
11566,5,2.7467179153937535,1851
13848,5,2.7471597074660994,1852
3621,5,2.7473578381630888,1853
3058,5,2.747405792829525,1854
23464,5,2.7474286070627634,1855
6643,5,2.7474649698870413,1856
3662,5,2.7475085982552434,1857
923,5,2.7476545398021495,1858
5044,5,2.7483080951184102,1859
7283,5,2.748409800177178,1860
15691,5,2.7487327878830348,1861
16524,5,2.749402444126427,1862
11371,5,2.749595694382593,1863
23008,5,2.7496732969328,1864
23151,5,2.74973702004999,1865
10190,5,2.749769983847298,1866
20932,5,2.750109948073712,1867
2875,5,2.750196196517967,1868
13986,5,2.7503017964834227,1869
21805,5,2.750344491087287,1870
5585,5,2.7504919036432,1871
15441,5,2.7505163464376294,1872
8329,5,2.7506309530675095,1873
16746,5,2.751333658227641,1874
868,5,2.751377251474572,1875
6036,5,2.7517127310386544,1876
4535,5,2.752185585329281,1877
7008,5,2.7524189048199137,1878
13950,5,2.752485097365544,1879
8401,5,2.7527921429127886,1880
20151,5,2.7529272894350476,1881
1366,5,2.7531949924185906,1882
2295,5,2.7532681138606487,1883
3029,5,2.7536274126950144,1884
17339,5,2.7538848439853783,1885
17194,5,2.7540155027838247,1886
12006,5,2.754078759971054,1887
8276,5,2.7544902683414354,1888
242,5,2.7544957638077063,1889
19367,5,2.7546501934151717,1890
15420,5,2.7547470913346825,1891
8085,5,2.7550947791502107,1892
11005,5,2.7551474659356883,1893
8445,5,2.7556894304908535,1894
19690,5,2.7557429523082235,1895
17,5,2.7559729788694076,1896
2136,5,2.7565155161751402,1897
6726,5,2.7568678339522896,1898
9991,5,2.7569178229219524,1899
1739,5,2.7571973835410812,1900
10808,5,2.75738235849195,1901
330,5,2.757504415172419,1902
714,5,2.7579050885961904,1903
23954,5,2.758064717871878,1904
4738,5,2.758395741074014,1905
19027,5,2.7585771036812976,1906
18131,5,2.758591836507767,1907
5339,5,2.7587363808499696,1908
16803,5,2.758976437088168,1909
8461,5,2.7594591542164144,1910
14160,5,2.759618642099644,1911
19002,5,2.7600506466048267,1912
17184,5,2.7604758649651178,1913
11598,5,2.7605377603654704,1914
9919,5,2.7609396585043635,1915
14224,5,2.7609419959762893,1916
12546,5,2.7610293683745635,1917
19248,5,2.761042558401041,1918
12706,5,2.7614545733772067,1919
11941,5,2.7614592158000026,1920
2782,5,2.76206337540519,1921
1076,5,2.762224957625757,1922
7477,5,2.7626625288809645,1923
22558,5,2.7633566980090625,1924
18496,5,2.7633763870254398,1925
9581,5,2.7646969160579635,1926
1255,5,2.764897365658147,1927
21126,5,2.764993728868592,1928
11791,5,2.7653845957012093,1929
13832,5,2.7664676985720464,1930
9464,5,2.7670821521393028,1931
7205,5,2.7670918063318597,1932
3726,5,2.767478835754055,1933
17794,5,2.76748724749242,1934
10634,5,2.7676680680264254,1935
13542,5,2.7683085809152557,1936
3930,5,2.7684544308108627,1937
485,5,2.7685360871101246,1938
12959,5,2.768658817341059,1939
15637,5,2.768681916796587,1940
12698,5,2.768744079917702,1941
7079,5,2.769235800689607,1942
11524,5,2.7694342367322187,1943
21183,5,2.7695400165686714,1944
18241,5,2.769626891054664,1945
15766,5,2.76969054226649,1946
5717,5,2.7699284586514583,1947
21084,5,2.7700114606369395,1948
12948,5,2.7704576583484646,1949
22609,5,2.7707201928207787,1950
11424,5,2.7708573285507274,1951
15073,5,2.7708573285507274,1952
18919,5,2.770889518521062,1953
22659,5,2.7710472775747252,1954
17839,5,2.7712290625588434,1955
7306,5,2.7715511450122556,1956
23653,5,2.771723705553024,1957
18754,5,2.772092682918655,1958
4585,5,2.772187863156496,1959
9716,5,2.772205635262116,1960
427,5,2.7722195093009736,1961
1373,5,2.7722829155585478,1962
22859,5,2.772369355111621,1963
6760,5,2.7731885808003334,1964
810,5,2.7733475552343023,1965
20627,5,2.7733639860314705,1966
5322,5,2.773384122875321,1967
10322,5,2.7735933237962787,1968
10280,5,2.773710956352153,1969
4415,5,2.7737698133992246,1970
16036,5,2.7738588592590223,1971
16527,5,2.7741292957553787,1972
680,5,2.774179084665691,1973
18594,5,2.774521908447523,1974
11958,5,2.7747914337156514,1975
11806,5,2.7752082802177425,1976
2643,5,2.7754650052114127,1977
4811,5,2.7760792148507,1978
287,5,2.7761206710010726,1979
6320,5,2.7762305392374955,1980
22140,5,2.7762428961718384,1981
17611,5,2.7763785250765163,1982
1092,5,2.776602948821485,1983
7792,5,2.7771905657541214,1984
11567,5,2.7773236606777116,1985
20465,5,2.7774914372569945,1986
772,5,2.7776266627544937,1987
20512,5,2.7776525807721897,1988
7942,5,2.7778778361008363,1989
8460,5,2.777880047140058,1990
15034,5,2.778009758624031,1991
14362,5,2.778159974605504,1992
10850,5,2.7783794037964995,1993
4983,5,2.778450944263623,1994
7309,5,2.7787898200614123,1995
14444,5,2.778915682762181,1996
17269,5,2.778949038659138,1997
9434,5,2.779005844682994,1998
12626,5,2.779115858187502,1999
24,5,2.779404782287193,2000
2057,5,2.779711528707263,2001
17007,5,2.7801913404477903,2002
1073,5,2.7803936034798626,2003
1726,5,2.7804112112874275,2004
21369,5,2.780496724388077,2005
14687,5,2.7806854893600805,2006
16656,5,2.781624273630659,2007
11885,5,2.781969711271658,2008
14908,5,2.78245010824148,2009
1002,5,2.78301568413872,2010
12134,5,2.7830179377801896,2011
3385,5,2.7832254738288413,2012
3053,5,2.7834606322929707,2013
5477,5,2.783859522656177,2014
15248,5,2.78416833251131,2015
5731,5,2.784516286577738,2016
22400,5,2.7845873002557986,2017
17732,5,2.78458804118841,2018
14961,5,2.7848930114026134,2019
7909,5,2.7851513005562683,2020
14899,5,2.7851965258614744,2021
3061,5,2.7852125274427606,2022
13378,5,2.7855130477910586,2023
12663,5,2.785580346783322,2024
21,5,2.7858038586007163,2025
7994,5,2.7859752344864703,2026
6635,5,2.7865047160190666,2027
8524,5,2.7867865827271223,2028
11923,5,2.7868289638017796,2029
6598,5,2.7869997003247757,2030
23733,5,2.7872796544858,2031
1844,5,2.7877145058952317,2032
5800,5,2.7877512268997506,2033
12606,5,2.7880807093574207,2034
15951,5,2.788532110945817,2035
5905,5,2.7886710372183985,2036
5050,5,2.7889382580052775,2037
9903,5,2.7891103945201614,2038
1320,5,2.789325769595775,2039
20700,5,2.789332148333366,2040
6542,5,2.7894187686849765,2041
18929,5,2.789681745016373,2042
4454,5,2.7898998843257146,2043
1823,5,2.79043468304135,2044
23909,5,2.7904962923092436,2045
18653,5,2.790720078584039,2046
21533,5,2.791011875310306,2047
19619,5,2.7911641839035917,2048
5648,5,2.7912644383960927,2049
597,5,2.7912797656727166,2050
2535,5,2.7914139463772774,2051
17046,5,2.791600191693339,2052
6866,5,2.79176461774225,2053
20774,5,2.791914627337544,2054
19152,5,2.792583405492678,2055
15120,5,2.79342209114226,2056
19854,5,2.7937899298227755,2057
9241,5,2.7938488700999167,2058
325,5,2.7938714278191457,2059
735,5,2.7941169303181446,2060
1822,5,2.7941349220514433,2061
7366,5,2.79426563901322,2062
14223,5,2.7943553546582884,2063
902,5,2.7945245158961707,2064
7666,5,2.79468162197337,2065
3550,5,2.7947436560708585,2066
17541,5,2.7952182723029937,2067
15897,5,2.7954261388284194,2068
8667,5,2.7957990120799527,2069
17740,5,2.795915015352405,2070
4648,5,2.7959244120789126,2071
4255,5,2.796394736355501,2072
6225,5,2.796483626950091,2073
2632,5,2.7970843325593977,2074
1161,5,2.7971188804415617,2075
4697,5,2.797893855044585,2076
10020,5,2.798134356490384,2077
17002,5,2.798596686129709,2078
2328,5,2.7986368717112518,2079
5356,5,2.7987940180873228,2080
2031,5,2.7987954822555263,2081
4592,5,2.7990148701728716,2082
4026,5,2.7991914005259493,2083
7862,5,2.799606957577152,2084
11525,5,2.799967756327006,2085
2813,5,2.8000946138724,2086
2965,5,2.8004678587213485,2087
14013,5,2.80071447476206,2088
20552,5,2.8010939891658615,2089
9146,5,2.801395408098281,2090
5821,5,2.8016027648437607,2091
11919,5,2.801669720284594,2092
11888,5,2.8019786998269387,2093
11831,5,2.8020947035516186,2094
5291,5,2.8022175247097145,2095
3742,5,2.8024060164810645,2096
2878,5,2.802554228234972,2097
394,5,2.802926355859343,2098
11106,5,2.803061526531763,2099
13839,5,2.803137917072915,2100
19419,5,2.8034499362932683,2101
3772,5,2.8035626959207445,2102
4047,5,2.804112104678903,2103
13523,5,2.804285061582762,2104
14052,5,2.8045937777952146,2105
14799,5,2.8049912274157416,2106
16031,5,2.805845901807973,2107
11787,5,2.806044004293489,2108
5557,5,2.80612841015996,2109
5664,5,2.8062360719213624,2110
11360,5,2.806417091758463,2111
12399,5,2.8066461558718374,2112
18304,5,2.8069801590247794,2113
15976,5,2.8070057325801185,2114
15456,5,2.807281192439356,2115
9248,5,2.8073152094564104,2116
6804,5,2.80747359854007,2117
14389,5,2.807664061412057,2118
13932,5,2.8078061805595524,2119
15152,5,2.8081814267750276,2120
1254,5,2.808923605456028,2121
20220,5,2.8091091452722843,2122
12977,5,2.809141889653744,2123
2594,5,2.8092344190031615,2124
15689,5,2.8092967410566136,2125
16335,5,2.8093021560694553,2126
8364,5,2.809633312003535,2127
17999,5,2.8098836663178623,2128
9366,5,2.8102517938044747,2129
17542,5,2.810610894369901,2130
689,5,2.811764660499782,2131
8702,5,2.811813752093933,2132
6848,5,2.8123188392368443,2133
9206,5,2.812933721777869,2134
16988,5,2.8137002092341947,2135
12749,5,2.815164097938071,2136
2572,5,2.8159741902157043,2137
14758,5,2.8160005968576463,2138
14784,5,2.816158523508211,2139
15982,5,2.816576015371048,2140
20897,5,2.816907978169511,2141
4185,5,2.816919029498342,2142
1542,5,2.816951513760011,2143
22552,5,2.8171028507389457,2144
12278,5,2.817216245437495,2145
16605,5,2.8172462382360632,2146
364,5,2.8172813644954133,2147
18000,5,2.8177792002741646,2148
18817,5,2.8179169123653764,2149
15014,5,2.81806804804833,2150
19519,5,2.8181638205559856,2151
16361,5,2.8186648774023833,2152
16131,5,2.8186882122078627,2153
60,5,2.819071545684695,2154
21881,5,2.819356542864525,2155
2559,5,2.819515922179121,2156
15470,5,2.8198932387224453,2157
23868,5,2.8199302170745937,2158
23980,5,2.819981296432136,2159
17872,5,2.8200675205509413,2160
23866,5,2.8204528449909416,2161
7176,5,2.8205508902560283,2162
20896,5,2.8208455242848083,2163
19026,5,2.8208698283854083,2164
20664,5,2.821015504617162,2165
10719,5,2.8212120118366575,2166
650,5,2.8213830365653774,2167
238,5,2.821528514974866,2168
21310,5,2.8215338228982216,2169
16018,5,2.821878884173827,2170
739,5,2.821985158559582,2171
5706,5,2.821995659103099,2172
2378,5,2.8220789425343957,2173
11363,5,2.822418444399512,2174
5227,5,2.823181767320959,2175
8991,5,2.823189342481234,2176
23414,5,2.823543989517752,2177
8035,5,2.8235529666878456,2178
14088,5,2.8237427981157914,2179
23097,5,2.823970196089029,2180
5675,5,2.824124590193233,2181
15923,5,2.824523827455502,2182
6435,5,2.824860686011659,2183
3184,5,2.825051698393317,2184
978,5,2.825223167867043,2185
8087,5,2.8252261114867356,2186
12479,5,2.825281761804903,2187
20549,5,2.8254130628198006,2188
4642,5,2.825497324345692,2189
21905,5,2.8254976055451753,2190
13230,5,2.825505240022741,2191
20922,5,2.825872975910951,2192
8875,5,2.8259356041478068,2193
23252,5,2.82597762723484,2194
18407,5,2.8260636194433086,2195
3134,5,2.8261069195784705,2196
6196,5,2.8265203578850047,2197
12109,5,2.8267925921074153,2198
2652,5,2.8268653877380454,2199
12293,5,2.8268695252157077,2200
17446,5,2.827012485161931,2201
22841,5,2.8270624816640306,2202
12125,5,2.8273649254743694,2203
3887,5,2.8273865620655534,2204
3658,5,2.8278246619532736,2205
5560,5,2.828111785671201,2206
20082,5,2.828263532585607,2207
5463,5,2.828297380987371,2208
562,5,2.8285450326253256,2209
11379,5,2.828759958912039,2210
6069,5,2.8287838260865166,2211
19897,5,2.8291289923548155,2212
9674,5,2.829270644887774,2213
1742,5,2.829341300184635,2214
511,5,2.829387443383222,2215
4381,5,2.8297513885912142,2216
16434,5,2.8301489639431234,2217
14981,5,2.8302583333741147,2218
9634,5,2.8303354271174195,2219
8538,5,2.830398359557868,2220
9747,5,2.8305022019308543,2221
21631,5,2.8305818339804625,2222
19107,5,2.8308254780603574,2223
21468,5,2.8309110162932396,2224
2263,5,2.83091869446586,2225
18509,5,2.8309807445708697,2226
20669,5,2.8315260850687975,2227
10516,5,2.832170651308412,2228
17707,5,2.832315237566773,2229
153,5,2.8324862588864415,2230
15492,5,2.832837572615264,2231
23363,5,2.832878508333468,2232
14140,5,2.8336474607082125,2233
9302,5,2.8336813733094397,2234
23975,5,2.833879068527459,2235
15255,5,2.833992726374808,2236
23530,5,2.834188718767831,2237
9073,5,2.834349814533674,2238
2640,5,2.8343863196129764,2239
16163,5,2.8346986258950206,2240
12617,5,2.8347759437848894,2241
11773,5,2.8348133611106023,2242
13965,5,2.835037454069581,2243
11107,5,2.8351111116375605,2244
4197,5,2.835448245165455,2245
4400,5,2.8359057861596937,2246
18681,5,2.836057741310258,2247
18972,5,2.8361405131537345,2248
7231,5,2.8362834418863185,2249
11798,5,2.836482317220374,2250
9946,5,2.836606407153886,2251
12491,5,2.8368030331226364,2252
8062,5,2.8371190264461186,2253
3162,5,2.837351104845233,2254
20479,5,2.838123204371513,2255
8589,5,2.8381391471120776,2256
2926,5,2.8383510584416607,2257
18794,5,2.8385024623067037,2258
8960,5,2.839020218388776,2259
18709,5,2.8390436738792535,2260
21018,5,2.839793879789043,2261
9283,5,2.8399050976902993,2262
22590,5,2.8406303983785572,2263
2573,5,2.8408843275873354,2264
1851,5,2.841116218797233,2265
18855,5,2.841162017629446,2266
16593,5,2.8413430722092468,2267
8988,5,2.8413587661032618,2268
5515,5,2.841631022529101,2269
18608,5,2.8417476137454365,2270
2301,5,2.8421420195809675,2271
19273,5,2.842226539590853,2272
19290,5,2.8425429768903134,2273
19004,5,2.8427019960919404,2274
5130,5,2.8428674127583884,2275
14154,5,2.8431282314815,2276
15458,5,2.8433232836970883,2277
11233,5,2.8434652719689293,2278
22130,5,2.8435841224853666,2279
6052,5,2.843808454865462,2280
6463,5,2.8438290138736724,2281
22351,5,2.844215283214843,2282
9195,5,2.8442559243054633,2283
22677,5,2.844296344018108,2284
867,5,2.844435626224007,2285
23833,5,2.8444437399093823,2286
17634,5,2.844632299633572,2287
11639,5,2.8448606874048887,2288
641,5,2.8455316967011806,2289
8606,5,2.8460808396601593,2290
11625,5,2.8462538824507986,2291
21245,5,2.8464808422541377,2292
2994,5,2.8465650652876087,2293
15277,5,2.8466225592844254,2294
10089,5,2.846637481828372,2295
21315,5,2.846781373791771,2296
15109,5,2.8467991556104892,2297
18772,5,2.846799636375335,2298
3343,5,2.847322771371252,2299
22008,5,2.847404764825617,2300
360,5,2.8475793850521867,2301
6028,5,2.8480973318424883,2302
12492,5,2.848395677428332,2303
11911,5,2.848513800198743,2304
1520,5,2.8485412349506514,2305
8848,5,2.8486026861688774,2306
19148,5,2.848870805701247,2307
18689,5,2.849520828569646,2308
9442,5,2.8495933112177676,2309
2318,5,2.8496627803491217,2310
677,5,2.8497543637582314,2311
14215,5,2.849877600379873,2312
23341,5,2.8500635882739345,2313
3065,5,2.850365638036901,2314
22497,5,2.8503713662297048,2315
6748,5,2.8505207416690905,2316
1695,5,2.8506155543698197,2317
4603,5,2.8507097187253385,2318
12688,5,2.85120099921222,2319
20472,5,2.851650060786814,2320
524,5,2.8516580476337015,2321
12916,5,2.85168744102255,2322
10049,5,2.8518374205966515,2323
11436,5,2.852026459544984,2324
19090,5,2.8525005256792526,2325
3914,5,2.852507821989786,2326
21354,5,2.8526999315507733,2327
14688,5,2.852975126866808,2328
19065,5,2.853136914581976,2329
12115,5,2.853311515123131,2330
6252,5,2.853514188533812,2331
12550,5,2.853992116428842,2332
3799,5,2.8542592585795172,2333
13878,5,2.8545051244954562,2334
21034,5,2.8545563191039283,2335
20625,5,2.854600657249662,2336
4721,5,2.8547120361189013,2337
3494,5,2.854762359763772,2338
1352,5,2.8549910533994525,2339
23273,5,2.8554104011165187,2340
10844,5,2.8554962752971282,2341
3363,5,2.8555964676091565,2342
1394,5,2.855643901215481,2343
20931,5,2.855656411714014,2344
3144,5,2.8558498064017943,2345
3335,5,2.8559132686675657,2346
16934,5,2.856294298175614,2347
5999,5,2.8567073894002877,2348
5588,5,2.8572450982996545,2349
2000,5,2.857334604645344,2350
23928,5,2.8576638756505903,2351
12501,5,2.857835730465664,2352
13189,5,2.858025462227139,2353
20911,5,2.8583899460388773,2354
725,5,2.8586332870790616,2355
731,5,2.858654351820231,2356
7249,5,2.858660852361187,2357
12582,5,2.8586938423722112,2358
10773,5,2.8590544733689587,2359
4538,5,2.859194512137288,2360
5215,5,2.859371210546523,2361
3158,5,2.859546688420014,2362
21788,5,2.859713112375146,2363
4239,5,2.859948137877784,2364
10549,5,2.860008573421975,2365
8163,5,2.860821967485521,2366
22848,5,2.8609147871899383,2367
15862,5,2.8610065214894034,2368
9630,5,2.861057708517825,2369
5958,5,2.8613060234445227,2370
13588,5,2.86165225915984,2371
22539,5,2.861752136401051,2372
4000,5,2.86176311783856,2373
18026,5,2.861882298516784,2374
13856,5,2.8621046278100177,2375
11461,5,2.862217979428609,2376
16269,5,2.86258107314732,2377
18902,5,2.862926271393027,2378
610,5,2.8630725102857046,2379
16120,5,2.8631989229820793,2380
23519,5,2.8633682384636616,2381
3917,5,2.863404502424732,2382
9326,5,2.863520145323902,2383
12168,5,2.8639329604941977,2384
20425,5,2.864106132345547,2385
11182,5,2.8643868777649666,2386
21170,5,2.8644261591299367,2387
17234,5,2.8651016800800595,2388
8707,5,2.865195573153698,2389
18042,5,2.865641312300273,2390
15260,5,2.8656515291427462,2391
4939,5,2.8662873111240295,2392
11747,5,2.8663386687085826,2393
6777,5,2.8664033133507685,2394
7531,5,2.866617268976488,2395
11083,5,2.867096063665573,2396
7521,5,2.867292216322614,2397
56,5,2.8677527976619817,2398
15461,5,2.8677897825832006,2399
602,5,2.8680825523349105,2400
21991,5,2.868587198021296,2401
11597,5,2.869385874329273,2402
8548,5,2.869392072513415,2403
13477,5,2.8694857621238263,2404
11140,5,2.8696906272572993,2405
16825,5,2.8697351861232776,2406
5301,5,2.8703624779001706,2407
120,5,2.87061481529409,2408
4631,5,2.870628898402004,2409
10499,5,2.8707938128357657,2410
8189,5,2.870986638447417,2411
13786,5,2.8711303476523593,2412
16492,5,2.8711811625524346,2413
13507,5,2.87119642226216,2414
12433,5,2.8713097886273715,2415
21075,5,2.871522127999902,2416
4608,5,2.871567449137288,2417
10569,5,2.871614662538075,2418
145,5,2.871617999575611,2419
3194,5,2.872315270670391,2420
20822,5,2.8724639967525887,2421
13393,5,2.8727565630034455,2422
14507,5,2.8728702807973225,2423
12340,5,2.872971038206543,2424
10755,5,2.87302093828044,2425
21851,5,2.8730760816408165,2426
9911,5,2.873324527953258,2427
9874,5,2.87422111997078,2428
16016,5,2.874863600849861,2429
1140,5,2.8750340315256318,2430
480,5,2.875360305993555,2431
12521,5,2.8758285797918095,2432
20719,5,2.87588458564331,2433
6082,5,2.876504743227972,2434
15974,5,2.8767444399508584,2435
8176,5,2.8769642039083902,2436
173,5,2.8771402769496723,2437
4460,5,2.8772158220567166,2438
7808,5,2.8772773555228026,2439
11028,5,2.877499456421601,2440
19969,5,2.8777048006842625,2441
4627,5,2.8778824258183313,2442
22955,5,2.878038709934055,2443
22165,5,2.878260294198609,2444
11715,5,2.878433768734525,2445
5212,5,2.879201460308875,2446
11286,5,2.8792949301959454,2447
116,5,2.879315065836403,2448
13900,5,2.8793903073201186,2449
910,5,2.8796077880092943,2450
11029,5,2.8799512347874034,2451
99,5,2.880193930616265,2452
20056,5,2.880526454920711,2453
531,5,2.8810644510084735,2454
9391,5,2.8812154257795894,2455
12519,5,2.8813104472351374,2456
5854,5,2.8813622706503406,2457
2068,5,2.8820606086419156,2458
6065,5,2.8822926511202636,2459
15850,5,2.882486817228998,2460
2403,5,2.882750806879176,2461
14280,5,2.8830299318020924,2462
23891,5,2.8833838294885163,2463
15428,5,2.883474923078483,2464
18557,5,2.8839339503300527,2465
22611,5,2.883937537172448,2466
1554,5,2.8844917323971684,2467
4090,5,2.8845867769579123,2468
12621,5,2.884983672681457,2469
19475,5,2.885101054411829,2470
17328,5,2.8855260062339645,2471
1499,5,2.885793010200009,2472
4080,5,2.8859941145021564,2473
11741,5,2.886147803479344,2474
13967,5,2.8864150219883316,2475
9822,5,2.8865129084996184,2476
11903,5,2.8868883123087388,2477
5327,5,2.887073553382099,2478
8352,5,2.8872455223743296,2479
9917,5,2.887760465517148,2480
3864,5,2.8880860208744936,2481
13063,5,2.8886139561005955,2482
8069,5,2.889084975431329,2483
21314,5,2.8892024873019566,2484
10676,5,2.8892042076136804,2485
6540,5,2.8894396486236777,2486
4570,5,2.8894535993091437,2487
19883,5,2.8901289590682278,2488
1406,5,2.89031591854024,2489
4630,5,2.8903181577034878,2490
16516,5,2.890639761791149,2491
1010,5,2.890874321882758,2492
16449,5,2.8909679670825357,2493
13007,5,2.8911259769378677,2494
19425,5,2.8914988134032216,2495
22033,5,2.8915253019997165,2496
9641,5,2.89175322941037,2497
15459,5,2.891870842624714,2498
3731,5,2.8919158360059125,2499
2635,5,2.892200874481531,2500
17739,5,2.89248917800906,2501
17701,5,2.892624179013595,2502
18826,5,2.8926294945300763,2503
5831,5,2.8936264974906636,2504
6606,5,2.894095731695816,2505
661,5,2.8943930392465833,2506
15111,5,2.894395476110081,2507
16865,5,2.8944360610973634,2508
5074,5,2.8944553040757577,2509
23683,5,2.8944948758481344,2510
19865,5,2.8946348827396067,2511
14490,5,2.894722678460319,2512
10931,5,2.8948776558420555,2513
5176,5,2.8949460654904837,2514
3911,5,2.8949911192121456,2515
6754,5,2.8949978814404895,2516
18318,5,2.8950840113153764,2517
21457,5,2.895233003832198,2518
19236,5,2.8952429727984543,2519
6919,5,2.896121558418469,2520
15325,5,2.896174142666243,2521
2872,5,2.896177150684718,2522
22005,5,2.8962677083221284,2523
5921,5,2.897048682264044,2524
21058,5,2.897104785299489,2525
11675,5,2.897176330768635,2526
17886,5,2.8977553050813976,2527
12409,5,2.897845712227933,2528
1653,5,2.8983027968814516,2529
12524,5,2.8983308802936043,2530
14775,5,2.8987964774508397,2531
3377,5,2.8988899689165653,2532
13456,5,2.89921648277915,2533
14339,5,2.899223914433025,2534
2092,5,2.8994536869072745,2535
8033,5,2.8995125215869453,2536
2274,5,2.899760750324815,2537
19643,5,2.899839153322247,2538
3366,5,2.8999953194582964,2539
19379,5,2.900721480567939,2540
19958,5,2.9007414109891827,2541
5281,5,2.900797982267594,2542
16851,5,2.902225117161112,2543
11997,5,2.902227319360854,2544
6808,5,2.902236023926789,2545
16508,5,2.902242706025122,2546
11279,5,2.9025440006671004,2547
539,5,2.9025534954662406,2548
12544,5,2.902562240438551,2549
5914,5,2.9027984889779903,2550
1054,5,2.902862543474197,2551
257,5,2.9029855166925116,2552
23069,5,2.9032013265522134,2553
7905,5,2.9033318021577244,2554
12585,5,2.9034406860770816,2555
1931,5,2.903785866207354,2556
4382,5,2.9039327988406924,2557
6633,5,2.903948859117901,2558
2243,5,2.9040009792404566,2559
16360,5,2.904869401454748,2560
5896,5,2.9051928150834865,2561
12774,5,2.9054407192538645,2562
13132,5,2.905733443276421,2563
15930,5,2.906148353747659,2564
7077,5,2.9063130903384535,2565
12185,5,2.906462776591969,2566
22942,5,2.906763572331685,2567
21360,5,2.906893160825818,2568
4771,5,2.907145346587081,2569
14404,5,2.9073541521352455,2570
12689,5,2.907813398650273,2571
16646,5,2.9078899181087086,2572
2657,5,2.907926925820714,2573
2134,5,2.9082175993226205,2574
13472,5,2.9083538309689736,2575
6677,5,2.9091901569066976,2576
3866,5,2.909213205742402,2577
21513,5,2.909221771683338,2578
8994,5,2.909331515612824,2579
23860,5,2.9095406513336606,2580
213,5,2.9095815374420755,2581
23217,5,2.909887830204166,2582
12651,5,2.91029796145423,2583
7842,5,2.910688271293897,2584
22009,5,2.9113268619160944,2585
22182,5,2.911767595901067,2586
17813,5,2.912084187824935,2587
4152,5,2.9121263340347143,2588
21479,5,2.9122764476202283,2589
15837,5,2.912651688787661,2590
8879,5,2.9127794547226133,2591
10198,5,2.9128970048533986,2592
12457,5,2.9129256488779385,2593
11861,5,2.912997602596355,2594
4609,5,2.913261754086289,2595
23638,5,2.9137534920200547,2596
15195,5,2.9142997806234936,2597
3316,5,2.9145094714615514,2598
9290,5,2.9145441985588203,2599
12725,5,2.914588126609823,2600
19180,5,2.914796968292603,2601
16510,5,2.9148710741835404,2602
16677,5,2.915104513892492,2603
16186,5,2.9153352604153397,2604
19069,5,2.9161852219012316,2605
8910,5,2.9168040409871274,2606
9988,5,2.916936069086492,2607
23203,5,2.91704797942102,2608
21275,5,2.9172868177781215,2609
3624,5,2.917489390499472,2610
17334,5,2.917774099580189,2611
17607,5,2.917828778314469,2612
10534,5,2.9180195317923467,2613
3734,5,2.9180480009164964,2614
14097,5,2.918527903975202,2615
13494,5,2.918661195712809,2616
14541,5,2.918960556437112,2617
18538,5,2.919099258782388,2618
3133,5,2.919384028924255,2619
13437,5,2.9195650611806325,2620
19838,5,2.9199580933893583,2621
4521,5,2.9201758339398354,2622
6983,5,2.920401154753173,2623
18106,5,2.9205339893053224,2624
20319,5,2.920548498177262,2625
1911,5,2.9208167211319536,2626
17036,5,2.920962995155537,2627
12704,5,2.921042608824602,2628
1069,5,2.921191204721019,2629
6707,5,2.9213800971363812,2630
16794,5,2.921604143038741,2631
10496,5,2.9218848694687045,2632
18596,5,2.9219230782321777,2633
23142,5,2.9224237584619996,2634
19005,5,2.922855215263106,2635
12766,5,2.9229282155267513,2636
9880,5,2.9230508235452675,2637
16420,5,2.9231263020503335,2638
9843,5,2.9234038341051884,2639
3980,5,2.923506856374841,2640
14346,5,2.923604813950318,2641
15154,5,2.924865730786658,2642
19214,5,2.9255119595176233,2643
13793,5,2.9255818426485045,2644
17337,5,2.9256972726512482,2645
16226,5,2.925787023062283,2646
15520,5,2.92596509088555,2647
6407,5,2.9261684602560023,2648
795,5,2.926390365150623,2649
7304,5,2.9265954652581927,2650
16457,5,2.926632479979897,2651
17423,5,2.926728677715267,2652
22993,5,2.927036245969642,2653
3011,5,2.9271662430798018,2654
2524,5,2.927218751017453,2655
11123,5,2.9273870757617457,2656
18990,5,2.9274658896532264,2657
11750,5,2.9275800616113883,2658
8575,5,2.9276198728740344,2659
15230,5,2.9278218310024875,2660
8760,5,2.927905701748656,2661
17153,5,2.927967303787125,2662
21929,5,2.9279960681597066,2663
2030,5,2.9280666289011172,2664
18702,5,2.928408623837746,2665
10718,5,2.9285767941902106,2666
4457,5,2.929598693259319,2667
13638,5,2.929747482934303,2668
337,5,2.9299579916355487,2669
21166,5,2.9304641061130003,2670
17206,5,2.931227434743772,2671
12472,5,2.9314018903644676,2672
20592,5,2.9315400121337047,2673
2663,5,2.9315440789213802,2674
2407,5,2.9317744096112563,2675
15888,5,2.931912094926747,2676
17819,5,2.932343972511046,2677
8282,5,2.9327327749839918,2678
15382,5,2.9328314952401997,2679
20568,5,2.9329691386723997,2680
19762,5,2.9334470115331137,2681
10154,5,2.9335117540342366,2682
1604,5,2.933532564446525,2683
12753,5,2.934012457904476,2684
21402,5,2.934032215142848,2685
4613,5,2.9340818717644455,2686
10324,5,2.9347933502520474,2687
14030,5,2.935462058861791,2688
14987,5,2.935661310540112,2689
11560,5,2.9357621139743464,2690
1379,5,2.93576954623348,2691
18422,5,2.9357870479793102,2692
22700,5,2.935818199246413,2693
2695,5,2.936112942459695,2694
1259,5,2.9364368797478417,2695
15632,5,2.936584567693728,2696
16969,5,2.9375024783366768,2697
526,5,2.937915776310789,2698
1603,5,2.9379716534457923,2699
18102,5,2.9384526634017716,2700
13268,5,2.938585236464462,2701
8605,5,2.93893208746961,2702
17363,5,2.9391374150332936,2703
7528,5,2.939379756960856,2704
19071,5,2.939654902035093,2705
1577,5,2.9399124637752037,2706
1156,5,2.94002935868792,2707
10385,5,2.940192450478938,2708
11648,5,2.940489286754792,2709
12509,5,2.9405080505096524,2710
20069,5,2.9406994483667606,2711
17030,5,2.9414259862089347,2712
16475,5,2.941575326445813,2713
4964,5,2.942299627160426,2714
5593,5,2.942543971549807,2715
11614,5,2.9425811240199464,2716
15093,5,2.9426933203430012,2717
7709,5,2.943310818888711,2718
5123,5,2.943339041879573,2719
865,5,2.9433724386914615,2720
21425,5,2.9435535112088504,2721
1932,5,2.944121697759505,2722
3290,5,2.944126647994551,2723
4728,5,2.9442089357384362,2724
10092,5,2.9445599215253666,2725
8757,5,2.94498172615668,2726
19530,5,2.9451468334754063,2727
2790,5,2.9455109793924166,2728
4717,5,2.9455620074599844,2729
10361,5,2.9463482453012277,2730
13814,5,2.946636523575902,2731
17183,5,2.9468646414297,2732
928,5,2.9471178868268373,2733
8765,5,2.9474473711057927,2734
23789,5,2.9477882894027334,2735
22371,5,2.9482096821944856,2736
20026,5,2.948686196496061,2737
658,5,2.949026174539695,2738
19489,5,2.9492294387735742,2739
7660,5,2.9492363090062126,2740
23148,5,2.949304105999774,2741
17609,5,2.950737688817956,2742
13937,5,2.9509414086531285,2743
10498,5,2.951428740887418,2744
9955,5,2.951813434852541,2745
5120,5,2.952020858931392,2746
2159,5,2.9525092951294534,2747
20171,5,2.952623891889885,2748
23338,5,2.952636026667663,2749
15998,5,2.9527373789009976,2750
5530,5,2.952925589054361,2751
14676,5,2.953329054701499,2752
13095,5,2.953526352806846,2753
21909,5,2.9536194451869076,2754
10817,5,2.9538070198528183,2755
1354,5,2.9544695301784456,2756
14113,5,2.954482070914762,2757
22741,5,2.9547762475775996,2758
17902,5,2.9547997865480986,2759
4574,5,2.9549345894169754,2760
1487,5,2.9549665595942938,2761
17336,5,2.955085367903119,2762
289,5,2.9551623712894117,2763
8808,5,2.9551870005536283,2764
13578,5,2.9553686606622045,2765
12216,5,2.955792985292185,2766
11050,5,2.9558155654970677,2767
4218,5,2.9558754779106247,2768
23053,5,2.956258908721814,2769
11910,5,2.9563715856555253,2770
3425,5,2.9564082809978016,2771
446,5,2.956575077044133,2772
11275,5,2.957012497263461,2773
5362,5,2.957250684826583,2774
1240,5,2.957701888404034,2775
17100,5,2.958055602995953,2776
12136,5,2.9580584135754857,2777
4823,5,2.958342331568492,2778
8200,5,2.9583968854903464,2779
8250,5,2.9584738408043867,2780
2277,5,2.9587524114451123,2781
4487,5,2.9592007902214044,2782
18468,5,2.9594877838943794,2783
5595,5,2.959624866642109,2784
19044,5,2.9596452227465226,2785
5479,5,2.9597330452560486,2786
13700,5,2.9602033668143273,2787
12391,5,2.96022921953358,2788
7012,5,2.9602371487345516,2789
7849,5,2.960334154122358,2790
5553,5,2.9606097842842374,2791
6384,5,2.960937803529442,2792
19867,5,2.9609401772100017,2793
16085,5,2.96108138623158,2794
12745,5,2.9612326238257243,2795
20567,5,2.961254350066434,2796
21733,5,2.961317522894596,2797
3075,5,2.9618334837369167,2798
5283,5,2.9620173155326364,2799
1639,5,2.9622505995623727,2800
12403,5,2.962594544703926,2801
5126,5,2.96264688681261,2802
15249,5,2.9632376611345648,2803
19505,5,2.9633782110838225,2804
11762,5,2.96341687273091,2805
7494,5,2.9634989713168953,2806
6313,5,2.9638411190533747,2807
20634,5,2.9639613532423974,2808
12166,5,2.9641375360101563,2809
19501,5,2.964138986446897,2810
9509,5,2.964192806017633,2811
13823,5,2.964436083864618,2812
9148,5,2.964561447019321,2813
7023,5,2.9645746389628966,2814
10019,5,2.9649187926054097,2815
2523,5,2.9653472313803992,2816
14586,5,2.965556884095494,2817
18258,5,2.965665360916932,2818
21729,5,2.965989187583219,2819
3702,5,2.966156721272742,2820
8590,5,2.966188223605284,2821
12273,5,2.9666899358566523,2822
11718,5,2.966832784028524,2823
22866,5,2.9669876369588164,2824
19885,5,2.967332414368155,2825
5672,5,2.967473971885597,2826
16177,5,2.9675912760096015,2827
3863,5,2.9681112038725503,2828
16912,5,2.9682589944074085,2829
14892,5,2.968684800091641,2830
3282,5,2.9687422121594595,2831
19210,5,2.968784772094581,2832
12002,5,2.9691042667367142,2833
19614,5,2.969217964712085,2834
9985,5,2.969230806452847,2835
20765,5,2.969349580981604,2836
12985,5,2.969498177509944,2837
8413,5,2.969570947440773,2838
13165,5,2.9696788165526744,2839
21895,5,2.9698468567764222,2840
2966,5,2.970113786894172,2841
11850,5,2.9701351642716354,2842
14599,5,2.9706137812394973,2843
3763,5,2.9708348374803633,2844
20647,5,2.970990429055737,2845
22687,5,2.9712314612627604,2846
11495,5,2.97136956321833,2847
8786,5,2.972086676007639,2848
1801,5,2.9721231964731296,2849
14939,5,2.9727063794331094,2850
23435,5,2.9727492634807535,2851
19594,5,2.9727536088401902,2852
909,5,2.9731672650468988,2853
582,5,2.9732160882847207,2854
7099,5,2.9735260468996834,2855
10852,5,2.9736190344993907,2856
16214,5,2.9737744583530774,2857
3859,5,2.9738170650790026,2858
9067,5,2.973871598123611,2859
14112,5,2.973950961748389,2860
18251,5,2.974167687488678,2861
9901,5,2.97429310003989,2862
5174,5,2.9743728878979043,2863
19495,5,2.974541514152272,2864
3588,5,2.9745696054049287,2865
11498,5,2.974594813586643,2866
15660,5,2.9746720426233777,2867
18882,5,2.9748273989411094,2868
12072,5,2.9748526290240007,2869
7034,5,2.9749094179860625,2870
9196,5,2.974923793906734,2871
19063,5,2.975077403026417,2872
4446,5,2.9750945232873933,2873
9472,5,2.975318688836977,2874
13907,5,2.975561000959246,2875
1703,5,2.9757016454689036,2876
18362,5,2.975763940395558,2877
7475,5,2.9759968466886213,2878
6556,5,2.976086452925321,2879
17927,5,2.9765417888223755,2880
6939,5,2.9765525197938296,2881
12908,5,2.976779968675508,2882
18123,5,2.97710485313226,2883
3481,5,2.9772797175700436,2884
19667,5,2.9789352258584216,2885
3834,5,2.978987744137352,2886
16994,5,2.9791607974407124,2887
5996,5,2.9794427663292344,2888
7720,5,2.979522912413461,2889
1965,5,2.9800118490721035,2890
14134,5,2.980785106666166,2891
5175,5,2.980976760324189,2892
9704,5,2.9810257204715622,2893
2457,5,2.981160811496148,2894
5054,5,2.9813697360150653,2895
8609,5,2.981408723244679,2896
11240,5,2.9816401816842704,2897
8693,5,2.981803132901202,2898
14414,5,2.982256218730297,2899
16507,5,2.982893728132022,2900
9034,5,2.9829275252573835,2901
9855,5,2.983238111323624,2902
19480,5,2.9835864613092458,2903
15153,5,2.984218457026903,2904
22410,5,2.984321602735758,2905
15236,5,2.984658375986702,2906
21650,5,2.9850929974192995,2907
14252,5,2.9852886667421155,2908
8799,5,2.985384249496128,2909
19315,5,2.9854562160529006,2910
23727,5,2.9854758723117616,2911
19861,5,2.9858836650248084,2912
3740,5,2.9859884006243567,2913
18537,5,2.986177626277992,2914
30,5,2.9861921125361754,2915
5965,5,2.9863609641940685,2916
2138,5,2.9867762435071388,2917
21471,5,2.9874164410892443,2918
12738,5,2.9879252144193362,2919
12436,5,2.987999126560811,2920
14591,5,2.988116510528362,2921
18343,5,2.9882679472184073,2922
13060,5,2.988571375895579,2923
22350,5,2.9886498379019875,2924
7977,5,2.9888433597512734,2925
20733,5,2.989735607027116,2926
14663,5,2.98975107589461,2927
1589,5,2.9910204674602063,2928
18481,5,2.9911580699018168,2929
23707,5,2.9913844630210664,2930
18750,5,2.992560712444323,2931
13495,5,2.992686581586171,2932
18787,5,2.9928845166346085,2933
15878,5,2.993496684561877,2934
8593,5,2.993822264139415,2935
13531,5,2.9941408195536803,2936
2353,5,2.99479443806456,2937
14322,5,2.9948027415446727,2938
12146,5,2.9948099045963343,2939
11435,5,2.9949926030084817,2940
20205,5,2.9949926030084817,2941
16789,5,2.996422655742936,2942
11800,5,2.9967143976666946,2943
22435,5,2.996850291081891,2944
7267,5,2.9971935702576964,2945
5055,5,2.997510890666972,2946
7686,5,2.9976134712098603,2947
9131,5,2.9976176992696564,2948
22966,5,2.997810138564455,2949
6685,5,2.998551847475054,2950
20996,5,2.9986210307698538,2951
9047,5,2.9992132891731296,2952
10723,5,2.9995680919547776,2953
4292,5,2.999574799444532,2954
13067,5,2.9997441787729375,2955
4010,5,2.9999518774163874,2956
6376,5,2.9999518774163874,2957
21795,5,3.0000573737617677,2958
5491,5,3.0001084219126812,2959
11596,5,3.00019832220869,2960
11198,5,3.0002282799137707,2961
6509,5,3.0002409540477197,2962
7263,5,3.000285105885394,2963
10412,5,3.000303915932074,2964
2694,5,3.000464060060325,2965
12498,5,3.0012041163403724,2966
3584,5,3.0012509450447706,2967
14192,5,3.001485298352671,2968
2705,5,3.001535483826724,2969
22314,5,3.001540510252149,2970
1444,5,3.0019953011131526,2971
17559,5,3.002077088538,2972
974,5,3.0021160165686296,2973
20716,5,3.002176434377895,2974
7525,5,3.002359035121329,2975
16418,5,3.002461191518947,2976
20087,5,3.0025880132610814,2977
4831,5,3.0029205074297827,2978
6708,5,3.003025930325468,2979
23767,5,3.0031811671261783,2980
14904,5,3.003518240379996,2981
21677,5,3.003532686624269,2982
9281,5,3.003609870175179,2983
22944,5,3.0039857031659074,2984
4267,5,3.0041573650238615,2985
7841,5,3.004160055304501,2986
5751,5,3.0042574484215523,2987
4507,5,3.004507927625232,2988
20110,5,3.0045593398250108,2989
17283,5,3.004636824167358,2990
14240,5,3.00490290322741,2991
7178,5,3.005138621172641,2992
7198,5,3.005425848298783,2993
15889,5,3.005439635606537,2994
8079,5,3.00552654526537,2995
8598,5,3.005850680899912,2996
1415,5,3.0060068302209526,2997
19929,5,3.0060829575593915,2998
3076,5,3.0061516536067376,2999
6442,5,3.0066116668132525,3000
5787,5,3.0067259501799946,3001
3370,5,3.0069058159590623,3002
19926,5,3.0069984394273703,3003
2887,5,3.00722189810691,3004
2936,5,3.007242570969798,3005
20969,5,3.0075273133577816,3006
13736,5,3.0077890279647086,3007
9653,5,3.0078963648088735,3008
6788,5,3.0085915317652834,3009
10422,5,3.00860435443428,3010
3549,5,3.008608267091678,3011
15370,5,3.008974364572816,3012
16287,5,3.0089889451058403,3013
466,5,3.0090845745955783,3014
18687,5,3.010706639249527,3015
11350,5,3.010892764700107,3016
3573,5,3.0111199545784193,3017
13445,5,3.01127812516575,3018
14919,5,3.0114056018010062,3019
17001,5,3.011600702644007,3020
12782,5,3.0117356961445036,3021
16185,5,3.012400801800168,3022
6783,5,3.012659089505999,3023
17867,5,3.01268344402546,3024
17884,5,3.0134394804095725,3025
19781,5,3.0136143296471842,3026
14212,5,3.013630275775413,3027
15170,5,3.013662376500224,3028
894,5,3.013755117288382,3029
15210,5,3.0138520011778436,3030
18710,5,3.0139254606152686,3031
15494,5,3.0144941455797425,3032
1675,5,3.0145383252495446,3033
15352,5,3.0145896055673504,3034
2019,5,3.0148323664187755,3035
3105,5,3.0149532568294193,3036
6549,5,3.0150342444213467,3037
23724,5,3.0151578590936854,3038
13992,5,3.0155636245839132,3039
765,5,3.015634246574903,3040
6943,5,3.015649481216091,3041
12901,5,3.015676897597393,3042
17696,5,3.0157893972916683,3043
9040,5,3.015884228957289,3044
15098,5,3.015993490560308,3045
9120,5,3.0162203793251314,3046
19963,5,3.0163661966729807,3047
18101,5,3.016893044018881,3048
6722,5,3.0171778227987716,3049
15869,5,3.0173159920248565,3050
14176,5,3.0176543618395932,3051
7877,5,3.017798406791189,3052
11576,5,3.018190089487776,3053
17157,5,3.0182355179159113,3054
267,5,3.0184868926922,3055
21799,5,3.0187063787382713,3056
12910,5,3.0187148327198843,3057
17325,5,3.018765982926376,3058
19016,5,3.0189938267629923,3059
22613,5,3.0196085050509414,3060
17841,5,3.0201263320625062,3061
6188,5,3.02018218420763,3062
7009,5,3.0205804317750946,3063
6823,5,3.0209282643043776,3064
2972,5,3.020979886195384,3065
19416,5,3.0212279404015963,3066
14548,5,3.0214364438632697,3067
8569,5,3.0215923693520637,3068
193,5,3.0218152918676697,3069
7911,5,3.0219897886633693,3070
7891,5,3.022098561655541,3071
2119,5,3.022210796304365,3072
21999,5,3.022332767394622,3073
20758,5,3.022419268474244,3074
2334,5,3.0225436838474526,3075
2978,5,3.022611103031763,3076
13003,5,3.0229852295013138,3077
13598,5,3.0233355301794833,3078
7794,5,3.023466093597377,3079
13785,5,3.023552062622356,3080
7572,5,3.023630127727183,3081
2291,5,3.024543079586996,3082
1449,5,3.0248180808143346,3083
18746,5,3.0253500014364936,3084
22185,5,3.0253500014364936,3085
2137,5,3.025815165199573,3086
23185,5,3.026231979538232,3087
13720,5,3.026252896000742,3088
11789,5,3.027085192618681,3089
18590,5,3.0271268119848447,3090
21744,5,3.027130018413006,3091
2122,5,3.0273021166516303,3092
10071,5,3.027342258781154,3093
19451,5,3.0275010501981994,3094
16240,5,3.027636455820962,3095
6987,5,3.0281718327348814,3096
19391,5,3.02831713896526,3097
4896,5,3.0290506537900446,3098
9806,5,3.029351763316233,3099
20124,5,3.029610153905976,3100
13890,5,3.029823077285417,3101
6150,5,3.029873292840013,3102
14954,5,3.0299592021578383,3103
13487,5,3.0308616450325783,3104
21900,5,3.0312002727400738,3105
20933,5,3.0312314537046463,3106
194,5,3.03150118315894,3107
18382,5,3.0319332776351615,3108
11532,5,3.03208516696694,3109
8108,5,3.03213544065372,3110
11187,5,3.032153354685687,3111
17388,5,3.0322795154392357,3112
14042,5,3.0325926749383076,3113
13636,5,3.033218861612183,3114
14221,5,3.0335584175791275,3115
19490,5,3.033740416107831,3116
14116,5,3.034740177150806,3117
16423,5,3.0357998188520208,3118
15314,5,3.035993340556603,3119
8591,5,3.036206155725959,3120
9002,5,3.0363517543387966,3121
1043,5,3.0364940920198795,3122
8248,5,3.036548738246236,3123
11939,5,3.036638563182686,3124
3850,5,3.036879233357597,3125
23961,5,3.036903264748095,3126
23153,5,3.038280577901503,3127
10117,5,3.03858879628123,3128
11104,5,3.0387401598123023,3129
7467,5,3.038955764499102,3130
20802,5,3.039651202561403,3131
5594,5,3.03970970544488,3132
16115,5,3.0403388628473476,3133
2244,5,3.0405602882080047,3134
12711,5,3.0406932283416235,3135
12968,5,3.0409713391101603,3136
16176,5,3.041034810355406,3137
15493,5,3.041671136019864,3138
6618,5,3.0417902382364113,3139
1974,5,3.041841613465946,3140
13852,5,3.0419443384029634,3141
20370,5,3.042100203799079,3142
6609,5,3.042417562719986,3143
8249,5,3.042594660312609,3144
15705,5,3.042736370582103,3145
19733,5,3.0427877093387816,3146
20693,5,3.042808380258032,3147
12218,5,3.043002181615465,3148
8017,5,3.043174278153721,3149
14809,5,3.043184258314409,3150
3295,5,3.043457543048889,3151
6792,5,3.0435464329701043,3152
4994,5,3.0439770442765326,3153
14843,5,3.0440740290193675,3154
7962,5,3.044401670922186,3155
7199,5,3.044505399830013,3156
13038,5,3.044771326843595,3157
18859,5,3.045399575189928,3158
2316,5,3.045686456640348,3159
22471,5,3.04573670598093,3160
6449,5,3.0459786615962043,3161
11464,5,3.0460512195470866,3162
21048,5,3.0461521321408,3163
386,5,3.0462724439079985,3164
3330,5,3.046310613219652,3165
22170,5,3.046770076909949,3166
3419,5,3.046866390388924,3167
5782,5,3.0475158968695584,3168
13194,5,3.047904937844541,3169
21975,5,3.0480334646613776,3170
14260,5,3.0486588327285937,3171
18057,5,3.048775082710619,3172
11430,5,3.048845808553271,3173
1215,5,3.0495801127482927,3174
19832,5,3.0496273691094484,3175
15697,5,3.049969321998217,3176
14962,5,3.049990725971628,3177
7165,5,3.050316249761893,3178
18298,5,3.05064325236564,3179
20551,5,3.0508149916263814,3180
9448,5,3.050908226226863,3181
21504,5,3.0509467519436866,3182
11959,5,3.0513171621654265,3183
17806,5,3.0513268644735776,3184
11262,5,3.051443845918429,3185
22747,5,3.051701409999636,3186
15814,5,3.0518570028769654,3187
7969,5,3.052235373414446,3188
15915,5,3.052254511072143,3189
5453,5,3.0523975429507644,3190
12610,5,3.0524370763447326,3191
4556,5,3.0526012876902784,3192
12180,5,3.052653676771254,3193
4841,5,3.0527722749168054,3194
21404,5,3.0538825227724273,3195
2383,5,3.053928716946091,3196
5214,5,3.0539495038290725,3197
15035,5,3.0544161401586307,3198
20646,5,3.0545811760388677,3199
7365,5,3.0557221202212443,3200
750,5,3.0559088555004075,3201
3080,5,3.0560605306468673,3202
19633,5,3.056300765738809,3203
9825,5,3.0563234157695383,3204
21401,5,3.056335825828933,3205
16403,5,3.056898819140456,3206
486,5,3.0571213607599392,3207
7339,5,3.0571774858025353,3208
887,5,3.057251830008035,3209
13933,5,3.057266955818506,3210
12303,5,3.0574264129584567,3211
13528,5,3.0576160230353215,3212
21832,5,3.0578734542257435,3213
3991,5,3.058228358055095,3214
17621,5,3.058646427263511,3215
4951,5,3.0587583924329897,3216
19613,5,3.058813680295493,3217
4875,5,3.0592624095074177,3218
10741,5,3.059416781436029,3219
13304,5,3.059439439651656,3220
1388,5,3.059503746528637,3221
19918,5,3.0602181659982763,3222
2198,5,3.060632569846303,3223
13694,5,3.061391336462499,3224
18976,5,3.061548135002069,3225
21249,5,3.0616406924222734,3226
8034,5,3.0619564327465656,3227
21912,5,3.062260298217788,3228
20182,5,3.062276024266869,3229
19721,5,3.062290596831647,3230
4063,5,3.06234736763445,3231
20768,5,3.0624164352358645,3232
18984,5,3.062883314131753,3233
11356,5,3.063184750333809,3234
12919,5,3.063209973194134,3235
6830,5,3.06328789294801,3236
8050,5,3.063682514279351,3237
4463,5,3.0637334036381727,3238
14773,5,3.0640702903948505,3239
9890,5,3.0642406994352984,3240
22404,5,3.0643831777284216,3241
22837,5,3.0645241839888695,3242
18849,5,3.06460193148087,3243
17370,5,3.065021617146451,3244
9493,5,3.0650844802445754,3245
20747,5,3.0658125918061527,3246
1432,5,3.0660268954341223,3247
19418,5,3.0660424108065083,3248
7453,5,3.066173840852289,3249
17492,5,3.066328778202565,3250
10047,5,3.0664482044681867,3251
17754,5,3.06651903685049,3252
21377,5,3.0665380050933906,3253
15025,5,3.0667473899325453,3254
13069,5,3.066942570955847,3255
13493,5,3.0679263135247092,3256
23023,5,3.068091921333412,3257
1214,5,3.0683980543379326,3258
10275,5,3.068794237308191,3259
770,5,3.0690758658864463,3260
3008,5,3.069104957414056,3261
12452,5,3.0691389744595434,3262
7549,5,3.069379929575296,3263
9298,5,3.0695986268333653,3264
6244,5,3.0698300262656257,3265
6551,5,3.070162569699137,3266
3111,5,3.070425665863641,3267
10257,5,3.070672035540053,3268
8976,5,3.070743130676611,3269
4210,5,3.071463893354155,3270
17105,5,3.0715033042415065,3271
21904,5,3.0715134919367166,3272
23808,5,3.071933304311557,3273
5830,5,3.0720848203431763,3274
23819,5,3.07235417149808,3275
14536,5,3.07268905880147,3276
13895,5,3.072918153891769,3277
12555,5,3.0732555224971674,3278
6650,5,3.0735085807115055,3279
18897,5,3.0735388123995535,3280
3747,5,3.0735749845484124,3281
21849,5,3.073647639220829,3282
13851,5,3.0736694366434034,3283
6640,5,3.0737331710332643,3284
12047,5,3.073983744233539,3285
20986,5,3.074016840568813,3286
16499,5,3.074789239041037,3287
2252,5,3.0753138960129984,3288
10182,5,3.075455346196759,3289
14037,5,3.07551522031853,3290
17861,5,3.076086962658721,3291
5545,5,3.076229404108634,3292
13589,5,3.076439250919243,3293
22794,5,3.0764481967642046,3294
23150,5,3.0765597650989753,3295
1182,5,3.0774525983191783,3296
22923,5,3.077462875818922,3297
11788,5,3.0774797178853595,3298
22180,5,3.0775897717429657,3299
21448,5,3.0776285629024174,3300
3580,5,3.077794255440187,3301
12933,5,3.0780431529793417,3302
10945,5,3.078072383225039,3303
18433,5,3.078148969448174,3304
1121,5,3.0782052577107493,3305
21101,5,3.0783455249754392,3306
13043,5,3.0785710039865246,3307
22652,5,3.078602032633647,3308
4860,5,3.0786229715460114,3309
10299,5,3.078786152896355,3310
4316,5,3.079382486128534,3311
9349,5,3.079424166903962,3312
5523,5,3.0794855551034668,3313
9158,5,3.0800117072572357,3314
6927,5,3.080234315944947,3315
4622,5,3.0810204669524386,3316
23729,5,3.0811001648626983,3317
12066,5,3.081133562691553,3318
10287,5,3.0813409481679463,3319
3305,5,3.0822239579916206,3320
4842,5,3.08223047451769,3321
7131,5,3.0825550979449674,3322
8160,5,3.083979731809016,3323
21596,5,3.0844961878835537,3324
14437,5,3.0845729083124964,3325
8919,5,3.0846185232256698,3326
6413,5,3.0846242941951934,3327
1248,5,3.084848060605286,3328
23985,5,3.0854170046991283,3329
8009,5,3.085549635458818,3330
17540,5,3.085915146139251,3331
7276,5,3.0862226400578923,3332
1421,5,3.0863748408165272,3333
22548,5,3.0866700871986175,3334
18606,5,3.0871245191135097,3335
7162,5,3.088052880791667,3336
2432,5,3.0888424634581044,3337
13391,5,3.0889814927252424,3338
461,5,3.08931894605829,3339
19424,5,3.089625698539005,3340
19263,5,3.0899355203826846,3341
20524,5,3.090010802386756,3342
22877,5,3.0906614681431126,3343
15290,5,3.090858802847349,3344
21842,5,3.091022570420332,3345
22780,5,3.091158704612933,3346
9732,5,3.0912936062314005,3347
21484,5,3.091370401808925,3348
704,5,3.0914078004145047,3349
6136,5,3.091458725810945,3350
6207,5,3.0916432832177576,3351
1343,5,3.091742819335094,3352
6565,5,3.0921552479508585,3353
8737,5,3.0923179699372527,3354
11799,5,3.0926280108952833,3355
9717,5,3.0933485605695417,3356
6055,5,3.0933701834045957,3357
13103,5,3.0943305913186507,3358
2980,5,3.094801498819715,3359
8477,5,3.094832289558649,3360
5933,5,3.0948723536851874,3361
16285,5,3.0954877892497916,3362
14188,5,3.095656033344838,3363
8586,5,3.095796217173257,3364
20202,5,3.0958387268455447,3365
4263,5,3.096025207887198,3366
9544,5,3.0961521058851873,3367
23226,5,3.0965604941126617,3368
5893,5,3.0965791744242925,3369
18218,5,3.096662117911025,3370
6102,5,3.096746566773886,3371
6506,5,3.09681458285837,3372
13543,5,3.0971666688975343,3373
11484,5,3.097450339228811,3374
8412,5,3.0980547199125223,3375
21373,5,3.0981371874698245,3376
5472,5,3.09866019102234,3377
20657,5,3.099069127894748,3378
23201,5,3.099207930449654,3379
2809,5,3.0998167699935966,3380
13931,5,3.0999607591645106,3381
925,5,3.100001412773425,3382
4246,5,3.1007644229963716,3383
22149,5,3.100976976548843,3384
17195,5,3.10101072824991,3385
2290,5,3.1011530600904216,3386
6273,5,3.1015624087244698,3387
10018,5,3.1016937673951115,3388
1885,5,3.1017126432386464,3389
6269,5,3.1021264147937098,3390
15763,5,3.1023132155401094,3391
16976,5,3.102451611472177,3392
20666,5,3.102465473634634,3393
14935,5,3.1025585344475832,3394
19908,5,3.103211313098208,3395
20681,5,3.1038199246657414,3396
4526,5,3.1038268130107967,3397
17545,5,3.1041967136953206,3398
14733,5,3.1045846082264132,3399
18707,5,3.1048279804259056,3400
23893,5,3.105071746149902,3401
17633,5,3.105129653331496,3402
12027,5,3.105469277921628,3403
22122,5,3.10623082199447,3404
3881,5,3.106239857164035,3405
14360,5,3.1063804092312504,3406
16409,5,3.106537246249272,3407
14740,5,3.10655639020525,3408
16769,5,3.1075491689429815,3409
7422,5,3.1077911178535835,3410
13749,5,3.107893356377998,3411
22254,5,3.1081770120075047,3412
15621,5,3.1088587286656377,3413
9320,5,3.1088611646657536,3414
14883,5,3.1088832388233247,3415
7291,5,3.109373653801669,3416
14576,5,3.1102233728568693,3417
7764,5,3.110815848778026,3418
15041,5,3.1108539277576646,3419
7957,5,3.1115421898656757,3420
12387,5,3.11155568779949,3421
13041,5,3.111755841950891,3422
12031,5,3.1118982947004135,3423
8653,5,3.11222852642971,3424
15730,5,3.1123974059645168,3425
18634,5,3.112398613425164,3426
22055,5,3.1130853885169056,3427
22897,5,3.113348254869403,3428
9122,5,3.113736692417209,3429
1524,5,3.1138914784437848,3430
10139,5,3.114032030162808,3431
13110,5,3.114678206465046,3432
15271,5,3.115101192343851,3433
12523,5,3.1152363327715,3434
21938,5,3.1153435224749813,3435
22095,5,3.1153435224749813,3436
18233,5,3.115568494753015,3437
6026,5,3.115694708317775,3438
20488,5,3.1158407129546513,3439
1475,5,3.116665726365017,3440
17311,5,3.1168962568483134,3441
16997,5,3.1171015912156395,3442
14706,5,3.1171369369103115,3443
19978,5,3.117404182622062,3444
294,5,3.1176665620795787,3445
15631,5,3.1182323477413956,3446
14169,5,3.118527307345816,3447
5103,5,3.1191402789898834,3448
9184,5,3.1201386712677706,3449
15872,5,3.1204025734851175,3450
8197,5,3.120710990898973,3451
18090,5,3.1209987326479265,3452
12242,5,3.1211958357419896,3453
14606,5,3.121625644452548,3454
9871,5,3.1216803327214744,3455
11981,5,3.1217617704970504,3456
18831,5,3.1219834714938024,3457
12393,5,3.1220836727759056,3458
16933,5,3.1223406743247244,3459
12247,5,3.1224472428264147,3460
23307,5,3.122653241664304,3461
21381,5,3.122996764372953,3462
5636,5,3.123058054800479,3463
5646,5,3.1232855580087384,3464
19805,5,3.1234307460098893,3465
21831,5,3.1235305550380015,3466
487,5,3.123639487501619,3467
5442,5,3.1238086582366007,3468
6968,5,3.1243622888641926,3469
20075,5,3.1244094960528543,3470
20127,5,3.1245279302909754,3471
4348,5,3.1245446913700694,3472
943,5,3.124615575408905,3473
6199,5,3.1253734841221275,3474
11646,5,3.1253797490223527,3475
18279,5,3.125656807572658,3476
23315,5,3.1257573977488238,3477
21210,5,3.1258602333635315,3478
6392,5,3.1259773932102193,3479
5134,5,3.1263681364754623,3480
21935,5,3.126425102096479,3481
5736,5,3.1264405106595405,3482
18579,5,3.1269328592270527,3483
7611,5,3.127086609128381,3484
17762,5,3.1278965306914976,3485
9938,5,3.128011303315604,3486
6220,5,3.128108404530366,3487
12775,5,3.128679315792828,3488
899,5,3.1294179719678104,3489
969,5,3.1296133267116484,3490
14551,5,3.130522515893427,3491
23449,5,3.130522515893427,3492
5842,5,3.1308616364123854,3493
14129,5,3.1309217867791435,3494
10954,5,3.13094712392537,3495
10248,5,3.1310301712889212,3496
16072,5,3.131064366234504,3497
22051,5,3.131610175454486,3498
141,5,3.131938700270499,3499
12204,5,3.1336011854698294,3500
6619,5,3.133958173781882,3501
12728,5,3.1343746496086378,3502
2775,5,3.1348387269360316,3503
20520,5,3.1350082620854876,3504
6388,5,3.135055702760224,3505
8137,5,3.135081159266789,3506
11917,5,3.1354084576230137,3507
10560,5,3.1355889012704607,3508
8056,5,3.1359493871880644,3509
13680,5,3.1365529024020353,3510
5944,5,3.137062764024639,3511
3351,5,3.1376703343615895,3512
332,5,3.138517650620623,3513
11089,5,3.138777676586055,3514
22865,5,3.139117288626927,3515
21519,5,3.1391732872185196,3516
19729,5,3.1394026320328012,3517
4546,5,3.140475805257946,3518
9140,5,3.140732261258589,3519
23249,5,3.141096667268454,3520
7642,5,3.141277664299857,3521
20100,5,3.1415166049847576,3522
11634,5,3.141794341712741,3523
9789,5,3.1418982908933724,3524
10128,5,3.1419658207438186,3525
21535,5,3.142005452254447,3526
14349,5,3.142440353211769,3527
23958,5,3.1425883199372593,3528
9360,5,3.1426728086818083,3529
4225,5,3.142726239836862,3530
18660,5,3.142788983778251,3531
11667,5,3.1430704714647164,3532
464,5,3.1431347694705534,3533
2529,5,3.143389621266483,3534
2397,5,3.143918648823665,3535
1534,5,3.144157760728066,3536
9562,5,3.144593505878641,3537
1690,5,3.1446230221507006,3538
8817,5,3.145193485718596,3539
14485,5,3.146392046350079,3540
8331,5,3.146416123952415,3541
4910,5,3.146668622174524,3542
10309,5,3.146736248746094,3543
2835,5,3.147200490686461,3544
22778,5,3.147468273518677,3545
12024,5,3.1477049148147294,3546
2324,5,3.1478223336148985,3547
16724,5,3.1480195560741313,3548
2538,5,3.1480675690251054,3549
80,5,3.1484632563950683,3550
19744,5,3.1487721184588775,3551
3728,5,3.1491304098716766,3552
19591,5,3.14913799338519,3553
4925,5,3.149227144378965,3554
17895,5,3.149451779054514,3555
377,5,3.1497504713951265,3556
6119,5,3.149793493500662,3557
11866,5,3.1503561900140795,3558
2810,5,3.150442366167623,3559
20049,5,3.1508694739472003,3560
17957,5,3.1508748739463384,3561
8847,5,3.1516960695078815,3562
15424,5,3.1519286873516927,3563
16489,5,3.152497875137893,3564
20337,5,3.152504197333444,3565
15980,5,3.1531346002779523,3566
4900,5,3.153191226856481,3567
18170,5,3.153385771838728,3568
21157,5,3.1534109187929356,3569
296,5,3.153470707478965,3570
11496,5,3.1535514464757335,3571
10746,5,3.154129737716089,3572
9396,5,3.1541489918084964,3573
23011,5,3.1541929739489496,3574
6559,5,3.154250004453175,3575
13859,5,3.1543610655245864,3576
20189,5,3.154516139882498,3577
1281,5,3.1545515301433515,3578
8682,5,3.1546256686106693,3579
4068,5,3.154698705330572,3580
19298,5,3.154836154673352,3581
20678,5,3.1552257575285174,3582
23408,5,3.155343731293824,3583
14561,5,3.1558351026660776,3584
22072,5,3.156278482079401,3585
7485,5,3.1566873282857477,3586
11738,5,3.157153695059644,3587
7866,5,3.157214774157981,3588
6443,5,3.1574592035730027,3589
834,5,3.1579167035241684,3590
6908,5,3.1585486515919095,3591
23649,5,3.15857226686439,3592
4043,5,3.1586107020598675,3593
16135,5,3.1586317579046055,3594
15055,5,3.1586472739405536,3595
20894,5,3.1588021891450464,3596
5757,5,3.1589107142564155,3597
17263,5,3.159188956971982,3598
20702,5,3.1592265119998837,3599
3445,5,3.1593038932763804,3600
4372,5,3.1593671146820306,3601
13891,5,3.159531064574942,3602
7189,5,3.159803056290236,3603
20630,5,3.16013445267358,3604
23935,5,3.160270761473477,3605
821,5,3.160454023567505,3606
24026,5,3.160753341339612,3607
9168,5,3.160955035464423,3608
15623,5,3.16158727243349,3609
437,5,3.1618664731838666,3610
2815,5,3.162078658718894,3611
17066,5,3.1625547984912985,3612
6572,5,3.1635785382938644,3613
9057,5,3.1638284307644957,3614
1927,5,3.164396257763353,3615
1104,5,3.1644834679513765,3616
10751,5,3.164661737115394,3617
12776,5,3.1654869733698727,3618
16454,5,3.1657189510393104,3619
17473,5,3.1657271861801526,3620
20218,5,3.1658292434834623,3621
16501,5,3.1658470824402727,3622
8956,5,3.165910893557356,3623
23207,5,3.165946457301094,3624
13840,5,3.166298674760339,3625
23907,5,3.1663328547578793,3626
19672,5,3.166349829467938,3627
12415,5,3.166458980797606,3628
19094,5,3.167366085328091,3629
15954,5,3.1676663016928948,3630
12298,5,3.167670231201959,3631
2702,5,3.1678855549043305,3632
13448,5,3.1686812628574454,3633
16755,5,3.1686861714935555,3634
2303,5,3.168747356411717,3635
5994,5,3.1687693401128363,3636
6538,5,3.1688393940995736,3637
17236,5,3.168936676222378,3638
15707,5,3.1695713483015284,3639
12669,5,3.1699491813661074,3640
20246,5,3.170114253342287,3641
5564,5,3.1701631086764843,3642
16082,5,3.1703287712523673,3643
142,5,3.170490666025239,3644
7622,5,3.170528882744432,3645
19384,5,3.170652848969036,3646
11038,5,3.1709802804969556,3647
7272,5,3.1710719793900672,3648
12285,5,3.1718378437423893,3649
3250,5,3.1720254533639376,3650
22799,5,3.1721164701184974,3651
13137,5,3.1726375330186323,3652
15132,5,3.1728889613020748,3653
21654,5,3.172970475573204,3654
18647,5,3.173260408252671,3655
159,5,3.1741652262959934,3656
12750,5,3.1742169160587492,3657
5098,5,3.174242078260311,3658
2408,5,3.174328231925683,3659
17826,5,3.1747302973940403,3660
15799,5,3.175568636124077,3661
5748,5,3.1760558684957956,3662
2876,5,3.176391987539577,3663
15006,5,3.176677673841064,3664
4074,5,3.1774743653788935,3665
10015,5,3.177564329670732,3666
16194,5,3.1775987297769293,3667
12029,5,3.1777966682232,3668
17499,5,3.177861752254673,3669
18628,5,3.178346193642014,3670
3139,5,3.1783463923552437,3671
18360,5,3.1783852132439887,3672
2655,5,3.178676681422955,3673
11405,5,3.1790417536082476,3674
12354,5,3.1790417536082476,3675
6986,5,3.1793331284153616,3676
18954,5,3.1796670541166265,3677
14206,5,3.179842038132543,3678
17879,5,3.180255039574918,3679
1732,5,3.1804106902350022,3680
6263,5,3.180628551151354,3681
11930,5,3.180845394030611,3682
4411,5,3.1813496379169504,3683
22264,5,3.181393152145584,3684
18514,5,3.181443598238143,3685
14156,5,3.1818591636245417,3686
11407,5,3.181877236308911,3687
7675,5,3.181883921091179,3688
22623,5,3.182424573109809,3689
10508,5,3.1828922402160824,3690
1560,5,3.1829406854278353,3691
4211,5,3.183061960973894,3692
6774,5,3.1836185692311862,3693
15297,5,3.1838685165214144,3694
261,5,3.1839006418957325,3695
23702,5,3.183997221205896,3696
1349,5,3.184249795673864,3697
10895,5,3.18427396264866,3698
14689,5,3.1843631363767115,3699
3210,5,3.184575774502505,3700
7294,5,3.1847665458728667,3701
8081,5,3.185143276075084,3702
15485,5,3.186605777192647,3703
6885,5,3.1868393467213263,3704
9063,5,3.1869224432363006,3705
21155,5,3.187002934330514,3706
15308,5,3.187304097736666,3707
22553,5,3.1873600707134124,3708
15636,5,3.1873774843237017,3709
20462,5,3.1874727343510094,3710
4075,5,3.1875844398525546,3711
10103,5,3.1877040229612374,3712
12127,5,3.1877776219735305,3713
21910,5,3.187789485236872,3714
14451,5,3.188039194814557,3715
5674,5,3.188200083255668,3716
7536,5,3.188265712983767,3717
16663,5,3.1882956648545453,3718
12225,5,3.1887000135916774,3719
20582,5,3.189143561578226,3720
1262,5,3.1894087833363436,3721
23183,5,3.189658403212498,3722
18255,5,3.1901698711046116,3723
9105,5,3.1911689315783742,3724
21985,5,3.191710493434367,3725
4071,5,3.1918697945085537,3726
21608,5,3.1918719835404636,3727
5575,5,3.1925566811144526,3728
13224,5,3.1935215726749915,3729
859,5,3.1938076505927246,3730
21195,5,3.1939131390618822,3731
3559,5,3.1941224629779974,3732
8986,5,3.1949641255190673,3733
7668,5,3.1950113524183674,3734
1756,5,3.195129857067746,3735
9461,5,3.195537093610311,3736
18892,5,3.195602407010053,3737
183,5,3.1959471261077494,3738
23689,5,3.1960438232568444,3739
18257,5,3.1960660380790107,3740
10482,5,3.196685928057987,3741
100,5,3.196935818234043,3742
22667,5,3.197090249763051,3743
23486,5,3.1971433665954603,3744
1622,5,3.1976235708111633,3745
19551,5,3.197827272216776,3746
4176,5,3.198303158534122,3747
23237,5,3.1983605958402905,3748
9865,5,3.1985209014747484,3749
13808,5,3.1987036038335903,3750
19101,5,3.1993280792178105,3751
3511,5,3.199377852168445,3752
3987,5,3.199890556654114,3753
21209,5,3.1999989643698505,3754
10753,5,3.2003755234533284,3755
304,5,3.2009559871895954,3756
1452,5,3.201867306248038,3757
6285,5,3.202264547010188,3758
8138,5,3.2022942805088497,3759
1572,5,3.2024382729286565,3760
16066,5,3.2024546301817836,3761
19468,5,3.203344362286689,3762
22592,5,3.203648326212558,3763
10927,5,3.2036638890496354,3764
6521,5,3.204099216532582,3765
22774,5,3.204164460710936,3766
19454,5,3.204442847349094,3767
7399,5,3.2044719970569315,3768
15015,5,3.204849023610164,3769
416,5,3.204924582429522,3770
5085,5,3.2050324836840276,3771
13685,5,3.20593568946272,3772
16983,5,3.206343785064266,3773
6475,5,3.2063956485054574,3774
17678,5,3.2068771148435515,3775
18949,5,3.2068866976794688,3776
13581,5,3.2070372686834507,3777
9318,5,3.2074915667967834,3778
18368,5,3.2079178973240614,3779
21365,5,3.2080003747732295,3780
9439,5,3.208027073616914,3781
11710,5,3.2085026320758314,3782
7662,5,3.2089708529846095,3783
7804,5,3.20899703281656,3784
16756,5,3.2090120119627956,3785
4111,5,3.2090250859173115,3786
22796,5,3.209035978146768,3787
4137,5,3.2093256302725535,3788
1025,5,3.209332815371358,3789
9590,5,3.2095545176874443,3790
12716,5,3.2095794667446844,3791
1866,5,3.2096655227402784,3792
18783,5,3.21008362632965,3793
23000,5,3.2101521233366794,3794
23380,5,3.2104236416791756,3795
6501,5,3.2105076781800945,3796
17010,5,3.211439315500756,3797
16010,5,3.2115570073198967,3798
20743,5,3.2115882589502487,3799
14906,5,3.2118585833576545,3800
18398,5,3.211958446040679,3801
13906,5,3.2121325718648124,3802
14560,5,3.212575203457954,3803
12898,5,3.2125892027414116,3804
19765,5,3.2128015955824942,3805
19116,5,3.212879123786183,3806
3496,5,3.2132941246684017,3807
1012,5,3.2133823462005906,3808
10544,5,3.213489997646642,3809
4856,5,3.2135558978005507,3810
4852,5,3.2144410198164053,3811
1656,5,3.21482538022388,3812
18361,5,3.2148745662379166,3813
6299,5,3.214942769091714,3814
11166,5,3.2149761327339204,3815
9139,5,3.215340411336528,3816
11729,5,3.216092823246996,3817
23824,5,3.2163092403703684,3818
23839,5,3.2163092403703684,3819
1912,5,3.2164665640020424,3820
13991,5,3.2165286078007544,3821
12629,5,3.21665297957703,3822
14277,5,3.217583983368614,3823
9828,5,3.2176787845558277,3824
17667,5,3.218116712388237,3825
12193,5,3.2182887775880737,3826
16529,5,3.2186017604766097,3827
12647,5,3.2187195732938267,3828
626,5,3.218854483917643,3829
1350,5,3.2190439755529257,3830
4349,5,3.219321806152314,3831
2089,5,3.2194135466301086,3832
23666,5,3.219666334819374,3833
21380,5,3.220085769741029,3834
7708,5,3.2202753083864613,3835
4791,5,3.220492965632247,3836
8422,5,3.220679548971299,3837
207,5,3.2208871913123716,3838
7137,5,3.2223616956133836,3839
22039,5,3.222502774783706,3840
14557,5,3.2234085257989915,3841
14996,5,3.22396738583129,3842
19465,5,3.2243684482356723,3843
561,5,3.224642805703849,3844
14647,5,3.2251506705767,3845
16963,5,3.2257871818121626,3846
19683,5,3.226456986239346,3847
17647,5,3.2271475686886473,3848
17722,5,3.227194960537686,3849
22201,5,3.2278626118337024,3850
12974,5,3.2279359898577167,3851
7919,5,3.2284857302491514,3852
6720,5,3.229180793570937,3853
9679,5,3.2295205510572984,3854
18894,5,3.2295705386883284,3855
625,5,3.2298341740860113,3856
5852,5,3.2305633098544173,3857
8010,5,3.2306552547915537,3858
6133,5,3.2308000171886158,3859
3539,5,3.2318798453924424,3860
11364,5,3.2323089741760986,3861
13026,5,3.23253543462001,3862
12822,5,3.2336545523249853,3863
11802,5,3.23367533905715,3864
17731,5,3.2339138058491885,3865
12760,5,3.233981716067696,3866
9594,5,3.234206315611694,3867
12207,5,3.2345798326965594,3868
9807,5,3.235032813058116,3869
22940,5,3.235150756225016,3870
291,5,3.2357243215420928,3871
23416,5,3.236457201622234,3872
14245,5,3.236838341456093,3873
14694,5,3.2369257045984887,3874
14965,5,3.2376672849577988,3875
4942,5,3.237701499730573,3876
8415,5,3.2378673865873666,3877
564,5,3.238225046606953,3878
10811,5,3.2388008592359387,3879
19938,5,3.239263807638077,3880
10255,5,3.239434174891367,3881
2088,5,3.2395309665464063,3882
17445,5,3.2398982865289057,3883
11061,5,3.240116840233596,3884
15235,5,3.2401919347367536,3885
3668,5,3.24088379156973,3886
7236,5,3.240987229720562,3887
4687,5,3.2418793314761247,3888
2493,5,3.242013850065519,3889
18329,5,3.242279334080412,3890
15857,5,3.242580776852324,3891
451,5,3.2428337468476967,3892
22767,5,3.24300706496487,3893
8725,5,3.2431987284542276,3894
4467,5,3.243335921105092,3895
18843,5,3.243432672472187,3896
7322,5,3.243797821535339,3897
16739,5,3.2441503354621637,3898
1825,5,3.24415987232719,3899
10622,5,3.2441983082654033,3900
1677,5,3.244404522585934,3901
8501,5,3.2453768922585646,3902
6499,5,3.246594050901915,3903
2381,5,3.246716219214024,3904
22719,5,3.246793723450955,3905
13761,5,3.2469581373248753,3906
7105,5,3.2474872214769372,3907
9279,5,3.2476455934522357,3908
3641,5,3.2476710560873534,3909
20854,5,3.2478683817134395,3910
4205,5,3.247869297755687,3911
22699,5,3.248116211320786,3912
19404,5,3.2481418593796985,3913
4845,5,3.2489775317807457,3914
18968,5,3.24905025266091,3915
5861,5,3.24928581358413,3916
18070,5,3.2497853182655083,3917
1942,5,3.2498149682241633,3918
19902,5,3.2504243475427232,3919
23850,5,3.2504274824811445,3920
17408,5,3.2510898702015587,3921
3374,5,3.25130666966975,3922
7319,5,3.2520565149604526,3923
2073,5,3.252230004017865,3924
9209,5,3.2523069864398173,3925
24015,5,3.25269627407173,3926
4283,5,3.253134315852454,3927
9132,5,3.2535282702265493,3928
10479,5,3.25376970405354,3929
16698,5,3.2546965517641753,3930
18592,5,3.2548145537871562,3931
1559,5,3.254830919263639,3932
13217,5,3.2551843172885757,3933
18239,5,3.255859958022181,3934
10541,5,3.255973606145845,3935
13363,5,3.2560512490838915,3936
13280,5,3.2563291616760908,3937
10888,5,3.2565857938186933,3938
14966,5,3.256901580666273,3939
20361,5,3.256956455091485,3940
15978,5,3.2572193027379925,3941
2455,5,3.257377273294879,3942
20800,5,3.2582140603167886,3943
15004,5,3.2582610585632263,3944
19881,5,3.2593354808386885,3945
11073,5,3.2599019499991666,3946
20807,5,3.259917991544951,3947
13855,5,3.2602943441150383,3948
4743,5,3.2603567218400435,3949
8182,5,3.2605392717455377,3950
1249,5,3.2606186395563546,3951
14611,5,3.2609202537100517,3952
4674,5,3.2612735760009968,3953
848,5,3.2614880287314407,3954
4905,5,3.2619435330415825,3955
15430,5,3.262044218296793,3956
16626,5,3.26211685710394,3957
8131,5,3.262527641493332,3958
23358,5,3.262650591925738,3959
577,5,3.2627149175049217,3960
1861,5,3.2630126886296105,3961
14281,5,3.2634946919612884,3962
11095,5,3.2637348202406766,3963
13953,5,3.2642434086702115,3964
13302,5,3.2642978707307546,3965
4414,5,3.2647585437627376,3966
14938,5,3.2648171154820487,3967
3585,5,3.2648183797633195,3968
21361,5,3.265027831274521,3969
12269,5,3.265092342221008,3970
13097,5,3.2651939080227446,3971
12439,5,3.265444600095776,3972
4469,5,3.2662454093936084,3973
8772,5,3.2665955393424366,3974
7952,5,3.2667905583864787,3975
15819,5,3.267398583320565,3976
7015,5,3.2677946656995642,3977
6750,5,3.268868760264603,3978
20846,5,3.2694205599668154,3979
9151,5,3.269447712212768,3980
320,5,3.2695017297328572,3981
17110,5,3.2698884939812154,3982
15719,5,3.270612325746834,3983
2419,5,3.2708956425882603,3984
18088,5,3.271046025535296,3985
9612,5,3.271266504921597,3986
15551,5,3.2713834467587395,3987
15266,5,3.2721525018571813,3988
4073,5,3.2726064578558347,3989
4882,5,3.2729455787416395,3990
20579,5,3.273172761720257,3991
1847,5,3.273572210341877,3992
640,5,3.2736847203153,3993
12101,5,3.274230768920586,3994
4885,5,3.2742948680936914,3995
4903,5,3.2744760434407474,3996
5957,5,3.274972457225269,3997
17878,5,3.275544410843119,3998
22241,5,3.275769510574217,3999
21532,5,3.2757698946332026,4000
5686,5,3.2760230709478857,4001
17973,5,3.276091314991586,4002
23613,5,3.2762186475599946,4003
23038,5,3.2764098037470752,4004
17177,5,3.2773374827837465,4005
21186,5,3.2775499537445585,4006
15024,5,3.2777608651118655,4007
3459,5,3.278458012800327,4008
18931,5,3.2787262173381966,4009
14324,5,3.2788226233529003,4010
12181,5,3.279489833459871,4011
16748,5,3.2795968342269797,4012
24005,5,3.2796494737994637,4013
8464,5,3.279951649925116,4014
16788,5,3.2801951292899405,4015
21057,5,3.2803297660427755,4016
19204,5,3.2804078214784327,4017
504,5,3.2806791639213717,4018
5967,5,3.281346876762651,4019
4307,5,3.2813876511533464,4020
20485,5,3.2816078519911542,4021
19627,5,3.2819156785721946,4022
1516,5,3.2819286639382503,4023
316,5,3.2822308805325378,4024
5643,5,3.2825863421511747,4025
7444,5,3.2830410383578674,4026
9853,5,3.283064618552669,4027
18700,5,3.2836215969343847,4028
15743,5,3.2848673759721256,4029
17847,5,3.28586657186923,4030
4214,5,3.2860399820767303,4031
21206,5,3.28638004074854,4032
12138,5,3.2863827478573118,4033
12471,5,3.2867676804633503,4034
22087,5,3.2867703240863317,4035
13757,5,3.2869893752483694,4036
13653,5,3.2878083142822287,4037
17379,5,3.2884548236790896,4038
7376,5,3.288571732009828,4039
21283,5,3.288665488381293,4040
11743,5,3.2892152424819066,4041
10806,5,3.2895573079648495,4042
4858,5,3.2896218915351345,4043
12330,5,3.2896805192348846,4044
12307,5,3.2906102372256867,4045
23644,5,3.292151225015604,4046
16396,5,3.2923494047211967,4047
18077,5,3.292410109910798,4048
2041,5,3.293329585418324,4049
5200,5,3.2933680211553478,4050
10292,5,3.293668582578939,4051
1869,5,3.293714351494284,4052
14677,5,3.294072410731078,4053
14278,5,3.29448197976916,4054
7931,5,3.2952358322380046,4055
9471,5,3.2953828816162827,4056
3349,5,3.2958025397538946,4057
9580,5,3.2958395307359387,4058
8874,5,3.2962083901978256,4059
15601,5,3.2964293928552433,4060
14898,5,3.296487948399624,4061
20753,5,3.2967980484278203,4062
4520,5,3.2970622681088777,4063
1038,5,3.298021890151215,4064
10195,5,3.2982586412909294,4065
16693,5,3.2986770271146475,4066
21587,5,3.2987733186983617,4067
23534,5,3.29907870292797,4068
22246,5,3.2993247589350743,4069
23032,5,3.299817005020528,4070
17759,5,3.2999477808680298,4071
6548,5,3.3002936650150936,4072
17675,5,3.3011185443914166,4073
69,5,3.3013304727039974,4074
17743,5,3.3013390466672226,4075
9617,5,3.3014470334713577,4076
18191,5,3.30145635122049,4077
19126,5,3.301691492046348,4078
17360,5,3.302052349617524,4079
14895,5,3.3026699116724028,4080
14712,5,3.302750682729469,4081
15454,5,3.3032668308402235,4082
16643,5,3.3032669292338097,4083
3647,5,3.303861622582205,4084
5946,5,3.3043090535029083,4085
23605,5,3.3043650834356955,4086
19846,5,3.304832413123459,4087
3318,5,3.3049613615622095,4088
17825,5,3.3053007026376857,4089
18915,5,3.305551943412522,4090
12731,5,3.3056762445569676,4091
16807,5,3.3060917103492167,4092
17094,5,3.306419637845931,4093
963,5,3.3065802914782787,4094
11288,5,3.3070886831238875,4095
1500,5,3.3073611122968085,4096
22324,5,3.307684890503405,4097
20125,5,3.3077270542800745,4098
19532,5,3.307782623604171,4099
17428,5,3.3083679698315973,4100
11691,5,3.3084296453011337,4101
13210,5,3.3085456322761617,4102
22681,5,3.308948204888865,4103
21060,5,3.3089601052723263,4104
14533,5,3.3092444806124903,4105
4289,5,3.309515025753135,4106
4720,5,3.3100549489458544,4107
18488,5,3.310911430597814,4108
18925,5,3.3111523399279315,4109
13455,5,3.311666797191357,4110
8729,5,3.3122841835270624,4111
18658,5,3.3125690516116646,4112
18032,5,3.31263139783856,4113
12316,5,3.312661599248364,4114
16830,5,3.312709768901838,4115
23192,5,3.313230739972307,4116
14082,5,3.313240200496129,4117
889,5,3.3134377483190414,4118
17518,5,3.314381615755196,4119
3800,5,3.3151129116077844,4120
2677,5,3.315308281251055,4121
8694,5,3.3154165042364987,4122
3070,5,3.315789700964104,4123
10222,5,3.315830246485242,4124
18699,5,3.3160289528076237,4125
20864,5,3.3161372941870937,4126
19839,5,3.316944384107342,4127
9127,5,3.3169487118867895,4128
19303,5,3.318155035998165,4129
19446,5,3.318155035998165,4130
11948,5,3.318275271382981,4131
14707,5,3.3182920593240173,4132
231,5,3.3184894849279596,4133
1364,5,3.319281489282291,4134
22947,5,3.3199166410329717,4135
4194,5,3.319916766772859,4136
21964,5,3.3204212403547593,4137
17158,5,3.3204485384716205,4138
8900,5,3.320784106798369,4139
19560,5,3.321693348314747,4140
16525,5,3.321786825203277,4141
2144,5,3.3219865049993444,4142
673,5,3.322171251396503,4143
2526,5,3.3228101650604582,4144
1957,5,3.323606063818123,4145
12482,5,3.3242773756314152,4146
413,5,3.3246917925813024,4147
14130,5,3.3246957628698293,4148
5624,5,3.3248638787283102,4149
3235,5,3.325313471987761,4150
369,5,3.3254183160892414,4151
5602,5,3.325752126058123,4152
22249,5,3.3258144909180336,4153
13547,5,3.3261220103976132,4154
7853,5,3.3264626552580454,4155
4302,5,3.3267858087382347,4156
3266,5,3.326919376161324,4157
12770,5,3.3270748938743466,4158
13699,5,3.327301944835057,4159
12573,5,3.327551244212687,4160
23388,5,3.327592128806149,4161
12489,5,3.327893085499859,4162
19076,5,3.327964612943529,4163
13150,5,3.3285983515994406,4164
16583,5,3.3286487723885116,4165
8587,5,3.328855902947299,4166
22731,5,3.3289367824861165,4167
15893,5,3.3303259080608627,4168
23285,5,3.3303341885976665,4169
12014,5,3.3304036262630596,4170
13320,5,3.3316329045048745,4171
19132,5,3.3316906556328294,4172
16356,5,3.3319891506750863,4173
22116,5,3.332575400171112,4174
21977,5,3.332863147374845,4175
5920,5,3.3329620602375356,4176
12128,5,3.3375762550680643,4177
8336,5,3.3378138902365384,4178
4317,5,3.3381760461513554,4179
4468,5,3.3391107166830465,4180
1055,5,3.339240065393207,4181
22935,5,3.3392550306466298,4182
18576,5,3.33952053211832,4183
22396,5,3.3398101117371604,4184
710,5,3.3398938723286538,4185
20028,5,3.34001544517954,4186
3140,5,3.340193600455462,4187
1222,5,3.3402338129316815,4188
22752,5,3.3407617968766448,4189
5231,5,3.341218946099163,4190
23818,5,3.341427594295747,4191
7446,5,3.3418192724895475,4192
19163,5,3.3422649010505494,4193
8525,5,3.3424173997800883,4194
13172,5,3.3433400158751683,4195
19617,5,3.3434013013278547,4196
7885,5,3.3434723281232146,4197
5440,5,3.344428786324759,4198
14623,5,3.344488904782523,4199
16503,5,3.3451954750882167,4200
2952,5,3.3454641694932,4201
16556,5,3.345544676000142,4202
4544,5,3.345728643945812,4203
22656,5,3.346387201705693,4204
15630,5,3.3468011159509037,4205
21959,5,3.3470804410356347,4206
1477,5,3.3485772597866434,4207
19318,5,3.3490414727524405,4208
5068,5,3.349075302121697,4209
8651,5,3.349077521412929,4210
18439,5,3.349108297681376,4211
13098,5,3.349658113949381,4212
17346,5,3.3497373872512424,4213
15538,5,3.350389146043853,4214
1989,5,3.3505704757199264,4215
10919,5,3.3508900723571715,4216
14209,5,3.3510803473734767,4217
11685,5,3.352316189716887,4218
3325,5,3.3538052876014004,4219
7588,5,3.355265674481862,4220
3915,5,3.3553346281970793,4221
9698,5,3.3556696055441777,4222
19583,5,3.3560420927668915,4223
12517,5,3.356301433392058,4224
23764,5,3.356791849262626,4225
780,5,3.3585699279514785,4226
5319,5,3.359351086625953,4227
4583,5,3.360211654758123,4228
4020,5,3.3602825182962865,4229
13772,5,3.3609311720690913,4230
1395,5,3.361046121240438,4231
13300,5,3.362531980552515,4232
8396,5,3.362722772858212,4233
2697,5,3.363778897524216,4234
13480,5,3.3642089005646767,4235
4708,5,3.364257566922966,4236
11400,5,3.364312681525939,4237
452,5,3.3644771440490606,4238
10417,5,3.3648269712724184,4239
7928,5,3.364831697965863,4240
7387,5,3.365582928595439,4241
2091,5,3.3659244830826807,4242
11873,5,3.366142599235494,4243
17097,5,3.366339316284414,4244
21837,5,3.3667476077598093,4245
4238,5,3.366923098465018,4246
13759,5,3.3672267923330184,4247
1079,5,3.3685201572063623,4248
8207,5,3.368676534323964,4249
12993,5,3.368777838658337,4250
13418,5,3.3698084577727725,4251
17223,5,3.370340966544579,4252
11615,5,3.371141906415855,4253
22022,5,3.3711515862545154,4254
11337,5,3.3711792112347454,4255
6352,5,3.371406506423517,4256
22521,5,3.3714672711287688,4257
15418,5,3.372547250130208,4258
17689,5,3.3732288818876914,4259
11602,5,3.373495079606869,4260
8028,5,3.373633674400941,4261
14063,5,3.374250686238607,4262
10619,5,3.374678339334426,4263
1684,5,3.3750305492911363,4264
16734,5,3.3751351862949943,4265
11859,5,3.3754310024619456,4266
11555,5,3.37607147131333,4267
16504,5,3.3770618099174023,4268
2848,5,3.377097178453569,4269
3079,5,3.377179910046086,4270
9386,5,3.3774317747975244,4271
15280,5,3.3776766204184816,4272
19096,5,3.378538450988018,4273
11665,5,3.379236095271396,4274
15776,5,3.3797462974652333,4275
15994,5,3.3798378923993164,4276
1480,5,3.379842556202546,4277
20475,5,3.380660172286432,4278
14863,5,3.3809279364752327,4279
5199,5,3.3816992957007375,4280
4931,5,3.3817920377380237,4281
8717,5,3.3818358038110574,4282
108,5,3.382224664733748,4283
3322,5,3.382247336457207,4284
9719,5,3.382666213853925,4285
8211,5,3.3827767007964953,4286
9934,5,3.382926908614254,4287
2924,5,3.383381937200624,4288
17368,5,3.3834377168242473,4289
22689,5,3.3839310647909366,4290
7589,5,3.3843498899664874,4291
11087,5,3.385131560181592,4292
11476,5,3.385307582156758,4293
13724,5,3.3856127957083046,4294
2983,5,3.3857986423174213,4295
18050,5,3.385945829450842,4296
17371,5,3.3865897936012153,4297
13119,5,3.3874428898813216,4298
9656,5,3.3883774861162532,4299
1702,5,3.3886828554574056,4300
10570,5,3.3893565696063317,4301
17940,5,3.3898246346248837,4302
7722,5,3.3911617665101024,4303
6536,5,3.3919547274188235,4304
16386,5,3.393132042535371,4305
1782,5,3.3932420022400303,4306
7115,5,3.393344322914351,4307
12086,5,3.3935576603983564,4308
6717,5,3.394064252330692,4309
144,5,3.3941535884860254,4310
1376,5,3.3945087665592175,4311
13698,5,3.3948610624680176,4312
5308,5,3.3953901266072477,4313
2027,5,3.3956861914421204,4314
18752,5,3.3961066406137705,4315
14472,5,3.396142881813684,4316
4427,5,3.3962576231017514,4317
2903,5,3.3965048904966078,4318
2802,5,3.3966115585751595,4319
16996,5,3.396943384793215,4320
14896,5,3.397329791941105,4321
11157,5,3.3979345640088474,4322
23686,5,3.3985213371302176,4323
17891,5,3.3990704679938877,4324
11158,5,3.399218351540184,4325
11254,5,3.3995793517078465,4326
9726,5,3.4000751636379696,4327
17665,5,3.4011791164218077,4328
15002,5,3.4016035357239813,4329
4135,5,3.4024177481461235,4330
16118,5,3.4024403216187964,4331
14249,5,3.402483671818576,4332
12337,5,3.4026709795388643,4333
11635,5,3.4028982773854612,4334
19335,5,3.4030321991150654,4335
10471,5,3.4042639785829634,4336
11086,5,3.4044238305413845,4337
18781,5,3.4048470098196657,4338
5580,5,3.4071051391356857,4339
21779,5,3.4071624510421312,4340
5997,5,3.4075741920719276,4341
12076,5,3.4078329485902006,4342
4692,5,3.4083646424023275,4343
8880,5,3.4093734362306045,4344
6520,5,3.4095974425620037,4345
21000,5,3.410332629932254,4346
15817,5,3.410342444183908,4347
15565,5,3.411227670118447,4348
2989,5,3.41170167833981,4349
4392,5,3.4123598939346076,4350
23699,5,3.412371429916833,4351
22384,5,3.412665774926908,4352
19572,5,3.4128946459908467,4353
20455,5,3.4133164534785294,4354
12194,5,3.413859027402678,4355
16957,5,3.415278410080436,4356
10183,5,3.4153979683234295,4357
8689,5,3.41601158587335,4358
16953,5,3.4163422095977762,4359
1377,5,3.416526957462175,4360
2111,5,3.416589030536103,4361
20023,5,3.416844615810763,4362
9690,5,3.417247628466954,4363
13367,5,3.4176878319808415,4364
23692,5,3.417993570921456,4365
5133,5,3.418274285059268,4366
4072,5,3.4182828447957854,4367
10813,5,3.4183814436802833,4368
17261,5,3.418628708889251,4369
21624,5,3.4186302552985715,4370
4716,5,3.418704822408804,4371
2758,5,3.419488162544004,4372
23248,5,3.419934607730536,4373
1019,5,3.4199793146780384,4374
13717,5,3.420973179195983,4375
3845,5,3.4211452581363533,4376
4871,5,3.422389840320277,4377
1341,5,3.4227159728492134,4378
9547,5,3.4231995157122888,4379
6772,5,3.423277436045414,4380
3649,5,3.4238611716849765,4381
7693,5,3.424194977368048,4382
7678,5,3.424203031936427,4383
4730,5,3.4247323482989027,4384
8125,5,3.4252529519574835,4385
10329,5,3.42547540853537,4386
3071,5,3.425600932096706,4387
10181,5,3.426015457715767,4388
12957,5,3.4262600031735873,4389
8541,5,3.4274628564417324,4390
18977,5,3.4277776298829483,4391
20053,5,3.4284167151816476,4392
12451,5,3.429395145835327,4393
22207,5,3.4295502301305447,4394
15409,5,3.4297834866975627,4395
12837,5,3.4303317695315068,4396
813,5,3.431834312862566,4397
1244,5,3.4322048550589956,4398
10119,5,3.4322456648965325,4399
9752,5,3.4324854073420585,4400
10644,5,3.4327422178588276,4401
3509,5,3.4328730717876947,4402
22284,5,3.4331831185121917,4403
15215,5,3.4337261379251074,4404
22717,5,3.4338271953488477,4405
22080,5,3.434026849426151,4406
2483,5,3.4341247025208155,4407
5147,5,3.4342689600893523,4408
20416,5,3.435109654041066,4409
275,5,3.4352374872556624,4410
12459,5,3.4356516319797303,4411
21609,5,3.435881632213092,4412
23284,5,3.4364282208825947,4413
20823,5,3.4364609363493157,4414
613,5,3.4377363469186157,4415
11601,5,3.4381828227937916,4416
334,5,3.4385435362791963,4417
4192,5,3.438919750369429,4418
7222,5,3.439005842052843,4419
14943,5,3.439872884123544,4420
4806,5,3.4402442979364127,4421
11441,5,3.440700890188404,4422
19737,5,3.442283116514416,4423
12397,5,3.444530255907592,4424
14671,5,3.445551967604515,4425
7108,5,3.4462060585899676,4426
16258,5,3.4464555739532843,4427
18960,5,3.4468726659230096,4428
22647,5,3.4475867549435524,4429
2239,5,3.4484865474802415,4430
17546,5,3.4496289364632196,4431
4434,5,3.450312614922892,4432
5993,5,3.450315347619885,4433
21383,5,3.450317438577519,4434
18773,5,3.450941271904319,4435
6880,5,3.4516181619803907,4436
489,5,3.451788242884525,4437
2189,5,3.4522572754097487,4438
17305,5,3.4522924014375778,4439
18172,5,3.4523811872764028,4440
9793,5,3.4532423269811505,4441
8114,5,3.45350003300454,4442
20287,5,3.4535608528669486,4443
4386,5,3.4536070918584785,4444
11621,5,3.453634836237546,4445
9293,5,3.4538076923265417,4446
11404,5,3.454780863916291,4447
21813,5,3.45483557080113,4448
6032,5,3.455347752998029,4449
4874,5,3.4564894198321663,4450
851,5,3.4565345479293357,4451
20622,5,3.456741376339611,4452
8697,5,3.4569645920464205,4453
5286,5,3.457261789130057,4454
23452,5,3.457751352188843,4455
6641,5,3.4580479237171735,4456
1780,5,3.459124399205436,4457
7982,5,3.4591912602975365,4458
6073,5,3.4610430766223925,4459
5093,5,3.4617249122139246,4460
3217,5,3.4617905053035756,4461
10401,5,3.4620090915172073,4462
9154,5,3.462492569164686,4463
3753,5,3.4625648617266673,4464
19704,5,3.46260390810807,4465
3168,5,3.462694769634802,4466
15965,5,3.4628730539598083,4467
9404,5,3.4629592913813383,4468
20748,5,3.463174957695136,4469
10933,5,3.4633767074494552,4470
5870,5,3.463756230532972,4471
20256,5,3.4665327766152254,4472
17442,5,3.4671816783307,4473
21678,5,3.467287432415819,4474
21812,5,3.4686806973557496,4475
13428,5,3.468765668707004,4476
1301,5,3.4691930310119736,4477
5358,5,3.4697208314925794,4478
8177,5,3.4697720450159037,4479
12552,5,3.4707753823966487,4480
7707,5,3.471583495580523,4481
14141,5,3.4715872255853033,4482
19819,5,3.4720346666720436,4483
13958,5,3.47270140192299,4484
14512,5,3.4737576282990195,4485
17517,5,3.474162655924871,4486
2822,5,3.4755494264712183,4487
10238,5,3.4757921113848482,4488
8517,5,3.4765319632245064,4489
4253,5,3.4768571246173945,4490
10853,5,3.477177293862174,4491
23117,5,3.4779248320038927,4492
6368,5,3.4780469287194706,4493
18528,5,3.4780547285960486,4494
14430,5,3.4783684929190355,4495
9907,5,3.478693995290807,4496
10490,5,3.4788399797376153,4497
9475,5,3.4788546174998376,4498
21736,5,3.478978685969828,4499
18019,5,3.4790629664782773,4500
18405,5,3.479735611157756,4501
14585,5,3.479981886032258,4502
1326,5,3.480266689118009,4503
10042,5,3.480893495838623,4504
17417,5,3.481150430251721,4505
6008,5,3.481150661543816,4506
1390,5,3.482619840853212,4507
4881,5,3.4827039595459963,4508
22869,5,3.4827042869890863,4509
11352,5,3.483179009650269,4510
12170,5,3.4832000731530983,4511
5537,5,3.483365375219344,4512
215,5,3.4834757615675023,4513
21077,5,3.48369034790972,4514
11008,5,3.4836967530274756,4515
1921,5,3.483774096981919,4516
11085,5,3.4839021112284563,4517
270,5,3.4841126633808575,4518
2828,5,3.484736313973171,4519
3926,5,3.486304578115,4520
15839,5,3.486599318257462,4521
11775,5,3.4875699598083925,4522
6664,5,3.487876600587672,4523
14144,5,3.488208148903954,4524
4514,5,3.4893773270819977,4525
21826,5,3.489842430617138,4526
21734,5,3.490249311184602,4527
22232,5,3.490639286545563,4528
2516,5,3.4914422498553432,4529
7083,5,3.4914462058756177,4530
19648,5,3.492833624460282,4531
9755,5,3.4933576821472823,4532
9784,5,3.4946074830988128,4533
6844,5,3.4948305029417837,4534
19220,5,3.4949710155200733,4535
22198,5,3.495248120117294,4536
20334,5,3.4960500553933014,4537
13747,5,3.4962834766313375,4538
17599,5,3.496766126253272,4539
13779,5,3.496914077673318,4540
22540,5,3.497202835675242,4541
23966,5,3.4972400089994533,4542
22769,5,3.4975341044649464,4543
22012,5,3.4979797375543926,4544
18462,5,3.4998278297846164,4545
21998,5,3.500203650817305,4546
7998,5,3.5009268646531515,4547
13750,5,3.500968376394527,4548
10593,5,3.50110169009808,4549
3411,5,3.5024749836728932,4550
16801,5,3.502565038015152,4551
19200,5,3.503138505186591,4552
7180,5,3.504124318649099,4553
15810,5,3.504678932984215,4554
13803,5,3.5047372379502657,4555
18936,5,3.5048782918782764,4556
17399,5,3.5050045693632588,4557
9827,5,3.5050910921855425,4558
15613,5,3.5054069337755926,4559
6838,5,3.5059122760382935,4560
17690,5,3.5063878482586306,4561
16491,5,3.5065893815377334,4562
17749,5,3.506645378638272,4563
20891,5,3.506962541386968,4564
19034,5,3.507140120794148,4565
23652,5,3.5074694697721123,4566
16684,5,3.5075655962428787,4567
14267,5,3.508271684789812,4568
282,5,3.5083153007652514,4569
18236,5,3.5110571293513253,4570
9520,5,3.511179352625473,4571
11753,5,3.511220111134646,4572
2497,5,3.511646286967888,4573
1509,5,3.511794525131487,4574
18500,5,3.512543198820612,4575
10068,5,3.5126418095872176,4576
906,5,3.512703101148908,4577
8724,5,3.513096165029673,4578
414,5,3.5135153784102844,4579
5338,5,3.5142011330781213,4580
3554,5,3.51451970420004,4581
15542,5,3.5164312474661727,4582
19136,5,3.516840049052812,4583
22110,5,3.5171908678427655,4584
19481,5,3.5202802520676126,4585
20833,5,3.5225959226152077,4586
5753,5,3.5227316928090184,4587
9380,5,3.5229585590691705,4588
9637,5,3.523890373143474,4589
1625,5,3.5247364326635413,4590
22401,5,3.5255261269909663,4591
13051,5,3.5258419047390106,4592
7432,5,3.526239359391753,4593
6425,5,3.526379881425823,4594
10156,5,3.5273634547135235,4595
8780,5,3.52775926099301,4596
17450,5,3.529569827917309,4597
7038,5,3.5295996450467055,4598
3064,5,3.5300232641491736,4599
7888,5,3.5309657818441615,4600
8039,5,3.5317686417539464,4601
13123,5,3.5318530465342426,4602
5716,5,3.5333563268751473,4603
8943,5,3.533542839962069,4604
2299,5,3.5347614889693024,4605
6003,5,3.5348986098037476,4606
6021,5,3.5351884761157946,4607
20213,5,3.537669482970142,4608
3943,5,3.538106307126129,4609
21833,5,3.5383591717738887,4610
14697,5,3.5385272584414555,4611
22707,5,3.538780696972939,4612
13122,5,3.5395841549454223,4613
4822,5,3.5401255125634083,4614
7716,5,3.540266793135323,4615
3474,5,3.540751726968663,4616
21393,5,3.540898327611877,4617
22153,5,3.54197950580156,4618
12054,5,3.5421939319663696,4619
15950,5,3.5434827044374737,4620
10821,5,3.544752866053041,4621
2796,5,3.5463159518067053,4622
595,5,3.5468554697215,4623
18107,5,3.5473257411470316,4624
5247,5,3.547649766766637,4625
10036,5,3.5476586930694003,4626
20323,5,3.5478432130754785,4627
11110,5,3.5480432362107552,4628
17713,5,3.5484059053727735,4629
8097,5,3.5489577917122683,4630
1824,5,3.550186835370817,4631
5764,5,3.55052370582722,4632
2731,5,3.551325620424479,4633
7429,5,3.5515705890704647,4634
3916,5,3.551677822243829,4635
6434,5,3.552169281446403,4636
23994,5,3.552218470078166,4637
23376,5,3.553077921432836,4638
7338,5,3.554409650040865,4639
13180,5,3.5544340551456606,4640
16254,5,3.554954769354015,4641
8685,5,3.555022424379564,4642
3288,5,3.555121207391937,4643
18552,5,3.5561532308695876,4644
3603,5,3.5562233636877623,4645
11593,5,3.5572209886844757,4646
23983,5,3.5573875836092927,4647
23430,5,3.5577563056736667,4648
1179,5,3.5581858423537542,4649
14646,5,3.558928571277204,4650
12067,5,3.5593144331875126,4651
1894,5,3.559941491697337,4652
2354,5,3.5605712238257183,4653
5563,5,3.5626873975706634,4654
4854,5,3.5641544915928485,4655
17682,5,3.5650281044153767,4656
19186,5,3.565260740285364,4657
20742,5,3.5664124965184096,4658
15270,5,3.5666787772003885,4659
15856,5,3.5669026067916194,4660
22089,5,3.568026669633389,4661
1304,5,3.568082583020252,4662
8773,5,3.5689087133196704,4663
18387,5,3.569014098185831,4664
9134,5,3.5692746467669973,4665
9758,5,3.572705857003997,4666
6190,5,3.5727626874367946,4667
5475,5,3.5737664735230097,4668
15071,5,3.5743614680051423,4669
1102,5,3.575454758905892,4670
22281,5,3.577035654106315,4671
7567,5,3.577763153133748,4672
8301,5,3.5785583328457364,4673
4168,5,3.5789247220452367,4674
13499,5,3.579276699450644,4675
23056,5,3.5797837946842552,4676
19850,5,3.5800429801253206,4677
14488,5,3.581792051668856,4678
1868,5,3.5820561459217473,4679
10666,5,3.582367130954508,4680
14501,5,3.5825793958568717,4681
22081,5,3.5827283585229996,4682
5631,5,3.582941345498033,4683
2890,5,3.5835094507015794,4684
11208,5,3.5838864598737734,4685
22775,5,3.583902393010397,4686
20966,5,3.584542569989879,4687
3721,5,3.5845455091160536,4688
20091,5,3.58499791503126,4689
12754,5,3.5855775262659417,4690
20055,5,3.5856195153276587,4691
17302,5,3.5857459678003116,4692
4559,5,3.5858608889255876,4693
18003,5,3.58618029462085,4694
16367,5,3.5893746140142757,4695
5843,5,3.591741017418398,4696
18741,5,3.593493188691909,4697
13047,5,3.593682767292781,4698
17059,5,3.5942386517831917,4699
19320,5,3.595418103441243,4700
19171,5,3.5966036097178753,4701
9070,5,3.597004570636307,4702
15231,5,3.5970905228418584,4703
16523,5,3.597493834906324,4704
5330,5,3.597519423571811,4705
14620,5,3.5976708230163728,4706
12809,5,3.5982874997906618,4707
20094,5,3.5984358022618017,4708
2314,5,3.5995141579230685,4709
17890,5,3.5995438719488684,4710
18166,5,3.6002007278544474,4711
20415,5,3.601084993126032,4712
14246,5,3.601534306380175,4713
22945,5,3.6018367331236205,4714
4492,5,3.6029185701201025,4715
22004,5,3.6042243763603,4716
21416,5,3.6049273777335986,4717
21714,5,3.60517616574676,4718
3919,5,3.606755845825008,4719
4947,5,3.6068929327276904,4720
6236,5,3.6073360250766986,4721
19055,5,3.607991774378319,4722
3252,5,3.60814685669405,4723
21574,5,3.608463649330008,4724
14127,5,3.6095205892573863,4725
16829,5,3.6109372912770326,4726
7473,5,3.6121763969048577,4727
10905,5,3.6122626553696433,4728
17430,5,3.6129189813438956,4729
6667,5,3.6132518049020477,4730
975,5,3.6133699574146028,4731
9560,5,3.6145855452717104,4732
8862,5,3.6159656804111813,4733
1048,5,3.616415112399977,4734
12210,5,3.6170595154585046,4735
5061,5,3.617250590804808,4736
20325,5,3.6183089109103697,4737
17012,5,3.6183656392595003,4738
21830,5,3.6187248157010083,4739
14990,5,3.619025250541467,4740
927,5,3.6196005654073447,4741
22960,5,3.6198715321405985,4742
10640,5,3.6217938466665163,4743
266,5,3.6251726143300096,4744
5740,5,3.6254252649781944,4745
14875,5,3.6260073018507746,4746
16580,5,3.627725820471465,4747
11180,5,3.628731100881371,4748
7898,5,3.630169559996827,4749
22361,5,3.631723658493321,4750
897,5,3.63187903340596,4751
14439,5,3.6320397941438496,4752
11974,5,3.6323331998890143,4753
4633,5,3.632453013218859,4754
22189,5,3.6335985167626452,4755
9609,5,3.633972968351261,4756
17386,5,3.6349961537387245,4757
11025,5,3.6360183142693825,4758
12932,5,3.637024849433158,4759
13997,5,3.639833741455652,4760
23858,5,3.641122018100531,4761
5088,5,3.6416536051477375,4762
16073,5,3.6423669844242252,4763
15618,5,3.642732927219769,4764
8462,5,3.642805570316783,4765
23057,5,3.642840885584762,4766
2763,5,3.643867416779419,4767
10484,5,3.6443656383353176,4768
17309,5,3.6443805990053235,4769
15402,5,3.646389820751309,4770
10404,5,3.647708874770474,4771
15937,5,3.649209364415355,4772
16752,5,3.6498988433659365,4773
14048,5,3.650676916888311,4774
12588,5,3.6512730832161524,4775
23582,5,3.6530070756888104,4776
6200,5,3.6532876605669764,4777
10370,5,3.6541948805519597,4778
15223,5,3.6545978786831985,4779
22943,5,3.655660684233156,4780
11122,5,3.6590391142488774,4781
17482,5,3.6594039107468435,4782
18534,5,3.662125597132218,4783
206,5,3.6621767407851564,4784
19250,5,3.664574490280713,4785
6227,5,3.66555006901094,4786
18944,5,3.6658321757780463,4787
22604,5,3.668423418052697,4788
1834,5,3.6686663619795494,4789
6978,5,3.6689680390885995,4790
19966,5,3.670301876127609,4791
9805,5,3.6707355264230004,4792
23616,5,3.6714226809651547,4793
18985,5,3.6725175050290417,4794
10012,5,3.6731200199940024,4795
8040,5,3.674335357014455,4796
19853,5,3.6753885237689365,4797
18721,5,3.6761634963085705,4798
15933,5,3.6770905663704894,4799
12271,5,3.6782853461923284,4800
18989,5,3.6783039971045373,4801
19796,5,3.6792684086826144,4802
3976,5,3.679430159035167,4803
15261,5,3.6801968877332185,4804
23873,5,3.6804028126766153,4805
9266,5,3.6819604577879024,4806
5275,5,3.6826245674330673,4807
11658,5,3.683020092821163,4808
20578,5,3.6859032584370883,4809
22308,5,3.685929993951078,4810
23134,5,3.687805599087422,4811
1091,5,3.689484790185839,4812
5605,5,3.6908932465321675,4813
8192,5,3.6920151074756693,4814
5919,5,3.693542765216944,4815
21119,5,3.693995143001298,4816
21743,5,3.6948357177012197,4817
12447,5,3.6949414015294715,4818
6166,5,3.6953867509822174,4819
7515,5,3.697321981888476,4820
19396,5,3.6973675214612656,4821
6094,5,3.698144828221197,4822
19857,5,3.6985472273749975,4823
9953,5,3.7009550754900866,4824
15559,5,3.7069064533430107,4825
12322,5,3.708093909315134,4826
13863,5,3.7081150627918436,4827
18052,5,3.7089470580696102,4828
5135,5,3.711867457325061,4829
22290,5,3.7122782734261404,4830
3586,5,3.7155787910369225,4831
10968,5,3.715621289796696,4832
16615,5,3.71725579804727,4833
13536,5,3.719438342106654,4834
4431,5,3.719906163808898,4835
17405,5,3.720397155758291,4836
22895,5,3.7204386135645886,4837
19656,5,3.7216833986509603,4838
1552,5,3.7226306044039768,4839
11840,5,3.7237712518684885,4840
22341,5,3.7245147316686418,4841
20767,5,3.7260874532285717,4842
10301,5,3.726096343358614,4843
14019,5,3.726096343358614,4844
20564,5,3.7261453905305504,4845
19778,5,3.7265771167185204,4846
21046,5,3.726903921839002,4847
829,5,3.7279474211346035,4848
8722,5,3.728248832210667,4849
20020,5,3.7296909671244256,4850
18247,5,3.73053337734596,4851
17574,5,3.731273254252988,4852
1405,5,3.733684050940664,4853
2930,5,3.7371099568050123,4854
2218,5,3.7372925822044674,4855
16196,5,3.737797146770295,4856
9095,5,3.7385723078447386,4857
21957,5,3.740597256981157,4858
12,5,3.7413015798752634,4859
5906,5,3.742897100531042,4860
16305,5,3.7429693091448093,4861
10865,5,3.7447649472051343,4862
10186,5,3.7487600997506134,4863
12345,5,3.7511778772423274,4864
11612,5,3.752268953533687,4865
16337,5,3.753339237179563,4866
18797,5,3.7543016889996337,4867
21179,5,3.754490860389684,4868
15462,5,3.755763747183502,4869
20092,5,3.756688741737448,4870
19913,5,3.7586981407783226,4871
9611,5,3.7603429136219626,4872
22570,5,3.761311492423568,4873
13432,5,3.7624855608646426,4874
21222,5,3.770630347803925,4875
1553,5,3.772130202666975,4876
13550,5,3.773374515504601,4877
19592,5,3.774194374714698,4878
2779,5,3.7749545991909152,4879
5476,5,3.7765277371223123,4880
7171,5,3.776708197126979,4881
14119,5,3.7787811683788495,4882
5703,5,3.7807846688047007,4883
19905,5,3.780849938041369,4884
17244,5,3.782791819009985,4885
10189,5,3.7835041976300423,4886
14454,5,3.7856525020500116,4887
21937,5,3.7866348329982373,4888
10421,5,3.787882322409079,4889
7590,5,3.7904407385575514,4890
14824,5,3.794285410547857,4891
16949,5,3.7953233473909425,4892
2190,5,3.7988890564586373,4893
14321,5,3.7995445648475483,4894
10841,5,3.799569871235648,4895
18847,5,3.8002118449336453,4896
14442,5,3.803317186419528,4897
6890,5,3.8060893244455047,4898
5813,5,3.806725935631004,4899
3429,5,3.8097892767313852,4900
5307,5,3.815597727278577,4901
2613,5,3.817047256517306,4902
18883,5,3.8205779557104482,4903
253,5,3.8223101843308744,4904
14161,5,3.823786321291307,4905
7698,5,3.8270572198699635,4906
10891,5,3.828315610129281,4907
10339,5,3.83143205336924,4908
15366,5,3.832419429588785,4909
12099,5,3.8326915429918116,4910
12717,5,3.83393372814701,4911
20707,5,3.834050025544299,4912
19840,5,3.83526359933164,4913
6622,5,3.8366881213554747,4914
17271,5,3.8366881213554747,4915
16972,5,3.8366936949425754,4916
10986,5,3.8372257410757795,4917
12460,5,3.8388418222526908,4918
19949,5,3.8388418222526908,4919
1476,5,3.8395085039388968,4920
21247,5,3.84187845427436,4921
2449,5,3.8428217298613223,4922
13138,5,3.8428217298613223,4923
21266,5,3.847334312014497,4924
16588,5,3.8488187641534366,4925
7719,5,3.8537677035388103,4926
19782,5,3.855146918191805,4927
14878,5,3.8609099676958047,4928
12740,5,3.862677836153227,4929
2342,5,3.8664193749351363,4930
19531,5,3.8687719691978657,4931
22991,5,3.869574573805821,4932
8147,5,3.870290694579821,4933
1101,5,3.8710922170948385,4934
15311,5,3.8712053714430574,4935
23247,5,3.8712944063924115,4936
21497,5,3.871918323824245,4937
23202,5,3.8747838219596176,4938
21747,5,3.874933600817041,4939
19788,5,3.875761173770666,4940
18010,5,3.875822194648994,4941
2931,5,3.8763526980203515,4942
21863,5,3.878236877765067,4943
17964,5,3.8785646320383633,4944
14544,5,3.880914820144454,4945
11234,5,3.882840133762692,4946
1597,5,3.885842906408057,4947
11063,5,3.8866799626865842,4948
23050,5,3.887929073842851,4949
1303,5,3.8886192670256845,4950
13177,5,3.8891188540612855,4951
20865,5,3.895965951959275,4952
15245,5,3.898709225230802,4953
1008,5,3.90068777470634,4954
3165,5,3.900808062588316,4955
19398,5,3.9014652098463367,4956
14208,5,3.9032565949000615,4957
22826,5,3.905326671985643,4958
17505,5,3.909007132002325,4959
3722,5,3.909168873816601,4960
23361,5,3.913139713639042,4961
22293,5,3.914388758006832,4962
8057,5,3.9157291124292444,4963
22295,5,3.9181334468134636,4964
6938,5,3.9193571396723934,4965
18493,5,3.921869417755713,4966
3031,5,3.929050025308782,4967
20265,5,3.930458115134241,4968
8031,5,3.933153653285399,4969
17780,5,3.9345752293434693,4970
11385,5,3.9380561600723882,4971
3582,5,3.9436876725544763,4972
12923,5,3.94850389874333,4973
10599,5,3.94861587938884,4974
15486,5,3.950744376934175,4975
12733,5,3.9548756875689905,4976
13054,5,3.956221460947863,4977
14731,5,3.9575798773328033,4978
20786,5,3.965224433924243,4979
22375,5,3.966635724147485,4980
13854,5,3.9684533147127534,4981
4354,5,3.969444160864048,4982
19500,5,3.972976601214101,4983
17230,5,3.973896937725121,4984
15614,5,3.974047612892403,4985
9891,5,3.9784962492329474,4986
23551,5,3.9805900198935484,4987
22372,5,3.9809958397240464,4988
15003,5,3.987413357474149,4989
16640,5,3.9889235915951793,4990
15247,5,3.9893731065281677,4991
15659,5,3.9907965719699674,4992
20380,5,3.991936752272874,4993
11814,5,4.001081350773873,4994
12955,5,4.001173044290865,4995
276,5,4.0012260484157505,4996
19319,5,4.002370955537869,4997
10911,5,4.004242691556207,4998
21540,5,4.0045295272473815,4999
13264,5,4.007715576129356,5000
11165,5,4.011288162699512,5001
15894,5,4.012179719910733,5002
17466,5,4.01231293828223,5003
13673,5,4.012531592061125,5004
17274,5,4.014893832233232,5005
17784,5,4.015545966548144,5006
3041,5,4.020115055021011,5007
3576,5,4.024095884439129,5008
1664,5,4.032307100492117,5009
2234,5,4.033282114334599,5010
6092,5,4.033716040300586,5011
9769,5,4.033780122078707,5012
1849,5,4.037263609393014,5013
6977,5,4.037854457174061,5014
16559,5,4.05142268048412,5015
16919,5,4.052244205328088,5016
21637,5,4.05311013192267,5017
10438,5,4.054403558602935,5018
22181,5,4.057061236608364,5019
17970,5,4.0596507599559,5020
22549,5,4.060638733214891,5021
3888,5,4.061072407149947,5022
8804,5,4.067111691957831,5023
20785,5,4.067183642951173,5024
15650,5,4.0674668762398545,5025
11940,5,4.067726896265615,5026
14308,5,4.069852676932931,5027
9700,5,4.071863884264751,5028
5296,5,4.073631964905456,5029
20197,5,4.074778992690368,5030
18543,5,4.074790062411766,5031
4143,5,4.076901001600918,5032
16650,5,4.084388776289866,5033
4417,5,4.093047647809867,5034
23655,5,4.0988457583147015,5035
2168,5,4.1010600281311556,5036
6767,5,4.102779336319405,5037
9678,5,4.1042023726369345,5038
21511,5,4.104711270108025,5039
17292,5,4.110706348885876,5040
7138,5,4.111510423868576,5041
21293,5,4.112903958205409,5042
13238,5,4.123143647364459,5043
20372,5,4.123378061080817,5044
2893,5,4.1260827949771635,5045
6775,5,4.128848216279588,5046
8482,5,4.132257476943632,5047
5177,5,4.141237146254974,5048
15221,5,4.148560775541675,5049
23458,5,4.1502026663242315,5050
12075,5,4.152943468882227,5051
13787,5,4.152943468882227,5052
16993,5,4.152943468882227,5053
22983,5,4.16108407593663,5054
14123,5,4.165667350750148,5055
21362,5,4.167582290607321,5056
22197,5,4.169205802948755,5057
8179,5,4.170032542341294,5058
3203,5,4.173972617715891,5059
4083,5,4.175463882827051,5060
698,5,4.181290323884595,5061
12758,5,4.1870127824870425,5062
11915,5,4.191969095772703,5063
660,5,4.198028341488585,5064
23044,5,4.217522718569877,5065
3974,5,4.221312302763524,5066
14441,5,4.233894583092281,5067
139,5,4.237197114368918,5068
12764,5,4.2414616818785245,5069
8481,5,4.244511196624713,5070
15684,5,4.251864054229237,5071
3756,5,4.257451499895447,5072
5344,5,4.257848181077824,5073
14316,5,4.258211118277699,5074
5354,5,4.263034238571057,5075
17693,5,4.266076198541016,5076
16547,5,4.267916020040301,5077
6201,5,4.270732408228807,5078
5589,5,4.270819942985915,5079
17985,5,4.2828371634654605,5080
15338,5,4.315890414608666,5081
3938,5,4.3239834866642,5082
3311,5,4.3291213072228985,5083
9610,5,4.3350244495391435,5084
17587,5,4.410588086291669,5085
6567,5,4.432843215885759,5086
19786,5,4.438308984254546,5087
20478,5,4.448728088231135,5088
20667,5,4.458825529240867,5089
21531,5,4.470479328442839,5090
22860,5,4.579095840252532,5091
8754,5,4.591836368842532,5092
10344,5,4.601025086687036,5093
801,5,4.6169509218626485,5094
20652,5,4.6589860168141115,5095
17452,5,4.693599545607546,5096
6826,5,4.783427825837619,5097
15274,5,4.783427825837619,5098
20442,5,4.783427825837619,5099
11044,5,4.828900131475705,5100
2748,5,4.850847673754509,5101
6243,5,5.028658315233415,5102
14960,5,5.082235108074539,5103
20866,5,5.245664753566064,5104
115,6,1.814671829823477,1
15830,6,1.8506687322049382,2
12709,6,1.908084694570109,3
11721,6,1.908540660554759,4
12988,6,1.9562691796533775,5
17020,6,1.9593739799874244,6
1481,6,1.9649868067008969,7
16668,6,1.986662649788238,8
7975,6,2.056380051975405,9
15173,6,2.08999795229065,10
18268,6,2.0944164072325373,11
447,6,2.101042155574691,12
23817,6,2.1238432451808626,13
18549,6,2.1324752946100425,14
2231,6,2.1410630182033374,15
9881,6,2.1448861257963907,16
8196,6,2.2123673400422748,17
10363,6,2.2209298845719556,18
15252,6,2.2392311212729443,19
6562,6,2.2448353862416695,20
5650,6,2.2704380028621167,21
7786,6,2.281087199817385,22
3699,6,2.284784597610916,23
14106,6,2.2928394818990676,24
1816,6,2.310988537892869,25
4737,6,2.3201957064405945,26
535,6,2.3338922118568313,27
23889,6,2.33502529814866,28
9166,6,2.3517561290325486,29
16265,6,2.357529437245757,30
6405,6,2.3588383332359677,31
8309,6,2.36175271590036,32
13513,6,2.3653843125352085,33
7207,6,2.3677410614830308,34
1199,6,2.376761675975794,35
12010,6,2.382932202452496,36
22459,6,2.3980292405489902,37
13944,6,2.404864528499163,38
9086,6,2.405817701877792,39
14635,6,2.4088346766589805,40
14858,6,2.4189029312420094,41
20738,6,2.4232697209312173,42
10924,6,2.4247598319966435,43
7347,6,2.429921977361621,44
2891,6,2.4350766779781363,45
18974,6,2.4401300688724468,46
11972,6,2.4518053439061203,47
14425,6,2.453698679873665,48
9218,6,2.455665412521529,49
9920,6,2.455665412521529,50
6448,6,2.4565962786043802,51
7398,6,2.4565962786043802,52
10542,6,2.4565962786043802,53
13295,6,2.4565962786043802,54
13924,6,2.4565962786043802,55
15793,6,2.4565962786043802,56
17319,6,2.4565962786043802,57
18063,6,2.4565962786043802,58
19980,6,2.4565962786043802,59
21330,6,2.4565962786043802,60
21495,6,2.4565962786043802,61
9356,6,2.4597639972596035,62
3272,6,2.4649520726213408,63
21949,6,2.4716230915839543,64
13522,6,2.471858162082917,65
18056,6,2.472208521802158,66
11731,6,2.4786840092967632,67
5781,6,2.486809402352521,68
5759,6,2.4870460653263464,69
18502,6,2.4870460653263464,70
10649,6,2.4877523236545325,71
223,6,2.495279369778488,72
792,6,2.495279369778488,73
2346,6,2.495279369778488,74
3449,6,2.495279369778488,75
5394,6,2.495279369778488,76
5847,6,2.495279369778488,77
6019,6,2.495279369778488,78
7846,6,2.495279369778488,79
8231,6,2.495279369778488,80
8318,6,2.495279369778488,81
8699,6,2.495279369778488,82
9377,6,2.495279369778488,83
9785,6,2.495279369778488,84
10214,6,2.495279369778488,85
10491,6,2.495279369778488,86
10737,6,2.495279369778488,87
12183,6,2.495279369778488,88
12495,6,2.495279369778488,89
12712,6,2.495279369778488,90
12867,6,2.495279369778488,91
12960,6,2.495279369778488,92
13365,6,2.495279369778488,93
13670,6,2.495279369778488,94
14272,6,2.495279369778488,95
14994,6,2.495279369778488,96
15130,6,2.495279369778488,97
15568,6,2.495279369778488,98
15578,6,2.495279369778488,99
16230,6,2.495279369778488,100
17212,6,2.495279369778488,101
17640,6,2.495279369778488,102
19365,6,2.495279369778488,103
19933,6,2.495279369778488,104
20639,6,2.495279369778488,105
20776,6,2.495279369778488,106
21499,6,2.495279369778488,107
23344,6,2.495279369778488,108
18888,6,2.4957932982860775,109
13476,6,2.505973805180193,110
22376,6,2.5075864614763437,111
10226,6,2.508716040726704,112
418,6,2.510307907598644,113
18980,6,2.510307907598644,114
23633,6,2.515617160466189,115
17523,6,2.5174818588264603,116
2039,6,2.5189725488027603,117
10561,6,2.5202534435701156,118
19647,6,2.522838646846554,119
12751,6,2.5231603429654976,120
11479,6,2.527282344894046,121
19823,6,2.5287325178365947,122
6179,6,2.531861026975106,123
14232,6,2.5360802147106867,124
15138,6,2.5409284259427216,125
23164,6,2.5439207163151902,126
3788,6,2.545115272893571,127
11697,6,2.5466138994324647,128
14298,6,2.5504630681863096,129
6852,6,2.550650300396895,130
11332,6,2.550651075243978,131
14825,6,2.5510739308739034,132
16407,6,2.5518081256418794,133
9422,6,2.5538118310459437,134
19770,6,2.5549446539980423,135
17464,6,2.5554204716939,136
657,6,2.557090966317918,137
255,6,2.5571158390863826,138
9518,6,2.561075151051996,139
1634,6,2.565370639537532,140
129,6,2.566261712296617,141
161,6,2.566261712296617,142
3300,6,2.566261712296617,143
4379,6,2.566261712296617,144
4624,6,2.566261712296617,145
5183,6,2.566261712296617,146
5673,6,2.566261712296617,147
5696,6,2.566261712296617,148
5989,6,2.566261712296617,149
6706,6,2.566261712296617,150
7282,6,2.566261712296617,151
7314,6,2.566261712296617,152
7743,6,2.566261712296617,153
7825,6,2.566261712296617,154
8498,6,2.566261712296617,155
9242,6,2.566261712296617,156
9287,6,2.566261712296617,157
9299,6,2.566261712296617,158
9771,6,2.566261712296617,159
10007,6,2.566261712296617,160
10455,6,2.566261712296617,161
10510,6,2.566261712296617,162
11108,6,2.566261712296617,163
11256,6,2.566261712296617,164
11307,6,2.566261712296617,165
11864,6,2.566261712296617,166
12649,6,2.566261712296617,167
13465,6,2.566261712296617,168
14527,6,2.566261712296617,169
14988,6,2.566261712296617,170
15778,6,2.566261712296617,171
18276,6,2.566261712296617,172
19740,6,2.566261712296617,173
23553,6,2.566261712296617,174
23886,6,2.566261712296617,175
22236,6,2.5717172289307064,176
12952,6,2.582911853217363,177
8296,6,2.584992399765533,178
15714,6,2.5854898029802955,179
13356,6,2.58814760721083,180
166,6,2.590125766411672,181
1922,6,2.590125766411672,182
5601,6,2.590125766411672,183
9378,6,2.590125766411672,184
13764,6,2.590125766411672,185
5425,6,2.5937909200996163,186
16191,6,2.5942983723115742,187
8256,6,2.598729744872072,188
85,6,2.599220884884403,189
315,6,2.599220884884403,190
900,6,2.599220884884403,191
991,6,2.599220884884403,192
1009,6,2.599220884884403,193
2118,6,2.599220884884403,194
3097,6,2.599220884884403,195
4471,6,2.599220884884403,196
6343,6,2.599220884884403,197
7048,6,2.599220884884403,198
7976,6,2.599220884884403,199
8553,6,2.599220884884403,200
10578,6,2.599220884884403,201
11783,6,2.599220884884403,202
11983,6,2.599220884884403,203
13326,6,2.599220884884403,204
17809,6,2.599220884884403,205
18352,6,2.599220884884403,206
19581,6,2.599220884884403,207
19725,6,2.599220884884403,208
23384,6,2.599220884884403,209
23685,6,2.599220884884403,210
14327,6,2.599268662876473,211
16377,6,2.602214990076899,212
23264,6,2.6030952434590215,213
14609,6,2.6041079298668715,214
8242,6,2.604795100647666,215
11049,6,2.604795100647666,216
13029,6,2.604795100647666,217
18359,6,2.606407291744033,218
7317,6,2.6068356421286794,219
21667,6,2.612321439937047,220
5411,6,2.61439388527872,221
662,6,2.6150279284592526,222
12407,6,2.615875771468369,223
2371,6,2.621733762383404,224
15796,6,2.621733762383404,225
19783,6,2.621733762383404,226
559,6,2.62207636864917,227
1647,6,2.62207636864917,228
2364,6,2.62207636864917,229
5456,6,2.62207636864917,230
6653,6,2.62207636864917,231
11281,6,2.62207636864917,232
16842,6,2.62207636864917,233
21542,6,2.62207636864917,234
15913,6,2.6224014224997627,235
585,6,2.6226056849285206,236
2247,6,2.6226056849285206,237
3135,6,2.6226056849285206,238
6079,6,2.6226056849285206,239
6165,6,2.6226056849285206,240
6197,6,2.6226056849285206,241
6599,6,2.6226056849285206,242
7321,6,2.6226056849285206,243
7443,6,2.6226056849285206,244
9357,6,2.6226056849285206,245
10346,6,2.6226056849285206,246
10688,6,2.6226056849285206,247
12042,6,2.6226056849285206,248
12473,6,2.6226056849285206,249
12630,6,2.6226056849285206,250
12817,6,2.6226056849285206,251
14431,6,2.6226056849285206,252
15936,6,2.6226056849285206,253
16296,6,2.6226056849285206,254
17595,6,2.6226056849285206,255
17980,6,2.6226056849285206,256
18550,6,2.6226056849285206,257
19321,6,2.6226056849285206,258
21052,6,2.6226056849285206,259
23494,6,2.6226056849285206,260
23939,6,2.6226056849285206,261
6527,6,2.6226735757251163,262
9106,6,2.630116109108264,263
13442,6,2.6349222902822516,264
18349,6,2.6361977973891815,265
7480,6,2.641080325249304,266
1284,6,2.642101109282761,267
11511,6,2.642101109282761,268
16438,6,2.642101109282761,269
158,6,2.642966312587347,270
1909,6,2.642966312587347,271
2487,6,2.642966312587347,272
2921,6,2.642966312587347,273
3025,6,2.642966312587347,274
5348,6,2.642966312587347,275
7144,6,2.642966312587347,276
7194,6,2.642966312587347,277
7208,6,2.642966312587347,278
7348,6,2.642966312587347,279
8074,6,2.642966312587347,280
8795,6,2.642966312587347,281
9004,6,2.642966312587347,282
9625,6,2.642966312587347,283
10749,6,2.642966312587347,284
11216,6,2.642966312587347,285
12037,6,2.642966312587347,286
12182,6,2.642966312587347,287
12244,6,2.642966312587347,288
12645,6,2.642966312587347,289
13066,6,2.642966312587347,290
13586,6,2.642966312587347,291
13818,6,2.642966312587347,292
14041,6,2.642966312587347,293
14081,6,2.642966312587347,294
14518,6,2.642966312587347,295
14521,6,2.642966312587347,296
14865,6,2.642966312587347,297
15682,6,2.642966312587347,298
16487,6,2.642966312587347,299
16863,6,2.642966312587347,300
19032,6,2.642966312587347,301
19537,6,2.642966312587347,302
20160,6,2.642966312587347,303
20943,6,2.642966312587347,304
21507,6,2.642966312587347,305
22262,6,2.642966312587347,306
22444,6,2.642966312587347,307
23411,6,2.642966312587347,308
23771,6,2.642966312587347,309
14725,6,2.6486408655632667,310
1247,6,2.6494338401595847,311
12512,6,2.6607975864851436,312
5705,6,2.6608222428671535,313
15720,6,2.6608222428671535,314
22685,6,2.6621516257522213,315
5288,6,2.6652009394004406,316
8342,6,2.6681145257985044,317
15389,6,2.6682768658725515,318
22874,6,2.6827962808619557,319
11986,6,2.6833728729419164,320
14564,6,2.6833728729419164,321
16439,6,2.686200177220226,322
10151,6,2.6871062828990193,323
21092,6,2.6872908354276848,324
15756,6,2.6920917520835297,325
443,6,2.693878572142534,326
13549,6,2.6941814137959184,327
10708,6,2.6957263293236706,328
2662,6,2.69795738950054,329
3339,6,2.6980147549401092,330
4638,6,2.700260074020858,331
6526,6,2.7017582034163965,332
7522,6,2.7017582034163965,333
19909,6,2.7017582034163965,334
1186,6,2.7026043083526226,335
2128,6,2.7026043083526226,336
2272,6,2.7026043083526226,337
2851,6,2.7026043083526226,338
4144,6,2.7026043083526226,339
4969,6,2.7026043083526226,340
5789,6,2.7026043083526226,341
6702,6,2.7026043083526226,342
7438,6,2.7026043083526226,343
7828,6,2.7026043083526226,344
8166,6,2.7026043083526226,345
8174,6,2.7026043083526226,346
9786,6,2.7026043083526226,347
12095,6,2.7026043083526226,348
12575,6,2.7026043083526226,349
14295,6,2.7026043083526226,350
15229,6,2.7026043083526226,351
15449,6,2.7026043083526226,352
16606,6,2.7026043083526226,353
17531,6,2.7026043083526226,354
17751,6,2.7026043083526226,355
18016,6,2.7026043083526226,356
19738,6,2.7026043083526226,357
19810,6,2.7026043083526226,358
19872,6,2.7026043083526226,359
21110,6,2.7026043083526226,360
21839,6,2.7026043083526226,361
22258,6,2.7026043083526226,362
23168,6,2.7026043083526226,363
23300,6,2.7026043083526226,364
1315,6,2.7072841386628665,365
3149,6,2.7128712414477283,366
2816,6,2.713496161001558,367
10495,6,2.713496161001558,368
10525,6,2.713496161001558,369
13384,6,2.713496161001558,370
13843,6,2.713496161001558,371
17291,6,2.713496161001558,372
20540,6,2.713496161001558,373
8573,6,2.7137550018002705,374
12437,6,2.7138795262952713,375
8907,6,2.713989568902214,376
20089,6,2.715896974864394,377
11707,6,2.718050496458178,378
18999,6,2.7191143621718163,379
353,6,2.722194213848387,380
2147,6,2.722194213848387,381
10729,6,2.722194213848387,382
2941,6,2.722844300491069,383
21774,6,2.7248507356420646,384
22323,6,2.7265813229171845,385
21719,6,2.7292487411343695,386
21548,6,2.732497064257285,387
11696,6,2.7337962342116127,388
23387,6,2.734926791996152,389
1624,6,2.739957965070623,390
11899,6,2.740183903948113,391
11149,6,2.7438433685355075,392
20680,6,2.7620651444077837,393
17627,6,2.7622964845190596,394
10046,6,2.768236062251673,395
14421,6,2.773121171141785,396
9854,6,2.7754050843694658,397
17982,6,2.775934647731332,398
21785,6,2.777899079113981,399
17765,6,2.779694149684112,400
17226,6,2.7806221298940814,401
13338,6,2.786479290981629,402
23636,6,2.7877140172159045,403
19368,6,2.7881630314886396,404
2003,6,2.7887334838576567,405
17477,6,2.7887334838576567,406
19703,6,2.7887334838576567,407
4604,6,2.7891749520961073,408
22211,6,2.7891749520961073,409
8930,6,2.789898078713585,410
6681,6,2.7917293988955323,411
20040,6,2.7917444993172733,412
4703,6,2.7936935342274656,413
5063,6,2.7952400013405576,414
13576,6,2.7952400013405576,415
233,6,2.7955839736076364,416
2223,6,2.7984551710692127,417
5857,6,2.7984551710692127,418
7182,6,2.7984551710692127,419
7326,6,2.7984551710692127,420
9695,6,2.7984551710692127,421
9829,6,2.7984551710692127,422
18589,6,2.7984551710692127,423
18767,6,2.7984551710692127,424
21547,6,2.7984551710692127,425
22911,6,2.7984551710692127,426
23528,6,2.7984551710692127,427
4890,6,2.7985864818875856,428
14932,6,2.799545616343583,429
18139,6,2.8015808751216444,430
22949,6,2.802493477290058,431
2376,6,2.808002309979188,432
14991,6,2.810632826367115,433
1507,6,2.811219643398081,434
7594,6,2.8116978782751185,435
17909,6,2.8139421766608437,436
11704,6,2.814571379575335,437
9064,6,2.815186202065236,438
14913,6,2.8173209080102475,439
5364,6,2.8173210938505577,440
10378,6,2.820121364845125,441
6859,6,2.829784716114892,442
9863,6,2.8344850205622785,443
7586,6,2.837648480745956,444
18080,6,2.8384454827205663,445
4657,6,2.8414604284704796,446
5829,6,2.8414604284704796,447
6400,6,2.8414604284704796,448
18158,6,2.8414604284704796,449
766,6,2.842264946193793,450
1450,6,2.842264946193793,451
3656,6,2.842264946193793,452
3750,6,2.842264946193793,453
4258,6,2.842264946193793,454
6364,6,2.842264946193793,455
6597,6,2.842264946193793,456
7228,6,2.842264946193793,457
8362,6,2.842264946193793,458
10132,6,2.842264946193793,459
11336,6,2.842264946193793,460
11412,6,2.842264946193793,461
14639,6,2.842264946193793,462
15519,6,2.842264946193793,463
15567,6,2.842264946193793,464
15656,6,2.842264946193793,465
16319,6,2.842264946193793,466
16965,6,2.842264946193793,467
17301,6,2.842264946193793,468
18367,6,2.842264946193793,469
18499,6,2.842264946193793,470
20276,6,2.842264946193793,471
20699,6,2.842264946193793,472
22578,6,2.842264946193793,473
23030,6,2.842264946193793,474
23122,6,2.842264946193793,475
23933,6,2.842264946193793,476
12055,6,2.843258449083749,477
19460,6,2.843258449083749,478
1381,6,2.844062458189778,479
1392,6,2.844062458189778,480
1924,6,2.844062458189778,481
2719,6,2.844062458189778,482
2866,6,2.844062458189778,483
5738,6,2.844062458189778,484
5995,6,2.844062458189778,485
6152,6,2.844062458189778,486
6162,6,2.844062458189778,487
6277,6,2.844062458189778,488
7424,6,2.844062458189778,489
7606,6,2.844062458189778,490
7727,6,2.844062458189778,491
8088,6,2.844062458189778,492
8313,6,2.844062458189778,493
8451,6,2.844062458189778,494
8857,6,2.844062458189778,495
8903,6,2.844062458189778,496
9014,6,2.844062458189778,497
9308,6,2.844062458189778,498
9359,6,2.844062458189778,499
9951,6,2.844062458189778,500
10188,6,2.844062458189778,501
10507,6,2.844062458189778,502
10802,6,2.844062458189778,503
10893,6,2.844062458189778,504
11153,6,2.844062458189778,505
11171,6,2.844062458189778,506
11175,6,2.844062458189778,507
11319,6,2.844062458189778,508
11493,6,2.844062458189778,509
11769,6,2.844062458189778,510
12158,6,2.844062458189778,511
12724,6,2.844062458189778,512
12944,6,2.844062458189778,513
13228,6,2.844062458189778,514
13342,6,2.844062458189778,515
14007,6,2.844062458189778,516
14049,6,2.844062458189778,517
14522,6,2.844062458189778,518
15244,6,2.844062458189778,519
15268,6,2.844062458189778,520
15489,6,2.844062458189778,521
16001,6,2.844062458189778,522
16048,6,2.844062458189778,523
16371,6,2.844062458189778,524
17088,6,2.844062458189778,525
17103,6,2.844062458189778,526
17210,6,2.844062458189778,527
17401,6,2.844062458189778,528
17870,6,2.844062458189778,529
18223,6,2.844062458189778,530
18321,6,2.844062458189778,531
18330,6,2.844062458189778,532
18652,6,2.844062458189778,533
19523,6,2.844062458189778,534
20198,6,2.844062458189778,535
20292,6,2.844062458189778,536
20502,6,2.844062458189778,537
20593,6,2.844062458189778,538
20695,6,2.844062458189778,539
20929,6,2.844062458189778,540
21103,6,2.844062458189778,541
21289,6,2.844062458189778,542
21602,6,2.844062458189778,543
22347,6,2.844062458189778,544
22355,6,2.844062458189778,545
23594,6,2.844062458189778,546
2425,6,2.8473720638674265,547
6256,6,2.8473720638674265,548
17843,6,2.8473720638674265,549
12720,6,2.8481109179325848,550
10298,6,2.848366750550144,551
21239,6,2.848366750550144,552
883,6,2.851654967463951,553
12618,6,2.851654967463951,554
12926,6,2.851654967463951,555
23015,6,2.852877308305081,556
10075,6,2.8544038718365172,557
20161,6,2.855148454440026,558
11628,6,2.8562895230985244,559
4054,6,2.856663720221725,560
7016,6,2.8571035272534955,561
2268,6,2.8586759507857593,562
8391,6,2.859057792782868,563
458,6,2.8619153998307874,564
16572,6,2.864520359219356,565
919,6,2.8657518294415203,566
3733,6,2.8657518294415203,567
6913,6,2.865907898275493,568
3232,6,2.866549529616709,569
3810,6,2.866549529616709,570
4114,6,2.866549529616709,571
6061,6,2.866549529616709,572
7715,6,2.866549529616709,573
8514,6,2.866549529616709,574
8700,6,2.866549529616709,575
9104,6,2.866549529616709,576
15865,6,2.866549529616709,577
16932,6,2.866549529616709,578
17402,6,2.866549529616709,579
17992,6,2.866549529616709,580
21054,6,2.866549529616709,581
7417,6,2.87012047440231,582
21234,6,2.8747813251873917,583
17141,6,2.8748124830384163,584
4041,6,2.8794434270324216,585
5132,6,2.8839987177015054,586
11943,6,2.8839987177015054,587
14664,6,2.8839987177015054,588
16134,6,2.8839987177015054,589
18685,6,2.8839987177015054,590
18779,6,2.8839987177015054,591
20339,6,2.8839987177015054,592
21240,6,2.884455443037567,593
1316,6,2.8846938802820494,594
527,6,2.8852479721277686,595
570,6,2.8852479721277686,596
2647,6,2.8852479721277686,597
4640,6,2.8852479721277686,598
5245,6,2.8852479721277686,599
8984,6,2.8852479721277686,600
9278,6,2.8852479721277686,601
10107,6,2.8852479721277686,602
10296,6,2.8852479721277686,603
10970,6,2.8852479721277686,604
11152,6,2.8852479721277686,605
11190,6,2.8852479721277686,606
11296,6,2.8852479721277686,607
11533,6,2.8852479721277686,608
14469,6,2.8852479721277686,609
14872,6,2.8852479721277686,610
18516,6,2.8852479721277686,611
20098,6,2.8852479721277686,612
21995,6,2.8852479721277686,613
23578,6,2.8852479721277686,614
14047,6,2.8865253839534373,615
22995,6,2.889187180308377,616
13703,6,2.890687689776983,617
21113,6,2.891846786287757,618
1701,6,2.8952169571818542,619
2757,6,2.89535397818151,620
11834,6,2.8981147935778364,621
21908,6,2.9023838243137816,622
477,6,2.9028661970256864,623
13071,6,2.903637662758193,624
3103,6,2.9061877555968136,625
13686,6,2.910409280376416,626
2064,6,2.9120442544218714,627
870,6,2.912829277096376,628
3972,6,2.912829277096376,629
4649,6,2.912829277096376,630
4651,6,2.912829277096376,631
4744,6,2.912829277096376,632
4894,6,2.912829277096376,633
4904,6,2.912829277096376,634
6780,6,2.912829277096376,635
7045,6,2.912829277096376,636
7411,6,2.912829277096376,637
7918,6,2.912829277096376,638
8335,6,2.912829277096376,639
9121,6,2.912829277096376,640
10520,6,2.912829277096376,641
10653,6,2.912829277096376,642
10798,6,2.912829277096376,643
10799,6,2.912829277096376,644
10870,6,2.912829277096376,645
11078,6,2.912829277096376,646
11470,6,2.912829277096376,647
11492,6,2.912829277096376,648
12624,6,2.912829277096376,649
13617,6,2.912829277096376,650
13669,6,2.912829277096376,651
14666,6,2.912829277096376,652
14984,6,2.912829277096376,653
15192,6,2.912829277096376,654
15501,6,2.912829277096376,655
15784,6,2.912829277096376,656
16436,6,2.912829277096376,657
16441,6,2.912829277096376,658
16773,6,2.912829277096376,659
16918,6,2.912829277096376,660
17189,6,2.912829277096376,661
17480,6,2.912829277096376,662
18152,6,2.912829277096376,663
18841,6,2.912829277096376,664
18942,6,2.912829277096376,665
19302,6,2.912829277096376,666
19421,6,2.912829277096376,667
19930,6,2.912829277096376,668
20528,6,2.912829277096376,669
22059,6,2.912829277096376,670
22330,6,2.912829277096376,671
15589,6,2.9135110411783636,672
16325,6,2.9171687821932393,673
15861,6,2.917437217596726,674
8430,6,2.917574735442679,675
6432,6,2.917796217298733,676
13920,6,2.917948881651912,677
4542,6,2.9204859248257304,678
7243,6,2.922846419485207,679
23051,6,2.930975886939772,680
4982,6,2.931725001822129,681
6053,6,2.931777230193143,682
1993,6,2.933023260464277,683
21081,6,2.934504533346718,684
21399,6,2.9365678733834626,685
3506,6,2.9375066296290475,686
22244,6,2.939003110567058,687
17352,6,2.940257338514014,688
134,6,2.940474673408939,689
14361,6,2.9405871313820713,690
117,6,2.9413992302322667,691
934,6,2.9413992302322667,692
4272,6,2.9413992302322667,693
5190,6,2.9413992302322667,694
5793,6,2.9413992302322667,695
6115,6,2.9413992302322667,696
6601,6,2.9413992302322667,697
6731,6,2.9413992302322667,698
8698,6,2.9413992302322667,699
12718,6,2.9413992302322667,700
15696,6,2.9413992302322667,701
16741,6,2.9413992302322667,702
17407,6,2.9413992302322667,703
17655,6,2.9413992302322667,704
21161,6,2.9413992302322667,705
17816,6,2.943867427032795,706
98,6,2.9446439658714345,707
128,6,2.9446439658714345,708
224,6,2.9446439658714345,709
401,6,2.9446439658714345,710
549,6,2.9446439658714345,711
552,6,2.9446439658714345,712
642,6,2.9446439658714345,713
898,6,2.9446439658714345,714
1188,6,2.9446439658714345,715
1428,6,2.9446439658714345,716
1855,6,2.9446439658714345,717
2304,6,2.9446439658714345,718
2567,6,2.9446439658714345,719
2855,6,2.9446439658714345,720
3711,6,2.9446439658714345,721
4380,6,2.9446439658714345,722
5062,6,2.9446439658714345,723
5184,6,2.9446439658714345,724
5977,6,2.9446439658714345,725
6042,6,2.9446439658714345,726
6160,6,2.9446439658714345,727
6173,6,2.9446439658714345,728
6260,6,2.9446439658714345,729
6849,6,2.9446439658714345,730
7051,6,2.9446439658714345,731
7067,6,2.9446439658714345,732
7617,6,2.9446439658714345,733
7855,6,2.9446439658714345,734
8312,6,2.9446439658714345,735
8373,6,2.9446439658714345,736
8654,6,2.9446439658714345,737
8850,6,2.9446439658714345,738
8897,6,2.9446439658714345,739
9028,6,2.9446439658714345,740
9050,6,2.9446439658714345,741
9328,6,2.9446439658714345,742
10175,6,2.9446439658714345,743
10215,6,2.9446439658714345,744
10286,6,2.9446439658714345,745
10609,6,2.9446439658714345,746
10614,6,2.9446439658714345,747
10790,6,2.9446439658714345,748
10845,6,2.9446439658714345,749
11501,6,2.9446439658714345,750
11647,6,2.9446439658714345,751
11732,6,2.9446439658714345,752
11774,6,2.9446439658714345,753
11808,6,2.9446439658714345,754
12691,6,2.9446439658714345,755
12799,6,2.9446439658714345,756
13170,6,2.9446439658714345,757
14699,6,2.9446439658714345,758
14718,6,2.9446439658714345,759
16623,6,2.9446439658714345,760
18078,6,2.9446439658714345,761
18228,6,2.9446439658714345,762
18530,6,2.9446439658714345,763
19696,6,2.9446439658714345,764
19899,6,2.9446439658714345,765
20021,6,2.9446439658714345,766
20165,6,2.9446439658714345,767
21783,6,2.9446439658714345,768
21798,6,2.9446439658714345,769
21968,6,2.9446439658714345,770
22346,6,2.9446439658714345,771
22973,6,2.9446439658714345,772
23270,6,2.9446439658714345,773
23587,6,2.9446439658714345,774
5891,6,2.946314995079707,775
15917,6,2.946314995079707,776
19411,6,2.946314995079707,777
20902,6,2.946314995079707,778
22858,6,2.946314995079707,779
8731,6,2.9464627855084697,780
151,6,2.947090889000524,781
736,6,2.947090889000524,782
797,6,2.947090889000524,783
958,6,2.947090889000524,784
1109,6,2.947090889000524,785
1266,6,2.947090889000524,786
1529,6,2.947090889000524,787
1663,6,2.947090889000524,788
1727,6,2.947090889000524,789
2462,6,2.947090889000524,790
2520,6,2.947090889000524,791
2628,6,2.947090889000524,792
3093,6,2.947090889000524,793
5853,6,2.947090889000524,794
7734,6,2.947090889000524,795
8596,6,2.947090889000524,796
9020,6,2.947090889000524,797
9496,6,2.947090889000524,798
10840,6,2.947090889000524,799
11064,6,2.947090889000524,800
11347,6,2.947090889000524,801
11401,6,2.947090889000524,802
11402,6,2.947090889000524,803
12783,6,2.947090889000524,804
12946,6,2.947090889000524,805
13450,6,2.947090889000524,806
13516,6,2.947090889000524,807
13573,6,2.947090889000524,808
13672,6,2.947090889000524,809
14027,6,2.947090889000524,810
14066,6,2.947090889000524,811
14582,6,2.947090889000524,812
15393,6,2.947090889000524,813
17420,6,2.947090889000524,814
17461,6,2.947090889000524,815
17796,6,2.947090889000524,816
18675,6,2.947090889000524,817
18711,6,2.947090889000524,818
19326,6,2.947090889000524,819
19562,6,2.947090889000524,820
20580,6,2.947090889000524,821
21740,6,2.947090889000524,822
21755,6,2.947090889000524,823
22259,6,2.947090889000524,824
22533,6,2.947090889000524,825
22620,6,2.947090889000524,826
23560,6,2.947090889000524,827
23758,6,2.947090889000524,828
11754,6,2.9474430238765152,829
12534,6,2.9474430238765152,830
16708,6,2.9474430238765152,831
10111,6,2.9478123183208056,832
748,6,2.948883691117484,833
15908,6,2.9497319122577146,834
13190,6,2.956589741677439,835
5892,6,2.9617847957847743,836
21093,6,2.9635035304464554,837
2389,6,2.963799058591571,838
5316,6,2.963799058591571,839
1511,6,2.9645703765481164,840
3504,6,2.9645703765481164,841
4223,6,2.9645703765481164,842
8855,6,2.9645703765481164,843
11914,6,2.9645703765481164,844
11963,6,2.9645703765481164,845
13179,6,2.9645703765481164,846
17308,6,2.9645703765481164,847
17431,6,2.9645703765481164,848
18245,6,2.9645703765481164,849
22850,6,2.9645703765481164,850
14313,6,2.970594307659746,851
2029,6,2.9712288092293577,852
78,6,2.972512952894358,853
3199,6,2.972512952894358,854
11040,6,2.972512952894358,855
15222,6,2.972512952894358,856
21994,6,2.972512952894358,857
23178,6,2.972512952894358,858
20714,6,2.972902266308054,859
12257,6,2.9737315670383873,860
15484,6,2.9743267599544576,861
20993,6,2.980582310948039,862
17694,6,2.9844241928230604,863
4013,6,2.98961809555795,864
1000,6,2.990977545069807,865
17022,6,2.9948327155832066,866
571,6,2.995639379245622,867
12597,6,2.9970265981145388,868
11588,6,2.9982149673097584,869
22231,6,3.00142163845259,870
9273,6,3.002411249235112,871
8741,6,3.0039753968561063,872
1754,6,3.0045483523045506,873
5937,6,3.0045483523045506,874
8999,6,3.0045483523045506,875
15061,6,3.0045483523045506,876
17548,6,3.0045483523045506,877
442,6,3.005309211900557,878
789,6,3.005309211900557,879
2221,6,3.005309211900557,880
2355,6,3.005309211900557,881
2551,6,3.005309211900557,882
2642,6,3.005309211900557,883
2838,6,3.005309211900557,884
5205,6,3.005309211900557,885
5367,6,3.005309211900557,886
5369,6,3.005309211900557,887
6901,6,3.005309211900557,888
7158,6,3.005309211900557,889
7349,6,3.005309211900557,890
7540,6,3.005309211900557,891
8441,6,3.005309211900557,892
8452,6,3.005309211900557,893
8739,6,3.005309211900557,894
8864,6,3.005309211900557,895
8959,6,3.005309211900557,896
9138,6,3.005309211900557,897
9696,6,3.005309211900557,898
9800,6,3.005309211900557,899
9979,6,3.005309211900557,900
9989,6,3.005309211900557,901
10785,6,3.005309211900557,902
11260,6,3.005309211900557,903
12017,6,3.005309211900557,904
12063,6,3.005309211900557,905
12450,6,3.005309211900557,906
12508,6,3.005309211900557,907
12641,6,3.005309211900557,908
12696,6,3.005309211900557,909
12781,6,3.005309211900557,910
12804,6,3.005309211900557,911
12805,6,3.005309211900557,912
13144,6,3.005309211900557,913
13603,6,3.005309211900557,914
13801,6,3.005309211900557,915
14675,6,3.005309211900557,916
14950,6,3.005309211900557,917
15703,6,3.005309211900557,918
15820,6,3.005309211900557,919
15960,6,3.005309211900557,920
16041,6,3.005309211900557,921
16231,6,3.005309211900557,922
16941,6,3.005309211900557,923
17437,6,3.005309211900557,924
17717,6,3.005309211900557,925
17817,6,3.005309211900557,926
17996,6,3.005309211900557,927
19125,6,3.005309211900557,928
19602,6,3.005309211900557,929
20365,6,3.005309211900557,930
21115,6,3.005309211900557,931
21466,6,3.005309211900557,932
21669,6,3.005309211900557,933
21862,6,3.005309211900557,934
22150,6,3.005309211900557,935
22304,6,3.005309211900557,936
6399,6,3.0059333620262154,937
9113,6,3.0064988457838218,938
2081,6,3.0112464048229604,939
17789,6,3.0156103596353323,940
14085,6,3.017112908289156,941
19976,6,3.0191040110003464,942
16375,6,3.0210547302782587,943
15063,6,3.0241851221784266,944
23379,6,3.025182790919341,945
8022,6,3.0263641459581088,946
19675,6,3.0263641459581088,947
22013,6,3.0263641459581088,948
1020,6,3.0271195222090443,949
2845,6,3.0271195222090443,950
3442,6,3.0271195222090443,951
4336,6,3.0271195222090443,952
5037,6,3.0271195222090443,953
5490,6,3.0271195222090443,954
6465,6,3.0271195222090443,955
7229,6,3.0271195222090443,956
7795,6,3.0271195222090443,957
7934,6,3.0271195222090443,958
10604,6,3.0271195222090443,959
11454,6,3.0271195222090443,960
11661,6,3.0271195222090443,961
12159,6,3.0271195222090443,962
12376,6,3.0271195222090443,963
12589,6,3.0271195222090443,964
12679,6,3.0271195222090443,965
13070,6,3.0271195222090443,966
13618,6,3.0271195222090443,967
15412,6,3.0271195222090443,968
17083,6,3.0271195222090443,969
17820,6,3.0271195222090443,970
18265,6,3.0271195222090443,971
18419,6,3.0271195222090443,972
19149,6,3.0271195222090443,973
19217,6,3.0271195222090443,974
20062,6,3.0271195222090443,975
20589,6,3.0271195222090443,976
20682,6,3.0271195222090443,977
20796,6,3.0271195222090443,978
21008,6,3.0271195222090443,979
21686,6,3.0271195222090443,980
22510,6,3.0271195222090443,981
22551,6,3.0271195222090443,982
23039,6,3.0271195222090443,983
23554,6,3.0271195222090443,984
23556,6,3.0271195222090443,985
2167,6,3.0295374634363332,986
1325,6,3.02985185061193,987
10084,6,3.02985185061193,988
573,6,3.0302372880652895,989
7938,6,3.0302372880652895,990
14283,6,3.0302372880652895,991
23130,6,3.0326873275189072,992
21718,6,3.0332375347602007,993
16030,6,3.0332556261672585,994
17763,6,3.0338508412178347,995
3694,6,3.0352253920098127,996
11680,6,3.0352253920098127,997
5848,6,3.0357189944215435,998
1340,6,3.0359785635111924,999
1736,6,3.0359785635111924,1000
1984,6,3.0359785635111924,1001
2212,6,3.0359785635111924,1002
2532,6,3.0359785635111924,1003
2599,6,3.0359785635111924,1004
4759,6,3.0359785635111924,1005
5659,6,3.0359785635111924,1006
6993,6,3.0359785635111924,1007
7240,6,3.0359785635111924,1008
9347,6,3.0359785635111924,1009
9781,6,3.0359785635111924,1010
10045,6,3.0359785635111924,1011
10231,6,3.0359785635111924,1012
10466,6,3.0359785635111924,1013
12004,6,3.0359785635111924,1014
12590,6,3.0359785635111924,1015
13490,6,3.0359785635111924,1016
14050,6,3.0359785635111924,1017
15239,6,3.0359785635111924,1018
17347,6,3.0359785635111924,1019
17498,6,3.0359785635111924,1020
18527,6,3.0359785635111924,1021
18688,6,3.0359785635111924,1022
19162,6,3.0359785635111924,1023
21178,6,3.0359785635111924,1024
21386,6,3.0359785635111924,1025
23557,6,3.0359785635111924,1026
23914,6,3.0359785635111924,1027
12119,6,3.0367209154274213,1028
8116,6,3.0378924798025353,1029
10481,6,3.0378924798025353,1030
6108,6,3.0391277644308676,1031
4237,6,3.039853331031014,1032
6732,6,3.042470939497529,1033
12667,6,3.042470939497529,1034
16679,6,3.044171510819404,1035
2237,6,3.0445036635193583,1036
9352,6,3.045179231668599,1037
8493,6,3.0459160773040876,1038
12359,6,3.0467377583150403,1039
794,6,3.0474880845937564,1040
3222,6,3.0474880845937564,1041
3286,6,3.0474880845937564,1042
3403,6,3.0474880845937564,1043
8579,6,3.0474880845937564,1044
10113,6,3.0474880845937564,1045
12338,6,3.0474880845937564,1046
12348,6,3.0474880845937564,1047
14343,6,3.0474880845937564,1048
14622,6,3.0474880845937564,1049
15374,6,3.0474880845937564,1050
16035,6,3.0474880845937564,1051
16260,6,3.0474880845937564,1052
16700,6,3.0474880845937564,1053
18678,6,3.0474880845937564,1054
19624,6,3.0474880845937564,1055
19751,6,3.0474880845937564,1056
20607,6,3.0474880845937564,1057
20614,6,3.0474880845937564,1058
23957,6,3.0474880845937564,1059
7161,6,3.0480849156117604,1060
18760,6,3.054324812599503,1061
14338,6,3.055277258909619,1062
11573,6,3.058059317036235,1063
5273,6,3.0605227851544066,1064
10650,6,3.0615438153350847,1065
3323,6,3.0629008995828833,1066
20799,6,3.0629475666049406,1067
384,6,3.063232946251937,1068
5755,6,3.0660539414869157,1069
18706,6,3.0677970664053387,1070
10855,6,3.0678017330875784,1071
23086,6,3.0678243155333766,1072
7042,6,3.068551397942594,1073
23855,6,3.0692558214479155,1074
14640,6,3.0721457678367683,1075
23737,6,3.074275668344829,1076
21988,6,3.074620151170944,1077
20484,6,3.0746750570659005,1078
6814,6,3.0838541621828526,1079
5871,6,3.084154354891308,1080
14126,6,3.0853989823183854,1081
855,6,3.087169115211418,1082
907,6,3.087169115211418,1083
1411,6,3.087169115211418,1084
3048,6,3.087169115211418,1085
3454,6,3.087169115211418,1086
3510,6,3.087169115211418,1087
5256,6,3.087169115211418,1088
5473,6,3.087169115211418,1089
6198,6,3.087169115211418,1090
7908,6,3.087169115211418,1091
8718,6,3.087169115211418,1092
8778,6,3.087169115211418,1093
9304,6,3.087169115211418,1094
9410,6,3.087169115211418,1095
9467,6,3.087169115211418,1096
11168,6,3.087169115211418,1097
12925,6,3.087169115211418,1098
13913,6,3.087169115211418,1099
14076,6,3.087169115211418,1100
14949,6,3.087169115211418,1101
15201,6,3.087169115211418,1102
16452,6,3.087169115211418,1103
17192,6,3.087169115211418,1104
18193,6,3.087169115211418,1105
19293,6,3.087169115211418,1106
20597,6,3.087169115211418,1107
22121,6,3.087169115211418,1108
22144,6,3.087169115211418,1109
22621,6,3.087169115211418,1110
10975,6,3.087519289551817,1111
5978,6,3.0882504799637926,1112
17527,6,3.0882504799637926,1113
17268,6,3.088417494515338,1114
10131,6,3.089584745660046,1115
16063,6,3.0907645153459904,1116
5416,6,3.093414567192641,1117
6105,6,3.093414567192641,1118
8889,6,3.0937035013368184,1119
19414,6,3.0937035013368184,1120
204,6,3.0944424395974868,1121
3890,6,3.0944424395974868,1122
4052,6,3.0944424395974868,1123
4363,6,3.0944424395974868,1124
5310,6,3.0944424395974868,1125
6203,6,3.0944424395974868,1126
6265,6,3.0944424395974868,1127
6970,6,3.0944424395974868,1128
7054,6,3.0944424395974868,1129
8066,6,3.0944424395974868,1130
9777,6,3.0944424395974868,1131
9899,6,3.0944424395974868,1132
11093,6,3.0944424395974868,1133
11111,6,3.0944424395974868,1134
11466,6,3.0944424395974868,1135
12657,6,3.0944424395974868,1136
13379,6,3.0944424395974868,1137
13606,6,3.0944424395974868,1138
13909,6,3.0944424395974868,1139
17942,6,3.0944424395974868,1140
18780,6,3.0944424395974868,1141
19355,6,3.0944424395974868,1142
21096,6,3.0944424395974868,1143
21639,6,3.0944424395974868,1144
21649,6,3.0944424395974868,1145
22508,6,3.0944424395974868,1146
5417,6,3.097248260463952,1147
10074,6,3.0977291102325766,1148
2587,6,3.0994837827392385,1149
19676,6,3.0995740624778385,1150
13107,6,3.10279070038473,1151
7255,6,3.1049819173613575,1152
16563,6,3.1054390495278543,1153
11833,6,3.1062188826085393,1154
12422,6,3.108652612944035,1155
16809,6,3.1133215926512747,1156
14005,6,3.116720155345144,1157
14893,6,3.116720155345144,1158
15495,6,3.116720155345144,1159
15544,6,3.116720155345144,1160
17652,6,3.116720155345144,1161
18998,6,3.116720155345144,1162
17323,6,3.1224052197372854,1163
11535,6,3.122668714959987,1164
203,6,3.126779574282039,1165
12051,6,3.127235896457267,1166
6292,6,3.128323835756181,1167
3824,6,3.129513189072225,1168
1336,6,3.1304843100104076,1169
1515,6,3.13156740190263,1170
3523,6,3.13156740190263,1171
22683,6,3.1336822316422306,1172
1504,6,3.1339572431863947,1173
4435,6,3.1344973403402254,1174
9746,6,3.1352344360374373,1175
1936,6,3.1413624571628125,1176
21640,6,3.1427768862433,1177
10814,6,3.143094995324618,1178
12294,6,3.1464621491603753,1179
13886,6,3.1464621491603753,1180
7499,6,3.149286144668417,1181
1815,6,3.150096765028898,1182
7033,6,3.1531965865863936,1183
6583,6,3.155654540623546,1184
13795,6,3.1572493058964892,1185
2556,6,3.158288486786219,1186
14630,6,3.1612727747634435,1187
18326,6,3.16303936792355,1188
14231,6,3.16324403621059,1189
12560,6,3.169288829576871,1190
5552,6,3.169870487121806,1191
13651,6,3.171204462868641,1192
8378,6,3.173856375776436,1193
1217,6,3.1761217898569276,1194
19019,6,3.1761217898569276,1195
20201,6,3.1761217898569276,1196
12110,6,3.1774979920506685,1197
23377,6,3.1776635672868063,1198
13777,6,3.1783374518244987,1199
7829,6,3.1784857775209954,1200
13532,6,3.178922640760675,1201
2096,6,3.1800000656554874,1202
2623,6,3.1804073314433094,1203
3680,6,3.1804073314433094,1204
7533,6,3.1804073314433094,1205
10674,6,3.1804073314433094,1206
11595,6,3.1804073314433094,1207
18376,6,3.1804073314433094,1208
4048,6,3.181184664060396,1209
9003,6,3.187661871527983,1210
17615,6,3.189501807871523,1211
752,6,3.1902185568098735,1212
1508,6,3.1902185568098735,1213
3283,6,3.1902185568098735,1214
7659,6,3.1902185568098735,1215
8762,6,3.1902185568098735,1216
8938,6,3.1902185568098735,1217
9136,6,3.1902185568098735,1218
9869,6,3.1902185568098735,1219
12350,6,3.1902185568098735,1220
12648,6,3.1902185568098735,1221
12975,6,3.1902185568098735,1222
14033,6,3.1902185568098735,1223
14297,6,3.1902185568098735,1224
15669,6,3.1902185568098735,1225
17345,6,3.1902185568098735,1226
17351,6,3.1902185568098735,1227
17441,6,3.1902185568098735,1228
812,6,3.1912059859302238,1229
3174,6,3.1912059859302238,1230
15773,6,3.1912059859302238,1231
18176,6,3.1912059859302238,1232
20650,6,3.1912059859302238,1233
22830,6,3.1912059859302238,1234
1160,6,3.191922352193933,1235
1353,6,3.191922352193933,1236
2325,6,3.191922352193933,1237
2988,6,3.191922352193933,1238
3073,6,3.191922352193933,1239
3129,6,3.191922352193933,1240
6045,6,3.191922352193933,1241
6738,6,3.191922352193933,1242
7047,6,3.191922352193933,1243
7410,6,3.191922352193933,1244
7535,6,3.191922352193933,1245
8068,6,3.191922352193933,1246
9210,6,3.191922352193933,1247
9683,6,3.191922352193933,1248
10389,6,3.191922352193933,1249
10759,6,3.191922352193933,1250
11373,6,3.191922352193933,1251
11828,6,3.191922352193933,1252
12653,6,3.191922352193933,1253
13781,6,3.191922352193933,1254
13800,6,3.191922352193933,1255
15724,6,3.191922352193933,1256
16599,6,3.191922352193933,1257
19352,6,3.191922352193933,1258
19616,6,3.191922352193933,1259
21149,6,3.191922352193933,1260
22193,6,3.191922352193933,1261
22455,6,3.191922352193933,1262
23744,6,3.191922352193933,1263
15789,6,3.1926584669168303,1264
17603,6,3.1931284627201464,1265
3017,6,3.1944715068814036,1266
6553,6,3.194745072140441,1267
6832,6,3.194745072140441,1268
9254,6,3.1952552533501377,1269
8709,6,3.1964809424025984,1270
16195,6,3.2038945755465416,1271
16961,6,3.2038945755465416,1272
20675,6,3.2038945755465416,1273
2042,6,3.205622996709781,1274
2586,6,3.205622996709781,1275
6251,6,3.205622996709781,1276
6763,6,3.205622996709781,1277
10838,6,3.205622996709781,1278
12686,6,3.205622996709781,1279
21917,6,3.205622996709781,1280
13584,6,3.2056243705394984,1281
12463,6,3.2165755271884433,1282
6497,6,3.216582827534705,1283
12090,6,3.220066030028633,1284
4173,6,3.2202601485457634,1285
12851,6,3.220628404821867,1286
1241,6,3.2211244045282204,1287
12339,6,3.222639196509243,1288
21128,6,3.222639196509243,1289
3650,6,3.2297187751205527,1290
4741,6,3.229855357591669,1291
19629,6,3.2306600617224124,1292
8345,6,3.231918664712562,1293
8632,6,3.231918664712562,1294
8806,6,3.231918664712562,1295
12566,6,3.231918664712562,1296
9394,6,3.2327781449425883,1297
18866,6,3.2329858326884895,1298
8272,6,3.2361016984182718,1299
14894,6,3.238213063817162,1300
8151,6,3.239675708159803,1301
15652,6,3.240856725197772,1302
6361,6,3.2413942562798885,1303
10206,6,3.2430732723590023,1304
10538,6,3.2435559578829922,1305
16852,6,3.2435559578829922,1306
2727,6,3.2438432401828545,1307
5956,6,3.2438432401828545,1308
12939,6,3.2438432401828545,1309
20037,6,3.2438432401828545,1310
12446,6,3.2471296732408352,1311
11728,6,3.2491524767291593,1312
8262,6,3.2597658905529485,1313
8070,6,3.2640949893685356,1314
8949,6,3.2640949893685356,1315
17683,6,3.2640949893685356,1316
11338,6,3.2647986029154588,1317
240,6,3.272337269498347,1318
22399,6,3.275963813024072,1319
14637,6,3.2800819437467315,1320
18659,6,3.2899143807906617,1321
1459,6,3.290415689902623,1322
17377,6,3.290415689902623,1323
19515,6,3.290415689902623,1324
92,6,3.2911104615548408,1325
389,6,3.2911104615548408,1326
2215,6,3.2911104615548408,1327
9502,6,3.2911104615548408,1328
10035,6,3.2911104615548408,1329
17938,6,3.2911104615548408,1330
19776,6,3.2911104615548408,1331
22094,6,3.2911104615548408,1332
23852,6,3.2911104615548408,1333
14584,6,3.2925489145039926,1334
9280,6,3.2927278532071687,1335
1264,6,3.293243236112356,1336
2778,6,3.293243236112356,1337
4196,6,3.293243236112356,1338
7353,6,3.293243236112356,1339
8742,6,3.293243236112356,1340
9749,6,3.293243236112356,1341
11542,6,3.293243236112356,1342
14578,6,3.293243236112356,1343
17237,6,3.293243236112356,1344
18524,6,3.293243236112356,1345
20199,6,3.293243236112356,1346
22145,6,3.293243236112356,1347
22327,6,3.293243236112356,1348
23258,6,3.293243236112356,1349
11860,6,3.295257086085393,1350
17427,6,3.3017122589394168,1351
10158,6,3.303398664408677,1352
18743,6,3.305147653520673,1353
1910,6,3.315169734265969,1354
11777,6,3.3156948464466582,1355
164,6,3.3163843270384756,1356
20668,6,3.3182218377502335,1357
1786,6,3.318910788545076,1358
1918,6,3.318910788545076,1359
2047,6,3.318910788545076,1360
2131,6,3.318910788545076,1361
2438,6,3.318910788545076,1362
2849,6,3.318910788545076,1363
3417,6,3.318910788545076,1364
3514,6,3.318910788545076,1365
3532,6,3.318910788545076,1366
3923,6,3.318910788545076,1367
4056,6,3.318910788545076,1368
4733,6,3.318910788545076,1369
5052,6,3.318910788545076,1370
6393,6,3.318910788545076,1371
8650,6,3.318910788545076,1372
11094,6,3.318910788545076,1373
14969,6,3.318910788545076,1374
15392,6,3.318910788545076,1375
16687,6,3.318910788545076,1376
18347,6,3.318910788545076,1377
19153,6,3.318910788545076,1378
20460,6,3.318910788545076,1379
20979,6,3.318910788545076,1380
21174,6,3.318910788545076,1381
21696,6,3.318910788545076,1382
23346,6,3.318910788545076,1383
16681,6,3.3189782975982336,1384
2937,6,3.3212561582152236,1385
20838,6,3.3261929252274935,1386
11945,6,3.327260746491796,1387
20145,6,3.327260746491796,1388
156,6,3.3279478260548947,1389
1190,6,3.3279478260548947,1390
1943,6,3.3279478260548947,1391
2368,6,3.3279478260548947,1392
2751,6,3.3279478260548947,1393
3299,6,3.3279478260548947,1394
3768,6,3.3279478260548947,1395
3873,6,3.3279478260548947,1396
4146,6,3.3279478260548947,1397
4972,6,3.3279478260548947,1398
5792,6,3.3279478260548947,1399
6473,6,3.3279478260548947,1400
7204,6,3.3279478260548947,1401
7618,6,3.3279478260548947,1402
8374,6,3.3279478260548947,1403
9243,6,3.3279478260548947,1404
9862,6,3.3279478260548947,1405
10110,6,3.3279478260548947,1406
10454,6,3.3279478260548947,1407
11303,6,3.3279478260548947,1408
11358,6,3.3279478260548947,1409
12634,6,3.3279478260548947,1410
13928,6,3.3279478260548947,1411
16112,6,3.3279478260548947,1412
16759,6,3.3279478260548947,1413
17995,6,3.3279478260548947,1414
19093,6,3.3279478260548947,1415
19130,6,3.3279478260548947,1416
21757,6,3.3279478260548947,1417
23060,6,3.3279478260548947,1418
7356,6,3.3287584216849817,1419
10792,6,3.3298489587128737,1420
14764,6,3.3298489587128737,1421
13980,6,3.3303335704572783,1422
19607,6,3.3315939388684663,1423
12603,6,3.333849900388685,1424
13375,6,3.333849900388685,1425
14024,6,3.333849900388685,1426
20079,6,3.333849900388685,1427
681,6,3.3339394850491857,1428
5102,6,3.3367419493060924,1429
8634,6,3.3367419493060924,1430
14,6,3.3374270769647363,1431
4208,6,3.3374270769647363,1432
5302,6,3.3374270769647363,1433
5832,6,3.3374270769647363,1434
6208,6,3.3374270769647363,1435
6829,6,3.3374270769647363,1436
9577,6,3.3374270769647363,1437
9844,6,3.3374270769647363,1438
12920,6,3.3374270769647363,1439
13001,6,3.3374270769647363,1440
14203,6,3.3374270769647363,1441
17219,6,3.3374270769647363,1442
19322,6,3.3374270769647363,1443
6219,6,3.339759443465806,1444
309,6,3.3412095296610684,1445
20326,6,3.3412095296610684,1446
73,6,3.3418937414131373,1447
7996,6,3.3418937414131373,1448
9629,6,3.3418937414131373,1449
9923,6,3.3418937414131373,1450
10260,6,3.3418937414131373,1451
11964,6,3.3418937414131373,1452
12595,6,3.3418937414131373,1453
14616,6,3.3418937414131373,1454
14947,6,3.3418937414131373,1455
17216,6,3.3418937414131373,1456
13468,6,3.342662187284029,1457
13826,6,3.348960791585116,1458
11453,6,3.3500533515341377,1459
11526,6,3.3535787174439773,1460
9738,6,3.354110100759879,1461
4418,6,3.3553516916537083,1462
269,6,3.3576713093290507,1463
2718,6,3.3576713093290507,1464
1293,6,3.3583521672525394,1465
1401,6,3.3583521672525394,1466
1594,6,3.3583521672525394,1467
1833,6,3.3583521672525394,1468
2076,6,3.3583521672525394,1469
2450,6,3.3583521672525394,1470
4004,6,3.3583521672525394,1471
4698,6,3.3583521672525394,1472
5041,6,3.3583521672525394,1473
5903,6,3.3583521672525394,1474
6135,6,3.3583521672525394,1475
6296,6,3.3583521672525394,1476
6718,6,3.3583521672525394,1477
7164,6,3.3583521672525394,1478
7247,6,3.3583521672525394,1479
7253,6,3.3583521672525394,1480
7287,6,3.3583521672525394,1481
7560,6,3.3583521672525394,1482
8308,6,3.3583521672525394,1483
9555,6,3.3583521672525394,1484
9957,6,3.3583521672525394,1485
10354,6,3.3583521672525394,1486
10487,6,3.3583521672525394,1487
10573,6,3.3583521672525394,1488
11221,6,3.3583521672525394,1489
11900,6,3.3583521672525394,1490
12461,6,3.3583521672525394,1491
12484,6,3.3583521672525394,1492
13153,6,3.3583521672525394,1493
13681,6,3.3583521672525394,1494
15094,6,3.3583521672525394,1495
15721,6,3.3583521672525394,1496
16509,6,3.3583521672525394,1497
16848,6,3.3583521672525394,1498
17255,6,3.3583521672525394,1499
18366,6,3.3583521672525394,1500
18556,6,3.3583521672525394,1501
18932,6,3.3583521672525394,1502
19642,6,3.3583521672525394,1503
20004,6,3.3583521672525394,1504
21062,6,3.3583521672525394,1505
21250,6,3.3583521672525394,1506
21286,6,3.3583521672525394,1507
21993,6,3.3583521672525394,1508
22479,6,3.3583521672525394,1509
22542,6,3.3583521672525394,1510
23071,6,3.3583521672525394,1511
23221,6,3.3583521672525394,1512
23317,6,3.3583521672525394,1513
23434,6,3.3583521672525394,1514
23936,6,3.3583521672525394,1515
21748,6,3.3607902041099127,1516
9811,6,3.3631772771727233,1517
5669,6,3.3633585680522295,1518
14645,6,3.3646702709559633,1519
15400,6,3.3688180436709483,1520
20960,6,3.3688610758178434,1521
17862,6,3.371507491308115,1522
22864,6,3.3756796933860875,1523
22034,6,3.3760339206910635,1524
3022,6,3.378513938804977,1525
21782,6,3.378513938804977,1526
1621,6,3.3790619897947747,1527
12140,6,3.381202143965989,1528
9803,6,3.3845999640788604,1529
7964,6,3.385248014359552,1530
11515,6,3.385248014359552,1531
14924,6,3.385248014359552,1532
17415,6,3.385248014359552,1533
4946,6,3.3904818114913478,1534
18978,6,3.3904818114913478,1535
10588,6,3.3937653538945796,1536
18864,6,3.3947214719152754,1537
22808,6,3.3952262613475592,1538
17390,6,3.3956428105252505,1539
13993,6,3.398088441105134,1540
21227,6,3.399353052827546,1541
3653,6,3.4004540916733146,1542
7242,6,3.4004540916733146,1543
11912,6,3.4004540916733146,1544
2664,6,3.4024001540069757,1545
7915,6,3.4024001540069757,1546
8141,6,3.4024001540069757,1547
18858,6,3.4024001540069757,1548
21790,6,3.4024001540069757,1549
15531,6,3.4025205251056874,1550
6213,6,3.4045175067146847,1551
8078,6,3.4062738795101812,1552
12819,6,3.408222889252677,1553
2533,6,3.413407133406811,1554
9031,6,3.4189266737125807,1555
20226,6,3.420517452940113,1556
15532,6,3.42084508269603,1557
13970,6,3.4209584848127377,1558
4278,6,3.4210712941756327,1559
13951,6,3.421593385026586,1560
8736,6,3.422261525695552,1561
11544,6,3.422261525695552,1562
11627,6,3.422261525695552,1563
15840,6,3.422261525695552,1564
16199,6,3.422261525695552,1565
17041,6,3.422261525695552,1566
17900,6,3.422261525695552,1567
22538,6,3.422261525695552,1568
1581,6,3.4234887501626483,1569
12174,6,3.4252542688996415,1570
6856,6,3.427437083577496,1571
6145,6,3.4276533151171416,1572
6688,6,3.4297181845600426,1573
7104,6,3.4303847427511966,1574
9613,6,3.4303847427511966,1575
11142,6,3.4303847427511966,1576
13243,6,3.4303847427511966,1577
21835,6,3.4303847427511966,1578
22773,6,3.4303847427511966,1579
3231,6,3.4324332090490843,1580
9234,6,3.4324332090490843,1581
16571,6,3.435867612751423,1582
8258,6,3.441031224064949,1583
18327,6,3.442315951285167,1584
15919,6,3.4457832210217076,1585
10356,6,3.447330838229113,1586
9940,6,3.4494919361777705,1587
10659,6,3.449966500209418,1588
13898,6,3.4525871512390807,1589
8831,6,3.460813648505013,1590
2957,6,3.4608999425087976,1591
7379,6,3.461911232896818,1592
9329,6,3.461912155006799,1593
7941,6,3.464847855626268,1594
1425,6,3.4677837092716435,1595
1711,6,3.4677837092716435,1596
5000,6,3.4677837092716435,1597
10871,6,3.4677837092716435,1598
19935,6,3.4677837092716435,1599
21474,6,3.4677837092716435,1600
11331,6,3.469468045789741,1601
1620,6,3.4765619783975996,1602
3517,6,3.488033734191071,1603
12195,6,3.4942958042397403,1604
323,6,3.500979483903455,1605
2002,6,3.500979483903455,1606
3341,6,3.500979483903455,1607
3508,6,3.500979483903455,1608
4244,6,3.500979483903455,1609
6006,6,3.500979483903455,1610
9407,6,3.500979483903455,1611
11227,6,3.500979483903455,1612
13869,6,3.500979483903455,1613
10185,6,3.5020369889788774,1614
4833,6,3.503037737572772,1615
8727,6,3.505532844874475,1616
12931,6,3.5056296471628143,1617
16935,6,3.5062110278684564,1618
12020,6,3.512821412773778,1619
12831,6,3.515101859205253,1620
4701,6,3.5165306486922816,1621
7361,6,3.5169113872731734,1622
1898,6,3.517180754665662,1623
6330,6,3.517180754665662,1624
8782,6,3.517180754665662,1625
9072,6,3.517180754665662,1626
10885,6,3.517180754665662,1627
12897,6,3.517180754665662,1628
13361,6,3.517180754665662,1629
13454,6,3.517180754665662,1630
17986,6,3.517180754665662,1631
19252,6,3.517180754665662,1632
18238,6,3.5193939971466923,1633
16306,6,3.53026956740797,1634
10998,6,3.530689180720984,1635
8849,6,3.5335309242785535,1636
14523,6,3.5358481594585833,1637
16462,6,3.538939972106884,1638
368,6,3.539585962224146,1639
1397,6,3.539585962224146,1640
8686,6,3.539585962224146,1641
20149,6,3.539585962224146,1642
21141,6,3.539585962224146,1643
22462,6,3.539585962224146,1644
23598,6,3.5482037613894946,1645
20930,6,3.5603383074590784,1646
2473,6,3.5799118715058764,1647
9291,6,3.5799118715058764,1648
12318,6,3.5799118715058764,1649
8446,6,3.580223373919437,1650
19375,6,3.588094219324419,1651
13949,6,3.5883873659650725,1652
7496,6,3.589108306261342,1653
6229,6,3.5894478862351,1654
5038,6,3.5965958401304166,1655
9515,6,3.5965958401304166,1656
14716,6,3.5965958401304166,1657
15180,6,3.5965958401304166,1658
16328,6,3.5965958401304166,1659
18121,6,3.5965958401304166,1660
20690,6,3.5965958401304166,1661
12246,6,3.608580734058318,1662
11137,6,3.619364316540374,1663
14040,6,3.619482052273706,1664
5216,6,3.6242316670503927,1665
771,6,3.6245321925926337,1666
5057,6,3.6289223515181765,1667
1169,6,3.6315776504135404,1668
21114,6,3.6315776504135404,1669
23229,6,3.6315776504135404,1670
8507,6,3.6321844918361665,1671
2387,6,3.632207164904212,1672
2522,6,3.632207164904212,1673
2954,6,3.632207164904212,1674
3389,6,3.632207164904212,1675
4489,6,3.632207164904212,1676
5087,6,3.632207164904212,1677
5938,6,3.632207164904212,1678
7273,6,3.632207164904212,1679
7914,6,3.632207164904212,1680
18413,6,3.632207164904212,1681
19198,6,3.632207164904212,1682
23210,6,3.632207164904212,1683
23475,6,3.632207164904212,1684
17662,6,3.6352437962579067,1685
13614,6,3.658068493197293,1686
1641,6,3.6598690619006833,1687
8953,6,3.6657261764416673,1688
12796,6,3.6660323947100997,1689
4089,6,3.6664162962687157,1690
12341,6,3.671520443563283,1691
3055,6,3.673210778895643,1692
10501,6,3.673210778895643,1693
1749,6,3.673833159520652,1694
1775,6,3.673833159520652,1695
4337,6,3.673833159520652,1696
8744,6,3.673833159520652,1697
11341,6,3.673833159520652,1698
14860,6,3.673833159520652,1699
15168,6,3.673833159520652,1700
15300,6,3.673833159520652,1701
19157,6,3.673833159520652,1702
22071,6,3.673833159520652,1703
5918,6,3.678748970670143,1704
18906,6,3.678748970670143,1705
23386,6,3.680290551249104,1706
18142,6,3.68370119139838,1707
16645,6,3.6859921855233373,1708
10943,6,3.68740080266121,1709
16206,6,3.696672548671652,1710
1029,6,3.704609564883842,1711
20515,6,3.704609564883842,1712
23704,6,3.704609564883842,1713
20610,6,3.7481795977742243,1714
21913,6,3.755081882226784,1715
2503,6,3.764803042760177,1716
22563,6,3.7737162278613074,1717
1389,6,3.7743220353094054,1718
2792,6,3.7743220353094054,1719
3567,6,3.7743220353094054,1720
12122,6,3.7743220353094054,1721
14763,6,3.7743220353094054,1722
17606,6,3.7743220353094054,1723
18648,6,3.7743220353094054,1724
20064,6,3.7743220353094054,1725
20119,6,3.7743220353094054,1726
20651,6,3.7743220353094054,1727
21277,6,3.7743220353094054,1728
21346,6,3.7743220353094054,1729
22255,6,3.7743220353094054,1730
22265,6,3.7743220353094054,1731
23235,6,3.7743220353094054,1732
23479,6,3.7743220353094054,1733
8971,6,3.781361226453398,1734
11655,6,3.798934605418803,1735
23013,6,3.849571154043625,1736
2373,6,3.852098941200308,1737
20843,6,3.8580856322100914,1738
12538,6,3.88211036592465,1739
303,6,3.890604445911334,1740
1082,6,3.890604445911334,1741
9904,6,3.8985372765893676,1742
21040,6,3.900600756864536,1743
20609,6,3.923260406421392,1744
23447,6,3.951518340056456,1745
14754,6,3.9643755920905255,1746
8562,6,3.964701669175523,1747
295,6,3.9741242496707496,1748
8601,6,4.000882012060593,1749
9305,6,4.003288611142009,1750
13091,6,4.037860040801641,1751
8936,6,4.0644468743199065,1752
8915,6,4.079141972268068,1753
5060,6,4.082946839788666,1754
6333,6,4.12033663416759,1755
7127,6,4.127121117852716,1756
18182,6,4.195417824912952,1757
7753,6,4.206653905526292,1758
4804,6,4.260120139341323,1759
2226,6,4.26420137297115,1760
2844,6,4.30356647901485,1761
9932,6,4.334752880642449,1762
9566,6,4.347793180332718,1763
12105,6,4.417732541648694,1764
11206,6,4.561965348522557,1765
13024,7,1.3036449021903573,1
16816,7,1.3404740898403489,2
10915,7,1.3498422216409187,3
17926,7,1.3843774035916758,4
13611,7,1.4054283798210456,5
22468,7,1.4187734429300158,6
16052,7,1.4324503240512212,7
16860,7,1.4526022898479098,8
23223,7,1.4535314409602114,9
19609,7,1.4628547272184556,10
14600,7,1.4812961926095116,11
6189,7,1.4834078598901526,12
2914,7,1.4839375425262957,13
9839,7,1.4992027956723413,14
13842,7,1.5089713425697837,15
12490,7,1.5155215288921124,16
15557,7,1.5274136784939756,17
13572,7,1.5326203724001155,18
14110,7,1.5329758072546986,19
1676,7,1.5330570082592894,20
15664,7,1.544526143009385,21
4404,7,1.544799747864248,22
12883,7,1.5449880178566817,23
7608,7,1.5461612314612059,24
13074,7,1.5532560538580327,25
13440,7,1.5736257148649677,26
12062,7,1.583956851765682,27
22354,7,1.5892435085994385,28
20998,7,1.5927543445248729,29
4976,7,1.5994313081147167,30
310,7,1.604256705174093,31
10241,7,1.6194585008900249,32
11670,7,1.6234142482039264,33
11253,7,1.6283559864428954,34
4636,7,1.6331520389100287,35
15995,7,1.6580023733934386,36
8215,7,1.6584509201984854,37
17080,7,1.6622837255632188,38
8226,7,1.6699285927282503,39
5915,7,1.6701298117738805,40
14462,7,1.6701298117738805,41
13018,7,1.6710630633580235,42
12703,7,1.6745916526770108,43
2692,7,1.6761810739232894,44
23603,7,1.6773653669733075,45
16162,7,1.6829754963890005,46
13294,7,1.6911271762898346,47
18261,7,1.694346827526438,48
1778,7,1.7041887643947082,49
6303,7,1.7093227086621405,50
12584,7,1.7133888343222647,51
20179,7,1.7161488949252668,52
18715,7,1.7198912388905518,53
11845,7,1.722553183560293,54
9385,7,1.726392602741348,55
19635,7,1.726392602741348,56
11463,7,1.731293618628401,57
18766,7,1.7360571474403983,58
17440,7,1.737064812912038,59
12153,7,1.738127900836206,60
13828,7,1.7433250778014995,61
7712,7,1.7438514240156933,62
17515,7,1.7477589700084895,63
1194,7,1.7574480799650907,64
6785,7,1.7604572844536643,65
6854,7,1.762753889655934,66
12424,7,1.7660772877679827,67
21430,7,1.7676276608623143,68
17737,7,1.773610075385686,69
21818,7,1.7738470761603828,70
7461,7,1.7745923947872433,71
9797,7,1.7819008562016738,72
12189,7,1.783173864621806,73
367,7,1.783863529825873,74
13860,7,1.7854939929210796,75
10457,7,1.7861622315866716,76
20964,7,1.7895054837556783,77
4821,7,1.7924884768074567,78
9977,7,1.7981530987913688,79
10937,7,1.799240795987887,80
5421,7,1.80164416557146,81
6687,7,1.8033540638130088,82
17084,7,1.8045024166330066,83
19254,7,1.80459738511687,84
21159,7,1.808535839090013,85
444,7,1.8088743089538009,86
11651,7,1.8091286372426185,87
5324,7,1.8110558822452612,88
6944,7,1.8117149820503153,89
13371,7,1.813071635359481,90
20212,7,1.8144969362854746,91
18053,7,1.8156796104969477,92
10031,7,1.8168551538725406,93
11554,7,1.817436262087407,94
5159,7,1.8252651169738197,95
12319,7,1.8275214923823828,96
1275,7,1.8276474286766837,97
14381,7,1.8327034080650053,98
6390,7,1.8345234865373863,99
3123,7,1.8377093543987624,100
16946,7,1.8383726773446503,101
11703,7,1.8406107356091326,102
15213,7,1.8415566820749214,103
2883,7,1.8428689948409034,104
15943,7,1.8428689948409034,105
17326,7,1.8428689948409034,106
10717,7,1.8432895245473055,107
471,7,1.84828445019247,108
23684,7,1.849407929524612,109
19962,7,1.8502916440692325,110
14915,7,1.8507947718013171,111
2545,7,1.8524357740567494,112
14355,7,1.8570048058831692,113
16095,7,1.8570048058831692,114
18133,7,1.8570048058831692,115
1840,7,1.8666366982829325,116
17023,7,1.8701770727884,117
2196,7,1.8720293543482691,118
11278,7,1.8720293543482691,119
12940,7,1.8720293543482691,120
13383,7,1.8720293543482691,121
14340,7,1.8735508224373543,122
22565,7,1.8752484828093952,123
11374,7,1.8761136368514388,124
18428,7,1.877987271121396,125
22115,7,1.8780069759851488,126
10338,7,1.8788615424240742,127
13822,7,1.8789121367654555,128
9388,7,1.8817799520400758,129
4960,7,1.8830903347775767,130
11521,7,1.8830903347775767,131
23428,7,1.8884892940806788,132
77,7,1.8892384857025606,133
13273,7,1.8900138881480004,134
13030,7,1.8925249182483104,135
7562,7,1.8925389278871312,136
15572,7,1.8933023142312317,137
70,7,1.8935514298573557,138
9925,7,1.8951379364698895,139
14974,7,1.8958889006534088,140
12502,7,1.898170116869287,141
18354,7,1.898220422657881,142
14465,7,1.8991660106055577,143
6851,7,1.8994218952685127,144
10130,7,1.899844038084403,145
20770,7,1.8999322488827726,146
11956,7,1.9008416431971267,147
702,7,1.9013350774243258,148
6745,7,1.9020718335180526,149
11645,7,1.9049781028461477,150
23836,7,1.906739205141923,151
8419,7,1.9097210276239214,152
5632,7,1.9137544640808175,153
5826,7,1.9137544640808175,154
17028,7,1.9137544640808175,155
21298,7,1.9142388859169723,156
8073,7,1.9155016296822363,157
10486,7,1.9169013064057818,158
13647,7,1.925521581034826,159
5318,7,1.9260344879990186,160
11282,7,1.9277486499459864,161
14911,7,1.9280630934117695,162
7226,7,1.9282636978108494,163
10664,7,1.9282636978108494,164
13062,7,1.9306928099499756,165
23018,7,1.9316589423545056,166
22438,7,1.9343539608486766,167
13515,7,1.934762082538878,168
23175,7,1.937199462112686,169
9623,7,1.9378388981412995,170
7135,7,1.9378606504279694,171
5223,7,1.938929605987041,172
23089,7,1.9400863734068698,173
1960,7,1.9412772202088102,174
1445,7,1.9414938221411815,175
7514,7,1.9430492075844912,176
9735,7,1.9432079373782325,177
12326,7,1.9440548142686096,178
1818,7,1.9448151070628659,179
7289,7,1.9449874888684542,180
13745,7,1.945484696459811,181
16973,7,1.945484696459811,182
17735,7,1.945484696459811,183
4482,7,1.947214779066056,184
4242,7,1.947280264585967,185
12282,7,1.9476395866865008,186
18008,7,1.9489192715766626,187
18020,7,1.9492943033892596,188
18918,7,1.949530427589234,189
8818,7,1.9499230380795725,190
3659,7,1.9516659998979415,191
18814,7,1.9533949882578434,192
711,7,1.9540317499352715,193
340,7,1.9548595167621012,194
1981,7,1.956075905528606,195
19714,7,1.9563891599271874,196
15929,7,1.9573924142450976,197
11572,7,1.9585755654338242,198
16478,7,1.9595582726627854,199
20626,7,1.9597188726657455,200
20039,7,1.9616345122327628,201
16171,7,1.9634064941077107,202
2424,7,1.965346497872927,203
2620,7,1.965346497872927,204
6946,7,1.9661164930520791,205
8624,7,1.9661164930520791,206
3337,7,1.967029617350279,207
3719,7,1.9681703264196573,208
18705,7,1.9713869265438184,209
3715,7,1.9760125448511143,210
1820,7,1.9771653782511984,211
10017,7,1.978892002841942,212
9423,7,1.9796314476633183,213
5073,7,1.9808092679880633,214
13896,7,1.9808092679880633,215
17657,7,1.981041086331982,216
21364,7,1.9819768034910217,217
17118,7,1.982632437602237,218
20562,7,1.982755062631511,219
8793,7,1.983114512513902,220
15723,7,1.9836748744014356,221
24003,7,1.9860554049808554,222
5725,7,1.986243288913213,223
11042,7,1.9888351074007462,224
23354,7,1.9888351074007462,225
12080,7,1.9899463015107726,226
14800,7,1.9907041046485707,227
19079,7,1.9913748251473504,228
23559,7,1.9916012503923077,229
12935,7,1.9927354956112724,230
3776,7,1.9943825345075916,231
12829,7,1.995534496017977,232
12240,7,1.996318133092199,233
6072,7,1.9964395309585108,234
8220,7,1.9982966379002183,235
10715,7,1.9999393305089441,236
1047,7,2.0006167987393835,237
15896,7,2.00075496659987,238
22703,7,2.003410860533809,239
6146,7,2.0048067137196695,240
15939,7,2.0052474427541855,241
8926,7,2.005256574785746,242
1032,7,2.0071207828940465,243
997,7,2.007314096299565,244
15145,7,2.007314096299565,245
18437,7,2.007314096299565,246
7963,7,2.0090302000079516,247
19133,7,2.009243244651274,248
15795,7,2.0112585049564835,249
21907,7,2.0116291781488465,250
21452,7,2.015870932672532,251
12357,7,2.018883702811062,252
165,7,2.0190943557824954,253
16105,7,2.019196636068507,254
5352,7,2.02063077582708,255
16284,7,2.021078069169579,256
21861,7,2.0214534191713747,257
17078,7,2.021874870922868,258
22306,7,2.0223766733195236,259
3314,7,2.0227448253850597,260
8281,7,2.0227448253850597,261
22926,7,2.0227448253850597,262
5922,7,2.0239057889910006,263
23308,7,2.025482866966735,264
11853,7,2.0260529832141216,265
4540,7,2.0261299015331775,266
13313,7,2.0261299015331775,267
17300,7,2.0261299015331775,268
20701,7,2.0261299015331775,269
20924,7,2.0268126544448086,270
5266,7,2.0288981015395837,271
8002,7,2.029535411645073,272
6895,7,2.0338511103444485,273
21150,7,2.0346778839460664,274
21341,7,2.034697548065284,275
14650,7,2.034979664313932,276
14887,7,2.035894900028887,277
9616,7,2.0359401578993306,278
4180,7,2.036059235829885,279
6834,7,2.0367042250694647,280
4222,7,2.039545684519028,281
4486,7,2.0415035527089764,282
8202,7,2.041669844389997,283
12511,7,2.0432441759556843,284
12795,7,2.0432441759556843,285
13257,7,2.0434363908164834,286
15617,7,2.0434363908164834,287
21605,7,2.044235010294344,288
23672,7,2.044235010294344,289
17443,7,2.045687284138165,290
15218,7,2.0464330717415202,291
3556,7,2.046665467437217,292
12228,7,2.0466784753871727,293
14617,7,2.047551342349204,294
18703,7,2.0478007305493016,295
18886,7,2.0482423703903465,296
3806,7,2.0492364666136993,297
18023,7,2.0510255618541544,298
9364,7,2.0521557650926763,299
2384,7,2.0551950297008026,300
17639,7,2.0551950297008026,301
22177,7,2.0557752952940658,302
16658,7,2.056449564941076,303
6505,7,2.0577000901648987,304
13737,7,2.0605160079989564,305
12035,7,2.0622769398487586,306
1501,7,2.0639062587485197,307
635,7,2.064786772278622,308
23167,7,2.064945953961751,309
11984,7,2.067330209760396,310
4342,7,2.070627650826361,311
17779,7,2.0715883833825086,312
3202,7,2.076616082168137,313
11726,7,2.0768802218931572,314
13865,7,2.0772768627266758,315
9981,7,2.0780870305801726,316
8607,7,2.0781138501193217,317
21280,7,2.0781138501193217,318
415,7,2.078187431520058,319
8664,7,2.0784432541311064,320
1674,7,2.07900720220826,321
5261,7,2.07900720220826,322
6359,7,2.07900720220826,323
22977,7,2.07900720220826,324
23912,7,2.07900720220826,325
530,7,2.079068700330022,326
15990,7,2.080124128799257,327
3145,7,2.080229369536663,328
19555,7,2.0804490640629183,329
23088,7,2.0806839435460174,330
10437,7,2.0808702618589794,331
3534,7,2.081510402144246,332
6328,7,2.081516660612765,333
13799,7,2.0815823290856317,334
17220,7,2.08161350631014,335
9381,7,2.0817533241733948,336
5728,7,2.0841437406874124,337
20181,7,2.0871324240689204,338
12277,7,2.087389636462651,339
10703,7,2.091515288631461,340
18309,7,2.091776901017534,341
16003,7,2.0928160055049405,342
1250,7,2.092894237386575,343
3827,7,2.092894237386575,344
6529,7,2.092894237386575,345
8679,7,2.092894237386575,346
23740,7,2.092894237386575,347
16962,7,2.093972533084823,348
12265,7,2.094754393399193,349
9788,7,2.0948097341296914,350
13559,7,2.095833407682999,351
8545,7,2.0964356611923978,352
22755,7,2.097261442071933,353
876,7,2.097477279606705,354
8423,7,2.0982125225078647,355
23451,7,2.0982895251635534,356
17519,7,2.09929030678978,357
22783,7,2.1001504614559594,358
8234,7,2.1002959583915204,359
6181,7,2.1003684098656183,360
6671,7,2.100702020432889,361
17907,7,2.1018294514855094,362
12541,7,2.102488879186519,363
13346,7,2.1031167136393334,364
14084,7,2.1037177531587954,365
977,7,2.1045212719120783,366
1061,7,2.1045212719120783,367
1084,7,2.1045212719120783,368
1126,7,2.1045212719120783,369
1434,7,2.1045212719120783,370
1478,7,2.1045212719120783,371
2151,7,2.1045212719120783,372
2235,7,2.1045212719120783,373
2579,7,2.1045212719120783,374
2625,7,2.1045212719120783,375
3399,7,2.1045212719120783,376
4270,7,2.1045212719120783,377
4388,7,2.1045212719120783,378
4768,7,2.1045212719120783,379
4912,7,2.1045212719120783,380
5194,7,2.1045212719120783,381
5619,7,2.1045212719120783,382
6630,7,2.1045212719120783,383
6631,7,2.1045212719120783,384
6825,7,2.1045212719120783,385
6906,7,2.1045212719120783,386
7450,7,2.1045212719120783,387
7479,7,2.1045212719120783,388
7612,7,2.1045212719120783,389
7784,7,2.1045212719120783,390
7912,7,2.1045212719120783,391
8115,7,2.1045212719120783,392
8527,7,2.1045212719120783,393
8863,7,2.1045212719120783,394
8887,7,2.1045212719120783,395
9288,7,2.1045212719120783,396
10184,7,2.1045212719120783,397
10333,7,2.1045212719120783,398
10399,7,2.1045212719120783,399
10427,7,2.1045212719120783,400
10552,7,2.1045212719120783,401
11236,7,2.1045212719120783,402
11584,7,2.1045212719120783,403
11980,7,2.1045212719120783,404
12142,7,2.1045212719120783,405
12690,7,2.1045212719120783,406
13496,7,2.1045212719120783,407
13537,7,2.1045212719120783,408
13623,7,2.1045212719120783,409
13682,7,2.1045212719120783,410
14880,7,2.1045212719120783,411
15427,7,2.1045212719120783,412
15509,7,2.1045212719120783,413
15620,7,2.1045212719120783,414
15745,7,2.1045212719120783,415
15979,7,2.1045212719120783,416
16394,7,2.1045212719120783,417
16822,7,2.1045212719120783,418
16840,7,2.1045212719120783,419
17265,7,2.1045212719120783,420
18150,7,2.1045212719120783,421
18472,7,2.1045212719120783,422
19580,7,2.1045212719120783,423
20883,7,2.1045212719120783,424
21525,7,2.1045212719120783,425
22829,7,2.1045212719120783,426
23070,7,2.1045212719120783,427
23115,7,2.1045212719120783,428
23232,7,2.1045212719120783,429
23517,7,2.1045212719120783,430
5622,7,2.1050200050831758,431
2660,7,2.105157158844495,432
15733,7,2.106229358888782,433
7591,7,2.1067113535422357,434
17571,7,2.1067497791796144,435
20928,7,2.1082220444300495,436
15521,7,2.1121977295317933,437
2680,7,2.1127977969500735,438
20948,7,2.1141224384436765,439
6030,7,2.114707444775156,440
11872,7,2.114949684172244,441
7419,7,2.1160335448245813,442
14416,7,2.1160335448245813,443
16639,7,2.1160335448245813,444
19588,7,2.1160335448245813,445
23364,7,2.1160335448245813,446
22516,7,2.116180996434835,447
23591,7,2.116180996434835,448
3458,7,2.116563792349193,449
13416,7,2.116563792349193,450
14219,7,2.116563792349193,451
14159,7,2.1165944689961784,452
21911,7,2.117210344140191,453
10230,7,2.117279033052015,454
23944,7,2.1173057888617954,455
8657,7,2.1173193347926804,456
751,7,2.1177871045308727,457
11585,7,2.1197735168417853,458
13707,7,2.1212953025611445,459
17186,7,2.1212953025611445,460
4566,7,2.1215139277050126,461
21445,7,2.1223794305191257,462
19485,7,2.1225410349065057,463
23959,7,2.1236493341239067,464
819,7,2.125503820243804,465
17381,7,2.1257853120999637,466
6346,7,2.125899913771198,467
22554,7,2.126493476497774,468
280,7,2.127534126134616,469
1062,7,2.127534126134616,470
1189,7,2.127534126134616,471
1200,7,2.127534126134616,472
1205,7,2.127534126134616,473
1506,7,2.127534126134616,474
1857,7,2.127534126134616,475
1871,7,2.127534126134616,476
2854,7,2.127534126134616,477
3409,7,2.127534126134616,478
3441,7,2.127534126134616,479
3687,7,2.127534126134616,480
4179,7,2.127534126134616,481
4462,7,2.127534126134616,482
4786,7,2.127534126134616,483
4867,7,2.127534126134616,484
5209,7,2.127534126134616,485
5550,7,2.127534126134616,486
5609,7,2.127534126134616,487
6088,7,2.127534126134616,488
6354,7,2.127534126134616,489
6480,7,2.127534126134616,490
6704,7,2.127534126134616,491
7286,7,2.127534126134616,492
7408,7,2.127534126134616,493
7439,7,2.127534126134616,494
7582,7,2.127534126134616,495
7797,7,2.127534126134616,496
7904,7,2.127534126134616,497
8217,7,2.127534126134616,498
8775,7,2.127534126134616,499
8836,7,2.127534126134616,500
8906,7,2.127534126134616,501
8995,7,2.127534126134616,502
9093,7,2.127534126134616,503
9436,7,2.127534126134616,504
9569,7,2.127534126134616,505
9603,7,2.127534126134616,506
9748,7,2.127534126134616,507
9790,7,2.127534126134616,508
10452,7,2.127534126134616,509
10969,7,2.127534126134616,510
11100,7,2.127534126134616,511
11599,7,2.127534126134616,512
12147,7,2.127534126134616,513
12206,7,2.127534126134616,514
12780,7,2.127534126134616,515
12820,7,2.127534126134616,516
13544,7,2.127534126134616,517
14726,7,2.127534126134616,518
14928,7,2.127534126134616,519
15050,7,2.127534126134616,520
15232,7,2.127534126134616,521
15488,7,2.127534126134616,522
15606,7,2.127534126134616,523
15798,7,2.127534126134616,524
16141,7,2.127534126134616,525
16410,7,2.127534126134616,526
16670,7,2.127534126134616,527
16777,7,2.127534126134616,528
16796,7,2.127534126134616,529
16967,7,2.127534126134616,530
16975,7,2.127534126134616,531
17017,7,2.127534126134616,532
17419,7,2.127534126134616,533
18306,7,2.127534126134616,534
18525,7,2.127534126134616,535
18641,7,2.127534126134616,536
18722,7,2.127534126134616,537
18801,7,2.127534126134616,538
18811,7,2.127534126134616,539
18844,7,2.127534126134616,540
19361,7,2.127534126134616,541
19417,7,2.127534126134616,542
19632,7,2.127534126134616,543
20844,7,2.127534126134616,544
21506,7,2.127534126134616,545
21538,7,2.127534126134616,546
21753,7,2.127534126134616,547
22192,7,2.127534126134616,548
22477,7,2.127534126134616,549
23483,7,2.127534126134616,550
23630,7,2.127534126134616,551
1565,7,2.1276109210920726,552
2447,7,2.1276109210920726,553
6281,7,2.1276109210920726,554
8803,7,2.1276109210920726,555
15808,7,2.1276109210920726,556
15809,7,2.1276109210920726,557
11014,7,2.1291436941556796,558
10744,7,2.129428967240655,559
9545,7,2.129709155275411,560
20184,7,2.129709155275411,561
9431,7,2.130281210377215,562
13639,7,2.133427023013144,563
12364,7,2.1335045703956608,564
13501,7,2.1364700769469276,565
21020,7,2.136935981478432,566
16012,7,2.137542248568571,567
23955,7,2.1385632329359923,568
1305,7,2.139049257636382,569
1586,7,2.139049257636382,570
2192,7,2.139049257636382,571
3100,7,2.139049257636382,572
3808,7,2.139049257636382,573
3977,7,2.139049257636382,574
4346,7,2.139049257636382,575
4618,7,2.139049257636382,576
4794,7,2.139049257636382,577
5141,7,2.139049257636382,578
5634,7,2.139049257636382,579
6012,7,2.139049257636382,580
6043,7,2.139049257636382,581
6186,7,2.139049257636382,582
6683,7,2.139049257636382,583
7573,7,2.139049257636382,584
7702,7,2.139049257636382,585
7718,7,2.139049257636382,586
8399,7,2.139049257636382,587
8439,7,2.139049257636382,588
8537,7,2.139049257636382,589
9289,7,2.139049257636382,590
9539,7,2.139049257636382,591
10441,7,2.139049257636382,592
10627,7,2.139049257636382,593
11582,7,2.139049257636382,594
11979,7,2.139049257636382,595
12421,7,2.139049257636382,596
12505,7,2.139049257636382,597
12558,7,2.139049257636382,598
12967,7,2.139049257636382,599
13187,7,2.139049257636382,600
13918,7,2.139049257636382,601
15481,7,2.139049257636382,602
15528,7,2.139049257636382,603
15556,7,2.139049257636382,604
15985,7,2.139049257636382,605
16004,7,2.139049257636382,606
16178,7,2.139049257636382,607
17421,7,2.139049257636382,608
17736,7,2.139049257636382,609
18411,7,2.139049257636382,610
19072,7,2.139049257636382,611
19804,7,2.139049257636382,612
20624,7,2.139049257636382,613
21679,7,2.139049257636382,614
22608,7,2.139049257636382,615
23116,7,2.139049257636382,616
23433,7,2.139049257636382,617
6974,7,2.1390707475906234,618
9773,7,2.1390707475906234,619
18926,7,2.1390707475906234,620
13186,7,2.139164309529269,621
9552,7,2.140302137336948,622
8139,7,2.140592337358762,623
7818,7,2.1414910019161013,624
4121,7,2.141992054315167,625
8311,7,2.1431322622106594,626
21122,7,2.1444729428241307,627
19634,7,2.145436730166216,628
11999,7,2.1457947974600167,629
5711,7,2.1463359912398996,630
22453,7,2.1472932122721824,631
21647,7,2.1475118260104282,632
18234,7,2.1479171340502843,633
9200,7,2.1481242788070656,634
11269,7,2.1481621825464527,635
11065,7,2.1486683821261607,636
18319,7,2.1486683821261607,637
20724,7,2.1486683821261607,638
9549,7,2.1493519195116217,639
18098,7,2.149461958624154,640
20483,7,2.1506689964560497,641
2327,7,2.151382597691153,642
8985,7,2.1528228777013876,643
5333,7,2.1531515556384555,644
15722,7,2.1532687539666977,645
18574,7,2.1534575064931087,646
19766,7,2.1535351808722365,647
11315,7,2.1553722394565455,648
13478,7,2.156250392200974,649
11682,7,2.156716158009306,650
16654,7,2.156716158009306,651
21694,7,2.156716158009306,652
22733,7,2.156716158009306,653
23878,7,2.156716158009306,654
4105,7,2.1595512822116953,655
11261,7,2.159698166173789,656
4702,7,2.159889298541057,657
5158,7,2.160083582077341,658
13520,7,2.160946620067818,659
11892,7,2.161020302367432,660
14607,7,2.1614138723698515,661
16382,7,2.161482167216086,662
20043,7,2.1617756020713657,663
6412,7,2.1618323118281957,664
15701,7,2.1618323118281957,665
8713,7,2.161984133882455,666
8990,7,2.162634418785204,667
5072,7,2.1630970435836496,668
10531,7,2.163246032790172,669
6821,7,2.1639985559566752,670
252,7,2.1651203832092807,671
1590,7,2.1651203832092807,672
6645,7,2.1651203832092807,673
7385,7,2.1651203832092807,674
9697,7,2.1651203832092807,675
9725,7,2.1651203832092807,676
10145,7,2.1651203832092807,677
16087,7,2.1651203832092807,678
20809,7,2.1651203832092807,679
22132,7,2.1651203832092807,680
8751,7,2.1651349975770624,681
13474,7,2.165516718797924,682
23335,7,2.165944986605187,683
8489,7,2.166752439271882,684
7581,7,2.1684542561372124,685
19284,7,2.1694099724634266,686
2281,7,2.16954330906989,687
17658,7,2.1703927359238007,688
13649,7,2.170596532485237,689
14057,7,2.170762039979901,690
7844,7,2.17081654775409,691
21292,7,2.1716155960413417,692
5561,7,2.17174348319868,693
21175,7,2.173238820454591,694
13085,7,2.173404916088982,695
14842,7,2.173485155956754,696
741,7,2.1740545308549932,697
13402,7,2.1745847877920315,698
9954,7,2.1750290680964914,699
20393,7,2.1757536340555217,700
1789,7,2.1757773185900313,701
6144,7,2.1761437869316325,702
1465,7,2.1763615896336717,703
2105,7,2.1763615896336717,704
3128,7,2.1763615896336717,705
3369,7,2.1763615896336717,706
3373,7,2.1763615896336717,707
3931,7,2.1763615896336717,708
4358,7,2.1763615896336717,709
4914,7,2.1763615896336717,710
5150,7,2.1763615896336717,711
5233,7,2.1763615896336717,712
5246,7,2.1763615896336717,713
5895,7,2.1763615896336717,714
6261,7,2.1763615896336717,715
6408,7,2.1763615896336717,716
6479,7,2.1763615896336717,717
6886,7,2.1763615896336717,718
7183,7,2.1763615896336717,719
7780,7,2.1763615896336717,720
7983,7,2.1763615896336717,721
8173,7,2.1763615896336717,722
8251,7,2.1763615896336717,723
8317,7,2.1763615896336717,724
8350,7,2.1763615896336717,725
8442,7,2.1763615896336717,726
8458,7,2.1763615896336717,727
8508,7,2.1763615896336717,728
8563,7,2.1763615896336717,729
8872,7,2.1763615896336717,730
8918,7,2.1763615896336717,731
9258,7,2.1763615896336717,732
9301,7,2.1763615896336717,733
9500,7,2.1763615896336717,734
9772,7,2.1763615896336717,735
10476,7,2.1763615896336717,736
10539,7,2.1763615896336717,737
10585,7,2.1763615896336717,738
10600,7,2.1763615896336717,739
10633,7,2.1763615896336717,740
10743,7,2.1763615896336717,741
10864,7,2.1763615896336717,742
10936,7,2.1763615896336717,743
11259,7,2.1763615896336717,744
11502,7,2.1763615896336717,745
12280,7,2.1763615896336717,746
12401,7,2.1763615896336717,747
12455,7,2.1763615896336717,748
12752,7,2.1763615896336717,749
13360,7,2.1763615896336717,750
13390,7,2.1763615896336717,751
13407,7,2.1763615896336717,752
13763,7,2.1763615896336717,753
13917,7,2.1763615896336717,754
14268,7,2.1763615896336717,755
14683,7,2.1763615896336717,756
14782,7,2.1763615896336717,757
15068,7,2.1763615896336717,758
15175,7,2.1763615896336717,759
15434,7,2.1763615896336717,760
15761,7,2.1763615896336717,761
15904,7,2.1763615896336717,762
15989,7,2.1763615896336717,763
16259,7,2.1763615896336717,764
16899,7,2.1763615896336717,765
17135,7,2.1763615896336717,766
17147,7,2.1763615896336717,767
17245,7,2.1763615896336717,768
17537,7,2.1763615896336717,769
17750,7,2.1763615896336717,770
17821,7,2.1763615896336717,771
17873,7,2.1763615896336717,772
17931,7,2.1763615896336717,773
18221,7,2.1763615896336717,774
18285,7,2.1763615896336717,775
18292,7,2.1763615896336717,776
18466,7,2.1763615896336717,777
18553,7,2.1763615896336717,778
18595,7,2.1763615896336717,779
18871,7,2.1763615896336717,780
18876,7,2.1763615896336717,781
19728,7,2.1763615896336717,782
20010,7,2.1763615896336717,783
20099,7,2.1763615896336717,784
20662,7,2.1763615896336717,785
20879,7,2.1763615896336717,786
21660,7,2.1763615896336717,787
21868,7,2.1763615896336717,788
22600,7,2.1763615896336717,789
22671,7,2.1763615896336717,790
22748,7,2.1763615896336717,791
23215,7,2.1763615896336717,792
23274,7,2.1763615896336717,793
23602,7,2.1763615896336717,794
23627,7,2.1763615896336717,795
23822,7,2.1763615896336717,796
20496,7,2.1807973050687375,797
2811,7,2.180899029594517,798
20253,7,2.180899029594517,799
22614,7,2.1829229414714875,800
4012,7,2.1834488301214887,801
14058,7,2.1834488301214887,802
8945,7,2.1834488301214896,803
14357,7,2.1843582990041965,804
17952,7,2.1844386228076194,805
16924,7,2.1845418057877923,806
22406,7,2.1848378062474647,807
15343,7,2.184895496195835,808
20019,7,2.1849566533814744,809
9066,7,2.185281505067869,810
17630,7,2.185930937162874,811
17513,7,2.188029366214779,812
8414,7,2.188181990091108,813
1819,7,2.1884164105622332,814
17865,7,2.1886682709454712,815
18562,7,2.188684255285813,816
11637,7,2.1888220021711633,817
23026,7,2.190262084535025,818
12179,7,2.191746598746102,819
7988,7,2.193013147086601,820
9550,7,2.1940916922848133,821
104,7,2.1952960731431888,822
9579,7,2.196143985467775,823
154,7,2.196778744217237,824
8902,7,2.197028420458625,825
2396,7,2.1977070234774203,826
13178,7,2.199198832523283,827
11564,7,2.1992207600935525,828
12310,7,2.20077252902475,829
14174,7,2.2010603435051537,830
3094,7,2.201701956852933,831
372,7,2.202793018022876,832
19452,7,2.203836853868541,833
22701,7,2.203836853868541,834
7458,7,2.2040121511422632,835
23314,7,2.2043082425822265,836
11298,7,2.20480104066563,837
9346,7,2.2051575656709885,838
20468,7,2.2056915464941595,839
12362,7,2.2058722731311904,840
17745,7,2.2076811908147898,841
13166,7,2.2077647166293137,842
3792,7,2.209345030615252,843
8142,7,2.209345030615252,844
11414,7,2.211278594944966,845
12768,7,2.211660645201973,846
12869,7,2.2118220643648057,847
9990,7,2.2120125441624077,848
16942,7,2.2129134461842974,849
13841,7,2.2169484131298054,850
10910,7,2.2175123169137256,851
22245,7,2.218779314837859,852
14588,7,2.218797622280538,853
15753,7,2.2191129590615892,854
13328,7,2.2197289017783004,855
12984,7,2.2200151717023533,856
18941,7,2.2238795626426464,857
9453,7,2.227762927787843,858
9877,7,2.2281132506913597,859
22520,7,2.228533268590322,860
7440,7,2.2302408842915735,861
13380,7,2.2303181332790207,862
105,7,2.2308849511142284,863
10310,7,2.2308849511142284,864
13696,7,2.2313942655399135,865
10174,7,2.23267074752652,866
18585,7,2.232864661483345,867
9332,7,2.2328858542260583,868
4505,7,2.232944023098201,869
9885,7,2.2330606719194566,870
2485,7,2.233297112486885,871
15972,7,2.233297112486885,872
16587,7,2.233297112486885,873
9180,7,2.233678160641487,874
12226,7,2.2345067344539973,875
9779,7,2.2390311450911375,876
7181,7,2.23956758296065,877
17699,7,2.240043264905306,878
2258,7,2.240924678126678,879
675,7,2.2421236166242817,880
9337,7,2.2421236166242817,881
8080,7,2.2426450991155864,882
7404,7,2.2436606453899963,883
21524,7,2.2436606453899963,884
22099,7,2.243948215360762,885
23732,7,2.2443355837911745,886
23195,7,2.2443607702317254,887
17029,7,2.244970519598057,888
17207,7,2.246278028810154,889
21906,7,2.2466192824434503,890
5754,7,2.246860319193561,891
17187,7,2.2470529538484088,892
10727,7,2.2488063653054735,893
10432,7,2.248859391450612,894
11722,7,2.248859391450612,895
16425,7,2.248859391450612,896
3430,7,2.249102611366256,897
10147,7,2.2510133813124638,898
9277,7,2.2510352098495274,899
6979,7,2.251523938537705,900
8797,7,2.251611397806588,901
1074,7,2.2517362385797304,902
5249,7,2.253552104051091,903
7543,7,2.25368069013405,904
21184,7,2.254597488457369,905
14162,7,2.2550994599815626,906
17344,7,2.2553147570335996,907
22555,7,2.2562107570680503,908
15150,7,2.2582239996970928,909
15963,7,2.258546692541169,910
4628,7,2.259866099409806,911
23240,7,2.2606309434375653,912
13940,7,2.261177105378517,913
16291,7,2.261177105378517,914
6945,7,2.2621198939237672,915
9193,7,2.262129058790132,916
15042,7,2.2642025215929156,917
15344,7,2.265412860875994,918
9483,7,2.265887008927077,919
3969,7,2.2680125132238014,920
7926,7,2.2680125132238014,921
11689,7,2.2680125132238014,922
17400,7,2.2680125132238014,923
11000,7,2.269869433914797,924
23987,7,2.2700317382223965,925
16622,7,2.2701799427551235,926
18209,7,2.27113535271464,927
1242,7,2.273087954740631,928
4355,7,2.2749635738018252,929
9161,7,2.2762011152425243,930
23327,7,2.2777856765716065,931
22495,7,2.27834220419549,932
19821,7,2.2786223204787515,933
16431,7,2.2788700995456885,934
10583,7,2.278915829964286,935
21510,7,2.2791211045103155,936
12133,7,2.2803369783754537,937
8975,7,2.281000135713069,938
20836,7,2.2813033886789276,939
11101,7,2.281897103000961,940
12612,7,2.282038921511595,941
7225,7,2.282042480993102,942
17275,7,2.282134880158999,943
6590,7,2.2827297749053916,944
12609,7,2.2830230171369816,945
10381,7,2.2835046442129743,946
21549,7,2.283671762624616,947
5551,7,2.284656073343715,948
17072,7,2.285199211679723,949
16790,7,2.2864055470658817,950
835,7,2.286713147578694,951
11486,7,2.286821038980018,952
4016,7,2.287556233549725,953
12803,7,2.287688761620274,954
5960,7,2.2909388075166843,955
8996,7,2.2925421949119724,956
7337,7,2.2930785748498708,957
860,7,2.2944771261930215,958
17761,7,2.2950545251508787,959
21800,7,2.296043261278951,960
11543,7,2.2966765532278304,961
12747,7,2.297201396934355,962
3391,7,2.297255876193177,963
11931,7,2.297316979095923,964
8964,7,2.298098241278415,965
11160,7,2.298098241278415,966
23981,7,2.298098241278415,967
13231,7,2.2989455965551806,968
9477,7,2.2991491520494134,969
18884,7,2.2995831208795576,970
762,7,2.2997492285580554,971
988,7,2.2997492285580554,972
5221,7,2.2997492285580554,973
8600,7,2.2997492285580554,974
8662,7,2.2997492285580554,975
9507,7,2.2997492285580554,976
11835,7,2.2997492285580554,977
12480,7,2.2997492285580554,978
15026,7,2.2997492285580554,979
17144,7,2.2997492285580554,980
10736,7,2.300476941567782,981
18313,7,2.3005329051666425,982
7173,7,2.3011883371536883,983
20643,7,2.3015138420353214,984
4680,7,2.3015492411891088,985
15842,7,2.3019778807854325,986
3738,7,2.302984096423297,987
11423,7,2.30358533137739,988
19674,7,2.30547313355386,989
9675,7,2.3063338628681205,990
285,7,2.3086920586365447,991
1077,7,2.3086920586365447,992
2210,7,2.3086920586365447,993
2539,7,2.3086920586365447,994
3982,7,2.3086920586365447,995
5951,7,2.3086920586365447,996
6416,7,2.3086920586365447,997
7901,7,2.3086920586365447,998
8375,7,2.3086920586365447,999
8643,7,2.3086920586365447,1000
9470,7,2.3086920586365447,1001
9949,7,2.3086920586365447,1002
10571,7,2.3086920586365447,1003
10731,7,2.3086920586365447,1004
10872,7,2.3086920586365447,1005
10978,7,2.3086920586365447,1006
11375,7,2.3086920586365447,1007
12103,7,2.3086920586365447,1008
12118,7,2.3086920586365447,1009
12850,7,2.3086920586365447,1010
13463,7,2.3086920586365447,1011
14495,7,2.3086920586365447,1012
14681,7,2.3086920586365447,1013
15533,7,2.3086920586365447,1014
16051,7,2.3086920586365447,1015
16315,7,2.3086920586365447,1016
16761,7,2.3086920586365447,1017
17894,7,2.3086920586365447,1018
17971,7,2.3086920586365447,1019
19267,7,2.3086920586365447,1020
20772,7,2.3086920586365447,1021
20965,7,2.3086920586365447,1022
21214,7,2.3086920586365447,1023
21489,7,2.3086920586365447,1024
21643,7,2.3086920586365447,1025
22040,7,2.3086920586365447,1026
23190,7,2.3086920586365447,1027
8478,7,2.3096586051552888,1028
7537,7,2.310392823044446,1029
5091,7,2.3112909765826055,1030
18254,7,2.311376261185381,1031
22766,7,2.3147956548040862,1032
6367,7,2.31529701688347,1033
12692,7,2.315628540300284,1034
7979,7,2.3160096310782614,1035
21716,7,2.316718318632127,1036
20174,7,2.3168312682751306,1037
11971,7,2.317098567552449,1038
17753,7,2.317971678908628,1039
22117,7,2.318452104369499,1040
3492,7,2.3185644038241504,1041
14654,7,2.3197676682018837,1042
11528,7,2.319799725107872,1043
23752,7,2.319820486064065,1044
5492,7,2.3205935805155007,1045
4773,7,2.3214353235829854,1046
14997,7,2.322751868163536,1047
10398,7,2.3228475607749908,1048
2094,7,2.3230230605138527,1049
9363,7,2.32310561688332,1050
8449,7,2.323150345764745,1051
4320,7,2.3236210387488234,1052
3577,7,2.323623649488136,1053
8932,7,2.323623649488136,1054
22507,7,2.323834272257052,1055
13004,7,2.3241146596766526,1056
6594,7,2.3241989364168805,1057
2059,7,2.3251559153633643,1058
13027,7,2.3253347855385136,1059
4128,7,2.3277241391735446,1060
10348,7,2.3277241391735446,1061
2712,7,2.3281986459404576,1062
7654,7,2.328861180040887,1063
2920,7,2.3304048751506974,1064
17493,7,2.3304048751506974,1065
22002,7,2.331843783818444,1066
2588,7,2.332286873671346,1067
5695,7,2.332286873671346,1068
11117,7,2.332286873671346,1069
11657,7,2.332286873671346,1070
12675,7,2.332286873671346,1071
16329,7,2.332286873671346,1072
23268,7,2.332286873671346,1073
17465,7,2.333385603602881,1074
3052,7,2.333790081626954,1075
8063,7,2.3344436496814374,1076
10685,7,2.33485621121698,1077
50,7,2.3349503575798263,1078
339,7,2.3362600690074324,1079
15142,7,2.3376897957083567,1080
13954,7,2.3382081224986493,1081
5129,7,2.338313600758905,1082
4291,7,2.3393382705503742,1083
23091,7,2.33954177988669,1084
12700,7,2.3402843594151306,1085
2508,7,2.3403721252714846,1086
12643,7,2.3406083678670297,1087
19826,7,2.3406083678670297,1088
17372,7,2.3409909576563503,1089
19798,7,2.341983657396273,1090
10899,7,2.342599852505633,1091
13395,7,2.3427588041062113,1092
10350,7,2.342970908509323,1093
15104,7,2.3434909617721056,1094
18414,7,2.34470136311652,1095
12570,7,2.344823328855226,1096
16880,7,2.344823328855226,1097
1696,7,2.3460307095636073,1098
18041,7,2.3460307095636073,1099
19705,7,2.3460307095636073,1100
20775,7,2.3460307095636073,1101
14167,7,2.3463272677600426,1102
12787,7,2.3487661778860756,1103
13725,7,2.3488519595588206,1104
15780,7,2.348890781919123,1105
14178,7,2.349180499822921,1106
11203,7,2.3492692265558595,1107
1359,7,2.349726936404344,1108
11666,7,2.3513946355972615,1109
4198,7,2.3516364605890883,1110
17178,7,2.3516364605890883,1111
7235,7,2.351648893834716,1112
2065,7,2.353127223649201,1113
20769,7,2.353422285589266,1114
23076,7,2.3547300497790142,1115
20538,7,2.354938367024344,1116
2466,7,2.355917530655982,1117
12707,7,2.3559461317479284,1118
820,7,2.3560482083536733,1119
3357,7,2.3561341767629216,1120
8470,7,2.3566933656593205,1121
13135,7,2.356981516451198,1122
18716,7,2.357064634127652,1123
5840,7,2.357335488626065,1124
10101,7,2.357335488626065,1125
22990,7,2.3576930264139753,1126
16598,7,2.357812255542232,1127
23401,7,2.3580921267203236,1128
2349,7,2.358723662246093,1129
15702,7,2.358723662246093,1130
13267,7,2.3587871702803493,1131
4650,7,2.3595987759364054,1132
15316,7,2.3618168302620086,1133
18222,7,2.3623402211978934,1134
4166,7,2.362363855880759,1135
10722,7,2.363673024123464,1136
8894,7,2.364328968759541,1137
10423,7,2.3643883420892653,1138
16871,7,2.364989150683487,1139
11694,7,2.3655881958266436,1140
23165,7,2.3659903786652623,1141
14292,7,2.366492846419463,1142
3889,7,2.3668195273221184,1143
17849,7,2.366879208510796,1144
7157,7,2.367045412475045,1145
16159,7,2.368953613147519,1146
12157,7,2.3691225607444646,1147
20443,7,2.369155213353515,1148
22278,7,2.3702258789561927,1149
2562,7,2.3710531689752488,1150
4707,7,2.3710531689752488,1151
7681,7,2.3710531689752488,1152
11097,7,2.3710531689752488,1153
21470,7,2.3710531689752488,1154
21536,7,2.3710531689752488,1155
23095,7,2.373933506481111,1156
14405,7,2.3743612030032044,1157
15211,7,2.3750327024245133,1158
10164,7,2.3756182806419344,1159
13278,7,2.3757644876533424,1160
9924,7,2.3762174738940605,1161
8435,7,2.3763317643633837,1162
1614,7,2.377352753661095,1163
21529,7,2.377352753661095,1164
22884,7,2.3775699737291873,1165
5186,7,2.3775972861575774,1166
15227,7,2.3778372283295695,1167
20193,7,2.378439475744111,1168
4321,7,2.3785050473454876,1169
11172,7,2.3785050473454876,1170
12053,7,2.3789592944100413,1171
8655,7,2.379408650707374,1172
12638,7,2.379987030011381,1173
6228,7,2.3801516618160923,1174
11594,7,2.38055242480812,1175
16992,7,2.38055242480812,1176
251,7,2.3810405529157594,1177
6712,7,2.3810405529157594,1178
9426,7,2.3810405529157594,1179
13783,7,2.3810904527497936,1180
13040,7,2.3821980016854205,1181
10460,7,2.3838271688762687,1182
23793,7,2.3840181308619903,1183
5426,7,2.384178865937475,1184
10920,7,2.3842963056977005,1185
23469,7,2.3857091745093624,1186
20131,7,2.3857573213052965,1187
19754,7,2.3858609881873187,1188
8615,7,2.38605024969437,1189
19502,7,2.38605024969437,1190
1116,7,2.3872099408927414,1191
12734,7,2.387267986474433,1192
23005,7,2.3881125825777194,1193
15196,7,2.389025490377279,1194
19650,7,2.389025490377279,1195
11092,7,2.3891726521189534,1196
9818,7,2.390167051650512,1197
23396,7,2.3911571824166185,1198
8618,7,2.391422715853375,1199
3278,7,2.391667861060297,1200
21661,7,2.391755709596268,1201
9709,7,2.391887584338072,1202
19928,7,2.392108514131322,1203
21823,7,2.393462695767479,1204
7651,7,2.3940121135731616,1205
3644,7,2.3941891038103638,1206
16238,7,2.3961467960939573,1207
14492,7,2.398389145991104,1208
2014,7,2.398927627713919,1209
15463,7,2.398990150256517,1210
12563,7,2.3998474834691077,1211
21309,7,2.400092537851239,1212
4036,7,2.4004377278565765,1213
22111,7,2.4004812226538257,1214
7380,7,2.4006721798639585,1215
1619,7,2.403756465666225,1216
630,7,2.404504802371511,1217
14922,7,2.404598889206804,1218
21636,7,2.404917767309352,1219
16644,7,2.404932688993247,1220
16349,7,2.405654942277663,1221
1040,7,2.4057262237975965,1222
3929,7,2.406896533729002,1223
14459,7,2.406896533729002,1224
9741,7,2.4078034522976677,1225
19961,7,2.4082753788017457,1226
1654,7,2.4095700319803894,1227
21291,7,2.4095700319803894,1228
22291,7,2.4095700319803894,1229
15129,7,2.4097321723338254,1230
13344,7,2.4102447288658677,1231
500,7,2.4103321881311492,1232
19328,7,2.4108013718049572,1233
18073,7,2.4113832074191373,1234
6995,7,2.411383882213392,1235
6238,7,2.4118506993701314,1236
281,7,2.4120332931596598,1237
1808,7,2.4123774398394713,1238
3950,7,2.4133652122188036,1239
1883,7,2.413400916587356,1240
15169,7,2.414386999782671,1241
13422,7,2.4151560060977637,1242
2590,7,2.41530956616517,1243
14720,7,2.415349463483381,1244
23345,7,2.415445383406412,1245
17583,7,2.4158041023841377,1246
5418,7,2.4179724746674913,1247
18993,7,2.4179724746674913,1248
15043,7,2.4182855533292376,1249
13782,7,2.4194660485585877,1250
19596,7,2.4209497735612686,1251
9083,7,2.421059861591848,1252
2633,7,2.4211596786526903,1253
16694,7,2.4215730218746776,1254
13570,7,2.422737709587654,1255
9428,7,2.4228638678419805,1256
7725,7,2.423767058530338,1257
4405,7,2.424029702121207,1258
18097,7,2.424677826845865,1259
1467,7,2.4255266115421996,1260
19685,7,2.425844475897527,1261
7478,7,2.426617794864156,1262
21327,7,2.426617794864156,1263
16760,7,2.427871646089869,1264
8630,7,2.428065525929197,1265
4991,7,2.428697546369108,1266
11213,7,2.4292140398679014,1267
6951,7,2.4308312368236846,1268
6149,7,2.4308904145099928,1269
16528,7,2.4308921744563543,1270
7798,7,2.4321747189352507,1271
22108,7,2.43263707315953,1272
5950,7,2.433076655406365,1273
14711,7,2.4337164366982234,1274
1813,7,2.4345584727099974,1275
9321,7,2.4349007515988474,1276
15030,7,2.43497929325073,1277
23437,7,2.4357193917220368,1278
1469,7,2.4358307130152426,1279
11629,7,2.435837116061163,1280
16916,7,2.4367408027685493,1281
8283,7,2.4367958400362073,1282
17604,7,2.4368493936118893,1283
11748,7,2.4369628656509645,1284
21784,7,2.4371126863069352,1285
18264,7,2.4371295219939526,1286
148,7,2.437375710267005,1287
21948,7,2.437741674300938,1288
11179,7,2.4391394024254405,1289
12396,7,2.4391394024254405,1290
19547,7,2.4405334921659825,1291
11924,7,2.4417608940610247,1292
21435,7,2.441824314621751,1293
23969,7,2.442269744398946,1294
21896,7,2.4453931315056376,1295
20440,7,2.445524651306802,1296
6169,7,2.4467376962808234,1297
957,7,2.4471286439531363,1298
16197,7,2.448110062863859,1299
11770,7,2.4491347827054746,1300
22461,7,2.4493716276783015,1301
12025,7,2.4511208597367684,1302
987,7,2.4512748640782545,1303
12845,7,2.4514833179381026,1304
12793,7,2.451539470385697,1305
7284,7,2.451551165023542,1306
22200,7,2.4516614856890757,1307
16247,7,2.4518827817596103,1308
19347,7,2.4530498733758557,1309
12214,7,2.4544037475102973,1310
9859,7,2.4548897536098404,1311
19566,7,2.455370008704649,1312
4100,7,2.4554552245342665,1313
9413,7,2.4562285024632957,1314
14235,7,2.4565374219824085,1315
10308,7,2.4569332317568158,1316
15892,7,2.4571320251311053,1317
13082,7,2.457539117045057,1318
2570,7,2.4579087848597543,1319
11048,7,2.4579087848597543,1320
16332,7,2.4579796075181113,1321
3852,7,2.4586683792270154,1322
12743,7,2.4598582834579843,1323
5097,7,2.460164720433115,1324
6210,7,2.461125616703117,1325
976,7,2.461381697821095,1326
8690,7,2.461417970825659,1327
7539,7,2.4616413445196534,1328
22704,7,2.4616413445196534,1329
1768,7,2.4620434186046487,1330
17104,7,2.4620434186046487,1331
22631,7,2.4620434186046487,1332
5092,7,2.4626654708659923,1333
1300,7,2.4644043081743514,1334
6415,7,2.4644043081743514,1335
11968,7,2.4644043081743514,1336
15413,7,2.4644043081743514,1337
17544,7,2.4644043081743514,1338
18025,7,2.4644043081743514,1339
20022,7,2.4644043081743514,1340
15970,7,2.4644421746140437,1341
12843,7,2.4650374739096867,1342
21061,7,2.466177337287407,1343
10400,7,2.4666006676176733,1344
16612,7,2.46699880492132,1345
13711,7,2.4670486481321747,1346
10063,7,2.467677353165674,1347
17788,7,2.467919000027842,1348
7627,7,2.468428712221833,1349
916,7,2.468756393608883,1350
14627,7,2.469047978940139,1351
23976,7,2.4695009128150245,1352
23694,7,2.4700912813343106,1353
13914,7,2.4700917498301624,1354
20394,7,2.4702230818189936,1355
21073,7,2.4702230818189936,1356
19082,7,2.470230412757316,1357
18250,7,2.4704148499302434,1358
8584,7,2.47092892868674,1359
20195,7,2.471311605769263,1360
16251,7,2.4715162203387706,1361
9915,7,2.4718719010514394,1362
7776,7,2.4723142874729236,1363
9531,7,2.4726156333991516,1364
3380,7,2.4727676501068028,1365
17253,7,2.4735995043815806,1366
17591,7,2.4745491795242334,1367
16050,7,2.475700193869596,1368
5430,7,2.47600605475164,1369
2008,7,2.4771795371950938,1370
22646,7,2.4779963095549853,1371
14916,7,2.478659494826391,1372
4001,7,2.4787945737472863,1373
16697,7,2.479047007251519,1374
5320,7,2.4792015903671447,1375
19353,7,2.4792015903671447,1376
730,7,2.4794350245386982,1377
5499,7,2.4796192844804956,1378
23734,7,2.4803820108073835,1379
3700,7,2.4804030327174935,1380
11438,7,2.4817662849475868,1381
14855,7,2.4821881755018853,1382
3164,7,2.4826470740907145,1383
18933,7,2.483977057103484,1384
1221,7,2.4840879484135416,1385
10129,7,2.4841761073397346,1386
15686,7,2.4842491037568175,1387
13466,7,2.4843105000749914,1388
10794,7,2.484528969471246,1389
1298,7,2.484545959867819,1390
18806,7,2.4850871617877344,1391
4084,7,2.486607715567622,1392
6933,7,2.4874784099187233,1393
15771,7,2.488742367092087,1394
3701,7,2.489141053112195,1395
19042,7,2.489141053112195,1396
22904,7,2.489141053112195,1397
2332,7,2.4902485397605107,1398
2160,7,2.490548348816241,1399
12810,7,2.490548348816241,1400
15678,7,2.490548348816241,1401
19222,7,2.490548348816241,1402
19325,7,2.490548348816241,1403
23227,7,2.490548348816241,1404
10624,7,2.4906885198517803,1405
13134,7,2.4909272518412355,1406
2821,7,2.4916315333511903,1407
15082,7,2.4918151259539605,1408
1940,7,2.492596038681734,1409
17455,7,2.4932432766177794,1410
3470,7,2.4932480899969165,1411
17494,7,2.4932480899969165,1412
21475,7,2.4932480899969165,1413
22345,7,2.4932480899969165,1414
15898,7,2.4947912009120867,1415
643,7,2.495695286979737,1416
13065,7,2.4960820808354365,1417
8752,7,2.4964897328260958,1418
759,7,2.497830581440587,1419
521,7,2.498316530527125,1420
4846,7,2.498359668970225,1421
14147,7,2.498525235133106,1422
6894,7,2.4990028132715634,1423
875,7,2.4992255161459034,1424
16121,7,2.4996129390925343,1425
7647,7,2.5001252024303686,1426
16278,7,2.5025189929275657,1427
667,7,2.5025504651664545,1428
23101,7,2.5025504651664545,1429
12906,7,2.5025878905395333,1430
4181,7,2.5026849913039824,1431
21780,7,2.5039224287771,1432
22191,7,2.504072742021225,1433
14352,7,2.5045107677410106,1434
8621,7,2.5048008832177273,1435
5687,7,2.505127150014024,1436
6290,7,2.505127150014024,1437
8092,7,2.505127150014024,1438
9403,7,2.505127150014024,1439
10697,7,2.505127150014024,1440
11115,7,2.505127150014024,1441
11222,7,2.505127150014024,1442
14897,7,2.505127150014024,1443
17064,7,2.505127150014024,1444
17569,7,2.505127150014024,1445
19189,7,2.505127150014024,1446
19756,7,2.505127150014024,1447
20050,7,2.505127150014024,1448
21169,7,2.505127150014024,1449
22261,7,2.505127150014024,1450
17202,7,2.505737191868959,1451
5107,7,2.5060185922828824,1452
8140,7,2.506492941536894,1453
2739,7,2.507772500305883,1454
2278,7,2.508083184844329,1455
5284,7,2.509187974334434,1456
19965,7,2.509187974334434,1457
20661,7,2.509187974334434,1458
7569,7,2.5099505060971627,1459
10144,7,2.510124007737452,1460
14331,7,2.511219054934952,1461
20916,7,2.5112651121167495,1462
11568,7,2.5124283444829176,1463
10093,7,2.513008910699744,1464
13427,7,2.5133838968355455,1465
7490,7,2.5134636663312175,1466
21436,7,2.513654256036335,1467
9867,7,2.5138437191740035,1468
11830,7,2.5150320304584084,1469
4035,7,2.5150474536892435,1470
15067,7,2.5152948480867305,1471
19344,7,2.515310857608273,1472
17267,7,2.5153809633080546,1473
10136,7,2.5157263004859143,1474
20619,7,2.5166891424969613,1475
11230,7,2.51774310294806,1476
19405,7,2.517922342430838,1477
1792,7,2.518499128638074,1478
686,7,2.520060185529731,1479
9118,7,2.5212828667191474,1480
10597,7,2.521285573194211,1481
22272,7,2.521285573194211,1482
3613,7,2.5213979482961943,1483
16682,7,2.521878003243614,1484
13265,7,2.5219032658688003,1485
1972,7,2.522098435171977,1486
10623,7,2.5221641022912533,1487
17590,7,2.522581248305226,1488
12290,7,2.5226818472842276,1489
853,7,2.5231895314927737,1490
11045,7,2.523830869282961,1491
13708,7,2.5238458977055167,1492
9892,7,2.524015948006558,1493
16814,7,2.524675367859677,1494
19432,7,2.524706400581687,1495
23746,7,2.5248957818837283,1496
21462,7,2.5251148548588,1497
10904,7,2.526854341599835,1498
17333,7,2.527503674352391,1499
22999,7,2.527559203477911,1500
6315,7,2.52808060277933,1501
4148,7,2.5285757013839696,1502
9792,7,2.5285757013839696,1503
12117,7,2.5285757013839696,1504
12466,7,2.5285757013839696,1505
12763,7,2.5285757013839696,1506
17246,7,2.5285757013839696,1507
17303,7,2.5285757013839696,1508
18224,7,2.5285757013839696,1509
9556,7,2.529510952298671,1510
2478,7,2.5297486965516005,1511
1430,7,2.5310015852651575,1512
21687,7,2.5310015852651575,1513
697,7,2.5324279213866685,1514
22257,7,2.53404213731905,1515
4789,7,2.534236055121153,1516
2284,7,2.5343550731490994,1517
14125,7,2.534490280634583,1518
8771,7,2.5357354804085577,1519
15263,7,2.5357354804085577,1520
4308,7,2.5366346788027303,1521
7871,7,2.5376486013443142,1522
17555,7,2.5377220758967307,1523
11328,7,2.5385363177745885,1524
9848,7,2.5387598952093193,1525
8597,7,2.5403502306456804,1526
5255,7,2.5404887293804332,1527
15181,7,2.5411895632966823,1528
7254,7,2.5420133322929668,1529
4102,7,2.5424977408873817,1530
10791,7,2.5425106701828146,1531
14598,7,2.5442865257965903,1532
8823,7,2.5443537368040925,1533
13351,7,2.544949854463139,1534
2380,7,2.545046934131052,1535
14792,7,2.545320057137929,1536
3398,7,2.545923983526238,1537
6861,7,2.545923983526238,1538
7561,7,2.545923983526238,1539
17239,7,2.545923983526238,1540
19506,7,2.545923983526238,1541
64,7,2.547013682629776,1542
15184,7,2.547246667115798,1543
9486,7,2.5491149492506233,1544
14907,7,2.5502562145480656,1545
21527,7,2.5503762785605537,1546
5730,7,2.551601302529844,1547
21675,7,2.552185872478317,1548
11411,7,2.5528200621514103,1549
7967,7,2.55469478155548,1550
12406,7,2.5549814157012127,1551
7325,7,2.555288874525589,1552
799,7,2.555490642702221,1553
1097,7,2.555490642702221,1554
1424,7,2.555490642702221,1555
1494,7,2.555490642702221,1556
2433,7,2.555490642702221,1557
2752,7,2.555490642702221,1558
2760,7,2.555490642702221,1559
2784,7,2.555490642702221,1560
3115,7,2.555490642702221,1561
3209,7,2.555490642702221,1562
5443,7,2.555490642702221,1563
5610,7,2.555490642702221,1564
5742,7,2.555490642702221,1565
6202,7,2.555490642702221,1566
6874,7,2.555490642702221,1567
7000,7,2.555490642702221,1568
7584,7,2.555490642702221,1569
7987,7,2.555490642702221,1570
8837,7,2.555490642702221,1571
8845,7,2.555490642702221,1572
8965,7,2.555490642702221,1573
9595,7,2.555490642702221,1574
9605,7,2.555490642702221,1575
10530,7,2.555490642702221,1576
10607,7,2.555490642702221,1577
10652,7,2.555490642702221,1578
11264,7,2.555490642702221,1579
11301,7,2.555490642702221,1580
11649,7,2.555490642702221,1581
11996,7,2.555490642702221,1582
12531,7,2.555490642702221,1583
12633,7,2.555490642702221,1584
13225,7,2.555490642702221,1585
13341,7,2.555490642702221,1586
13604,7,2.555490642702221,1587
13833,7,2.555490642702221,1588
14015,7,2.555490642702221,1589
14979,7,2.555490642702221,1590
15083,7,2.555490642702221,1591
17082,7,2.555490642702221,1592
17290,7,2.555490642702221,1593
18417,7,2.555490642702221,1594
18571,7,2.555490642702221,1595
19732,7,2.555490642702221,1596
20391,7,2.555490642702221,1597
21920,7,2.555490642702221,1598
22173,7,2.555490642702221,1599
22266,7,2.555490642702221,1600
22300,7,2.555490642702221,1601
23259,7,2.555490642702221,1602
23277,7,2.555490642702221,1603
3126,7,2.556130150551415,1604
1404,7,2.556323628660552,1605
16610,7,2.5566138226681825,1606
3493,7,2.5573211046141906,1607
11163,7,2.5576917755993995,1608
14028,7,2.558142633699414,1609
6101,7,2.5587887451889775,1610
2955,7,2.56072954743949,1611
7006,7,2.561351144393059,1612
7732,7,2.561351144393059,1613
8155,7,2.561351144393059,1614
8812,7,2.561351144393059,1615
17570,7,2.561351144393059,1616
21796,7,2.561351144393059,1617
10193,7,2.561749508622354,1618
3779,7,2.561829639142809,1619
3757,7,2.5631011427988293,1620
5427,7,2.5632006042142796,1621
7146,7,2.5637653246764587,1622
13470,7,2.5639159735254706,1623
21207,7,2.564577845668837,1624
1964,7,2.5647429536118387,1625
15977,7,2.5654766109850557,1626
986,7,2.56549644654812,1627
14519,7,2.5663339879302187,1628
13083,7,2.566351239337061,1629
13620,7,2.568395002225565,1630
7837,7,2.5685626640914556,1631
4616,7,2.5688732408348263,1632
5148,7,2.5693558331175104,1633
18286,7,2.5697290649083326,1634
16302,7,2.5704186096406594,1635
989,7,2.5704954461090725,1636
7026,7,2.5705976911572868,1637
11397,7,2.57222435856542,1638
968,7,2.573248135734792,1639
12046,7,2.5733684251513913,1640
19265,7,2.5737954475421865,1641
11706,7,2.5743827420338365,1642
2530,7,2.574835635520745,1643
3563,7,2.574835635520745,1644
5503,7,2.574835635520745,1645
15273,7,2.574835635520745,1646
17584,7,2.574835635520745,1647
19407,7,2.574835635520745,1648
21132,7,2.574835635520745,1649
13151,7,2.575205202574014,1650
8544,7,2.576232771347344,1651
5812,7,2.5764392207718854,1652
13592,7,2.5773402811093584,1653
22309,7,2.5787345425346673,1654
14608,7,2.5791380961402472,1655
9711,7,2.5793854055352803,1656
11376,7,2.580017390597671,1657
13171,7,2.580017390597671,1658
17042,7,2.580017390597671,1659
18733,7,2.580017390597671,1660
19033,7,2.5801234588132034,1661
12398,7,2.5805697014299804,1662
16546,7,2.581237693452508,1663
22104,7,2.5815845878298185,1664
15797,7,2.5817789351182623,1665
15794,7,2.5819929843122096,1666
9042,7,2.5820006129186477,1667
3743,7,2.5824638319298354,1668
6321,7,2.5832972937747036,1669
3326,7,2.5838743015940575,1670
599,7,2.5842952704735622,1671
1333,7,2.5842952704735622,1672
1492,7,2.5842952704735622,1673
2938,7,2.5842952704735622,1674
2950,7,2.5842952704735622,1675
2999,7,2.5842952704735622,1676
3095,7,2.5842952704735622,1677
4582,7,2.5842952704735622,1678
5386,7,2.5842952704735622,1679
5412,7,2.5842952704735622,1680
5524,7,2.5842952704735622,1681
5571,7,2.5842952704735622,1682
6362,7,2.5842952704735622,1683
6730,7,2.5842952704735622,1684
7593,7,2.5842952704735622,1685
7706,7,2.5842952704735622,1686
7806,7,2.5842952704735622,1687
8611,7,2.5842952704735622,1688
8728,7,2.5842952704735622,1689
9315,7,2.5842952704735622,1690
9334,7,2.5842952704735622,1691
10228,7,2.5842952704735622,1692
10485,7,2.5842952704735622,1693
10584,7,2.5842952704735622,1694
10701,7,2.5842952704735622,1695
11103,7,2.5842952704735622,1696
11333,7,2.5842952704735622,1697
11709,7,2.5842952704735622,1698
12163,7,2.5842952704735622,1699
12250,7,2.5842952704735622,1700
12284,7,2.5842952704735622,1701
12366,7,2.5842952704735622,1702
12392,7,2.5842952704735622,1703
13571,7,2.5842952704735622,1704
13968,7,2.5842952704735622,1705
14034,7,2.5842952704735622,1706
14377,7,2.5842952704735622,1707
14538,7,2.5842952704735622,1708
15877,7,2.5842952704735622,1709
15967,7,2.5842952704735622,1710
16015,7,2.5842952704735622,1711
16139,7,2.5842952704735622,1712
16538,7,2.5842952704735622,1713
17190,7,2.5842952704735622,1714
17197,7,2.5842952704735622,1715
18426,7,2.5842952704735622,1716
18701,7,2.5842952704735622,1717
18939,7,2.5842952704735622,1718
20529,7,2.5842952704735622,1719
8077,7,2.5845482746855484,1720
1598,7,2.5846595653720166,1721
12160,7,2.5847404285148285,1722
7152,7,2.584993446443923,1723
5353,7,2.585990309913381,1724
4161,7,2.5867189228832337,1725
10946,7,2.5867823738212263,1726
84,7,2.586801159813756,1727
11169,7,2.5869432022941288,1728
3611,7,2.5871286912625258,1729
17280,7,2.5898000173993894,1730
1119,7,2.5900299627850254,1731
8090,7,2.5900299627850254,1732
11871,7,2.5900299627850254,1733
13156,7,2.592127776251807,1734
14882,7,2.592947891959648,1735
23397,7,2.5939875560786994,1736
1358,7,2.5940042303963944,1737
7604,7,2.594414524565353,1738
7118,7,2.5953176052004525,1739
5213,7,2.5956612754313966,1740
7074,7,2.5961118631167293,1741
17947,7,2.5987437024790885,1742
15351,7,2.6005062330064437,1743
12229,7,2.6012937733492736,1744
12947,7,2.6012937733492736,1745
13956,7,2.6012937733492736,1746
18646,7,2.6012937733492736,1747
13016,7,2.601397575094852,1748
20063,7,2.6018355764288095,1749
13417,7,2.603306152798968,1750
2505,7,2.6036600688100475,1751
3828,7,2.6054309813235643,1752
10735,7,2.605648564018259,1753
11023,7,2.605939210247902,1754
19012,7,2.6069593511761964,1755
505,7,2.6071416299181505,1756
12390,7,2.6073052418907157,1757
12684,7,2.6073408969092586,1758
2173,7,2.6076627423278915,1759
18235,7,2.6076711372255037,1760
3352,7,2.608434591429422,1761
3519,7,2.608434591429422,1762
5737,7,2.6086965803657103,1763
11650,7,2.6088939636864925,1764
6670,7,2.6095168472333388,1765
6513,7,2.6097817965948815,1766
7197,7,2.6098716147120604,1767
4742,7,2.6099940468505647,1768
12283,7,2.6107752317292934,1769
12381,7,2.6107752317292934,1770
16055,7,2.6107752317292934,1771
9900,7,2.611021248850267,1772
13816,7,2.6130508354257707,1773
14900,7,2.6137531888910157,1774
2589,7,2.613816758507334,1775
718,7,2.6142442837512627,1776
14237,7,2.615209708229935,1777
7749,7,2.6165909264003715,1778
19664,7,2.616772982802733,1779
10024,7,2.617403474825652,1780
18129,7,2.6182478200805916,1781
6971,7,2.618924362654935,1782
14587,7,2.618924362654935,1783
16564,7,2.6195374259499014,1784
4201,7,2.6196022120258826,1785
16709,7,2.6197633195104553,1786
17543,7,2.6211337022086516,1787
15566,7,2.6226825494953427,1788
12695,7,2.623352644170008,1789
7315,7,2.6243084283186553,1790
550,7,2.6250775040968795,1791
5804,7,2.6257405549344752,1792
333,7,2.625995487880816,1793
12773,7,2.625995487880816,1794
22840,7,2.625995487880816,1795
19874,7,2.6278039413782817,1796
1071,7,2.6279135116091434,1797
16854,7,2.629574199390023,1798
4727,7,2.630383269546142,1799
11299,7,2.6304823583683334,1800
13640,7,2.6304823583683334,1801
16028,7,2.6304823583683334,1802
7160,7,2.6305421288237723,1803
22802,7,2.6305421288237723,1804
1980,7,2.6319919919195605,1805
12868,7,2.633000393221117,1806
14514,7,2.633000393221117,1807
5516,7,2.6351652090024227,1808
13377,7,2.635301669511663,1809
8616,7,2.6359646554091403,1810
9870,7,2.6366741245478655,1811
17850,7,2.6367083673979743,1812
4403,7,2.6369113866568568,1813
14648,7,2.6369113866568568,1814
824,7,2.6372484919868713,1815
1928,7,2.6373559162973375,1816
11720,7,2.639062646038409,1817
2987,7,2.6413791378343454,1818
352,7,2.6422517983241227,1819
777,7,2.6422517983241227,1820
2506,7,2.6422517983241227,1821
2700,7,2.6422517983241227,1822
2701,7,2.6422517983241227,1823
3538,7,2.6422517983241227,1824
4251,7,2.6422517983241227,1825
4723,7,2.6422517983241227,1826
5082,7,2.6422517983241227,1827
5522,7,2.6422517983241227,1828
7460,7,2.6422517983241227,1829
7920,7,2.6422517983241227,1830
9812,7,2.6422517983241227,1831
9858,7,2.6422517983241227,1832
10679,7,2.6422517983241227,1833
11618,7,2.6422517983241227,1834
11881,7,2.6422517983241227,1835
12767,7,2.6422517983241227,1836
12816,7,2.6422517983241227,1837
13288,7,2.6422517983241227,1838
13421,7,2.6422517983241227,1839
13555,7,2.6422517983241227,1840
13899,7,2.6422517983241227,1841
14102,7,2.6422517983241227,1842
14263,7,2.6422517983241227,1843
15204,7,2.6422517983241227,1844
15942,7,2.6422517983241227,1845
16483,7,2.6422517983241227,1846
18325,7,2.6422517983241227,1847
19155,7,2.6422517983241227,1848
19512,7,2.6422517983241227,1849
20670,7,2.6422517983241227,1850
20987,7,2.6422517983241227,1851
21345,7,2.6422517983241227,1852
21754,7,2.6422517983241227,1853
22114,7,2.6422517983241227,1854
22928,7,2.6422517983241227,1855
23816,7,2.6422517983241227,1856
8503,7,2.642322422604109,1857
2684,7,2.642827322342229,1858
21732,7,2.6444400248877726,1859
13982,7,2.6445024604749228,1860
5448,7,2.645362512372297,1861
6864,7,2.645835533891058,1862
17708,7,2.6459371127113376,1863
20363,7,2.6461596747272744,1864
9393,7,2.646535374722453,1865
16316,7,2.646535374722453,1866
4548,7,2.647025896262478,1867
19145,7,2.647376630387287,1868
6286,7,2.6478416862763647,1869
21528,7,2.648090801222548,1870
6525,7,2.6499368315127243,1871
14293,7,2.650089929955661,1872
17613,7,2.6507990621609054,1873
10167,7,2.6510387630917442,1874
14120,7,2.6510387630917442,1875
4175,7,2.6515395199267346,1876
17738,7,2.6517961988887953,1877
7342,7,2.6520247978295264,1878
23786,7,2.6524906566305284,1879
3120,7,2.6528473912876955,1880
7816,7,2.6528473912876955,1881
1538,7,2.6553494592136575,1882
15443,7,2.65612344907271,1883
13489,7,2.656154123425378,1884
22601,7,2.6565656351476683,1885
19462,7,2.6570810294379283,1886
528,7,2.657292495669723,1887
11841,7,2.657292495669723,1888
16914,7,2.657292495669723,1889
18364,7,2.657292495669723,1890
16625,7,2.6583275758977867,1891
21934,7,2.6589745689540027,1892
17073,7,2.6600408668650393,1893
6818,7,2.6602562562592413,1894
4891,7,2.6610545211144014,1895
2833,7,2.663975656823025,1896
10788,7,2.663975656823025,1897
4178,7,2.6645485699995595,1898
19134,7,2.6645618478981348,1899
9902,7,2.6645962050566845,1900
11529,7,2.664700127202912,1901
13504,7,2.664782752533971,1902
12423,7,2.665609486875704,1903
15022,7,2.6656453671068987,1904
1202,7,2.666257418106611,1905
13430,7,2.6671948136956023,1906
14064,7,2.667446755416413,1907
12823,7,2.668044624105527,1908
11156,7,2.6680994024036813,1909
1580,7,2.6691010934655788,1910
6404,7,2.670001913328472,1911
10830,7,2.6701255352778697,1912
16979,7,2.6701973632821625,1913
19514,7,2.6707055836251175,1914
8285,7,2.6707592040182853,1915
22474,7,2.670945647159517,1916
1951,7,2.6710297682379367,1917
18164,7,2.6716262880129094,1918
17316,7,2.671660967663054,1919
18617,7,2.672000081148181,1920
14529,7,2.672428715957926,1921
14468,7,2.672502590503166,1922
3198,7,2.672608041530047,1923
4775,7,2.6733632131542855,1924
2205,7,2.673443932159434,1925
7382,7,2.673443932159434,1926
9133,7,2.673443932159434,1927
15256,7,2.673443932159434,1928
21306,7,2.673443932159434,1929
23561,7,2.673443932159434,1930
830,7,2.673918021391046,1931
16342,7,2.67492489033551,1932
9458,7,2.6776531038545874,1933
8764,7,2.6778067713658937,1934
1740,7,2.6778406752343513,1935
9978,7,2.6784350229905214,1936
21855,7,2.6790140375076437,1937
10832,7,2.6792479188644642,1938
3607,7,2.6796482721450277,1939
5834,7,2.680755682926015,1940
3754,7,2.682510377998396,1941
14406,7,2.6826997825727217,1942
16354,7,2.6828470852620407,1943
17653,7,2.683313921309183,1944
11838,7,2.6834837258773123,1945
17313,7,2.6863381199030494,1946
5387,7,2.6863591724906346,1947
11489,7,2.6871929934854584,1948
8188,7,2.6871942283876558,1949
11985,7,2.68761537376114,1950
18763,7,2.688466736000284,1951
11351,7,2.6887122203358453,1952
15437,7,2.690227661830996,1953
3564,7,2.690344972016173,1954
14580,7,2.690449502087731,1955
18541,7,2.690959455290078,1956
4802,7,2.6918300251668246,1957
11681,7,2.692046733549758,1958
18786,7,2.692897668372598,1959
14079,7,2.6943794820660654,1960
13925,7,2.694581047713061,1961
8302,7,2.6946534268009077,1962
7188,7,2.6947965382835144,1963
9384,7,2.69541434384034,1964
22414,7,2.6961501757761477,1965
6575,7,2.6968964484396043,1966
10991,7,2.6977685439048567,1967
19117,7,2.699102907363748,1968
14565,7,2.7003513974218745,1969
17434,7,2.700770499485654,1970
14745,7,2.70087728454135,1971
20235,7,2.70087728454135,1972
20313,7,2.7020716057292233,1973
3423,7,2.7020754891537373,1974
11418,7,2.7020942556086824,1975
16297,7,2.7020942556086824,1976
16898,7,2.703887876556482,1977
1369,7,2.703922361348795,1978
7221,7,2.7045049702045736,1979
14067,7,2.7059185563445185,1980
22421,7,2.7060083867005167,1981
7400,7,2.706179504519674,1982
202,7,2.7067192948518666,1983
13259,7,2.7083215284059703,1984
18141,7,2.7085075270159855,1985
5452,7,2.7089345783861623,1986
9561,7,2.709264632485389,1987
19075,7,2.709421065058833,1988
19349,7,2.7122148071867995,1989
61,7,2.712837010846635,1990
8998,7,2.715460885247045,1991
9411,7,2.7169969096352786,1992
21840,7,2.7178700697515223,1993
22285,7,2.718694397915008,1994
14827,7,2.721020387454417,1995
7143,7,2.721038997621179,1996
9824,7,2.722533807911971,1997
4940,7,2.7245847119656754,1998
3505,7,2.7248252244224473,1999
3084,7,2.725159102374108,2000
2566,7,2.7262453343795174,2001
2805,7,2.726883165668085,2002
23173,7,2.727399134380534,2003
4037,7,2.7275472975393877,2004
17661,7,2.727828146915588,2005
20188,7,2.729066336247018,2006
5274,7,2.729245258530361,2007
15359,7,2.729627539959491,2008
7252,7,2.7298087325204823,2009
8672,7,2.730759611153824,2010
15356,7,2.7327915486800674,2011
22001,7,2.7327915486800674,2012
9327,7,2.7332839294923406,2013
18262,7,2.7338532092291623,2014
20192,7,2.7338532092291623,2015
16964,7,2.734832306829731,2016
20517,7,2.734832306829731,2017
2209,7,2.735735268056586,2018
18683,7,2.7378158390666094,2019
7238,7,2.738593561130513,2020
13279,7,2.7387636201010244,2021
21438,7,2.738826408001848,2022
374,7,2.7389503483805755,2023
8807,7,2.7393805536172695,2024
8839,7,2.739490322844663,2025
14348,7,2.7401380925042886,2026
560,7,2.7410118663152203,2027
23543,7,2.745687899011013,2028
8268,7,2.7480025693193197,2029
6882,7,2.7485719506708977,2030
15328,7,2.7493650442103155,2031
3903,7,2.7498693616842207,2032
17803,7,2.7528327355423774,2033
12644,7,2.752921955044513,2034
13612,7,2.755652946810759,2035
20832,7,2.756785258268216,2036
1873,7,2.7574688954496525,2037
10967,7,2.7577046366763205,2038
3661,7,2.7581689605130992,2039
2565,7,2.7584206036387253,2040
22084,7,2.7598260035254434,2041
22342,7,2.7611262094450493,2042
13702,7,2.763058695718473,2043
19498,7,2.764106829752859,2044
22779,7,2.764106976418467,2045
2512,7,2.768537677459468,2046
12149,7,2.768537677459468,2047
13388,7,2.768537677459468,2048
19967,7,2.768537677459468,2049
20121,7,2.768537677459468,2050
8406,7,2.7689804827175792,2051
10651,7,2.769398580245866,2052
2165,7,2.7702839243161885,2053
22307,7,2.7705718377417337,2054
10661,7,2.7713276552077164,2055
16419,7,2.771539774581877,2056
3892,7,2.7718139885906217,2057
12005,7,2.7750653119096578,2058
14032,7,2.775347801883959,2059
12628,7,2.7768566822112417,2060
17651,7,2.7772014104483853,2061
23191,7,2.778098250608948,2062
3116,7,2.7784496076503675,2063
21657,7,2.7793217928768255,2064
34,7,2.7799546130808745,2065
16655,7,2.7810553776716627,2066
11473,7,2.7812631702068322,2067
12727,7,2.781785048201125,2068
20242,7,2.7828304691028345,2069
5620,7,2.7841303221348355,2070
11178,7,2.7841476636656735,2071
22195,7,2.78672484126504,2072
12173,7,2.7882457422840314,2073
11270,7,2.788570773335569,2074
7613,7,2.788684749497726,2075
3902,7,2.7891980534833425,2076
14285,7,2.789442811747409,2077
2297,7,2.792968852685054,2078
7116,7,2.7937006966875866,2079
7091,7,2.795926553361038,2080
10925,7,2.7967815534810163,2081
8236,7,2.7973951860108075,2082
509,7,2.797795156600698,2083
12530,7,2.798193034330416,2084
10060,7,2.802369498816358,2085
12896,7,2.803114244419695,2086
20328,7,2.803201332279512,2087
14715,7,2.803374100855877,2088
21270,7,2.803424112906725,2089
23205,7,2.8040361513789374,2090
19768,7,2.8042967468128492,2091
4497,7,2.8060554491738268,2092
5768,7,2.806459590483088,2093
699,7,2.8069546403362313,2094
13019,7,2.807365934630729,2095
23555,7,2.8091846235375506,2096
14344,7,2.809536849780642,2097
12646,7,2.8095828432748626,2098
15358,7,2.810596713377983,2099
19178,7,2.811665249372684,2100
3986,7,2.8117955144957145,2101
14073,7,2.8138846223829996,2102
18905,7,2.8142451520085774,2103
20275,7,2.814835703821215,2104
22167,7,2.815103702557516,2105
18111,7,2.816370478535503,2106
179,7,2.817135512812309,2107
19964,7,2.8173189150272497,2108
13475,7,2.817860242825317,2109
18666,7,2.817860242825317,2110
23118,7,2.817860242825317,2111
6275,7,2.818772621207717,2112
16955,7,2.8190236192434526,2113
3408,7,2.8200870039031147,2114
12202,7,2.8216421645032197,2115
1793,7,2.8225711908699123,2116
22230,7,2.8231931240934136,2117
20489,7,2.8242796100072174,2118
8520,7,2.824895021571968,2119
20392,7,2.824895021571968,2120
7755,7,2.8254759560848077,2121
12419,7,2.8256689084944298,2122
17728,7,2.825990803165385,2123
23757,7,2.826085061367166,2124
14121,7,2.8262124203621717,2125
20588,7,2.827017011662011,2126
3376,7,2.827589792673356,2127
12413,7,2.827589792673356,2128
12735,7,2.827589792673356,2129
18771,7,2.827589792673356,2130
18845,7,2.827589792673356,2131
21307,7,2.827589792673356,2132
23188,7,2.827589792673356,2133
23347,7,2.827589792673356,2134
12547,7,2.8281619432167364,2135
11509,7,2.828202289164759,2136
15708,7,2.829836137272613,2137
20637,7,2.8307673361282477,2138
9339,7,2.830970752876535,2139
16062,7,2.831022533398971,2140
22386,7,2.83195738031449,2141
21599,7,2.833786190567987,2142
22163,7,2.833786190567987,2143
9945,7,2.8349888906077316,2144
19086,7,2.8349888906077316,2145
205,7,2.8352580376425838,2146
19392,7,2.8357062643073228,2147
13768,7,2.836629389583484,2148
12654,7,2.837212679441992,2149
16592,7,2.8375514197106666,2150
7213,7,2.8389814506840656,2151
5927,7,2.8400290947565456,2152
4245,7,2.8401992444820006,2153
16413,7,2.841862611034309,2154
3350,7,2.842605313536675,2155
12475,7,2.8426587937187238,2156
16025,7,2.844208770448075,2157
6254,7,2.844331288167731,2158
20935,7,2.8449956550876503,2159
7887,7,2.845090214277589,2160
21458,7,2.8458191708537566,2161
9864,7,2.846842167004501,2162
12732,7,2.847542556120079,2163
13239,7,2.848827721988055,2164
9530,7,2.8492617651721375,2165
7545,7,2.850619499841254,2166
20889,7,2.851177602466028,2167
1489,7,2.8514203978013435,2168
1753,7,2.8516394833221814,2169
13804,7,2.851653394284205,2170
11021,7,2.8518475203887927,2171
6114,7,2.8528989377979963,2172
19456,7,2.8533469940979024,2173
8135,7,2.8535246550701734,2174
9840,7,2.855534214952799,2175
12581,7,2.855825054014914,2176
1783,7,2.8572038523795236,2177
5904,7,2.8582289050724676,2178
22424,7,2.8600720494362806,2179
43,7,2.860215613041549,2180
18425,7,2.8603294399204717,2181
3642,7,2.8609363770853036,2182
8788,7,2.8628667939170094,2183
22118,7,2.8633790555350775,2184
15569,7,2.8641278130469905,2185
12034,7,2.8642919582839625,2186
7174,7,2.865497283245304,2187
8821,7,2.865686422321313,2188
16906,7,2.8661622352887814,2189
17229,7,2.866493240448018,2190
10469,7,2.8669101187764268,2191
3739,7,2.8676856696621407,2192
10922,7,2.8684820764081547,2193
11243,7,2.8686331179039506,2194
18625,7,2.8686331179039506,2195
23181,7,2.8686331179039506,2196
8811,7,2.8709105924339893,2197
13974,7,2.870935095694803,2198
4677,7,2.872276147091461,2199
8913,7,2.8735454471489406,2200
3006,7,2.874834641377761,2201
6180,7,2.874834641377761,2202
9130,7,2.874834641377761,2203
11283,7,2.874834641377761,2204
22411,7,2.874834641377761,2205
22939,7,2.874834641377761,2206
14874,7,2.8754704979924157,2207
6847,7,2.877361138261735,2208
5625,7,2.8774793861339125,2209
17663,7,2.8780374040399965,2210
18512,7,2.8789396978604285,2211
10022,7,2.881550641239949,2212
20397,7,2.88177884247625,2213
5939,7,2.881913052170067,2214
101,7,2.883310200153653,2215
175,7,2.883310200153653,2216
246,7,2.883310200153653,2217
398,7,2.883310200153653,2218
672,7,2.883310200153653,2219
869,7,2.883310200153653,2220
1669,7,2.883310200153653,2221
2230,7,2.883310200153653,2222
2339,7,2.883310200153653,2223
2348,7,2.883310200153653,2224
2435,7,2.883310200153653,2225
2605,7,2.883310200153653,2226
3020,7,2.883310200153653,2227
3461,7,2.883310200153653,2228
4374,7,2.883310200153653,2229
5404,7,2.883310200153653,2230
5741,7,2.883310200153653,2231
5985,7,2.883310200153653,2232
6698,7,2.883310200153653,2233
6879,7,2.883310200153653,2234
7214,7,2.883310200153653,2235
7244,7,2.883310200153653,2236
7301,7,2.883310200153653,2237
7360,7,2.883310200153653,2238
7435,7,2.883310200153653,2239
7576,7,2.883310200153653,2240
7704,7,2.883310200153653,2241
7762,7,2.883310200153653,2242
7859,7,2.883310200153653,2243
8003,7,2.883310200153653,2244
8271,7,2.883310200153653,2245
8369,7,2.883310200153653,2246
8602,7,2.883310200153653,2247
8767,7,2.883310200153653,2248
9024,7,2.883310200153653,2249
9860,7,2.883310200153653,2250
10098,7,2.883310200153653,2251
10940,7,2.883310200153653,2252
11096,7,2.883310200153653,2253
11687,7,2.883310200153653,2254
11837,7,2.883310200153653,2255
12267,7,2.883310200153653,2256
12806,7,2.883310200153653,2257
13885,7,2.883310200153653,2258
14294,7,2.883310200153653,2259
14614,7,2.883310200153653,2260
15272,7,2.883310200153653,2261
16256,7,2.883310200153653,2262
16982,7,2.883310200153653,2263
17085,7,2.883310200153653,2264
17586,7,2.883310200153653,2265
17934,7,2.883310200153653,2266
18497,7,2.883310200153653,2267
19557,7,2.883310200153653,2268
20543,7,2.883310200153653,2269
20694,7,2.883310200153653,2270
21859,7,2.883310200153653,2271
21958,7,2.883310200153653,2272
22076,7,2.883310200153653,2273
23009,7,2.883310200153653,2274
23139,7,2.883310200153653,2275
23340,7,2.883310200153653,2276
20311,7,2.884613502885562,2277
9417,7,2.886184823208935,2278
2208,7,2.886461971610896,2279
15873,7,2.888185625671609,2280
18777,7,2.8891153841447275,2281
5423,7,2.8915267908278266,2282
18668,7,2.89179444016571,2283
6403,7,2.892062759622811,2284
230,7,2.892100081145964,2285
2187,7,2.8938475046064847,2286
7215,7,2.89508902217425,2287
5347,7,2.8954408032778427,2288
7153,7,2.8954691119738714,2289
13381,7,2.895561527260991,2290
3468,7,2.8963232899283358,2291
18144,7,2.897935401750377,2292
7056,7,2.8986671511417965,2293
3216,7,2.8990935701338216,2294
15916,7,2.8991035503630784,2295
8367,7,2.900477942814685,2296
23854,7,2.903622274782224,2297
6868,7,2.903638928574585,2298
19389,7,2.9039305593784612,2299
23457,7,2.9045903098741075,2300
1916,7,2.9053184506408853,2301
1299,7,2.90595888850698,2302
2179,7,2.9064614701449756,2303
20927,7,2.9085438122149396,2304
6554,7,2.9115460316874526,2305
4975,7,2.912001131700812,2306
7414,7,2.912449865601284,2307
15088,7,2.9138487496719816,2308
23701,7,2.9140452834626625,2309
5511,7,2.9157392332997976,2310
8361,7,2.9158940677686815,2311
4793,7,2.9183952621804314,2312
13858,7,2.9184176311730226,2313
22228,7,2.920029691374753,2314
15286,7,2.920997582695178,2315
20224,7,2.9224377955951453,2316
19858,7,2.922898835865379,2317
22881,7,2.9237666757795036,2318
13458,7,2.9244236969297353,2319
17601,7,2.9246608400539595,2320
10345,7,2.924754361414168,2321
11590,7,2.9248817979704897,2322
1591,7,2.9250707626040398,2323
3535,7,2.925847579068269,2324
14373,7,2.926533161365758,2325
7711,7,2.92712532901095,2326
15802,7,2.9280208939792995,2327
15172,7,2.928412156307585,2328
7169,7,2.9297299605265934,2329
5374,7,2.9300890536095956,2330
15826,7,2.9309758768441183,2331
20086,7,2.931079095171513,2332
16614,7,2.9319421045446967,2333
12936,7,2.9321954479277594,2334
3005,7,2.9323078542292396,2335
4360,7,2.9323161448836306,2336
13908,7,2.9343253912620044,2337
10223,7,2.9345938602618142,2338
11293,7,2.9350180681411993,2339
258,7,2.9379816333945303,2340
1171,7,2.938354676285419,2341
172,7,2.9384502704933113,2342
12264,7,2.9394106702506937,2343
12828,7,2.939924908563368,2344
9596,7,2.940069519035756,2345
18119,7,2.9404738880750565,2346
3601,7,2.942520512573608,2347
19213,7,2.943148721023352,2348
22569,7,2.9431819019415215,2349
5574,7,2.9432296587994737,2350
12425,7,2.943504816335214,2351
21011,7,2.9452446730516266,2352
20081,7,2.945484933709811,2353
13254,7,2.9457802691911463,2354
7763,7,2.9472767552897374,2355
14238,7,2.9477494546765013,2356
14973,7,2.9492229534486625,2357
6077,7,2.949985806296986,2358
2744,7,2.9511125050294362,2359
16437,7,2.9520064911070563,2360
7936,7,2.953073064005892,2361
10380,7,2.953073064005892,2362
15945,7,2.953073064005892,2363
20399,7,2.953073064005892,2364
23503,7,2.953196457384572,2365
4039,7,2.953603334146261,2366
10489,7,2.9562074944132575,2367
23318,7,2.957919917606242,2368
4545,7,2.958600617518272,2369
16543,7,2.9590664149574057,2370
15987,7,2.9596401832661052,2371
21477,7,2.960474521289015,2372
2514,7,2.9608286322937545,2373
10217,7,2.9611961319604636,2374
22305,7,2.9619147673116593,2375
5101,7,2.9623023696120847,2376
6080,7,2.9627688384967663,2377
18408,7,2.9627688384967663,2378
8351,7,2.963312836345523,2379
10902,7,2.963312836345523,2380
893,7,2.964431419412858,2381
21979,7,2.964708524299933,2382
2307,7,2.9648760610311267,2383
20386,7,2.9652691487246243,2384
8099,7,2.96553498395189,2385
5240,7,2.9669007635495697,2386
16896,7,2.9676507005191612,2387
12838,7,2.969429951131442,2388
9685,7,2.9698743936979968,2389
2429,7,2.970440411122285,2390
13045,7,2.970440411122285,2391
15827,7,2.9706194849228353,2392
8252,7,2.97072022532034,2393
545,7,2.9715360440510645,2394
3200,7,2.9715360440510645,2395
3691,7,2.9715360440510645,2396
5414,7,2.9715360440510645,2397
6498,7,2.9715360440510645,2398
7878,7,2.9715360440510645,2399
8041,7,2.9715360440510645,2400
8194,7,2.9715360440510645,2401
8892,7,2.9715360440510645,2402
9534,7,2.9715360440510645,2403
9972,7,2.9715360440510645,2404
10272,7,2.9715360440510645,2405
10868,7,2.9715360440510645,2406
10983,7,2.9715360440510645,2407
11071,7,2.9715360440510645,2408
11683,7,2.9715360440510645,2409
11829,7,2.9715360440510645,2410
13366,7,2.9715360440510645,2411
14653,7,2.9715360440510645,2412
15803,7,2.9715360440510645,2413
16497,7,2.9715360440510645,2414
16869,7,2.9715360440510645,2415
17511,7,2.9715360440510645,2416
17553,7,2.9715360440510645,2417
17575,7,2.9715360440510645,2418
17654,7,2.9715360440510645,2419
18690,7,2.9715360440510645,2420
22256,7,2.9715360440510645,2421
22718,7,2.9715360440510645,2422
20824,7,2.97242746388336,2423
12083,7,2.973535492817475,2424
22273,7,2.974141149262057,2425
15040,7,2.974361107961392,2426
1880,7,2.974484457751557,2427
18174,7,2.974484457751557,2428
17317,7,2.9748644558716446,2429
591,7,2.9752513047392717,2430
465,7,2.975642474754315,2431
5351,7,2.976596957521646,2432
21215,7,2.976917420615088,2433
14345,7,2.9769343719235204,2434
8972,7,2.9769488589400903,2435
12061,7,2.977460860757793,2436
13319,7,2.977460860757793,2437
12445,7,2.979120331320584,2438
16244,7,2.979304576858403,2439
2871,7,2.9794490537924894,2440
17034,7,2.979453327488034,2441
15670,7,2.9816499925601097,2442
973,7,2.982187302596709,2443
21465,7,2.9822629004771155,2444
3303,7,2.9824652461809333,2445
10061,7,2.9824652461809333,2446
6484,7,2.982851003465937,2447
13441,7,2.983012069497606,2448
18957,7,2.9832442598399505,2449
5964,7,2.9848477960390003,2450
12622,7,2.986977297745992,2451
6768,7,2.9874803435171318,2452
21453,7,2.9878146775282146,2453
5807,7,2.9888239534627568,2454
16233,7,2.989061668904664,2455
4436,7,2.9906098058227433,2456
4706,7,2.9906098058227433,2457
3819,7,2.9918097940000146,2458
23669,7,2.9935908907610997,2459
22524,7,2.994706535308204,2460
6132,7,2.994863300645219,2461
7813,7,2.994863300645219,2462
8798,7,2.994863300645219,2463
12772,7,2.994863300645219,2464
14369,7,2.994863300645219,2465
21420,7,2.994863300645219,2466
7081,7,2.995088762590038,2467
21601,7,2.995101848773385,2468
19286,7,2.996604320212178,2469
20577,7,2.9975786691177464,2470
12855,7,2.998114521421971,2471
4937,7,2.998165876666408,2472
23059,7,2.9985930669208236,2473
915,7,2.999966189223218,2474
2114,7,3.0020535396013033,2475
6365,7,3.0020535396013033,2476
728,7,3.0026083374063055,2477
17777,7,3.0046963401313125,2478
23213,7,3.0051235185301444,2479
19548,7,3.0061291996145028,2480
1893,7,3.0069617212899,2481
23425,7,3.0070314518593144,2482
12334,7,3.0072755810047416,2483
13656,7,3.0072755810047416,2484
15604,7,3.0072755810047416,2485
11578,7,3.007334556362155,2486
6937,7,3.0079940716659275,2487
21561,7,3.010759943343878,2488
1578,7,3.01229555206261,2489
7179,7,3.0123711045969777,2490
19516,7,3.013109045338812,2491
7768,7,3.0136627886963727,2492
10,7,3.013701922390227,2493
639,7,3.0140708044779516,2494
13784,7,3.015214919503129,2495
12677,7,3.0153711310731994,2496
23759,7,3.015541264790089,2497
15092,7,3.01660627222765,2498
8316,7,3.0180848703982175,2499
14046,7,3.0188126894668916,2500
1072,7,3.0200988673916966,2501
20348,7,3.0207831429852066,2502
12662,7,3.022112218134184,2503
19207,7,3.022716652089671,2504
22757,7,3.0229857216392158,2505
6154,7,3.0252532178806315,2506
111,7,3.0268851232134377,2507
637,7,3.0268851232134377,2508
715,7,3.0268851232134377,2509
2266,7,3.0268851232134377,2510
4508,7,3.0268851232134377,2511
5438,7,3.0268851232134377,2512
6964,7,3.0268851232134377,2513
7193,7,3.0268851232134377,2514
7578,7,3.0268851232134377,2515
8102,7,3.0268851232134377,2516
8658,7,3.0268851232134377,2517
8987,7,3.0268851232134377,2518
9567,7,3.0268851232134377,2519
9832,7,3.0268851232134377,2520
10424,7,3.0268851232134377,2521
10442,7,3.0268851232134377,2522
11035,7,3.0268851232134377,2523
11184,7,3.0268851232134377,2524
11268,7,3.0268851232134377,2525
11664,7,3.0268851232134377,2526
11908,7,3.0268851232134377,2527
11995,7,3.0268851232134377,2528
14269,7,3.0268851232134377,2529
14946,7,3.0268851232134377,2530
15555,7,3.0268851232134377,2531
15655,7,3.0268851232134377,2532
16086,7,3.0268851232134377,2533
17116,7,3.0268851232134377,2534
17262,7,3.0268851232134377,2535
18015,7,3.0268851232134377,2536
18394,7,3.0268851232134377,2537
19260,7,3.0268851232134377,2538
19735,7,3.0268851232134377,2539
20412,7,3.0268851232134377,2540
20735,7,3.0268851232134377,2541
21451,7,3.0268851232134377,2542
22125,7,3.0268851232134377,2543
22382,7,3.0268851232134377,2544
22754,7,3.0268851232134377,2545
22760,7,3.0268851232134377,2546
23541,7,3.0268851232134377,2547
23656,7,3.0268851232134377,2548
13994,7,3.0274200340094026,2549
4993,7,3.0297995692055624,2550
19333,7,3.031598494421851,2551
7117,7,3.0329824827679865,2552
10352,7,3.0339795251964885,2553
13995,7,3.0359109683163834,2554
9392,7,3.036911521766122,2555
2799,7,3.0372438103071207,2556
6846,7,3.0372438103071207,2557
14703,7,3.03763686640179,2558
12827,7,3.0408572480982103,2559
15507,7,3.041337746818085,2560
8738,7,3.042600915896355,2561
22288,7,3.044177691373526,2562
14150,7,3.0446266156010156,2563
10425,7,3.044834549508229,2564
20373,7,3.0472657241259617,2565
15527,7,3.0476722498153723,2566
11891,7,3.0478645964456823,2567
23629,7,3.0479741840513577,2568
5071,7,3.0550665728010498,2569
14229,7,3.0551555544644615,2570
21802,7,3.055343743183635,2571
11118,7,3.056156508363953,2572
787,7,3.056961374667655,2573
19927,7,3.059365803358117,2574
8642,7,3.059772309275341,2575
11001,7,3.060069758030817,2576
7001,7,3.0608998513565435,2577
18457,7,3.061478325515077,2578
22824,7,3.062378040167969,2579
4452,7,3.0624882995663736,2580
13031,7,3.0633841673618947,2581
470,7,3.0639445309675546,2582
8100,7,3.065199236965303,2583
9097,7,3.0657619884492058,2584
19920,7,3.066427055465046,2585
2062,7,3.067384849566458,2586
23326,7,3.0677029166715397,2587
5547,7,3.067855847116232,2588
18373,7,3.0686798567327163,2589
21348,7,3.06921728271759,2590
17979,7,3.0718435383915508,2591
14426,7,3.0721723878255855,2592
17047,7,3.0722465844668445,2593
19584,7,3.073023192629427,2594
823,7,3.0732621800141215,2595
21056,7,3.0770097644070447,2596
2788,7,3.0776981402540384,2597
15472,7,3.078596464159209,2598
6421,7,3.0789991245255264,2599
16078,7,3.0791266365939145,2600
17256,7,3.079585321985747,2601
6741,7,3.079777636959809,2602
13216,7,3.079777636959809,2603
22441,7,3.079777636959809,2604
6246,7,3.0802274287808014,2605
7141,7,3.0802274287808014,2606
10305,7,3.0802274287808014,2607
11245,7,3.0802274287808014,2608
16308,7,3.0802274287808014,2609
21693,7,3.0802274287808014,2610
6762,7,3.080352741960729,2611
23135,7,3.080949730033476,2612
21226,7,3.0820563320303327,2613
22761,7,3.0820563320303327,2614
15399,7,3.082276192122879,2615
2395,7,3.0827846947990465,2616
8164,7,3.0827846947990465,2617
20511,7,3.0827846947990465,2618
22896,7,3.0827846947990465,2619
1827,7,3.083302786847002,2620
9312,7,3.0837560316181674,2621
18280,7,3.0871308962857804,2622
12980,7,3.0874279321009506,2623
20375,7,3.089340407926741,2624
18138,7,3.0896294289312123,2625
17866,7,3.090804806756597,2626
17580,7,3.0925555540190586,2627
3840,7,3.0940675355942573,2628
23370,7,3.095725487845768,2629
11672,7,3.0967804566920383,2630
1967,7,3.0971148918643365,2631
2896,7,3.097143136892002,2632
3670,7,3.0971635540113267,2633
14460,7,3.0971635540113267,2634
3643,7,3.097523473018883,2635
23146,7,3.099909935302107,2636
1627,7,3.100193088971177,2637
8109,7,3.100234561548814,2638
3034,7,3.1025469262049583,2639
23595,7,3.102621227491993,2640
9664,7,3.1033114006723537,2641
4286,7,3.1040046302302757,2642
11776,7,3.105015015569645,2643
20367,7,3.106872381686367,2644
11970,7,3.107664852422516,2645
15848,7,3.109280986283311,2646
18762,7,3.1095550878170326,2647
8307,7,3.1096955665854247,2648
23147,7,3.1107554814290244,2649
6298,7,3.1109556596236296,2650
12844,7,3.1109556596236296,2651
10656,7,3.1114662077843804,2652
15821,7,3.1121260861379874,2653
19748,7,3.1121260861379874,2654
23952,7,3.1121260861379874,2655
2036,7,3.113453338820689,2656
2063,7,3.1139157602571848,2657
17174,7,3.115431445151598,2658
10673,7,3.117546277313975,2659
12680,7,3.1180640040857286,2660
19393,7,3.118444835497232,2661
16695,7,3.1200578853951777,2662
23761,7,3.1209458311842315,2663
23500,7,3.1210977426210733,2664
1992,7,3.1227098736212624,2665
11992,7,3.1236894114904685,2666
7634,7,3.1240270400940955,2667
9652,7,3.1240270400940955,2668
21336,7,3.124048944436274,2669
19605,7,3.1243296994877006,2670
7892,7,3.1248418271357195,2671
3671,7,3.1280930455506657,2672
1164,7,3.128337022358235,2673
12453,7,3.129937554693761,2674
2164,7,3.130596871467839,2675
2726,7,3.1319587868579513,2676
8295,7,3.133905540725199,2677
19814,7,3.133905540725199,2678
5697,7,3.1341331591214874,2679
12778,7,3.1341331591214874,2680
20123,7,3.1341331591214874,2681
17125,7,3.1342934858707476,2682
5483,7,3.135841706894122,2683
16515,7,3.1366815099935756,2684
10831,7,3.136945799365998,2685
14243,7,3.1376347865885994,2686
5567,7,3.1396438633458343,2687
14378,7,3.139769489579506,2688
2279,7,3.1407122078478773,2689
5980,7,3.1419699503337783,2690
21953,7,3.1422631737007345,2691
21192,7,3.1436785135045606,2692
18337,7,3.1462275105502933,2693
12041,7,3.1466564521783456,2694
22546,7,3.147867842600619,2695
6897,7,3.148048333646346,2696
12411,7,3.1483922839258196,2697
9835,7,3.149048891663079,2698
16464,7,3.1493224427986197,2699
23827,7,3.14953237463642,2700
288,7,3.1507903769192054,2701
18922,7,3.1519173933097604,2702
11016,7,3.1533844738645262,2703
21676,7,3.1555582664348365,2704
19115,7,3.1573548888710885,2705
22529,7,3.1577150073961384,2706
7084,7,3.1582100078944344,2707
18836,7,3.158381036650331,2708
8588,7,3.159066835580331,2709
8886,7,3.163090692250053,2710
13241,7,3.163090692250053,2711
17032,7,3.163090692250053,2712
1743,7,3.1655165531980862,2713
5185,7,3.1655165531980862,2714
10102,7,3.1655165531980862,2715
13008,7,3.1655165531980862,2716
16109,7,3.1655165531980862,2717
17914,7,3.1655165531980862,2718
17941,7,3.1655165531980862,2719
17127,7,3.1669618451984487,2720
214,7,3.167628766719161,2721
14022,7,3.1704727545897224,2722
11226,7,3.1707536508020016,2723
6142,7,3.1716569113121533,2724
5644,7,3.1717450701962,2725
16744,7,3.1717450701962,2726
16576,7,3.1748823544396285,2727
23972,7,3.177642974326912,2728
12313,7,3.1776929358607204,2729
22915,7,3.1810653657168126,2730
12958,7,3.181836324104651,2731
843,7,3.1824895113601253,2732
11772,7,3.1874595072039673,2733
14464,7,3.1874595072039673,2734
15774,7,3.189303892236815,2735
4155,7,3.190131675180928,2736
23502,7,3.1932696942501178,2737
1767,7,3.195384965247831,2738
12962,7,3.195627847559026,2739
9236,7,3.1956364111526145,2740
13558,7,3.1991361401670955,2741
1387,7,3.200887143076239,2742
9459,7,3.2011256824032905,2743
11617,7,3.2015000709666404,2744
3261,7,3.2019211018150533,2745
3561,7,3.2019211018150533,2746
6761,7,3.2019211018150533,2747
12187,7,3.2019211018150533,2748
13575,7,3.2019211018150533,2749
14543,7,3.2019211018150533,2750
16264,7,3.2019211018150533,2751
13776,7,3.202878077832565,2752
2411,7,3.2064537977705356,2753
19277,7,3.2068795221296584,2754
169,7,3.2095330248017437,2755
176,7,3.2095330248017437,2756
407,7,3.2095330248017437,2757
491,7,3.2095330248017437,2758
589,7,3.2095330248017437,2759
726,7,3.2095330248017437,2760
1130,7,3.2095330248017437,2761
1633,7,3.2095330248017437,2762
1770,7,3.2095330248017437,2763
1799,7,3.2095330248017437,2764
2046,7,3.2095330248017437,2765
2603,7,3.2095330248017437,2766
3383,7,3.2095330248017437,2767
3466,7,3.2095330248017437,2768
3948,7,3.2095330248017437,2769
4030,7,3.2095330248017437,2770
4250,7,3.2095330248017437,2771
4389,7,3.2095330248017437,2772
4479,7,3.2095330248017437,2773
4480,7,3.2095330248017437,2774
4877,7,3.2095330248017437,2775
4933,7,3.2095330248017437,2776
4959,7,3.2095330248017437,2777
4986,7,3.2095330248017437,2778
5432,7,3.2095330248017437,2779
5469,7,3.2095330248017437,2780
5887,7,3.2095330248017437,2781
6351,7,3.2095330248017437,2782
6419,7,3.2095330248017437,2783
6426,7,3.2095330248017437,2784
6833,7,3.2095330248017437,2785
7733,7,3.2095330248017437,2786
7946,7,3.2095330248017437,2787
8172,7,3.2095330248017437,2788
8805,7,3.2095330248017437,2789
8869,7,3.2095330248017437,2790
8871,7,3.2095330248017437,2791
8881,7,3.2095330248017437,2792
8997,7,3.2095330248017437,2793
9119,7,3.2095330248017437,2794
9804,7,3.2095330248017437,2795
9856,7,3.2095330248017437,2796
10443,7,3.2095330248017437,2797
10473,7,3.2095330248017437,2798
10506,7,3.2095330248017437,2799
10598,7,3.2095330248017437,2800
10647,7,3.2095330248017437,2801
10694,7,3.2095330248017437,2802
10734,7,3.2095330248017437,2803
10795,7,3.2095330248017437,2804
10907,7,3.2095330248017437,2805
11437,7,3.2095330248017437,2806
11459,7,3.2095330248017437,2807
11460,7,3.2095330248017437,2808
11462,7,3.2095330248017437,2809
11921,7,3.2095330248017437,2810
12089,7,3.2095330248017437,2811
12659,7,3.2095330248017437,2812
12839,7,3.2095330248017437,2813
12961,7,3.2095330248017437,2814
13181,7,3.2095330248017437,2815
13293,7,3.2095330248017437,2816
13806,7,3.2095330248017437,2817
13960,7,3.2095330248017437,2818
14001,7,3.2095330248017437,2819
14045,7,3.2095330248017437,2820
14259,7,3.2095330248017437,2821
14265,7,3.2095330248017437,2822
14266,7,3.2095330248017437,2823
14396,7,3.2095330248017437,2824
14526,7,3.2095330248017437,2825
15010,7,3.2095330248017437,2826
15086,7,3.2095330248017437,2827
15147,7,3.2095330248017437,2828
15257,7,3.2095330248017437,2829
15426,7,3.2095330248017437,2830
15679,7,3.2095330248017437,2831
15816,7,3.2095330248017437,2832
16097,7,3.2095330248017437,2833
16455,7,3.2095330248017437,2834
16476,7,3.2095330248017437,2835
16995,7,3.2095330248017437,2836
17128,7,3.2095330248017437,2837
17205,7,3.2095330248017437,2838
17294,7,3.2095330248017437,2839
17460,7,3.2095330248017437,2840
17522,7,3.2095330248017437,2841
17802,7,3.2095330248017437,2842
17883,7,3.2095330248017437,2843
18062,7,3.2095330248017437,2844
18089,7,3.2095330248017437,2845
18127,7,3.2095330248017437,2846
18155,7,3.2095330248017437,2847
18395,7,3.2095330248017437,2848
18447,7,3.2095330248017437,2849
18456,7,3.2095330248017437,2850
18518,7,3.2095330248017437,2851
18813,7,3.2095330248017437,2852
19015,7,3.2095330248017437,2853
19312,7,3.2095330248017437,2854
19324,7,3.2095330248017437,2855
19541,7,3.2095330248017437,2856
19734,7,3.2095330248017437,2857
19741,7,3.2095330248017437,2858
19859,7,3.2095330248017437,2859
19877,7,3.2095330248017437,2860
20034,7,3.2095330248017437,2861
20143,7,3.2095330248017437,2862
20408,7,3.2095330248017437,2863
20541,7,3.2095330248017437,2864
20576,7,3.2095330248017437,2865
20587,7,3.2095330248017437,2866
20595,7,3.2095330248017437,2867
20729,7,3.2095330248017437,2868
20811,7,3.2095330248017437,2869
21121,7,3.2095330248017437,2870
21194,7,3.2095330248017437,2871
21394,7,3.2095330248017437,2872
21604,7,3.2095330248017437,2873
21662,7,3.2095330248017437,2874
21726,7,3.2095330248017437,2875
21828,7,3.2095330248017437,2876
21936,7,3.2095330248017437,2877
22043,7,3.2095330248017437,2878
22049,7,3.2095330248017437,2879
22148,7,3.2095330248017437,2880
22209,7,3.2095330248017437,2881
22903,7,3.2095330248017437,2882
22914,7,3.2095330248017437,2883
23230,7,3.2095330248017437,2884
23286,7,3.2095330248017437,2885
23325,7,3.2095330248017437,2886
23427,7,3.2095330248017437,2887
23589,7,3.2095330248017437,2888
23674,7,3.2095330248017437,2889
23812,7,3.2095330248017437,2890
24024,7,3.2095330248017437,2891
11711,7,3.2121513549168776,2892
16688,7,3.2121513549168776,2893
13333,7,3.213281194331552,2894
1294,7,3.2146101029082312,2895
12890,7,3.214893503234364,2896
18938,7,3.2186284117105464,2897
10883,7,3.2194520825727824,2898
5295,7,3.2197049842411674,2899
22626,7,3.2207172502836805,2900
18208,7,3.2226985021585253,2901
13580,7,3.2230568746568613,2902
22447,7,3.2230568746568613,2903
5765,7,3.2234380145804766,2904
22560,7,3.22428161619575,2905
7801,7,3.2277427453337673,2906
9708,7,3.2277427453337673,2907
10842,7,3.2277427453337673,2908
14330,7,3.2277427453337673,2909
15465,7,3.2277427453337673,2910
16652,7,3.2277427453337673,2911
20997,7,3.2277427453337673,2912
22252,7,3.2289085964204216,2913
19991,7,3.2303788465447325,2914
9997,7,3.2305102078190218,2915
14487,7,3.2310501551772863,2916
20244,7,3.2311717600411325,2917
16295,7,3.237203875120862,2918
8574,7,3.2384273772367616,2919
13726,7,3.2384863585765693,2920
19711,7,3.2388783570226267,2921
10556,7,3.238971160174058,2922
21952,7,3.2402294506155753,2923
2488,7,3.2408654584924514,2924
7425,7,3.2448796457671145,2925
1791,7,3.2452975938568507,2926
2293,7,3.249533083455627,2927
11228,7,3.249545790473463,2928
23394,7,3.2497460322317946,2929
7524,7,3.250247575489882,2930
15680,7,3.252166958078196,2931
8297,7,3.253878667817633,2932
7486,7,3.2561511136591155,2933
10671,7,3.2585579093525903,2934
13738,7,3.261152853293551,2935
2141,7,3.261262433613486,2936
9190,7,3.2626928368805954,2937
13184,7,3.2634365647630403,2938
14180,7,3.2645008910934172,2939
13625,7,3.2647825283551306,2940
21858,7,3.2660953449007173,2941
21711,7,3.267418307591298,2942
14253,7,3.268720825323502,2943
16221,7,3.2711652698587987,2944
20977,7,3.2721032411889275,2945
21846,7,3.273915561696634,2946
18573,7,3.2764057218150127,2947
3575,7,3.277022902738715,2948
13142,7,3.277022902738715,2949
19644,7,3.277022902738715,2950
9156,7,3.277813096963057,2951
4199,7,3.2790090792120257,2952
22016,7,3.2797200971954457,2953
18554,7,3.2811635757570485,2954
11990,7,3.281709250449496,2955
16119,7,3.2830765118664704,2956
18171,7,3.2858865254968688,2957
9013,7,3.2869001449481434,2958
19945,7,3.289067401278222,2959
21671,7,3.293922782330181,2960
17605,7,3.29442758666748,2961
8132,7,3.2961659155321494,2962
1302,7,3.2961702156220887,2963
5862,7,3.299010265504142,2964
11285,7,3.299631557667794,2965
13006,7,3.3018712984864305,2966
16585,7,3.302149811744492,2967
23119,7,3.302149811744492,2968
10820,7,3.30359731394823,2969
1149,7,3.304438798085222,2970
16729,7,3.3044745354423455,2971
9490,7,3.3086565311670872,2972
1668,7,3.3095558643860334,2973
4835,7,3.31094149071693,2974
811,7,3.3126848006384644,2975
9691,7,3.3131090278936437,2976
7542,7,3.3136945322876827,2977
2269,7,3.3166279239834293,2978
12681,7,3.3178583547267366,2979
19997,7,3.318163165702776,2980
14822,7,3.3182708541763852,2981
18792,7,3.318284479979314,2982
494,7,3.3190842721566103,2983
23721,7,3.3202797082220497,2984
12162,7,3.3251013291012765,2985
23919,7,3.3269820019992054,2986
16520,7,3.3294974961214447,2987
12023,7,3.33344516058353,2988
5766,7,3.3346578959574766,2989
8957,7,3.3365331527223696,2990
5382,7,3.3373682841326344,2991
2345,7,3.3377748022822047,2992
17525,7,3.3408879668615796,2993
946,7,3.3415372213430623,2994
1607,7,3.3420640376236497,2995
4011,7,3.3423720054108172,2996
6898,7,3.342723011160549,2997
6380,7,3.342969748183166,2998
8540,7,3.344745324047039,2999
20978,7,3.345025089500563,3000
23567,7,3.3453666133727036,3001
440,7,3.34539180435635,3002
23323,7,3.347609895862918,3003
12032,7,3.3483707743164906,3004
8914,7,3.350857591054507,3005
19156,7,3.3518538877322936,3006
14698,7,3.354948620492515,3007
1252,7,3.356380786445876,3008
10504,7,3.3572135279633386,3009
884,7,3.360068812223144,3010
11174,7,3.3605896370007886,3011
14829,7,3.3615604471829874,3012
15187,7,3.3618457865187574,3013
16460,7,3.3624642313405033,3014
10789,7,3.3630047527710656,3015
3175,7,3.3653052129200463,3016
11636,7,3.36774499077848,3017
16059,7,3.3681883060039985,3018
15922,7,3.3689311643930924,3019
18547,7,3.3694626077792043,3020
20154,7,3.3767655979823226,3021
2250,7,3.3782315954821045,3022
18624,7,3.3788246856049797,3023
12765,7,3.3795700620991607,3024
14422,7,3.381374977438385,3025
8816,7,3.3838588734780553,3026
21781,7,3.3873860875297357,3027
3651,7,3.3931687500012453,3028
16947,7,3.3946276501598804,3029
12685,7,3.3949866302771796,3030
19280,7,3.3969326557646546,3031
23415,7,3.3976660268838117,3032
23848,7,3.398672349582925,3033
11767,7,3.400160459699531,3034
12812,7,3.4017183026938755,3035
1213,7,3.401742085485983,3036
2791,7,3.402708839327877,3037
11987,7,3.4039781714537463,3038
1292,7,3.4048637225925904,3039
8670,7,3.4049226526504683,3040
15476,7,3.4051446855783736,3041
4527,7,3.4064897804250163,3042
10402,7,3.4077558531454057,3043
4669,7,3.4088136891205836,3044
21505,7,3.408848240156568,3045
133,7,3.4126299784544183,3046
15854,7,3.412713946454213,3047
19113,7,3.413407480559824,3048
14989,7,3.4135778832143338,3049
20318,7,3.414563994897844,3050
9259,7,3.4161489583677027,3051
8580,7,3.417299084342803,3052
18269,7,3.417497145869002,3053
2839,7,3.4203266961943477,3054
5777,7,3.420414011751913,3055
12251,7,3.421528184011083,3056
2630,7,3.422301375787727,3057
22785,7,3.42238621738373,3058
8628,7,3.4262486918925914,3059
13849,7,3.426997662767485,3060
19736,7,3.4273350587485587,3061
10077,7,3.4280192449188087,3062
1673,7,3.429328581825327,3063
6002,7,3.429328581825327,3064
6839,7,3.429328581825327,3065
13161,7,3.429328581825327,3066
14690,7,3.429328581825327,3067
17037,7,3.429328581825327,3068
20283,7,3.429328581825327,3069
22240,7,3.429328581825327,3070
4684,7,3.4310272561169683,3071
22239,7,3.4335020112019228,3072
863,7,3.4337442037142742,3073
19403,7,3.435289761791258,3074
16327,7,3.43620791275752,3075
9993,7,3.43668073505541,3076
17908,7,3.4408362751811006,3077
16882,7,3.442449956289093,3078
3871,7,3.4438893831941053,3079
20861,7,3.4438893831941053,3080
21930,7,3.4444462023080287,3081
17131,7,3.4444800586005364,3082
3717,7,3.4477821881427935,3083
5934,7,3.4477821881427935,3084
20526,7,3.4477821881427935,3085
5806,7,3.449197441410719,3086
12215,7,3.44944924042609,3087
861,7,3.450967629335514,3088
1372,7,3.450967629335514,3089
4516,7,3.450967629335514,3090
6402,7,3.450967629335514,3091
6957,7,3.450967629335514,3092
7955,7,3.450967629335514,3093
8340,7,3.450967629335514,3094
9996,7,3.450967629335514,3095
10662,7,3.450967629335514,3096
12155,7,3.450967629335514,3097
12759,7,3.450967629335514,3098
13774,7,3.450967629335514,3099
16205,7,3.450967629335514,3100
17087,7,3.450967629335514,3101
17171,7,3.450967629335514,3102
18381,7,3.450967629335514,3103
19750,7,3.450967629335514,3104
19803,7,3.450967629335514,3105
21708,7,3.450967629335514,3106
22176,7,3.450967629335514,3107
22456,7,3.450967629335514,3108
23896,7,3.450967629335514,3109
9959,7,3.4518581146539122,3110
10732,7,3.4534649448103076,3111
1896,7,3.4536929690851763,3112
400,7,3.4548524587772502,3113
760,7,3.4548524587772502,3114
1852,7,3.4548524587772502,3115
2850,7,3.4548524587772502,3116
3921,7,3.4548524587772502,3117
4396,7,3.4548524587772502,3118
4783,7,3.4548524587772502,3119
5607,7,3.4548524587772502,3120
6700,7,3.4548524587772502,3121
6803,7,3.4548524587772502,3122
6824,7,3.4548524587772502,3123
7031,7,3.4548524587772502,3124
7820,7,3.4548524587772502,3125
8325,7,3.4548524587772502,3126
8645,7,3.4548524587772502,3127
8895,7,3.4548524587772502,3128
9602,7,3.4548524587772502,3129
9660,7,3.4548524587772502,3130
10250,7,3.4548524587772502,3131
11062,7,3.4548524587772502,3132
11138,7,3.4548524587772502,3133
11785,7,3.4548524587772502,3134
14757,7,3.4548524587772502,3135
14841,7,3.4548524587772502,3136
15732,7,3.4548524587772502,3137
16242,7,3.4548524587772502,3138
17711,7,3.4548524587772502,3139
18151,7,3.4548524587772502,3140
19449,7,3.4548524587772502,3141
20779,7,3.4548524587772502,3142
19904,7,3.4580126754639333,3143
8528,7,3.4613695738416714,3144
14531,7,3.4659505718092625,3145
1655,7,3.4680359051607312,3146
21773,7,3.4687929015478525,3147
9198,7,3.4693151577667596,3148
3166,7,3.471469058516528,3149
17729,7,3.4734033065218255,3150
1839,7,3.4742147322776824,3151
9362,7,3.478634566749517,3152
18986,7,3.4796414485086418,3153
15886,7,3.4800099472069284,3154
8037,7,3.4839678462165544,3155
11246,7,3.4849431054807205,3156
12040,7,3.4867877211443266,3157
10290,7,3.4891644794894057,3158
9192,7,3.4902518860159777,3159
8444,7,3.491433719154942,3160
13608,7,3.491433719154942,3161
15966,7,3.4931004774674754,3162
11922,7,3.4934407856193803,3163
3433,7,3.498660683815154,3164
7641,7,3.502667743792117,3165
16567,7,3.502667743792117,3166
16843,7,3.503235730726729,3167
1961,7,3.507539872655762,3168
21712,7,3.5094167850268585,3169
7096,7,3.5105776276115885,3170
11388,7,3.5163854158734256,3171
13748,7,3.520174679583707,3172
5510,7,3.5212405469738677,3173
16586,7,3.5248203308275023,3174
4430,7,3.5256221740663443,3175
18217,7,3.5256221740663443,3176
13527,7,3.527216303183155,3177
21658,7,3.53008094063558,3178
8559,7,3.5310191888867717,3179
15302,7,3.531545480989871,3180
15815,7,3.531545480989871,3181
16192,7,3.531545480989871,3182
18180,7,3.531545480989871,3183
18230,7,3.531545480989871,3184
19348,7,3.531545480989871,3185
14390,7,3.5390389649399108,3186
21589,7,3.5443318726559725,3187
7389,7,3.5481461924688795,3188
18211,7,3.5481461924688795,3189
9251,7,3.5485741882095096,3190
617,7,3.5486896181154157,3191
778,7,3.5486896181154157,3192
3947,7,3.5486896181154157,3193
5157,7,3.5486896181154157,3194
5973,7,3.5486896181154157,3195
11244,7,3.5486896181154157,3196
12323,7,3.5486896181154157,3197
12351,7,3.5486896181154157,3198
12504,7,3.5486896181154157,3199
12525,7,3.5486896181154157,3200
13127,7,3.5486896181154157,3201
13271,7,3.5486896181154157,3202
13491,7,3.5486896181154157,3203
14230,7,3.5486896181154157,3204
15444,7,3.5486896181154157,3205
15903,7,3.5486896181154157,3206
18438,7,3.5486896181154157,3207
19021,7,3.5486896181154157,3208
19842,7,3.5486896181154157,3209
22062,7,3.5486896181154157,3210
23943,7,3.5486896181154157,3211
19950,7,3.5505630850601766,3212
16534,7,3.5530768569633744,3213
14998,7,3.554258488040155,3214
17142,7,3.5553142493521603,3215
8841,7,3.556587504351302,3216
21218,7,3.5582126679740504,3217
12814,7,3.5594969676811026,3218
23328,7,3.5600606998584725,3219
2219,7,3.565491128467394,3220
2945,7,3.565491128467394,3221
6377,7,3.565491128467394,3222
10266,7,3.565491128467394,3223
10543,7,3.5661089404179607,3224
7409,7,3.568571354969921,3225
23079,7,3.570874271100348,3226
9499,7,3.571886301900394,3227
404,7,3.5723284398588255,3228
1185,7,3.5723284398588255,3229
1234,7,3.5723284398588255,3230
1386,7,3.5723284398588255,3231
1772,7,3.5723284398588255,3232
1853,7,3.5723284398588255,3233
2078,7,3.5723284398588255,3234
3113,7,3.5723284398588255,3235
3240,7,3.5723284398588255,3236
3386,7,3.5723284398588255,3237
3922,7,3.5723284398588255,3238
4968,7,3.5723284398588255,3239
5986,7,3.5723284398588255,3240
6430,7,3.5723284398588255,3241
6701,7,3.5723284398588255,3242
7437,7,3.5723284398588255,3243
7771,7,3.5723284398588255,3244
8044,7,3.5723284398588255,3245
8324,7,3.5723284398588255,3246
8835,7,3.5723284398588255,3247
9084,7,3.5723284398588255,3248
9397,7,3.5723284398588255,3249
9776,7,3.5723284398588255,3250
10251,7,3.5723284398588255,3251
12220,7,3.5723284398588255,3252
12928,7,3.5723284398588255,3253
14317,7,3.5723284398588255,3254
17126,7,3.5723284398588255,3255
19841,7,3.5723284398588255,3256
10683,7,3.573293997763425,3257
8876,7,3.576520670990434,3258
2553,7,3.580776515731202,3259
15436,7,3.580776515731202,3260
16858,7,3.580776515731202,3261
3900,7,3.5818969755281564,3262
5280,7,3.5818969755281564,3263
6739,7,3.5818969755281564,3264
8770,7,3.5818969755281564,3265
11383,7,3.5818969755281564,3266
19996,7,3.5818969755281564,3267
23158,7,3.5822105775929876,3268
1078,7,3.583037279707478,3269
15337,7,3.584622127108231,3270
9274,7,3.586386378960547,3271
13471,7,3.5875496944031102,3272
7271,7,3.589118015673954,3273
22485,7,3.589952123338655,3274
19442,7,3.592172498911053,3275
15408,7,3.5929797090737687,3276
16876,7,3.593435714028818,3277
7332,7,3.593632883364247,3278
16071,7,3.593736473900647,3279
6539,7,3.6024112955868426,3280
6647,7,3.6024112955868426,3281
11355,7,3.6024112955868426,3282
12121,7,3.6024112955868426,3283
13706,7,3.6024112955868426,3284
21954,7,3.6024112955868426,3285
11574,7,3.6039398735511647,3286
2864,7,3.610130879325878,3287
9231,7,3.6104885390679455,3288
20191,7,3.612417012061425,3289
21552,7,3.6134812468694077,3290
17322,7,3.6205073455173147,3291
338,7,3.622844744299095,3292
7384,7,3.622844744299095,3293
13546,7,3.622844744299095,3294
18310,7,3.622844744299095,3295
20539,7,3.6249727582247737,3296
3940,7,3.626881762031703,3297
18390,7,3.6368822698104624,3298
5878,7,3.638226607444676,3299
6264,7,3.6399268423717825,3300
8625,7,3.6399268423717825,3301
10406,7,3.6399268423717825,3302
20054,7,3.6435268429775016,3303
13829,7,3.6470737239959066,3304
1117,7,3.648084251943687,3305
17119,7,3.663321299113031,3306
9627,7,3.663912026351208,3307
9757,7,3.666388372011026,3308
11119,7,3.6668963795349825,3309
12660,7,3.6668963795349825,3310
7465,7,3.667742796130379,3311
19410,7,3.6733306885175323,3312
68,7,3.6741555069089977,3313
10582,7,3.675255147554354,3314
2412,7,3.681544523328846,3315
19329,7,3.681544523328846,3316
6279,7,3.685100115707875,3317
16267,7,3.6925635167591007,3318
1065,7,3.693591776514359,3319
11849,7,3.6952576540006006,3320
21807,7,3.696081641433811,3321
3390,7,3.6965316797493193,3322
14029,7,3.697325808491627,3323
4995,7,3.698026803937847,3324
16911,7,3.705722607505681,3325
10660,7,3.71165646032254,3326
18863,7,3.7116763596964506,3327
11055,7,3.715708155762309,3328
17024,7,3.7176524064827405,3329
14817,7,3.7179305722146574,3330
9795,7,3.7200386883498266,3331
5292,7,3.7258526306845665,3332
22090,7,3.7310482643194396,3333
18887,7,3.7325028455295324,3334
1985,7,3.732911796958474,3335
5814,7,3.732911796958474,3336
7851,7,3.732911796958474,3337
19715,7,3.732911796958474,3338
19889,7,3.732911796958474,3339
22906,7,3.732911796958474,3340
4705,7,3.733522914617799,3341
4506,7,3.734807131302335,3342
1046,7,3.7447252100942205,3343
11082,7,3.7447252100942205,3344
17199,7,3.7447252100942205,3345
17989,7,3.7447252100942205,3346
2634,7,3.745052440293866,3347
9823,7,3.745052440293866,3348
13158,7,3.745052440293866,3349
14457,7,3.745052440293866,3350
18867,7,3.7503861015344,3351
14902,7,3.7536854003134232,3352
8222,7,3.7551349833038046,3353
9638,7,3.7569951430040094,3354
9219,7,3.757739000094209,3355
10881,7,3.7590802565306882,3356
4136,7,3.762623241998633,3357
4419,7,3.7634123614485437,3358
807,7,3.7683873278034974,3359
3925,7,3.7683873278034974,3360
5810,7,3.7683873278034974,3361
11935,7,3.7683873278034974,3362
17228,7,3.7707796826281195,3363
18599,7,3.773561190324814,3364
4803,7,3.7739818622074783,3365
10418,7,3.7739818622074783,3366
15777,7,3.7739818622074783,3367
6543,7,3.7743055809563426,3368
14760,7,3.77835424495619,3369
1219,7,3.7869967323755995,3370
15155,7,3.811361055709381,3371
23573,7,3.812358014067913,3372
1544,7,3.8232426166029487,3373
23697,7,3.8246783871721424,3374
11966,7,3.8263336639307175,3375
22357,7,3.8269506673518405,3376
7057,7,3.837136464449555,3377
1723,7,3.8415429846713627,3378
1971,7,3.841790700766312,3379
5577,7,3.8468405663683454,3380
1049,7,3.847889811068173,3381
1059,7,3.847889811068173,3382
1120,7,3.847889811068173,3383
2018,7,3.847889811068173,3384
5079,7,3.847889811068173,3385
5536,7,3.847889811068173,3386
8093,7,3.847889811068173,3387
10395,7,3.847889811068173,3388
15421,7,3.847889811068173,3389
22946,7,3.847889811068173,3390
13758,7,3.849905643688167,3391
2650,7,3.8512664517733373,3392
12697,7,3.8512664517733373,3393
19202,7,3.8512664517733373,3394
20877,7,3.8512664517733373,3395
1024,7,3.8545212727086824,3396
22434,7,3.8562105776794637,3397
5889,7,3.857876640017776,3398
13533,7,3.858511613134279,3399
21625,7,3.8594679915142796,3400
2874,7,3.8642058398279153,3401
16847,7,3.8646722103736924,3402
4666,7,3.8697136319102845,3403
19818,7,3.87225517771546,3404
22806,7,3.8790189122425702,3405
13926,7,3.883335259973805,3406
8178,7,3.883495206615499,3407
12857,7,3.897335643881386,3408
11249,7,3.909041742830912,3409
7196,7,3.931755221780759,3410
4169,7,3.935684725079166,3411
20146,7,3.940523468361015,3412
19603,7,3.9523312836675166,3413
11690,7,3.967339462015586,3414
16940,7,3.9820451033586988,3415
20421,7,4.00875078780425,3416
17956,7,4.0267153605725134,3417
1498,7,4.027844559109461,3418
18192,7,4.047207345983734,3419
3324,7,4.047631557146571,3420
4528,7,4.048823738759669,3421
22630,7,4.061215358792317,3422
4704,7,4.0644444043995405,3423
6656,7,4.073857659695715,3424
15558,7,4.073857659695715,3425
16013,7,4.073857659695715,3426
16344,7,4.073857659695715,3427
18725,7,4.073857659695715,3428
5287,7,4.091100076623066,3429
22312,7,4.114902483753713,3430
16786,7,4.125112604821099,3431
12950,7,4.135333929864294,3432
20122,7,4.1399542985125075,3433
8007,7,4.144602728475975,3434
19470,7,4.144602728475975,3435
14250,7,4.153052064446479,3436
16070,7,4.157957035893527,3437
22998,7,4.185562158302793,3438
16008,7,4.1943377977803005,3439
11091,7,4.214652984597011,3440
11752,7,4.325200102491035,3441
22885,7,4.345306306002536,3442
8935,7,4.350918338469468,3443
17642,7,4.350918338469468,3444
19802,7,4.350918338469468,3445
19887,7,4.350918338469468,3446
20863,7,4.350918338469468,3447
9368,7,4.360284734510917,3448
16467,7,4.4128088101360285,3449
21983,7,4.413694190839554,3450
7563,7,4.6592521471017765,3451
18860,7,4.6592521471017765,3452
2149,7,4.661836022808894,3453
2610,7,4.661836022808894,3454
4682,7,4.661836022808894,3455
4963,7,4.661836022808894,3456
5306,7,4.661836022808894,3457
5372,7,4.661836022808894,3458
9774,7,4.661836022808894,3459
9992,7,4.661836022808894,3460
11079,7,4.661836022808894,3461
12190,7,4.661836022808894,3462
13298,7,4.661836022808894,3463
13423,7,4.661836022808894,3464
13667,7,4.661836022808894,3465
13722,7,4.661836022808894,3466
17772,7,4.661836022808894,3467
22045,7,4.661836022808894,3468
12951,7,4.664370785357261,3469
75,7,4.667067451687745,3470
227,7,4.667067451687745,3471
284,7,4.667067451687745,3472
311,7,4.667067451687745,3473
432,7,4.667067451687745,3474
872,7,4.667067451687745,3475
935,7,4.667067451687745,3476
981,7,4.667067451687745,3477
1175,7,4.667067451687745,3478
1216,7,4.667067451687745,3479
1233,7,4.667067451687745,3480
1545,7,4.667067451687745,3481
1562,7,4.667067451687745,3482
1567,7,4.667067451687745,3483
1657,7,4.667067451687745,3484
1715,7,4.667067451687745,3485
1854,7,4.667067451687745,3486
1897,7,4.667067451687745,3487
1937,7,4.667067451687745,3488
1952,7,4.667067451687745,3489
2011,7,4.667067451687745,3490
2099,7,4.667067451687745,3491
2140,7,4.667067451687745,3492
2564,7,4.667067451687745,3493
2853,7,4.667067451687745,3494
2911,7,4.667067451687745,3495
2943,7,4.667067451687745,3496
3056,7,4.667067451687745,3497
3154,7,4.667067451687745,3498
3426,7,4.667067451687745,3499
3686,7,4.667067451687745,3500
3697,7,4.667067451687745,3501
3883,7,4.667067451687745,3502
3901,7,4.667067451687745,3503
4116,7,4.667067451687745,3504
4130,7,4.667067451687745,3505
4472,7,4.667067451687745,3506
4586,7,4.667067451687745,3507
4588,7,4.667067451687745,3508
4685,7,4.667067451687745,3509
4766,7,4.667067451687745,3510
4796,7,4.667067451687745,3511
4818,7,4.667067451687745,3512
5136,7,4.667067451687745,3513
5155,7,4.667067451687745,3514
5230,7,4.667067451687745,3515
5407,7,4.667067451687745,3516
5767,7,4.667067451687745,3517
6070,7,4.667067451687745,3518
6111,7,4.667067451687745,3519
6224,7,4.667067451687745,3520
6585,7,4.667067451687745,3521
6613,7,4.667067451687745,3522
6689,7,4.667067451687745,3523
6716,7,4.667067451687745,3524
6873,7,4.667067451687745,3525
6878,7,4.667067451687745,3526
6935,7,4.667067451687745,3527
7065,7,4.667067451687745,3528
7132,7,4.667067451687745,3529
7232,7,4.667067451687745,3530
7352,7,4.667067451687745,3531
7423,7,4.667067451687745,3532
7497,7,4.667067451687745,3533
7538,7,4.667067451687745,3534
7587,7,4.667067451687745,3535
7643,7,4.667067451687745,3536
7671,7,4.667067451687745,3537
7822,7,4.667067451687745,3538
7937,7,4.667067451687745,3539
8157,7,4.667067451687745,3540
8287,7,4.667067451687745,3541
8389,7,4.667067451687745,3542
8465,7,4.667067451687745,3543
8554,7,4.667067451687745,3544
8612,7,4.667067451687745,3545
8777,7,4.667067451687745,3546
8832,7,4.667067451687745,3547
8974,7,4.667067451687745,3548
9181,7,4.667067451687745,3549
9252,7,4.667067451687745,3550
9341,7,4.667067451687745,3551
9418,7,4.667067451687745,3552
9440,7,4.667067451687745,3553
9834,7,4.667067451687745,3554
9837,7,4.667067451687745,3555
9895,7,4.667067451687745,3556
10196,7,4.667067451687745,3557
10492,7,4.667067451687745,3558
10512,7,4.667067451687745,3559
10537,7,4.667067451687745,3560
10780,7,4.667067451687745,3561
10826,7,4.667067451687745,3562
10997,7,4.667067451687745,3563
11112,7,4.667067451687745,3564
11514,7,4.667067451687745,3565
12254,7,4.667067451687745,3566
12526,7,4.667067451687745,3567
12666,7,4.667067451687745,3568
12715,7,4.667067451687745,3569
12769,7,4.667067451687745,3570
13013,7,4.667067451687745,3571
13017,7,4.667067451687745,3572
13155,7,4.667067451687745,3573
13188,7,4.667067451687745,3574
13399,7,4.667067451687745,3575
13633,7,4.667067451687745,3576
13705,7,4.667067451687745,3577
13794,7,4.667067451687745,3578
14006,7,4.667067451687745,3579
14014,7,4.667067451687745,3580
14072,7,4.667067451687745,3581
14149,7,4.667067451687745,3582
14262,7,4.667067451687745,3583
14368,7,4.667067451687745,3584
14537,7,4.667067451687745,3585
14674,7,4.667067451687745,3586
14910,7,4.667067451687745,3587
14933,7,4.667067451687745,3588
15105,7,4.667067451687745,3589
15146,7,4.667067451687745,3590
15206,7,4.667067451687745,3591
15677,7,4.667067451687745,3592
15755,7,4.667067451687745,3593
15823,7,4.667067451687745,3594
15871,7,4.667067451687745,3595
15879,7,4.667067451687745,3596
16136,7,4.667067451687745,3597
16138,7,4.667067451687745,3598
16482,7,4.667067451687745,3599
16600,7,4.667067451687745,3600
16616,7,4.667067451687745,3601
16804,7,4.667067451687745,3602
16943,7,4.667067451687745,3603
17254,7,4.667067451687745,3604
17314,7,4.667067451687745,3605
17616,7,4.667067451687745,3606
17710,7,4.667067451687745,3607
17811,7,4.667067451687745,3608
18128,7,4.667067451687745,3609
18282,7,4.667067451687745,3610
18341,7,4.667067451687745,3611
18742,7,4.667067451687745,3612
18788,7,4.667067451687745,3613
19114,7,4.667067451687745,3614
19225,7,4.667067451687745,3615
19691,7,4.667067451687745,3616
19789,7,4.667067451687745,3617
19797,7,4.667067451687745,3618
20731,7,4.667067451687745,3619
21349,7,4.667067451687745,3620
21355,7,4.667067451687745,3621
21423,7,4.667067451687745,3622
21437,7,4.667067451687745,3623
21498,7,4.667067451687745,3624
21598,7,4.667067451687745,3625
21684,7,4.667067451687745,3626
21992,7,4.667067451687745,3627
22318,7,4.667067451687745,3628
22451,7,4.667067451687745,3629
22525,7,4.667067451687745,3630
22566,7,4.667067451687745,3631
22574,7,4.667067451687745,3632
22710,7,4.667067451687745,3633
22714,7,4.667067451687745,3634
22849,7,4.667067451687745,3635
22982,7,4.667067451687745,3636
23133,7,4.667067451687745,3637
23143,7,4.667067451687745,3638
23238,7,4.667067451687745,3639
23465,7,4.667067451687745,3640
11796,7,4.882846273567178,3641
15787,7,5.003331976164881,3642
13061,7,5.101350401713826,3643
