session_id,intent_label
1,unlabeled
2,unlabeled
3,unlabeled
4,unlabeled
5,unlabeled
6,unlabeled
7,unlabeled
8,unlabeled
9,unlabeled
10,unlabeled
11,unlabeled
12,unlabeled
13,unlabeled
14,unlabeled
15,unlabeled
16,unlabeled
17,unlabeled
18,unlabeled
19,unlabeled
20,unlabeled
21,unlabeled
22,unlabeled
23,unlabeled
24,unlabeled
25,unlabeled
26,unlabeled
27,unlabeled
28,unlabeled
29,unlabeled
30,unlabeled
31,unlabeled
32,unlabeled
33,unlabeled
34,unlabeled
35,unlabeled
36,unlabeled
37,unlabeled
38,unlabeled
39,unlabeled
40,unlabeled
41,unlabeled
42,unlabeled
43,unlabeled
44,unlabeled
45,unlabeled
46,unlabeled
47,unlabeled
48,unlabeled
49,unlabeled
50,unlabeled
51,unlabeled
52,unlabeled
53,unlabeled
54,unlabeled
55,unlabeled
56,unlabeled
57,unlabeled
58,unlabeled
59,unlabeled
60,unlabeled
61,unlabeled
62,unlabeled
63,unlabeled
64,unlabeled
65,unlabeled
66,unlabeled
67,unlabeled
68,unlabeled
69,unlabeled
70,unlabeled
71,unlabeled
72,unlabeled
73,unlabeled
74,unlabeled
75,unlabeled
76,unlabeled
77,unlabeled
78,unlabeled
79,unlabeled
80,unlabeled
81,unlabeled
82,unlabeled
83,unlabeled
84,unlabeled
85,unlabeled
86,unlabeled
87,unlabeled
88,unlabeled
89,unlabeled
90,unlabeled
91,unlabeled
92,unlabeled
93,unlabeled
94,unlabeled
95,unlabeled
96,unlabeled
97,unlabeled
98,unlabeled
99,unlabeled
100,unlabeled
101,unlabeled
102,unlabeled
103,unlabeled
104,unlabeled
105,unlabeled
106,unlabeled
107,unlabeled
108,unlabeled
109,unlabeled
110,unlabeled
111,unlabeled
112,unlabeled
113,unlabeled
114,unlabeled
115,unlabeled
116,unlabeled
117,unlabeled
118,unlabeled
119,unlabeled
120,unlabeled
121,unlabeled
122,unlabeled
123,unlabeled
124,unlabeled
125,unlabeled
126,unlabeled
127,unlabeled
128,unlabeled
129,unlabeled
130,unlabeled
131,unlabeled
132,unlabeled
133,unlabeled
134,unlabeled
135,unlabeled
136,unlabeled
137,unlabeled
138,unlabeled
139,unlabeled
140,unlabeled
141,unlabeled
142,unlabeled
143,unlabeled
144,unlabeled
145,unlabeled
146,unlabeled
147,unlabeled
148,unlabeled
149,unlabeled
150,unlabeled
151,unlabeled
152,unlabeled
153,unlabeled
154,unlabeled
155,unlabeled
156,unlabeled
157,unlabeled
158,unlabeled
159,unlabeled
160,unlabeled
161,unlabeled
162,unlabeled
163,unlabeled
164,unlabeled
165,unlabeled
166,unlabeled
167,unlabeled
168,unlabeled
169,unlabeled
170,unlabeled
171,unlabeled
172,unlabeled
173,unlabeled
174,unlabeled
175,unlabeled
176,unlabeled
177,unlabeled
178,unlabeled
179,unlabeled
180,unlabeled
181,unlabeled
182,unlabeled
183,unlabeled
184,unlabeled
185,unlabeled
186,unlabeled
187,unlabeled
188,unlabeled
189,unlabeled
190,unlabeled
191,unlabeled
192,unlabeled
193,unlabeled
194,unlabeled
195,unlabeled
196,unlabeled
197,unlabeled
198,unlabeled
199,unlabeled
200,unlabeled
201,unlabeled
202,unlabeled
203,unlabeled
204,unlabeled
205,unlabeled
206,unlabeled
207,unlabeled
208,unlabeled
209,unlabeled
210,unlabeled
211,unlabeled
212,unlabeled
213,unlabeled
214,unlabeled
215,unlabeled
216,unlabeled
217,unlabeled
218,unlabeled
219,unlabeled
220,unlabeled
221,unlabeled
222,unlabeled
223,unlabeled
224,unlabeled
225,unlabeled
226,unlabeled
227,unlabeled
228,unlabeled
229,unlabeled
230,unlabeled
231,unlabeled
232,unlabeled
233,unlabeled
234,unlabeled
235,unlabeled
236,unlabeled
237,unlabeled
238,unlabeled
239,unlabeled
240,unlabeled
241,unlabeled
242,unlabeled
243,unlabeled
244,unlabeled
245,unlabeled
246,unlabeled
247,unlabeled
248,unlabeled
249,unlabeled
250,unlabeled
251,unlabeled
252,unlabeled
253,unlabeled
254,unlabeled
255,unlabeled
256,unlabeled
257,unlabeled
258,unlabeled
259,unlabeled
260,unlabeled
261,unlabeled
262,unlabeled
263,unlabeled
264,unlabeled
265,unlabeled
266,unlabeled
267,unlabeled
268,unlabeled
269,unlabeled
270,unlabeled
271,unlabeled
272,unlabeled
273,unlabeled
274,unlabeled
275,unlabeled
276,unlabeled
277,unlabeled
278,unlabeled
279,unlabeled
280,unlabeled
281,unlabeled
282,unlabeled
283,unlabeled
284,unlabeled
285,unlabeled
286,unlabeled
287,unlabeled
288,unlabeled
289,unlabeled
290,unlabeled
291,unlabeled
292,unlabeled
293,unlabeled
294,unlabeled
295,unlabeled
296,unlabeled
297,unlabeled
298,unlabeled
299,unlabeled
300,unlabeled
301,unlabeled
302,unlabeled
303,unlabeled
304,unlabeled
305,unlabeled
306,unlabeled
307,unlabeled
308,unlabeled
309,unlabeled
310,unlabeled
311,unlabeled
312,unlabeled
313,unlabeled
314,unlabeled
315,unlabeled
316,unlabeled
317,unlabeled
318,unlabeled
319,unlabeled
320,unlabeled
321,unlabeled
322,unlabeled
323,unlabeled
324,unlabeled
325,unlabeled
326,unlabeled
327,unlabeled
328,unlabeled
329,unlabeled
330,unlabeled
331,unlabeled
332,unlabeled
333,unlabeled
334,unlabeled
335,unlabeled
336,unlabeled
337,unlabeled
338,unlabeled
339,unlabeled
340,unlabeled
341,unlabeled
342,unlabeled
343,unlabeled
344,unlabeled
345,unlabeled
346,unlabeled
347,unlabeled
348,unlabeled
349,unlabeled
350,unlabeled
351,unlabeled
352,unlabeled
353,unlabeled
354,unlabeled
355,unlabeled
356,unlabeled
357,unlabeled
358,unlabeled
359,unlabeled
360,unlabeled
361,unlabeled
362,unlabeled
363,unlabeled
364,unlabeled
365,unlabeled
366,unlabeled
367,unlabeled
368,unlabeled
369,unlabeled
370,unlabeled
371,unlabeled
372,unlabeled
373,unlabeled
374,unlabeled
375,unlabeled
376,unlabeled
377,unlabeled
378,unlabeled
379,unlabeled
380,unlabeled
381,unlabeled
382,unlabeled
383,unlabeled
384,unlabeled
385,unlabeled
386,unlabeled
387,unlabeled
388,unlabeled
389,unlabeled
390,unlabeled
391,unlabeled
392,unlabeled
393,unlabeled
394,unlabeled
395,unlabeled
396,unlabeled
397,unlabeled
398,unlabeled
399,unlabeled
400,unlabeled
401,unlabeled
402,unlabeled
403,unlabeled
404,unlabeled
405,unlabeled
406,unlabeled
407,unlabeled
408,unlabeled
409,unlabeled
410,unlabeled
411,unlabeled
412,unlabeled
413,unlabeled
414,unlabeled
415,unlabeled
416,unlabeled
417,unlabeled
418,unlabeled
419,unlabeled
420,unlabeled
421,unlabeled
422,unlabeled
423,unlabeled
424,unlabeled
425,unlabeled
426,unlabeled
427,unlabeled
428,unlabeled
429,unlabeled
430,unlabeled
431,unlabeled
432,unlabeled
433,unlabeled
434,unlabeled
435,unlabeled
436,unlabeled
437,unlabeled
438,unlabeled
439,unlabeled
440,unlabeled
441,unlabeled
442,unlabeled
443,unlabeled
444,unlabeled
445,unlabeled
446,unlabeled
447,unlabeled
448,unlabeled
449,unlabeled
450,unlabeled
451,unlabeled
452,unlabeled
453,unlabeled
454,unlabeled
455,unlabeled
456,unlabeled
457,unlabeled
458,unlabeled
459,unlabeled
460,unlabeled
461,unlabeled
462,unlabeled
463,unlabeled
464,unlabeled
465,unlabeled
466,unlabeled
467,unlabeled
468,unlabeled
469,unlabeled
470,unlabeled
471,unlabeled
472,unlabeled
473,unlabeled
474,unlabeled
475,unlabeled
476,unlabeled
477,unlabeled
478,unlabeled
479,unlabeled
480,unlabeled
481,unlabeled
482,unlabeled
483,unlabeled
484,unlabeled
485,unlabeled
486,unlabeled
487,unlabeled
488,unlabeled
489,unlabeled
490,unlabeled
491,unlabeled
492,unlabeled
493,unlabeled
494,unlabeled
495,unlabeled
496,unlabeled
497,unlabeled
498,unlabeled
499,unlabeled
500,unlabeled
501,unlabeled
502,unlabeled
503,unlabeled
504,unlabeled
505,unlabeled
506,unlabeled
507,unlabeled
508,unlabeled
509,unlabeled
510,unlabeled
511,unlabeled
512,unlabeled
513,unlabeled
514,unlabeled
515,unlabeled
516,unlabeled
517,unlabeled
518,unlabeled
519,unlabeled
520,unlabeled
521,unlabeled
522,unlabeled
523,unlabeled
524,unlabeled
525,unlabeled
526,unlabeled
527,unlabeled
528,unlabeled
529,unlabeled
530,unlabeled
531,unlabeled
532,unlabeled
533,unlabeled
534,unlabeled
535,unlabeled
536,unlabeled
537,unlabeled
538,unlabeled
539,unlabeled
540,unlabeled
541,unlabeled
542,unlabeled
543,unlabeled
544,unlabeled
545,unlabeled
546,unlabeled
547,unlabeled
548,unlabeled
549,unlabeled
550,unlabeled
551,unlabeled
552,unlabeled
553,unlabeled
554,unlabeled
555,unlabeled
556,unlabeled
557,unlabeled
558,unlabeled
559,unlabeled
560,unlabeled
561,unlabeled
562,unlabeled
563,unlabeled
564,unlabeled
565,unlabeled
566,unlabeled
567,unlabeled
568,unlabeled
569,unlabeled
570,unlabeled
571,unlabeled
572,unlabeled
573,unlabeled
574,unlabeled
575,unlabeled
576,unlabeled
577,unlabeled
578,unlabeled
579,unlabeled
580,unlabeled
581,unlabeled
582,unlabeled
583,unlabeled
584,unlabeled
585,unlabeled
586,unlabeled
587,unlabeled
588,unlabeled
589,unlabeled
590,unlabeled
591,unlabeled
592,unlabeled
593,unlabeled
594,unlabeled
595,unlabeled
596,unlabeled
597,unlabeled
598,unlabeled
599,unlabeled
600,unlabeled
601,unlabeled
602,unlabeled
603,unlabeled
604,unlabeled
605,unlabeled
606,unlabeled
607,unlabeled
608,unlabeled
609,unlabeled
610,unlabeled
611,unlabeled
612,unlabeled
613,unlabeled
614,unlabeled
615,unlabeled
616,unlabeled
617,unlabeled
618,unlabeled
619,unlabeled
620,unlabeled
621,unlabeled
622,unlabeled
623,unlabeled
624,unlabeled
625,unlabeled
626,unlabeled
627,unlabeled
628,unlabeled
629,unlabeled
630,unlabeled
631,unlabeled
632,unlabeled
633,unlabeled
634,unlabeled
635,unlabeled
636,unlabeled
637,unlabeled
638,unlabeled
639,unlabeled
640,unlabeled
641,unlabeled
642,unlabeled
643,unlabeled
644,unlabeled
645,unlabeled
646,unlabeled
647,unlabeled
648,unlabeled
649,unlabeled
650,unlabeled
651,unlabeled
652,unlabeled
653,unlabeled
654,unlabeled
655,unlabeled
656,unlabeled
657,unlabeled
658,unlabeled
659,unlabeled
660,unlabeled
661,unlabeled
662,unlabeled
663,unlabeled
664,unlabeled
665,unlabeled
666,unlabeled
667,unlabeled
668,unlabeled
669,unlabeled
670,unlabeled
671,unlabeled
672,unlabeled
673,unlabeled
674,unlabeled
675,unlabeled
676,unlabeled
677,unlabeled
678,unlabeled
679,unlabeled
680,unlabeled
681,unlabeled
682,unlabeled
683,unlabeled
684,unlabeled
685,unlabeled
686,unlabeled
687,unlabeled
688,unlabeled
689,unlabeled
690,unlabeled
691,unlabeled
692,unlabeled
693,unlabeled
694,unlabeled
695,unlabeled
696,unlabeled
697,unlabeled
698,unlabeled
699,unlabeled
700,unlabeled
701,unlabeled
702,unlabeled
703,unlabeled
704,unlabeled
705,unlabeled
706,unlabeled
707,unlabeled
708,unlabeled
709,unlabeled
710,unlabeled
711,unlabeled
712,unlabeled
713,unlabeled
714,unlabeled
715,unlabeled
716,unlabeled
717,unlabeled
718,unlabeled
719,unlabeled
720,unlabeled
721,unlabeled
722,unlabeled
723,unlabeled
724,unlabeled
725,unlabeled
726,unlabeled
727,unlabeled
728,unlabeled
729,unlabeled
730,unlabeled
731,unlabeled
732,unlabeled
733,unlabeled
734,unlabeled
735,unlabeled
736,unlabeled
737,unlabeled
738,unlabeled
739,unlabeled
740,unlabeled
741,unlabeled
742,unlabeled
743,unlabeled
744,unlabeled
745,unlabeled
746,unlabeled
747,unlabeled
748,unlabeled
749,unlabeled
750,unlabeled
751,unlabeled
752,unlabeled
753,unlabeled
754,unlabeled
755,unlabeled
756,unlabeled
757,unlabeled
758,unlabeled
759,unlabeled
760,unlabeled
761,unlabeled
762,unlabeled
763,unlabeled
764,unlabeled
765,unlabeled
766,unlabeled
767,unlabeled
768,unlabeled
769,unlabeled
770,unlabeled
771,unlabeled
772,unlabeled
773,unlabeled
774,unlabeled
775,unlabeled
776,unlabeled
777,unlabeled
778,unlabeled
779,unlabeled
780,unlabeled
781,unlabeled
782,unlabeled
783,unlabeled
784,unlabeled
785,unlabeled
786,unlabeled
787,unlabeled
788,unlabeled
789,unlabeled
790,unlabeled
791,unlabeled
792,unlabeled
793,unlabeled
794,unlabeled
795,unlabeled
796,unlabeled
797,unlabeled
798,unlabeled
799,unlabeled
800,unlabeled
801,unlabeled
802,unlabeled
803,unlabeled
804,unlabeled
805,unlabeled
806,unlabeled
807,unlabeled
808,unlabeled
809,unlabeled
810,unlabeled
811,unlabeled
812,unlabeled
813,unlabeled
814,unlabeled
815,unlabeled
816,unlabeled
817,unlabeled
818,unlabeled
819,unlabeled
820,unlabeled
821,unlabeled
822,unlabeled
823,unlabeled
824,unlabeled
825,unlabeled
826,unlabeled
827,unlabeled
828,unlabeled
829,unlabeled
830,unlabeled
831,unlabeled
832,unlabeled
833,unlabeled
834,unlabeled
835,unlabeled
836,unlabeled
837,unlabeled
838,unlabeled
839,unlabeled
840,unlabeled
841,unlabeled
842,unlabeled
843,unlabeled
844,unlabeled
845,unlabeled
846,unlabeled
847,unlabeled
848,unlabeled
849,unlabeled
850,unlabeled
851,unlabeled
852,unlabeled
853,unlabeled
854,unlabeled
855,unlabeled
856,unlabeled
857,unlabeled
858,unlabeled
859,unlabeled
860,unlabeled
861,unlabeled
862,unlabeled
863,unlabeled
864,unlabeled
865,unlabeled
866,unlabeled
867,unlabeled
868,unlabeled
869,unlabeled
870,unlabeled
871,unlabeled
872,unlabeled
873,unlabeled
874,unlabeled
875,unlabeled
876,unlabeled
877,unlabeled
878,unlabeled
879,unlabeled
880,unlabeled
881,unlabeled
882,unlabeled
883,unlabeled
884,unlabeled
885,unlabeled
886,unlabeled
887,unlabeled
888,unlabeled
889,unlabeled
890,unlabeled
891,unlabeled
892,unlabeled
893,unlabeled
894,unlabeled
895,unlabeled
896,unlabeled
897,unlabeled
898,unlabeled
899,unlabeled
900,unlabeled
901,unlabeled
902,unlabeled
903,unlabeled
904,unlabeled
905,unlabeled
906,unlabeled
907,unlabeled
908,unlabeled
909,unlabeled
910,unlabeled
911,unlabeled
912,unlabeled
913,unlabeled
914,unlabeled
915,unlabeled
916,unlabeled
917,unlabeled
918,unlabeled
919,unlabeled
920,unlabeled
921,unlabeled
922,unlabeled
923,unlabeled
924,unlabeled
925,unlabeled
926,unlabeled
927,unlabeled
928,unlabeled
929,unlabeled
930,unlabeled
931,unlabeled
932,unlabeled
933,unlabeled
934,unlabeled
935,unlabeled
936,unlabeled
937,unlabeled
938,unlabeled
939,unlabeled
940,unlabeled
941,unlabeled
942,unlabeled
943,unlabeled
944,unlabeled
945,unlabeled
946,unlabeled
947,unlabeled
948,unlabeled
949,unlabeled
950,unlabeled
951,unlabeled
952,unlabeled
953,unlabeled
954,unlabeled
955,unlabeled
956,unlabeled
957,unlabeled
958,unlabeled
959,unlabeled
960,unlabeled
961,unlabeled
962,unlabeled
963,unlabeled
964,unlabeled
965,unlabeled
966,unlabeled
967,unlabeled
968,unlabeled
969,unlabeled
970,unlabeled
971,unlabeled
972,unlabeled
973,unlabeled
974,unlabeled
975,unlabeled
976,unlabeled
977,unlabeled
978,unlabeled
979,unlabeled
980,unlabeled
981,unlabeled
982,unlabeled
983,unlabeled
984,unlabeled
985,unlabeled
986,unlabeled
987,unlabeled
988,unlabeled
989,unlabeled
990,unlabeled
991,unlabeled
992,unlabeled
993,unlabeled
994,unlabeled
995,unlabeled
996,unlabeled
997,unlabeled
998,unlabeled
999,unlabeled
1000,unlabeled
1001,unlabeled
1002,unlabeled
1003,unlabeled
1004,unlabeled
1005,unlabeled
1006,unlabeled
1007,unlabeled
1008,unlabeled
1009,unlabeled
1010,unlabeled
1011,unlabeled
1012,unlabeled
1013,unlabeled
1014,unlabeled
1015,unlabeled
1016,unlabeled
1017,unlabeled
1018,unlabeled
1019,unlabeled
1020,unlabeled
1021,unlabeled
1022,unlabeled
1023,unlabeled
1024,unlabeled
1025,unlabeled
1026,unlabeled
1027,unlabeled
1028,unlabeled
1029,unlabeled
1030,unlabeled
1031,unlabeled
1032,unlabeled
1033,unlabeled
1034,unlabeled
1035,unlabeled
1036,unlabeled
1037,unlabeled
1038,unlabeled
1039,unlabeled
1040,unlabeled
1041,unlabeled
1042,unlabeled
1043,unlabeled
1044,unlabeled
1045,unlabeled
1046,unlabeled
1047,unlabeled
1048,unlabeled
1049,unlabeled
1050,unlabeled
1051,unlabeled
1052,unlabeled
1053,unlabeled
1054,unlabeled
1055,unlabeled
1056,unlabeled
1057,unlabeled
1058,unlabeled
1059,unlabeled
1060,unlabeled
1061,unlabeled
1062,unlabeled
1063,unlabeled
1064,unlabeled
1065,unlabeled
1066,unlabeled
1067,unlabeled
1068,unlabeled
1069,unlabeled
1070,unlabeled
1071,unlabeled
1072,unlabeled
1073,unlabeled
1074,unlabeled
1075,unlabeled
1076,unlabeled
1077,unlabeled
1078,unlabeled
1079,unlabeled
1080,unlabeled
1081,unlabeled
1082,unlabeled
1083,unlabeled
1084,unlabeled
1085,unlabeled
1086,unlabeled
1087,unlabeled
1088,unlabeled
1089,unlabeled
1090,unlabeled
1091,unlabeled
1092,unlabeled
1093,unlabeled
1094,unlabeled
1095,unlabeled
1096,unlabeled
1097,unlabeled
1098,unlabeled
1099,unlabeled
1100,unlabeled
1101,unlabeled
1102,unlabeled
1103,unlabeled
1104,unlabeled
1105,unlabeled
1106,unlabeled
1107,unlabeled
1108,unlabeled
1109,unlabeled
1110,unlabeled
1111,unlabeled
1112,unlabeled
1113,unlabeled
1114,unlabeled
1115,unlabeled
1116,unlabeled
1117,unlabeled
1118,unlabeled
1119,unlabeled
1120,unlabeled
1121,unlabeled
1122,unlabeled
1123,unlabeled
1124,unlabeled
1125,unlabeled
1126,unlabeled
1127,unlabeled
1128,unlabeled
1129,unlabeled
1130,unlabeled
1131,unlabeled
1132,unlabeled
1133,unlabeled
1134,unlabeled
1135,unlabeled
1136,unlabeled
1137,unlabeled
1138,unlabeled
1139,unlabeled
1140,unlabeled
1141,unlabeled
1142,unlabeled
1143,unlabeled
1144,unlabeled
1145,unlabeled
1146,unlabeled
1147,unlabeled
1148,unlabeled
1149,unlabeled
1150,unlabeled
1151,unlabeled
1152,unlabeled
1153,unlabeled
1154,unlabeled
1155,unlabeled
1156,unlabeled
1157,unlabeled
1158,unlabeled
1159,unlabeled
1160,unlabeled
1161,unlabeled
1162,unlabeled
1163,unlabeled
1164,unlabeled
1165,unlabeled
1166,unlabeled
1167,unlabeled
1168,unlabeled
1169,unlabeled
1170,unlabeled
1171,unlabeled
1172,unlabeled
1173,unlabeled
1174,unlabeled
1175,unlabeled
1176,unlabeled
1177,unlabeled
1178,unlabeled
1179,unlabeled
1180,unlabeled
1181,unlabeled
1182,unlabeled
1183,unlabeled
1184,unlabeled
1185,unlabeled
1186,unlabeled
1187,unlabeled
1188,unlabeled
1189,unlabeled
1190,unlabeled
1191,unlabeled
1192,unlabeled
1193,unlabeled
1194,unlabeled
1195,unlabeled
1196,unlabeled
1197,unlabeled
1198,unlabeled
1199,unlabeled
1200,unlabeled
1201,unlabeled
1202,unlabeled
1203,unlabeled
1204,unlabeled
1205,unlabeled
1206,unlabeled
1207,unlabeled
1208,unlabeled
1209,unlabeled
1210,unlabeled
1211,unlabeled
1212,unlabeled
1213,unlabeled
1214,unlabeled
1215,unlabeled
1216,unlabeled
1217,unlabeled
1218,unlabeled
1219,unlabeled
1220,unlabeled
1221,unlabeled
1222,unlabeled
1223,unlabeled
1224,unlabeled
1225,unlabeled
1226,unlabeled
1227,unlabeled
1228,unlabeled
1229,unlabeled
1230,unlabeled
1231,unlabeled
1232,unlabeled
1233,unlabeled
1234,unlabeled
1235,unlabeled
1236,unlabeled
1237,unlabeled
1238,unlabeled
1239,unlabeled
1240,unlabeled
1241,unlabeled
1242,unlabeled
1243,unlabeled
1244,unlabeled
1245,unlabeled
1246,unlabeled
1247,unlabeled
1248,unlabeled
1249,unlabeled
1250,unlabeled
1251,unlabeled
1252,unlabeled
1253,unlabeled
1254,unlabeled
1255,unlabeled
1256,unlabeled
1257,unlabeled
1258,unlabeled
1259,unlabeled
1260,unlabeled
1261,unlabeled
1262,unlabeled
1263,unlabeled
1264,unlabeled
1265,unlabeled
1266,unlabeled
1267,unlabeled
1268,unlabeled
1269,unlabeled
1270,unlabeled
1271,unlabeled
1272,unlabeled
1273,unlabeled
1274,unlabeled
1275,unlabeled
1276,unlabeled
1277,unlabeled
1278,unlabeled
1279,unlabeled
1280,unlabeled
1281,unlabeled
1282,unlabeled
1283,unlabeled
1284,unlabeled
1285,unlabeled
1286,unlabeled
1287,unlabeled
1288,unlabeled
1289,unlabeled
1290,unlabeled
1291,unlabeled
1292,unlabeled
1293,unlabeled
1294,unlabeled
1295,unlabeled
1296,unlabeled
1297,unlabeled
1298,unlabeled
1299,unlabeled
1300,unlabeled
1301,unlabeled
1302,unlabeled
1303,unlabeled
1304,unlabeled
1305,unlabeled
1306,unlabeled
1307,unlabeled
1308,unlabeled
1309,unlabeled
1310,unlabeled
1311,unlabeled
1312,unlabeled
1313,unlabeled
1314,unlabeled
1315,unlabeled
1316,unlabeled
1317,unlabeled
1318,unlabeled
1319,unlabeled
1320,unlabeled
1321,unlabeled
1322,unlabeled
1323,unlabeled
1324,unlabeled
1325,unlabeled
1326,unlabeled
1327,unlabeled
1328,unlabeled
1329,unlabeled
1330,unlabeled
1331,unlabeled
1332,unlabeled
1333,unlabeled
1334,unlabeled
1335,unlabeled
1336,unlabeled
1337,unlabeled
1338,unlabeled
1339,unlabeled
1340,unlabeled
1341,unlabeled
1342,unlabeled
1343,unlabeled
1344,unlabeled
1345,unlabeled
1346,unlabeled
1347,unlabeled
1348,unlabeled
1349,unlabeled
1350,unlabeled
1351,unlabeled
1352,unlabeled
1353,unlabeled
1354,unlabeled
1355,unlabeled
1356,unlabeled
1357,unlabeled
1358,unlabeled
1359,unlabeled
1360,unlabeled
1361,unlabeled
1362,unlabeled
1363,unlabeled
1364,unlabeled
1365,unlabeled
1366,unlabeled
1367,unlabeled
1368,unlabeled
1369,unlabeled
1370,unlabeled
1371,unlabeled
1372,unlabeled
1373,unlabeled
1374,unlabeled
1375,unlabeled
1376,unlabeled
1377,unlabeled
1378,unlabeled
1379,unlabeled
1380,unlabeled
1381,unlabeled
1382,unlabeled
1383,unlabeled
1384,unlabeled
1385,unlabeled
1386,unlabeled
1387,unlabeled
1388,unlabeled
1389,unlabeled
1390,unlabeled
1391,unlabeled
1392,unlabeled
1393,unlabeled
1394,unlabeled
1395,unlabeled
1396,unlabeled
1397,unlabeled
1398,unlabeled
1399,unlabeled
1400,unlabeled
1401,unlabeled
1402,unlabeled
1403,unlabeled
1404,unlabeled
1405,unlabeled
1406,unlabeled
1407,unlabeled
1408,unlabeled
1409,unlabeled
1410,unlabeled
1411,unlabeled
1412,unlabeled
1413,unlabeled
1414,unlabeled
1415,unlabeled
1416,unlabeled
1417,unlabeled
1418,unlabeled
1419,unlabeled
1420,unlabeled
1421,unlabeled
1422,unlabeled
1423,unlabeled
1424,unlabeled
1425,unlabeled
1426,unlabeled
1427,unlabeled
1428,unlabeled
1429,unlabeled
1430,unlabeled
1431,unlabeled
1432,unlabeled
1433,unlabeled
1434,unlabeled
1435,unlabeled
1436,unlabeled
1437,unlabeled
1438,unlabeled
1439,unlabeled
1440,unlabeled
1441,unlabeled
1442,unlabeled
1443,unlabeled
1444,unlabeled
1445,unlabeled
1446,unlabeled
1447,unlabeled
1448,unlabeled
1449,unlabeled
1450,unlabeled
1451,unlabeled
1452,unlabeled
1453,unlabeled
1454,unlabeled
1455,unlabeled
1456,unlabeled
1457,unlabeled
1458,unlabeled
1459,unlabeled
1460,unlabeled
1461,unlabeled
1462,unlabeled
1463,unlabeled
1464,unlabeled
1465,unlabeled
1466,unlabeled
1467,unlabeled
1468,unlabeled
1469,unlabeled
1470,unlabeled
1471,unlabeled
1472,unlabeled
1473,unlabeled
1474,unlabeled
1475,unlabeled
1476,unlabeled
1477,unlabeled
1478,unlabeled
1479,unlabeled
1480,unlabeled
1481,unlabeled
1482,unlabeled
1483,unlabeled
1484,unlabeled
1485,unlabeled
1486,unlabeled
1487,unlabeled
1488,unlabeled
1489,unlabeled
1490,unlabeled
1491,unlabeled
1492,unlabeled
1493,unlabeled
1494,unlabeled
1495,unlabeled
1496,unlabeled
1497,unlabeled
1498,unlabeled
1499,unlabeled
1500,unlabeled
1501,unlabeled
1502,unlabeled
1503,unlabeled
1504,unlabeled
1505,unlabeled
1506,unlabeled
1507,unlabeled
1508,unlabeled
1509,unlabeled
1510,unlabeled
1511,unlabeled
1512,unlabeled
1513,unlabeled
1514,unlabeled
1515,unlabeled
1516,unlabeled
1517,unlabeled
1518,unlabeled
1519,unlabeled
1520,unlabeled
1521,unlabeled
1522,unlabeled
1523,unlabeled
1524,unlabeled
1525,unlabeled
1526,unlabeled
1527,unlabeled
1528,unlabeled
1529,unlabeled
1530,unlabeled
1531,unlabeled
1532,unlabeled
1533,unlabeled
1534,unlabeled
1535,unlabeled
1536,unlabeled
1537,unlabeled
1538,unlabeled
1539,unlabeled
1540,unlabeled
1541,unlabeled
1542,unlabeled
1543,unlabeled
1544,unlabeled
1545,unlabeled
1546,unlabeled
1547,unlabeled
1548,unlabeled
1549,unlabeled
1550,unlabeled
1551,unlabeled
1552,unlabeled
1553,unlabeled
1554,unlabeled
1555,unlabeled
1556,unlabeled
1557,unlabeled
1558,unlabeled
1559,unlabeled
1560,unlabeled
1561,unlabeled
1562,unlabeled
1563,unlabeled
1564,unlabeled
1565,unlabeled
1566,unlabeled
1567,unlabeled
1568,unlabeled
1569,unlabeled
1570,unlabeled
1571,unlabeled
1572,unlabeled
1573,unlabeled
1574,unlabeled
1575,unlabeled
1576,unlabeled
1577,unlabeled
1578,unlabeled
1579,unlabeled
1580,unlabeled
1581,unlabeled
1582,unlabeled
1583,unlabeled
1584,unlabeled
1585,unlabeled
1586,unlabeled
1587,unlabeled
1588,unlabeled
1589,unlabeled
1590,unlabeled
1591,unlabeled
1592,unlabeled
1593,unlabeled
1594,unlabeled
1595,unlabeled
1596,unlabeled
1597,unlabeled
1598,unlabeled
1599,unlabeled
1600,unlabeled
1601,unlabeled
1602,unlabeled
1603,unlabeled
1604,unlabeled
1605,unlabeled
1606,unlabeled
1607,unlabeled
1608,unlabeled
1609,unlabeled
1610,unlabeled
1611,unlabeled
1612,unlabeled
1613,unlabeled
1614,unlabeled
1615,unlabeled
1616,unlabeled
1617,unlabeled
1618,unlabeled
1619,unlabeled
1620,unlabeled
1621,unlabeled
1622,unlabeled
1623,unlabeled
1624,unlabeled
1625,unlabeled
1626,unlabeled
1627,unlabeled
1628,unlabeled
1629,unlabeled
1630,unlabeled
1631,unlabeled
1632,unlabeled
1633,unlabeled
1634,unlabeled
1635,unlabeled
1636,unlabeled
1637,unlabeled
1638,unlabeled
1639,unlabeled
1640,unlabeled
1641,unlabeled
1642,unlabeled
1643,unlabeled
1644,unlabeled
1645,unlabeled
1646,unlabeled
1647,unlabeled
1648,unlabeled
1649,unlabeled
1650,unlabeled
1651,unlabeled
1652,unlabeled
1653,unlabeled
1654,unlabeled
1655,unlabeled
1656,unlabeled
1657,unlabeled
1658,unlabeled
1659,unlabeled
1660,unlabeled
1661,unlabeled
1662,unlabeled
1663,unlabeled
1664,unlabeled
1665,unlabeled
1666,unlabeled
1667,unlabeled
1668,unlabeled
1669,unlabeled
1670,unlabeled
1671,unlabeled
1672,unlabeled
1673,unlabeled
1674,unlabeled
1675,unlabeled
1676,unlabeled
1677,unlabeled
1678,unlabeled
1679,unlabeled
1680,unlabeled
1681,unlabeled
1682,unlabeled
1683,unlabeled
1684,unlabeled
1685,unlabeled
1686,unlabeled
1687,unlabeled
1688,unlabeled
1689,unlabeled
1690,unlabeled
1691,unlabeled
1692,unlabeled
1693,unlabeled
1694,unlabeled
1695,unlabeled
1696,unlabeled
1697,unlabeled
1698,unlabeled
1699,unlabeled
1700,unlabeled
1701,unlabeled
1702,unlabeled
1703,unlabeled
1704,unlabeled
1705,unlabeled
1706,unlabeled
1707,unlabeled
1708,unlabeled
1709,unlabeled
1710,unlabeled
1711,unlabeled
1712,unlabeled
1713,unlabeled
1714,unlabeled
1715,unlabeled
1716,unlabeled
1717,unlabeled
1718,unlabeled
1719,unlabeled
1720,unlabeled
1721,unlabeled
1722,unlabeled
1723,unlabeled
1724,unlabeled
1725,unlabeled
1726,unlabeled
1727,unlabeled
1728,unlabeled
1729,unlabeled
1730,unlabeled
1731,unlabeled
1732,unlabeled
1733,unlabeled
1734,unlabeled
1735,unlabeled
1736,unlabeled
1737,unlabeled
1738,unlabeled
1739,unlabeled
1740,unlabeled
1741,unlabeled
1742,unlabeled
1743,unlabeled
1744,unlabeled
1745,unlabeled
1746,unlabeled
1747,unlabeled
1748,unlabeled
1749,unlabeled
1750,unlabeled
1751,unlabeled
1752,unlabeled
1753,unlabeled
1754,unlabeled
1755,unlabeled
1756,unlabeled
1757,unlabeled
1758,unlabeled
1759,unlabeled
1760,unlabeled
1761,unlabeled
1762,unlabeled
1763,unlabeled
1764,unlabeled
1765,unlabeled
1766,unlabeled
1767,unlabeled
1768,unlabeled
1769,unlabeled
1770,unlabeled
1771,unlabeled
1772,unlabeled
1773,unlabeled
1774,unlabeled
1775,unlabeled
1776,unlabeled
1777,unlabeled
1778,unlabeled
1779,unlabeled
1780,unlabeled
1781,unlabeled
1782,unlabeled
1783,unlabeled
1784,unlabeled
1785,unlabeled
1786,unlabeled
1787,unlabeled
1788,unlabeled
1789,unlabeled
1790,unlabeled
1791,unlabeled
1792,unlabeled
1793,unlabeled
1794,unlabeled
1795,unlabeled
1796,unlabeled
1797,unlabeled
1798,unlabeled
1799,unlabeled
1800,unlabeled
1801,unlabeled
1802,unlabeled
1803,unlabeled
1804,unlabeled
1805,unlabeled
1806,unlabeled
1807,unlabeled
1808,unlabeled
1809,unlabeled
1810,unlabeled
1811,unlabeled
1812,unlabeled
1813,unlabeled
1814,unlabeled
1815,unlabeled
1816,unlabeled
1817,unlabeled
1818,unlabeled
1819,unlabeled
1820,unlabeled
1821,unlabeled
1822,unlabeled
1823,unlabeled
1824,unlabeled
1825,unlabeled
1826,unlabeled
1827,unlabeled
1828,unlabeled
1829,unlabeled
1830,unlabeled
1831,unlabeled
1832,unlabeled
1833,unlabeled
1834,unlabeled
1835,unlabeled
1836,unlabeled
1837,unlabeled
1838,unlabeled
1839,unlabeled
1840,unlabeled
1841,unlabeled
1842,unlabeled
1843,unlabeled
1844,unlabeled
1845,unlabeled
1846,unlabeled
1847,unlabeled
1848,unlabeled
1849,unlabeled
1850,unlabeled
1851,unlabeled
1852,unlabeled
1853,unlabeled
1854,unlabeled
1855,unlabeled
1856,unlabeled
1857,unlabeled
1858,unlabeled
1859,unlabeled
1860,unlabeled
1861,unlabeled
1862,unlabeled
1863,unlabeled
1864,unlabeled
1865,unlabeled
1866,unlabeled
1867,unlabeled
1868,unlabeled
1869,unlabeled
1870,unlabeled
1871,unlabeled
1872,unlabeled
1873,unlabeled
1874,unlabeled
1875,unlabeled
1876,unlabeled
1877,unlabeled
1878,unlabeled
1879,unlabeled
1880,unlabeled
1881,unlabeled
1882,unlabeled
1883,unlabeled
1884,unlabeled
1885,unlabeled
1886,unlabeled
1887,unlabeled
1888,unlabeled
1889,unlabeled
1890,unlabeled
1891,unlabeled
1892,unlabeled
1893,unlabeled
1894,unlabeled
1895,unlabeled
1896,unlabeled
1897,unlabeled
1898,unlabeled
1899,unlabeled
1900,unlabeled
1901,unlabeled
1902,unlabeled
1903,unlabeled
1904,unlabeled
1905,unlabeled
1906,unlabeled
1907,unlabeled
1908,unlabeled
1909,unlabeled
1910,unlabeled
1911,unlabeled
1912,unlabeled
1913,unlabeled
1914,unlabeled
1915,unlabeled
1916,unlabeled
1917,unlabeled
1918,unlabeled
1919,unlabeled
1920,unlabeled
1921,unlabeled
1922,unlabeled
1923,unlabeled
1924,unlabeled
1925,unlabeled
1926,unlabeled
1927,unlabeled
1928,unlabeled
1929,unlabeled
1930,unlabeled
1931,unlabeled
1932,unlabeled
1933,unlabeled
1934,unlabeled
1935,unlabeled
1936,unlabeled
1937,unlabeled
1938,unlabeled
1939,unlabeled
1940,unlabeled
1941,unlabeled
1942,unlabeled
1943,unlabeled
1944,unlabeled
1945,unlabeled
1946,unlabeled
1947,unlabeled
1948,unlabeled
1949,unlabeled
1950,unlabeled
1951,unlabeled
1952,unlabeled
1953,unlabeled
1954,unlabeled
1955,unlabeled
1956,unlabeled
1957,unlabeled
1958,unlabeled
1959,unlabeled
1960,unlabeled
1961,unlabeled
1962,unlabeled
1963,unlabeled
1964,unlabeled
1965,unlabeled
1966,unlabeled
1967,unlabeled
1968,unlabeled
1969,unlabeled
1970,unlabeled
1971,unlabeled
1972,unlabeled
1973,unlabeled
1974,unlabeled
1975,unlabeled
1976,unlabeled
1977,unlabeled
1978,unlabeled
1979,unlabeled
1980,unlabeled
1981,unlabeled
1982,unlabeled
1983,unlabeled
1984,unlabeled
1985,unlabeled
1986,unlabeled
1987,unlabeled
1988,unlabeled
1989,unlabeled
1990,unlabeled
1991,unlabeled
1992,unlabeled
1993,unlabeled
1994,unlabeled
1995,unlabeled
1996,unlabeled
1997,unlabeled
1998,unlabeled
1999,unlabeled
2000,unlabeled
2001,unlabeled
2002,unlabeled
2003,unlabeled
2004,unlabeled
2005,unlabeled
2006,unlabeled
2007,unlabeled
2008,unlabeled
2009,unlabeled
2010,unlabeled
2011,unlabeled
2012,unlabeled
2013,unlabeled
2014,unlabeled
2015,unlabeled
2016,unlabeled
2017,unlabeled
2018,unlabeled
2019,unlabeled
2020,unlabeled
2021,unlabeled
2022,unlabeled
2023,unlabeled
2024,unlabeled
2025,unlabeled
2026,unlabeled
2027,unlabeled
2028,unlabeled
2029,unlabeled
2030,unlabeled
2031,unlabeled
2032,unlabeled
2033,unlabeled
2034,unlabeled
2035,unlabeled
2036,unlabeled
2037,unlabeled
2038,unlabeled
2039,unlabeled
2040,unlabeled
2041,unlabeled
2042,unlabeled
2043,unlabeled
2044,unlabeled
2045,unlabeled
2046,unlabeled
2047,unlabeled
2048,unlabeled
2049,unlabeled
2050,unlabeled
2051,unlabeled
2052,unlabeled
2053,unlabeled
2054,unlabeled
2055,unlabeled
2056,unlabeled
2057,unlabeled
2058,unlabeled
2059,unlabeled
2060,unlabeled
2061,unlabeled
2062,unlabeled
2063,unlabeled
2064,unlabeled
2065,unlabeled
2066,unlabeled
2067,unlabeled
2068,unlabeled
2069,unlabeled
2070,unlabeled
2071,unlabeled
2072,unlabeled
2073,unlabeled
2074,unlabeled
2075,unlabeled
2076,unlabeled
2077,unlabeled
2078,unlabeled
2079,unlabeled
2080,unlabeled
2081,unlabeled
2082,unlabeled
2083,unlabeled
2084,unlabeled
2085,unlabeled
2086,unlabeled
2087,unlabeled
2088,unlabeled
2089,unlabeled
2090,unlabeled
2091,unlabeled
2092,unlabeled
2093,unlabeled
2094,unlabeled
2095,unlabeled
2096,unlabeled
2097,unlabeled
2098,unlabeled
2099,unlabeled
2100,unlabeled
2101,unlabeled
2102,unlabeled
2103,unlabeled
2104,unlabeled
2105,unlabeled
2106,unlabeled
2107,unlabeled
2108,unlabeled
2109,unlabeled
2110,unlabeled
2111,unlabeled
2112,unlabeled
2113,unlabeled
2114,unlabeled
2115,unlabeled
2116,unlabeled
2117,unlabeled
2118,unlabeled
2119,unlabeled
2120,unlabeled
2121,unlabeled
2122,unlabeled
2123,unlabeled
2124,unlabeled
2125,unlabeled
2126,unlabeled
2127,unlabeled
2128,unlabeled
2129,unlabeled
2130,unlabeled
2131,unlabeled
2132,unlabeled
2133,unlabeled
2134,unlabeled
2135,unlabeled
2136,unlabeled
2137,unlabeled
2138,unlabeled
2139,unlabeled
2140,unlabeled
2141,unlabeled
2142,unlabeled
2143,unlabeled
2144,unlabeled
2145,unlabeled
2146,unlabeled
2147,unlabeled
2148,unlabeled
2149,unlabeled
2150,unlabeled
2151,unlabeled
2152,unlabeled
2153,unlabeled
2154,unlabeled
2155,unlabeled
2156,unlabeled
2157,unlabeled
2158,unlabeled
2159,unlabeled
2160,unlabeled
2161,unlabeled
2162,unlabeled
2163,unlabeled
2164,unlabeled
2165,unlabeled
2166,unlabeled
2167,unlabeled
2168,unlabeled
2169,unlabeled
2170,unlabeled
2171,unlabeled
2172,unlabeled
2173,unlabeled
2174,unlabeled
2175,unlabeled
2176,unlabeled
2177,unlabeled
2178,unlabeled
2179,unlabeled
2180,unlabeled
2181,unlabeled
2182,unlabeled
2183,unlabeled
2184,unlabeled
2185,unlabeled
2186,unlabeled
2187,unlabeled
2188,unlabeled
2189,unlabeled
2190,unlabeled
2191,unlabeled
2192,unlabeled
2193,unlabeled
2194,unlabeled
2195,unlabeled
2196,unlabeled
2197,unlabeled
2198,unlabeled
2199,unlabeled
2200,unlabeled
2201,unlabeled
2202,unlabeled
2203,unlabeled
2204,unlabeled
2205,unlabeled
2206,unlabeled
2207,unlabeled
2208,unlabeled
2209,unlabeled
2210,unlabeled
2211,unlabeled
2212,unlabeled
2213,unlabeled
2214,unlabeled
2215,unlabeled
2216,unlabeled
2217,unlabeled
2218,unlabeled
2219,unlabeled
2220,unlabeled
2221,unlabeled
2222,unlabeled
2223,unlabeled
2224,unlabeled
2225,unlabeled
2226,unlabeled
2227,unlabeled
2228,unlabeled
2229,unlabeled
2230,unlabeled
2231,unlabeled
2232,unlabeled
2233,unlabeled
2234,unlabeled
2235,unlabeled
2236,unlabeled
2237,unlabeled
2238,unlabeled
2239,unlabeled
2240,unlabeled
2241,unlabeled
2242,unlabeled
2243,unlabeled
2244,unlabeled
2245,unlabeled
2246,unlabeled
2247,unlabeled
2248,unlabeled
2249,unlabeled
2250,unlabeled
2251,unlabeled
2252,unlabeled
2253,unlabeled
2254,unlabeled
2255,unlabeled
2256,unlabeled
2257,unlabeled
2258,unlabeled
2259,unlabeled
2260,unlabeled
2261,unlabeled
2262,unlabeled
2263,unlabeled
2264,unlabeled
2265,unlabeled
2266,unlabeled
2267,unlabeled
2268,unlabeled
2269,unlabeled
2270,unlabeled
2271,unlabeled
2272,unlabeled
2273,unlabeled
2274,unlabeled
2275,unlabeled
2276,unlabeled
2277,unlabeled
2278,unlabeled
2279,unlabeled
2280,unlabeled
2281,unlabeled
2282,unlabeled
2283,unlabeled
2284,unlabeled
2285,unlabeled
2286,unlabeled
2287,unlabeled
2288,unlabeled
2289,unlabeled
2290,unlabeled
2291,unlabeled
2292,unlabeled
2293,unlabeled
2294,unlabeled
2295,unlabeled
2296,unlabeled
2297,unlabeled
2298,unlabeled
2299,unlabeled
2300,unlabeled
2301,unlabeled
2302,unlabeled
2303,unlabeled
2304,unlabeled
2305,unlabeled
2306,unlabeled
2307,unlabeled
2308,unlabeled
2309,unlabeled
2310,unlabeled
2311,unlabeled
2312,unlabeled
2313,unlabeled
2314,unlabeled
2315,unlabeled
2316,unlabeled
2317,unlabeled
2318,unlabeled
2319,unlabeled
2320,unlabeled
2321,unlabeled
2322,unlabeled
2323,unlabeled
2324,unlabeled
2325,unlabeled
2326,unlabeled
2327,unlabeled
2328,unlabeled
2329,unlabeled
2330,unlabeled
2331,unlabeled
2332,unlabeled
2333,unlabeled
2334,unlabeled
2335,unlabeled
2336,unlabeled
2337,unlabeled
2338,unlabeled
2339,unlabeled
2340,unlabeled
2341,unlabeled
2342,unlabeled
2343,unlabeled
2344,unlabeled
2345,unlabeled
2346,unlabeled
2347,unlabeled
2348,unlabeled
2349,unlabeled
2350,unlabeled
2351,unlabeled
2352,unlabeled
2353,unlabeled
2354,unlabeled
2355,unlabeled
2356,unlabeled
2357,unlabeled
2358,unlabeled
2359,unlabeled
2360,unlabeled
2361,unlabeled
2362,unlabeled
2363,unlabeled
2364,unlabeled
2365,unlabeled
2366,unlabeled
2367,unlabeled
2368,unlabeled
2369,unlabeled
2370,unlabeled
2371,unlabeled
2372,unlabeled
2373,unlabeled
2374,unlabeled
2375,unlabeled
2376,unlabeled
2377,unlabeled
2378,unlabeled
2379,unlabeled
2380,unlabeled
2381,unlabeled
2382,unlabeled
2383,unlabeled
2384,unlabeled
2385,unlabeled
2386,unlabeled
2387,unlabeled
2388,unlabeled
2389,unlabeled
2390,unlabeled
2391,unlabeled
2392,unlabeled
2393,unlabeled
2394,unlabeled
2395,unlabeled
2396,unlabeled
2397,unlabeled
2398,unlabeled
2399,unlabeled
2400,unlabeled
2401,unlabeled
2402,unlabeled
2403,unlabeled
2404,unlabeled
2405,unlabeled
2406,unlabeled
2407,unlabeled
2408,unlabeled
2409,unlabeled
2410,unlabeled
2411,unlabeled
2412,unlabeled
2413,unlabeled
2414,unlabeled
2415,unlabeled
2416,unlabeled
2417,unlabeled
2418,unlabeled
2419,unlabeled
2420,unlabeled
2421,unlabeled
2422,unlabeled
2423,unlabeled
2424,unlabeled
2425,unlabeled
2426,unlabeled
2427,unlabeled
2428,unlabeled
2429,unlabeled
2430,unlabeled
2431,unlabeled
2432,unlabeled
2433,unlabeled
2434,unlabeled
2435,unlabeled
2436,unlabeled
2437,unlabeled
2438,unlabeled
2439,unlabeled
2440,unlabeled
2441,unlabeled
2442,unlabeled
2443,unlabeled
2444,unlabeled
2445,unlabeled
2446,unlabeled
2447,unlabeled
2448,unlabeled
2449,unlabeled
2450,unlabeled
2451,unlabeled
2452,unlabeled
2453,unlabeled
2454,unlabeled
2455,unlabeled
2456,unlabeled
2457,unlabeled
2458,unlabeled
2459,unlabeled
2460,unlabeled
2461,unlabeled
2462,unlabeled
2463,unlabeled
2464,unlabeled
2465,unlabeled
2466,unlabeled
2467,unlabeled
2468,unlabeled
2469,unlabeled
2470,unlabeled
2471,unlabeled
2472,unlabeled
2473,unlabeled
2474,unlabeled
2475,unlabeled
2476,unlabeled
2477,unlabeled
2478,unlabeled
2479,unlabeled
2480,unlabeled
2481,unlabeled
2482,unlabeled
2483,unlabeled
2484,unlabeled
2485,unlabeled
2486,unlabeled
2487,unlabeled
2488,unlabeled
2489,unlabeled
2490,unlabeled
2491,unlabeled
2492,unlabeled
2493,unlabeled
2494,unlabeled
2495,unlabeled
2496,unlabeled
2497,unlabeled
2498,unlabeled
2499,unlabeled
2500,unlabeled
2501,unlabeled
2502,unlabeled
2503,unlabeled
2504,unlabeled
2505,unlabeled
2506,unlabeled
2507,unlabeled
2508,unlabeled
2509,unlabeled
2510,unlabeled
2511,unlabeled
2512,unlabeled
2513,unlabeled
2514,unlabeled
2515,unlabeled
2516,unlabeled
2517,unlabeled
2518,unlabeled
2519,unlabeled
2520,unlabeled
2521,unlabeled
2522,unlabeled
2523,unlabeled
2524,unlabeled
2525,unlabeled
2526,unlabeled
2527,unlabeled
2528,unlabeled
2529,unlabeled
2530,unlabeled
2531,unlabeled
2532,unlabeled
2533,unlabeled
2534,unlabeled
2535,unlabeled
2536,unlabeled
2537,unlabeled
2538,unlabeled
2539,unlabeled
2540,unlabeled
2541,unlabeled
2542,unlabeled
2543,unlabeled
2544,unlabeled
2545,unlabeled
2546,unlabeled
2547,unlabeled
2548,unlabeled
2549,unlabeled
2550,unlabeled
2551,unlabeled
2552,unlabeled
2553,unlabeled
2554,unlabeled
2555,unlabeled
2556,unlabeled
2557,unlabeled
2558,unlabeled
2559,unlabeled
2560,unlabeled
2561,unlabeled
2562,unlabeled
2563,unlabeled
2564,unlabeled
2565,unlabeled
2566,unlabeled
2567,unlabeled
2568,unlabeled
2569,unlabeled
2570,unlabeled
2571,unlabeled
2572,unlabeled
2573,unlabeled
2574,unlabeled
2575,unlabeled
2576,unlabeled
2577,unlabeled
2578,unlabeled
2579,unlabeled
2580,unlabeled
2581,unlabeled
2582,unlabeled
2583,unlabeled
2584,unlabeled
2585,unlabeled
2586,unlabeled
2587,unlabeled
2588,unlabeled
2589,unlabeled
2590,unlabeled
2591,unlabeled
2592,unlabeled
2593,unlabeled
2594,unlabeled
2595,unlabeled
2596,unlabeled
2597,unlabeled
2598,unlabeled
2599,unlabeled
2600,unlabeled
2601,unlabeled
2602,unlabeled
2603,unlabeled
2604,unlabeled
2605,unlabeled
2606,unlabeled
2607,unlabeled
2608,unlabeled
2609,unlabeled
2610,unlabeled
2611,unlabeled
2612,unlabeled
2613,unlabeled
2614,unlabeled
2615,unlabeled
2616,unlabeled
2617,unlabeled
2618,unlabeled
2619,unlabeled
2620,unlabeled
2621,unlabeled
2622,unlabeled
2623,unlabeled
2624,unlabeled
2625,unlabeled
2626,unlabeled
2627,unlabeled
2628,unlabeled
2629,unlabeled
2630,unlabeled
2631,unlabeled
2632,unlabeled
2633,unlabeled
2634,unlabeled
2635,unlabeled
2636,unlabeled
2637,unlabeled
2638,unlabeled
2639,unlabeled
2640,unlabeled
2641,unlabeled
2642,unlabeled
2643,unlabeled
2644,unlabeled
2645,unlabeled
2646,unlabeled
2647,unlabeled
2648,unlabeled
2649,unlabeled
2650,unlabeled
2651,unlabeled
2652,unlabeled
2653,unlabeled
2654,unlabeled
2655,unlabeled
2656,unlabeled
2657,unlabeled
2658,unlabeled
2659,unlabeled
2660,unlabeled
2661,unlabeled
2662,unlabeled
2663,unlabeled
2664,unlabeled
2665,unlabeled
2666,unlabeled
2667,unlabeled
2668,unlabeled
2669,unlabeled
2670,unlabeled
2671,unlabeled
2672,unlabeled
2673,unlabeled
2674,unlabeled
2675,unlabeled
2676,unlabeled
2677,unlabeled
2678,unlabeled
2679,unlabeled
2680,unlabeled
2681,unlabeled
2682,unlabeled
2683,unlabeled
2684,unlabeled
2685,unlabeled
2686,unlabeled
2687,unlabeled
2688,unlabeled
2689,unlabeled
2690,unlabeled
2691,unlabeled
2692,unlabeled
2693,unlabeled
2694,unlabeled
2695,unlabeled
2696,unlabeled
2697,unlabeled
2698,unlabeled
2699,unlabeled
2700,unlabeled
2701,unlabeled
2702,unlabeled
2703,unlabeled
2704,unlabeled
2705,unlabeled
2706,unlabeled
2707,unlabeled
2708,unlabeled
2709,unlabeled
2710,unlabeled
2711,unlabeled
2712,unlabeled
2713,unlabeled
2714,unlabeled
2715,unlabeled
2716,unlabeled
2717,unlabeled
2718,unlabeled
2719,unlabeled
2720,unlabeled
2721,unlabeled
2722,unlabeled
2723,unlabeled
2724,unlabeled
2725,unlabeled
2726,unlabeled
2727,unlabeled
2728,unlabeled
2729,unlabeled
2730,unlabeled
2731,unlabeled
2732,unlabeled
2733,unlabeled
2734,unlabeled
2735,unlabeled
2736,unlabeled
2737,unlabeled
2738,unlabeled
2739,unlabeled
2740,unlabeled
2741,unlabeled
2742,unlabeled
2743,unlabeled
2744,unlabeled
2745,unlabeled
2746,unlabeled
2747,unlabeled
2748,unlabeled
2749,unlabeled
2750,unlabeled
2751,unlabeled
2752,unlabeled
2753,unlabeled
2754,unlabeled
2755,unlabeled
2756,unlabeled
2757,unlabeled
2758,unlabeled
2759,unlabeled
2760,unlabeled
2761,unlabeled
2762,unlabeled
2763,unlabeled
2764,unlabeled
2765,unlabeled
2766,unlabeled
2767,unlabeled
2768,unlabeled
2769,unlabeled
2770,unlabeled
2771,unlabeled
2772,unlabeled
2773,unlabeled
2774,unlabeled
2775,unlabeled
2776,unlabeled
2777,unlabeled
2778,unlabeled
2779,unlabeled
2780,unlabeled
2781,unlabeled
2782,unlabeled
2783,unlabeled
2784,unlabeled
2785,unlabeled
2786,unlabeled
2787,unlabeled
2788,unlabeled
2789,unlabeled
2790,unlabeled
2791,unlabeled
2792,unlabeled
2793,unlabeled
2794,unlabeled
2795,unlabeled
2796,unlabeled
2797,unlabeled
2798,unlabeled
2799,unlabeled
2800,unlabeled
2801,unlabeled
2802,unlabeled
2803,unlabeled
2804,unlabeled
2805,unlabeled
2806,unlabeled
2807,unlabeled
2808,unlabeled
2809,unlabeled
2810,unlabeled
2811,unlabeled
2812,unlabeled
2813,unlabeled
2814,unlabeled
2815,unlabeled
2816,unlabeled
2817,unlabeled
2818,unlabeled
2819,unlabeled
2820,unlabeled
2821,unlabeled
2822,unlabeled
2823,unlabeled
2824,unlabeled
2825,unlabeled
2826,unlabeled
2827,unlabeled
2828,unlabeled
2829,unlabeled
2830,unlabeled
2831,unlabeled
2832,unlabeled
2833,unlabeled
2834,unlabeled
2835,unlabeled
2836,unlabeled
2837,unlabeled
2838,unlabeled
2839,unlabeled
2840,unlabeled
2841,unlabeled
2842,unlabeled
2843,unlabeled
2844,unlabeled
2845,unlabeled
2846,unlabeled
2847,unlabeled
2848,unlabeled
2849,unlabeled
2850,unlabeled
2851,unlabeled
2852,unlabeled
2853,unlabeled
2854,unlabeled
2855,unlabeled
2856,unlabeled
2857,unlabeled
2858,unlabeled
2859,unlabeled
2860,unlabeled
2861,unlabeled
2862,unlabeled
2863,unlabeled
2864,unlabeled
2865,unlabeled
2866,unlabeled
2867,unlabeled
2868,unlabeled
2869,unlabeled
2870,unlabeled
2871,unlabeled
2872,unlabeled
2873,unlabeled
2874,unlabeled
2875,unlabeled
2876,unlabeled
2877,unlabeled
2878,unlabeled
2879,unlabeled
2880,unlabeled
2881,unlabeled
2882,unlabeled
2883,unlabeled
2884,unlabeled
2885,unlabeled
2886,unlabeled
2887,unlabeled
2888,unlabeled
2889,unlabeled
2890,unlabeled
2891,unlabeled
2892,unlabeled
2893,unlabeled
2894,unlabeled
2895,unlabeled
2896,unlabeled
2897,unlabeled
2898,unlabeled
2899,unlabeled
2900,unlabeled
2901,unlabeled
2902,unlabeled
2903,unlabeled
2904,unlabeled
2905,unlabeled
2906,unlabeled
2907,unlabeled
2908,unlabeled
2909,unlabeled
2910,unlabeled
2911,unlabeled
2912,unlabeled
2913,unlabeled
2914,unlabeled
2915,unlabeled
2916,unlabeled
2917,unlabeled
2918,unlabeled
2919,unlabeled
2920,unlabeled
2921,unlabeled
2922,unlabeled
2923,unlabeled
2924,unlabeled
2925,unlabeled
2926,unlabeled
2927,unlabeled
2928,unlabeled
2929,unlabeled
2930,unlabeled
2931,unlabeled
2932,unlabeled
2933,unlabeled
2934,unlabeled
2935,unlabeled
2936,unlabeled
2937,unlabeled
2938,unlabeled
2939,unlabeled
2940,unlabeled
2941,unlabeled
2942,unlabeled
2943,unlabeled
2944,unlabeled
2945,unlabeled
2946,unlabeled
2947,unlabeled
2948,unlabeled
2949,unlabeled
2950,unlabeled
2951,unlabeled
2952,unlabeled
2953,unlabeled
2954,unlabeled
2955,unlabeled
2956,unlabeled
2957,unlabeled
2958,unlabeled
2959,unlabeled
2960,unlabeled
2961,unlabeled
2962,unlabeled
2963,unlabeled
2964,unlabeled
2965,unlabeled
2966,unlabeled
2967,unlabeled
2968,unlabeled
2969,unlabeled
2970,unlabeled
2971,unlabeled
2972,unlabeled
2973,unlabeled
2974,unlabeled
2975,unlabeled
2976,unlabeled
2977,unlabeled
2978,unlabeled
2979,unlabeled
2980,unlabeled
2981,unlabeled
2982,unlabeled
2983,unlabeled
2984,unlabeled
2985,unlabeled
2986,unlabeled
2987,unlabeled
2988,unlabeled
2989,unlabeled
2990,unlabeled
2991,unlabeled
2992,unlabeled
2993,unlabeled
2994,unlabeled
2995,unlabeled
2996,unlabeled
2997,unlabeled
2998,unlabeled
2999,unlabeled
3000,unlabeled
3001,unlabeled
3002,unlabeled
3003,unlabeled
3004,unlabeled
3005,unlabeled
3006,unlabeled
3007,unlabeled
3008,unlabeled
3009,unlabeled
3010,unlabeled
3011,unlabeled
3012,unlabeled
3013,unlabeled
3014,unlabeled
3015,unlabeled
3016,unlabeled
3017,unlabeled
3018,unlabeled
3019,unlabeled
3020,unlabeled
3021,unlabeled
3022,unlabeled
3023,unlabeled
3024,unlabeled
3025,unlabeled
3026,unlabeled
3027,unlabeled
3028,unlabeled
3029,unlabeled
3030,unlabeled
3031,unlabeled
3032,unlabeled
3033,unlabeled
3034,unlabeled
3035,unlabeled
3036,unlabeled
3037,unlabeled
3038,unlabeled
3039,unlabeled
3040,unlabeled
3041,unlabeled
3042,unlabeled
3043,unlabeled
3044,unlabeled
3045,unlabeled
3046,unlabeled
3047,unlabeled
3048,unlabeled
3049,unlabeled
3050,unlabeled
3051,unlabeled
3052,unlabeled
3053,unlabeled
3054,unlabeled
3055,unlabeled
3056,unlabeled
3057,unlabeled
3058,unlabeled
3059,unlabeled
3060,unlabeled
3061,unlabeled
3062,unlabeled
3063,unlabeled
3064,unlabeled
3065,unlabeled
3066,unlabeled
3067,unlabeled
3068,unlabeled
3069,unlabeled
3070,unlabeled
3071,unlabeled
3072,unlabeled
3073,unlabeled
3074,unlabeled
3075,unlabeled
3076,unlabeled
3077,unlabeled
3078,unlabeled
3079,unlabeled
3080,unlabeled
3081,unlabeled
3082,unlabeled
3083,unlabeled
3084,unlabeled
3085,unlabeled
3086,unlabeled
3087,unlabeled
3088,unlabeled
3089,unlabeled
3090,unlabeled
3091,unlabeled
3092,unlabeled
3093,unlabeled
3094,unlabeled
3095,unlabeled
3096,unlabeled
3097,unlabeled
3098,unlabeled
3099,unlabeled
3100,unlabeled
3101,unlabeled
3102,unlabeled
3103,unlabeled
3104,unlabeled
3105,unlabeled
3106,unlabeled
3107,unlabeled
3108,unlabeled
3109,unlabeled
3110,unlabeled
3111,unlabeled
3112,unlabeled
3113,unlabeled
3114,unlabeled
3115,unlabeled
3116,unlabeled
3117,unlabeled
3118,unlabeled
3119,unlabeled
3120,unlabeled
3121,unlabeled
3122,unlabeled
3123,unlabeled
3124,unlabeled
3125,unlabeled
3126,unlabeled
3127,unlabeled
3128,unlabeled
3129,unlabeled
3130,unlabeled
3131,unlabeled
3132,unlabeled
3133,unlabeled
3134,unlabeled
3135,unlabeled
3136,unlabeled
3137,unlabeled
3138,unlabeled
3139,unlabeled
3140,unlabeled
3141,unlabeled
3142,unlabeled
3143,unlabeled
3144,unlabeled
3145,unlabeled
3146,unlabeled
3147,unlabeled
3148,unlabeled
3149,unlabeled
3150,unlabeled
3151,unlabeled
3152,unlabeled
3153,unlabeled
3154,unlabeled
3155,unlabeled
3156,unlabeled
3157,unlabeled
3158,unlabeled
3159,unlabeled
3160,unlabeled
3161,unlabeled
3162,unlabeled
3163,unlabeled
3164,unlabeled
3165,unlabeled
3166,unlabeled
3167,unlabeled
3168,unlabeled
3169,unlabeled
3170,unlabeled
3171,unlabeled
3172,unlabeled
3173,unlabeled
3174,unlabeled
3175,unlabeled
3176,unlabeled
3177,unlabeled
3178,unlabeled
3179,unlabeled
3180,unlabeled
3181,unlabeled
3182,unlabeled
3183,unlabeled
3184,unlabeled
3185,unlabeled
3186,unlabeled
3187,unlabeled
3188,unlabeled
3189,unlabeled
3190,unlabeled
3191,unlabeled
3192,unlabeled
3193,unlabeled
3194,unlabeled
3195,unlabeled
3196,unlabeled
3197,unlabeled
3198,unlabeled
3199,unlabeled
3200,unlabeled
3201,unlabeled
3202,unlabeled
3203,unlabeled
3204,unlabeled
3205,unlabeled
3206,unlabeled
3207,unlabeled
3208,unlabeled
3209,unlabeled
3210,unlabeled
3211,unlabeled
3212,unlabeled
3213,unlabeled
3214,unlabeled
3215,unlabeled
3216,unlabeled
3217,unlabeled
3218,unlabeled
3219,unlabeled
3220,unlabeled
3221,unlabeled
3222,unlabeled
3223,unlabeled
3224,unlabeled
3225,unlabeled
3226,unlabeled
3227,unlabeled
3228,unlabeled
3229,unlabeled
3230,unlabeled
3231,unlabeled
3232,unlabeled
3233,unlabeled
3234,unlabeled
3235,unlabeled
3236,unlabeled
3237,unlabeled
3238,unlabeled
3239,unlabeled
3240,unlabeled
3241,unlabeled
3242,unlabeled
3243,unlabeled
3244,unlabeled
3245,unlabeled
3246,unlabeled
3247,unlabeled
3248,unlabeled
3249,unlabeled
3250,unlabeled
3251,unlabeled
3252,unlabeled
3253,unlabeled
3254,unlabeled
3255,unlabeled
3256,unlabeled
3257,unlabeled
3258,unlabeled
3259,unlabeled
3260,unlabeled
3261,unlabeled
3262,unlabeled
3263,unlabeled
3264,unlabeled
3265,unlabeled
3266,unlabeled
3267,unlabeled
3268,unlabeled
3269,unlabeled
3270,unlabeled
3271,unlabeled
3272,unlabeled
3273,unlabeled
3274,unlabeled
3275,unlabeled
3276,unlabeled
3277,unlabeled
3278,unlabeled
3279,unlabeled
3280,unlabeled
3281,unlabeled
3282,unlabeled
3283,unlabeled
3284,unlabeled
3285,unlabeled
3286,unlabeled
3287,unlabeled
3288,unlabeled
3289,unlabeled
3290,unlabeled
3291,unlabeled
3292,unlabeled
3293,unlabeled
3294,unlabeled
3295,unlabeled
3296,unlabeled
3297,unlabeled
3298,unlabeled
3299,unlabeled
3300,unlabeled
3301,unlabeled
3302,unlabeled
3303,unlabeled
3304,unlabeled
3305,unlabeled
3306,unlabeled
3307,unlabeled
3308,unlabeled
3309,unlabeled
3310,unlabeled
3311,unlabeled
3312,unlabeled
3313,unlabeled
3314,unlabeled
3315,unlabeled
3316,unlabeled
3317,unlabeled
3318,unlabeled
3319,unlabeled
3320,unlabeled
3321,unlabeled
3322,unlabeled
3323,unlabeled
3324,unlabeled
3325,unlabeled
3326,unlabeled
3327,unlabeled
3328,unlabeled
3329,unlabeled
3330,unlabeled
3331,unlabeled
3332,unlabeled
3333,unlabeled
3334,unlabeled
3335,unlabeled
3336,unlabeled
3337,unlabeled
3338,unlabeled
3339,unlabeled
3340,unlabeled
3341,unlabeled
3342,unlabeled
3343,unlabeled
3344,unlabeled
3345,unlabeled
3346,unlabeled
3347,unlabeled
3348,unlabeled
3349,unlabeled
3350,unlabeled
3351,unlabeled
3352,unlabeled
3353,unlabeled
3354,unlabeled
3355,unlabeled
3356,unlabeled
3357,unlabeled
3358,unlabeled
3359,unlabeled
3360,unlabeled
3361,unlabeled
3362,unlabeled
3363,unlabeled
3364,unlabeled
3365,unlabeled
3366,unlabeled
3367,unlabeled
3368,unlabeled
3369,unlabeled
3370,unlabeled
3371,unlabeled
3372,unlabeled
3373,unlabeled
3374,unlabeled
3375,unlabeled
3376,unlabeled
3377,unlabeled
3378,unlabeled
3379,unlabeled
3380,unlabeled
3381,unlabeled
3382,unlabeled
3383,unlabeled
3384,unlabeled
3385,unlabeled
3386,unlabeled
3387,unlabeled
3388,unlabeled
3389,unlabeled
3390,unlabeled
3391,unlabeled
3392,unlabeled
3393,unlabeled
3394,unlabeled
3395,unlabeled
3396,unlabeled
3397,unlabeled
3398,unlabeled
3399,unlabeled
3400,unlabeled
3401,unlabeled
3402,unlabeled
3403,unlabeled
3404,unlabeled
3405,unlabeled
3406,unlabeled
3407,unlabeled
3408,unlabeled
3409,unlabeled
3410,unlabeled
3411,unlabeled
3412,unlabeled
3413,unlabeled
3414,unlabeled
3415,unlabeled
3416,unlabeled
3417,unlabeled
3418,unlabeled
3419,unlabeled
3420,unlabeled
3421,unlabeled
3422,unlabeled
3423,unlabeled
3424,unlabeled
3425,unlabeled
3426,unlabeled
3427,unlabeled
3428,unlabeled
3429,unlabeled
3430,unlabeled
3431,unlabeled
3432,unlabeled
3433,unlabeled
3434,unlabeled
3435,unlabeled
3436,unlabeled
3437,unlabeled
3438,unlabeled
3439,unlabeled
3440,unlabeled
3441,unlabeled
3442,unlabeled
3443,unlabeled
3444,unlabeled
3445,unlabeled
3446,unlabeled
3447,unlabeled
3448,unlabeled
3449,unlabeled
3450,unlabeled
3451,unlabeled
3452,unlabeled
3453,unlabeled
3454,unlabeled
3455,unlabeled
3456,unlabeled
3457,unlabeled
3458,unlabeled
3459,unlabeled
3460,unlabeled
3461,unlabeled
3462,unlabeled
3463,unlabeled
3464,unlabeled
3465,unlabeled
3466,unlabeled
3467,unlabeled
3468,unlabeled
3469,unlabeled
3470,unlabeled
3471,unlabeled
3472,unlabeled
3473,unlabeled
3474,unlabeled
3475,unlabeled
3476,unlabeled
3477,unlabeled
3478,unlabeled
3479,unlabeled
3480,unlabeled
3481,unlabeled
3482,unlabeled
3483,unlabeled
3484,unlabeled
3485,unlabeled
3486,unlabeled
3487,unlabeled
3488,unlabeled
3489,unlabeled
3490,unlabeled
3491,unlabeled
3492,unlabeled
3493,unlabeled
3494,unlabeled
3495,unlabeled
3496,unlabeled
3497,unlabeled
3498,unlabeled
3499,unlabeled
3500,unlabeled
3501,unlabeled
3502,unlabeled
3503,unlabeled
3504,unlabeled
3505,unlabeled
3506,unlabeled
3507,unlabeled
3508,unlabeled
3509,unlabeled
3510,unlabeled
3511,unlabeled
3512,unlabeled
3513,unlabeled
3514,unlabeled
3515,unlabeled
3516,unlabeled
3517,unlabeled
3518,unlabeled
3519,unlabeled
3520,unlabeled
3521,unlabeled
3522,unlabeled
3523,unlabeled
3524,unlabeled
3525,unlabeled
3526,unlabeled
3527,unlabeled
3528,unlabeled
3529,unlabeled
3530,unlabeled
3531,unlabeled
3532,unlabeled
3533,unlabeled
3534,unlabeled
3535,unlabeled
3536,unlabeled
3537,unlabeled
3538,unlabeled
3539,unlabeled
3540,unlabeled
3541,unlabeled
3542,unlabeled
3543,unlabeled
3544,unlabeled
3545,unlabeled
3546,unlabeled
3547,unlabeled
3548,unlabeled
3549,unlabeled
3550,unlabeled
3551,unlabeled
3552,unlabeled
3553,unlabeled
3554,unlabeled
3555,unlabeled
3556,unlabeled
3557,unlabeled
3558,unlabeled
3559,unlabeled
3560,unlabeled
3561,unlabeled
3562,unlabeled
3563,unlabeled
3564,unlabeled
3565,unlabeled
3566,unlabeled
3567,unlabeled
3568,unlabeled
3569,unlabeled
3570,unlabeled
3571,unlabeled
3572,unlabeled
3573,unlabeled
3574,unlabeled
3575,unlabeled
3576,unlabeled
3577,unlabeled
3578,unlabeled
3579,unlabeled
3580,unlabeled
3581,unlabeled
3582,unlabeled
3583,unlabeled
3584,unlabeled
3585,unlabeled
3586,unlabeled
3587,unlabeled
3588,unlabeled
3589,unlabeled
3590,unlabeled
3591,unlabeled
3592,unlabeled
3593,unlabeled
3594,unlabeled
3595,unlabeled
3596,unlabeled
3597,unlabeled
3598,unlabeled
3599,unlabeled
3600,unlabeled
3601,unlabeled
3602,unlabeled
3603,unlabeled
3604,unlabeled
3605,unlabeled
3606,unlabeled
3607,unlabeled
3608,unlabeled
3609,unlabeled
3610,unlabeled
3611,unlabeled
3612,unlabeled
3613,unlabeled
3614,unlabeled
3615,unlabeled
3616,unlabeled
3617,unlabeled
3618,unlabeled
3619,unlabeled
3620,unlabeled
3621,unlabeled
3622,unlabeled
3623,unlabeled
3624,unlabeled
3625,unlabeled
3626,unlabeled
3627,unlabeled
3628,unlabeled
3629,unlabeled
3630,unlabeled
3631,unlabeled
3632,unlabeled
3633,unlabeled
3634,unlabeled
3635,unlabeled
3636,unlabeled
3637,unlabeled
3638,unlabeled
3639,unlabeled
3640,unlabeled
3641,unlabeled
3642,unlabeled
3643,unlabeled
3644,unlabeled
3645,unlabeled
3646,unlabeled
3647,unlabeled
3648,unlabeled
3649,unlabeled
3650,unlabeled
3651,unlabeled
3652,unlabeled
3653,unlabeled
3654,unlabeled
3655,unlabeled
3656,unlabeled
3657,unlabeled
3658,unlabeled
3659,unlabeled
3660,unlabeled
3661,unlabeled
3662,unlabeled
3663,unlabeled
3664,unlabeled
3665,unlabeled
3666,unlabeled
3667,unlabeled
3668,unlabeled
3669,unlabeled
3670,unlabeled
3671,unlabeled
3672,unlabeled
3673,unlabeled
3674,unlabeled
3675,unlabeled
3676,unlabeled
3677,unlabeled
3678,unlabeled
3679,unlabeled
3680,unlabeled
3681,unlabeled
3682,unlabeled
3683,unlabeled
3684,unlabeled
3685,unlabeled
3686,unlabeled
3687,unlabeled
3688,unlabeled
3689,unlabeled
3690,unlabeled
3691,unlabeled
3692,unlabeled
3693,unlabeled
3694,unlabeled
3695,unlabeled
3696,unlabeled
3697,unlabeled
3698,unlabeled
3699,unlabeled
3700,unlabeled
3701,unlabeled
3702,unlabeled
3703,unlabeled
3704,unlabeled
3705,unlabeled
3706,unlabeled
3707,unlabeled
3708,unlabeled
3709,unlabeled
3710,unlabeled
3711,unlabeled
3712,unlabeled
3713,unlabeled
3714,unlabeled
3715,unlabeled
3716,unlabeled
3717,unlabeled
3718,unlabeled
3719,unlabeled
3720,unlabeled
3721,unlabeled
3722,unlabeled
3723,unlabeled
3724,unlabeled
3725,unlabeled
3726,unlabeled
3727,unlabeled
3728,unlabeled
3729,unlabeled
3730,unlabeled
3731,unlabeled
3732,unlabeled
3733,unlabeled
3734,unlabeled
3735,unlabeled
3736,unlabeled
3737,unlabeled
3738,unlabeled
3739,unlabeled
3740,unlabeled
3741,unlabeled
3742,unlabeled
3743,unlabeled
3744,unlabeled
3745,unlabeled
3746,unlabeled
3747,unlabeled
3748,unlabeled
3749,unlabeled
3750,unlabeled
3751,unlabeled
3752,unlabeled
3753,unlabeled
3754,unlabeled
3755,unlabeled
3756,unlabeled
3757,unlabeled
3758,unlabeled
3759,unlabeled
3760,unlabeled
3761,unlabeled
3762,unlabeled
3763,unlabeled
3764,unlabeled
3765,unlabeled
3766,unlabeled
3767,unlabeled
3768,unlabeled
3769,unlabeled
3770,unlabeled
3771,unlabeled
3772,unlabeled
3773,unlabeled
3774,unlabeled
3775,unlabeled
3776,unlabeled
3777,unlabeled
3778,unlabeled
3779,unlabeled
3780,unlabeled
3781,unlabeled
3782,unlabeled
3783,unlabeled
3784,unlabeled
3785,unlabeled
3786,unlabeled
3787,unlabeled
3788,unlabeled
3789,unlabeled
3790,unlabeled
3791,unlabeled
3792,unlabeled
3793,unlabeled
3794,unlabeled
3795,unlabeled
3796,unlabeled
3797,unlabeled
3798,unlabeled
3799,unlabeled
3800,unlabeled
3801,unlabeled
3802,unlabeled
3803,unlabeled
3804,unlabeled
3805,unlabeled
3806,unlabeled
3807,unlabeled
3808,unlabeled
3809,unlabeled
3810,unlabeled
3811,unlabeled
3812,unlabeled
3813,unlabeled
3814,unlabeled
3815,unlabeled
3816,unlabeled
3817,unlabeled
3818,unlabeled
3819,unlabeled
3820,unlabeled
3821,unlabeled
3822,unlabeled
3823,unlabeled
3824,unlabeled
3825,unlabeled
3826,unlabeled
3827,unlabeled
3828,unlabeled
3829,unlabeled
3830,unlabeled
3831,unlabeled
3832,unlabeled
3833,unlabeled
3834,unlabeled
3835,unlabeled
3836,unlabeled
3837,unlabeled
3838,unlabeled
3839,unlabeled
3840,unlabeled
3841,unlabeled
3842,unlabeled
3843,unlabeled
3844,unlabeled
3845,unlabeled
3846,unlabeled
3847,unlabeled
3848,unlabeled
3849,unlabeled
3850,unlabeled
3851,unlabeled
3852,unlabeled
3853,unlabeled
3854,unlabeled
3855,unlabeled
3856,unlabeled
3857,unlabeled
3858,unlabeled
3859,unlabeled
3860,unlabeled
3861,unlabeled
3862,unlabeled
3863,unlabeled
3864,unlabeled
3865,unlabeled
3866,unlabeled
3867,unlabeled
3868,unlabeled
3869,unlabeled
3870,unlabeled
3871,unlabeled
3872,unlabeled
3873,unlabeled
3874,unlabeled
3875,unlabeled
3876,unlabeled
3877,unlabeled
3878,unlabeled
3879,unlabeled
3880,unlabeled
3881,unlabeled
3882,unlabeled
3883,unlabeled
3884,unlabeled
3885,unlabeled
3886,unlabeled
3887,unlabeled
3888,unlabeled
3889,unlabeled
3890,unlabeled
3891,unlabeled
3892,unlabeled
3893,unlabeled
3894,unlabeled
3895,unlabeled
3896,unlabeled
3897,unlabeled
3898,unlabeled
3899,unlabeled
3900,unlabeled
3901,unlabeled
3902,unlabeled
3903,unlabeled
3904,unlabeled
3905,unlabeled
3906,unlabeled
3907,unlabeled
3908,unlabeled
3909,unlabeled
3910,unlabeled
3911,unlabeled
3912,unlabeled
3913,unlabeled
3914,unlabeled
3915,unlabeled
3916,unlabeled
3917,unlabeled
3918,unlabeled
3919,unlabeled
3920,unlabeled
3921,unlabeled
3922,unlabeled
3923,unlabeled
3924,unlabeled
3925,unlabeled
3926,unlabeled
3927,unlabeled
3928,unlabeled
3929,unlabeled
3930,unlabeled
3931,unlabeled
3932,unlabeled
3933,unlabeled
3934,unlabeled
3935,unlabeled
3936,unlabeled
3937,unlabeled
3938,unlabeled
3939,unlabeled
3940,unlabeled
3941,unlabeled
3942,unlabeled
3943,unlabeled
3944,unlabeled
3945,unlabeled
3946,unlabeled
3947,unlabeled
3948,unlabeled
3949,unlabeled
3950,unlabeled
3951,unlabeled
3952,unlabeled
3953,unlabeled
3954,unlabeled
3955,unlabeled
3956,unlabeled
3957,unlabeled
3958,unlabeled
3959,unlabeled
3960,unlabeled
3961,unlabeled
3962,unlabeled
3963,unlabeled
3964,unlabeled
3965,unlabeled
3966,unlabeled
3967,unlabeled
3968,unlabeled
3969,unlabeled
3970,unlabeled
3971,unlabeled
3972,unlabeled
3973,unlabeled
3974,unlabeled
3975,unlabeled
3976,unlabeled
3977,unlabeled
3978,unlabeled
3979,unlabeled
3980,unlabeled
3981,unlabeled
3982,unlabeled
3983,unlabeled
3984,unlabeled
3985,unlabeled
3986,unlabeled
3987,unlabeled
3988,unlabeled
3989,unlabeled
3990,unlabeled
3991,unlabeled
3992,unlabeled
3993,unlabeled
3994,unlabeled
3995,unlabeled
3996,unlabeled
3997,unlabeled
3998,unlabeled
3999,unlabeled
4000,unlabeled
4001,unlabeled
4002,unlabeled
4003,unlabeled
4004,unlabeled
4005,unlabeled
4006,unlabeled
4007,unlabeled
4008,unlabeled
4009,unlabeled
4010,unlabeled
4011,unlabeled
4012,unlabeled
4013,unlabeled
4014,unlabeled
4015,unlabeled
4016,unlabeled
4017,unlabeled
4018,unlabeled
4019,unlabeled
4020,unlabeled
4021,unlabeled
4022,unlabeled
4023,unlabeled
4024,unlabeled
4025,unlabeled
4026,unlabeled
4027,unlabeled
4028,unlabeled
4029,unlabeled
4030,unlabeled
4031,unlabeled
4032,unlabeled
4033,unlabeled
4034,unlabeled
4035,unlabeled
4036,unlabeled
4037,unlabeled
4038,unlabeled
4039,unlabeled
4040,unlabeled
4041,unlabeled
4042,unlabeled
4043,unlabeled
4044,unlabeled
4045,unlabeled
4046,unlabeled
4047,unlabeled
4048,unlabeled
4049,unlabeled
4050,unlabeled
4051,unlabeled
4052,unlabeled
4053,unlabeled
4054,unlabeled
4055,unlabeled
4056,unlabeled
4057,unlabeled
4058,unlabeled
4059,unlabeled
4060,unlabeled
4061,unlabeled
4062,unlabeled
4063,unlabeled
4064,unlabeled
4065,unlabeled
4066,unlabeled
4067,unlabeled
4068,unlabeled
4069,unlabeled
4070,unlabeled
4071,unlabeled
4072,unlabeled
4073,unlabeled
4074,unlabeled
4075,unlabeled
4076,unlabeled
4077,unlabeled
4078,unlabeled
4079,unlabeled
4080,unlabeled
4081,unlabeled
4082,unlabeled
4083,unlabeled
4084,unlabeled
4085,unlabeled
4086,unlabeled
4087,unlabeled
4088,unlabeled
4089,unlabeled
4090,unlabeled
4091,unlabeled
4092,unlabeled
4093,unlabeled
4094,unlabeled
4095,unlabeled
4096,unlabeled
4097,unlabeled
4098,unlabeled
4099,unlabeled
4100,unlabeled
4101,unlabeled
4102,unlabeled
4103,unlabeled
4104,unlabeled
4105,unlabeled
4106,unlabeled
4107,unlabeled
4108,unlabeled
4109,unlabeled
4110,unlabeled
4111,unlabeled
4112,unlabeled
4113,unlabeled
4114,unlabeled
4115,unlabeled
4116,unlabeled
4117,unlabeled
4118,unlabeled
4119,unlabeled
4120,unlabeled
4121,unlabeled
4122,unlabeled
4123,unlabeled
4124,unlabeled
4125,unlabeled
4126,unlabeled
4127,unlabeled
4128,unlabeled
4129,unlabeled
4130,unlabeled
4131,unlabeled
4132,unlabeled
4133,unlabeled
4134,unlabeled
4135,unlabeled
4136,unlabeled
4137,unlabeled
4138,unlabeled
4139,unlabeled
4140,unlabeled
4141,unlabeled
4142,unlabeled
4143,unlabeled
4144,unlabeled
4145,unlabeled
4146,unlabeled
4147,unlabeled
4148,unlabeled
4149,unlabeled
4150,unlabeled
4151,unlabeled
4152,unlabeled
4153,unlabeled
4154,unlabeled
4155,unlabeled
4156,unlabeled
4157,unlabeled
4158,unlabeled
4159,unlabeled
4160,unlabeled
4161,unlabeled
4162,unlabeled
4163,unlabeled
4164,unlabeled
4165,unlabeled
4166,unlabeled
4167,unlabeled
4168,unlabeled
4169,unlabeled
4170,unlabeled
4171,unlabeled
4172,unlabeled
4173,unlabeled
4174,unlabeled
4175,unlabeled
4176,unlabeled
4177,unlabeled
4178,unlabeled
4179,unlabeled
4180,unlabeled
4181,unlabeled
4182,unlabeled
4183,unlabeled
4184,unlabeled
4185,unlabeled
4186,unlabeled
4187,unlabeled
4188,unlabeled
4189,unlabeled
4190,unlabeled
4191,unlabeled
4192,unlabeled
4193,unlabeled
4194,unlabeled
4195,unlabeled
4196,unlabeled
4197,unlabeled
4198,unlabeled
4199,unlabeled
4200,unlabeled
4201,unlabeled
4202,unlabeled
4203,unlabeled
4204,unlabeled
4205,unlabeled
4206,unlabeled
4207,unlabeled
4208,unlabeled
4209,unlabeled
4210,unlabeled
4211,unlabeled
4212,unlabeled
4213,unlabeled
4214,unlabeled
4215,unlabeled
4216,unlabeled
4217,unlabeled
4218,unlabeled
4219,unlabeled
4220,unlabeled
4221,unlabeled
4222,unlabeled
4223,unlabeled
4224,unlabeled
4225,unlabeled
4226,unlabeled
4227,unlabeled
4228,unlabeled
4229,unlabeled
4230,unlabeled
4231,unlabeled
4232,unlabeled
4233,unlabeled
4234,unlabeled
4235,unlabeled
4236,unlabeled
4237,unlabeled
4238,unlabeled
4239,unlabeled
4240,unlabeled
4241,unlabeled
4242,unlabeled
4243,unlabeled
4244,unlabeled
4245,unlabeled
4246,unlabeled
4247,unlabeled
4248,unlabeled
4249,unlabeled
4250,unlabeled
4251,unlabeled
4252,unlabeled
4253,unlabeled
4254,unlabeled
4255,unlabeled
4256,unlabeled
4257,unlabeled
4258,unlabeled
4259,unlabeled
4260,unlabeled
4261,unlabeled
4262,unlabeled
4263,unlabeled
4264,unlabeled
4265,unlabeled
4266,unlabeled
4267,unlabeled
4268,unlabeled
4269,unlabeled
4270,unlabeled
4271,unlabeled
4272,unlabeled
4273,unlabeled
4274,unlabeled
4275,unlabeled
4276,unlabeled
4277,unlabeled
4278,unlabeled
4279,unlabeled
4280,unlabeled
4281,unlabeled
4282,unlabeled
4283,unlabeled
4284,unlabeled
4285,unlabeled
4286,unlabeled
4287,unlabeled
4288,unlabeled
4289,unlabeled
4290,unlabeled
4291,unlabeled
4292,unlabeled
4293,unlabeled
4294,unlabeled
4295,unlabeled
4296,unlabeled
4297,unlabeled
4298,unlabeled
4299,unlabeled
4300,unlabeled
4301,unlabeled
4302,unlabeled
4303,unlabeled
4304,unlabeled
4305,unlabeled
4306,unlabeled
4307,unlabeled
4308,unlabeled
4309,unlabeled
4310,unlabeled
4311,unlabeled
4312,unlabeled
4313,unlabeled
4314,unlabeled
4315,unlabeled
4316,unlabeled
4317,unlabeled
4318,unlabeled
4319,unlabeled
4320,unlabeled
4321,unlabeled
4322,unlabeled
4323,unlabeled
4324,unlabeled
4325,unlabeled
4326,unlabeled
4327,unlabeled
4328,unlabeled
4329,unlabeled
4330,unlabeled
4331,unlabeled
4332,unlabeled
4333,unlabeled
4334,unlabeled
4335,unlabeled
4336,unlabeled
4337,unlabeled
4338,unlabeled
4339,unlabeled
4340,unlabeled
4341,unlabeled
4342,unlabeled
4343,unlabeled
4344,unlabeled
4345,unlabeled
4346,unlabeled
4347,unlabeled
4348,unlabeled
4349,unlabeled
4350,unlabeled
4351,unlabeled
4352,unlabeled
4353,unlabeled
4354,unlabeled
4355,unlabeled
4356,unlabeled
4357,unlabeled
4358,unlabeled
4359,unlabeled
4360,unlabeled
4361,unlabeled
4362,unlabeled
4363,unlabeled
4364,unlabeled
4365,unlabeled
4366,unlabeled
4367,unlabeled
4368,unlabeled
4369,unlabeled
4370,unlabeled
4371,unlabeled
4372,unlabeled
4373,unlabeled
4374,unlabeled
4375,unlabeled
4376,unlabeled
4377,unlabeled
4378,unlabeled
4379,unlabeled
4380,unlabeled
4381,unlabeled
4382,unlabeled
4383,unlabeled
4384,unlabeled
4385,unlabeled
4386,unlabeled
4387,unlabeled
4388,unlabeled
4389,unlabeled
4390,unlabeled
4391,unlabeled
4392,unlabeled
4393,unlabeled
4394,unlabeled
4395,unlabeled
4396,unlabeled
4397,unlabeled
4398,unlabeled
4399,unlabeled
4400,unlabeled
4401,unlabeled
4402,unlabeled
4403,unlabeled
4404,unlabeled
4405,unlabeled
4406,unlabeled
4407,unlabeled
4408,unlabeled
4409,unlabeled
4410,unlabeled
4411,unlabeled
4412,unlabeled
4413,unlabeled
4414,unlabeled
4415,unlabeled
4416,unlabeled
4417,unlabeled
4418,unlabeled
4419,unlabeled
4420,unlabeled
4421,unlabeled
4422,unlabeled
4423,unlabeled
4424,unlabeled
4425,unlabeled
4426,unlabeled
4427,unlabeled
4428,unlabeled
4429,unlabeled
4430,unlabeled
4431,unlabeled
4432,unlabeled
4433,unlabeled
4434,unlabeled
4435,unlabeled
4436,unlabeled
4437,unlabeled
4438,unlabeled
4439,unlabeled
4440,unlabeled
4441,unlabeled
4442,unlabeled
4443,unlabeled
4444,unlabeled
4445,unlabeled
4446,unlabeled
4447,unlabeled
4448,unlabeled
4449,unlabeled
4450,unlabeled
4451,unlabeled
4452,unlabeled
4453,unlabeled
4454,unlabeled
4455,unlabeled
4456,unlabeled
4457,unlabeled
4458,unlabeled
4459,unlabeled
4460,unlabeled
4461,unlabeled
4462,unlabeled
4463,unlabeled
4464,unlabeled
4465,unlabeled
4466,unlabeled
4467,unlabeled
4468,unlabeled
4469,unlabeled
4470,unlabeled
4471,unlabeled
4472,unlabeled
4473,unlabeled
4474,unlabeled
4475,unlabeled
4476,unlabeled
4477,unlabeled
4478,unlabeled
4479,unlabeled
4480,unlabeled
4481,unlabeled
4482,unlabeled
4483,unlabeled
4484,unlabeled
4485,unlabeled
4486,unlabeled
4487,unlabeled
4488,unlabeled
4489,unlabeled
4490,unlabeled
4491,unlabeled
4492,unlabeled
4493,unlabeled
4494,unlabeled
4495,unlabeled
4496,unlabeled
4497,unlabeled
4498,unlabeled
4499,unlabeled
4500,unlabeled
4501,unlabeled
4502,unlabeled
4503,unlabeled
4504,unlabeled
4505,unlabeled
4506,unlabeled
4507,unlabeled
4508,unlabeled
4509,unlabeled
4510,unlabeled
4511,unlabeled
4512,unlabeled
4513,unlabeled
4514,unlabeled
4515,unlabeled
4516,unlabeled
4517,unlabeled
4518,unlabeled
4519,unlabeled
4520,unlabeled
4521,unlabeled
4522,unlabeled
4523,unlabeled
4524,unlabeled
4525,unlabeled
4526,unlabeled
4527,unlabeled
4528,unlabeled
4529,unlabeled
4530,unlabeled
4531,unlabeled
4532,unlabeled
4533,unlabeled
4534,unlabeled
4535,unlabeled
4536,unlabeled
4537,unlabeled
4538,unlabeled
4539,unlabeled
4540,unlabeled
4541,unlabeled
4542,unlabeled
4543,unlabeled
4544,unlabeled
4545,unlabeled
4546,unlabeled
4547,unlabeled
4548,unlabeled
4549,unlabeled
4550,unlabeled
4551,unlabeled
4552,unlabeled
4553,unlabeled
4554,unlabeled
4555,unlabeled
4556,unlabeled
4557,unlabeled
4558,unlabeled
4559,unlabeled
4560,unlabeled
4561,unlabeled
4562,unlabeled
4563,unlabeled
4564,unlabeled
4565,unlabeled
4566,unlabeled
4567,unlabeled
4568,unlabeled
4569,unlabeled
4570,unlabeled
4571,unlabeled
4572,unlabeled
4573,unlabeled
4574,unlabeled
4575,unlabeled
4576,unlabeled
4577,unlabeled
4578,unlabeled
4579,unlabeled
4580,unlabeled
4581,unlabeled
4582,unlabeled
4583,unlabeled
4584,unlabeled
4585,unlabeled
4586,unlabeled
4587,unlabeled
4588,unlabeled
4589,unlabeled
4590,unlabeled
4591,unlabeled
4592,unlabeled
4593,unlabeled
4594,unlabeled
4595,unlabeled
4596,unlabeled
4597,unlabeled
4598,unlabeled
4599,unlabeled
4600,unlabeled
4601,unlabeled
4602,unlabeled
4603,unlabeled
4604,unlabeled
4605,unlabeled
4606,unlabeled
4607,unlabeled
4608,unlabeled
4609,unlabeled
4610,unlabeled
4611,unlabeled
4612,unlabeled
4613,unlabeled
4614,unlabeled
4615,unlabeled
4616,unlabeled
4617,unlabeled
4618,unlabeled
4619,unlabeled
4620,unlabeled
4621,unlabeled
4622,unlabeled
4623,unlabeled
4624,unlabeled
4625,unlabeled
4626,unlabeled
4627,unlabeled
4628,unlabeled
4629,unlabeled
4630,unlabeled
4631,unlabeled
4632,unlabeled
4633,unlabeled
4634,unlabeled
4635,unlabeled
4636,unlabeled
4637,unlabeled
4638,unlabeled
4639,unlabeled
4640,unlabeled
4641,unlabeled
4642,unlabeled
4643,unlabeled
4644,unlabeled
4645,unlabeled
4646,unlabeled
4647,unlabeled
4648,unlabeled
4649,unlabeled
4650,unlabeled
4651,unlabeled
4652,unlabeled
4653,unlabeled
4654,unlabeled
4655,unlabeled
4656,unlabeled
4657,unlabeled
4658,unlabeled
4659,unlabeled
4660,unlabeled
4661,unlabeled
4662,unlabeled
4663,unlabeled
4664,unlabeled
4665,unlabeled
4666,unlabeled
4667,unlabeled
4668,unlabeled
4669,unlabeled
4670,unlabeled
4671,unlabeled
4672,unlabeled
4673,unlabeled
4674,unlabeled
4675,unlabeled
4676,unlabeled
4677,unlabeled
4678,unlabeled
4679,unlabeled
4680,unlabeled
4681,unlabeled
4682,unlabeled
4683,unlabeled
4684,unlabeled
4685,unlabeled
4686,unlabeled
4687,unlabeled
4688,unlabeled
4689,unlabeled
4690,unlabeled
4691,unlabeled
4692,unlabeled
4693,unlabeled
4694,unlabeled
4695,unlabeled
4696,unlabeled
4697,unlabeled
4698,unlabeled
4699,unlabeled
4700,unlabeled
4701,unlabeled
4702,unlabeled
4703,unlabeled
4704,unlabeled
4705,unlabeled
4706,unlabeled
4707,unlabeled
4708,unlabeled
4709,unlabeled
4710,unlabeled
4711,unlabeled
4712,unlabeled
4713,unlabeled
4714,unlabeled
4715,unlabeled
4716,unlabeled
4717,unlabeled
4718,unlabeled
4719,unlabeled
4720,unlabeled
4721,unlabeled
4722,unlabeled
4723,unlabeled
4724,unlabeled
4725,unlabeled
4726,unlabeled
4727,unlabeled
4728,unlabeled
4729,unlabeled
4730,unlabeled
4731,unlabeled
4732,unlabeled
4733,unlabeled
4734,unlabeled
4735,unlabeled
4736,unlabeled
4737,unlabeled
4738,unlabeled
4739,unlabeled
4740,unlabeled
4741,unlabeled
4742,unlabeled
4743,unlabeled
4744,unlabeled
4745,unlabeled
4746,unlabeled
4747,unlabeled
4748,unlabeled
4749,unlabeled
4750,unlabeled
4751,unlabeled
4752,unlabeled
4753,unlabeled
4754,unlabeled
4755,unlabeled
4756,unlabeled
4757,unlabeled
4758,unlabeled
4759,unlabeled
4760,unlabeled
4761,unlabeled
4762,unlabeled
4763,unlabeled
4764,unlabeled
4765,unlabeled
4766,unlabeled
4767,unlabeled
4768,unlabeled
4769,unlabeled
4770,unlabeled
4771,unlabeled
4772,unlabeled
4773,unlabeled
4774,unlabeled
4775,unlabeled
4776,unlabeled
4777,unlabeled
4778,unlabeled
4779,unlabeled
4780,unlabeled
4781,unlabeled
4782,unlabeled
4783,unlabeled
4784,unlabeled
4785,unlabeled
4786,unlabeled
4787,unlabeled
4788,unlabeled
4789,unlabeled
4790,unlabeled
4791,unlabeled
4792,unlabeled
4793,unlabeled
4794,unlabeled
4795,unlabeled
4796,unlabeled
4797,unlabeled
4798,unlabeled
4799,unlabeled
4800,unlabeled
4801,unlabeled
4802,unlabeled
4803,unlabeled
4804,unlabeled
4805,unlabeled
4806,unlabeled
4807,unlabeled
4808,unlabeled
4809,unlabeled
4810,unlabeled
4811,unlabeled
4812,unlabeled
4813,unlabeled
4814,unlabeled
4815,unlabeled
4816,unlabeled
4817,unlabeled
4818,unlabeled
4819,unlabeled
4820,unlabeled
4821,unlabeled
4822,unlabeled
4823,unlabeled
4824,unlabeled
4825,unlabeled
4826,unlabeled
4827,unlabeled
4828,unlabeled
4829,unlabeled
4830,unlabeled
4831,unlabeled
4832,unlabeled
4833,unlabeled
4834,unlabeled
4835,unlabeled
4836,unlabeled
4837,unlabeled
4838,unlabeled
4839,unlabeled
4840,unlabeled
4841,unlabeled
4842,unlabeled
4843,unlabeled
4844,unlabeled
4845,unlabeled
4846,unlabeled
4847,unlabeled
4848,unlabeled
4849,unlabeled
4850,unlabeled
4851,unlabeled
4852,unlabeled
4853,unlabeled
4854,unlabeled
4855,unlabeled
4856,unlabeled
4857,unlabeled
4858,unlabeled
4859,unlabeled
4860,unlabeled
4861,unlabeled
4862,unlabeled
4863,unlabeled
4864,unlabeled
4865,unlabeled
4866,unlabeled
4867,unlabeled
4868,unlabeled
4869,unlabeled
4870,unlabeled
4871,unlabeled
4872,unlabeled
4873,unlabeled
4874,unlabeled
4875,unlabeled
4876,unlabeled
4877,unlabeled
4878,unlabeled
4879,unlabeled
4880,unlabeled
4881,unlabeled
4882,unlabeled
4883,unlabeled
4884,unlabeled
4885,unlabeled
4886,unlabeled
4887,unlabeled
4888,unlabeled
4889,unlabeled
4890,unlabeled
4891,unlabeled
4892,unlabeled
4893,unlabeled
4894,unlabeled
4895,unlabeled
4896,unlabeled
4897,unlabeled
4898,unlabeled
4899,unlabeled
4900,unlabeled
4901,unlabeled
4902,unlabeled
4903,unlabeled
4904,unlabeled
4905,unlabeled
4906,unlabeled
4907,unlabeled
4908,unlabeled
4909,unlabeled
4910,unlabeled
4911,unlabeled
4912,unlabeled
4913,unlabeled
4914,unlabeled
4915,unlabeled
4916,unlabeled
4917,unlabeled
4918,unlabeled
4919,unlabeled
4920,unlabeled
4921,unlabeled
4922,unlabeled
4923,unlabeled
4924,unlabeled
4925,unlabeled
4926,unlabeled
4927,unlabeled
4928,unlabeled
4929,unlabeled
4930,unlabeled
4931,unlabeled
4932,unlabeled
4933,unlabeled
4934,unlabeled
4935,unlabeled
4936,unlabeled
4937,unlabeled
4938,unlabeled
4939,unlabeled
4940,unlabeled
4941,unlabeled
4942,unlabeled
4943,unlabeled
4944,unlabeled
4945,unlabeled
4946,unlabeled
4947,unlabeled
4948,unlabeled
4949,unlabeled
4950,unlabeled
4951,unlabeled
4952,unlabeled
4953,unlabeled
4954,unlabeled
4955,unlabeled
4956,unlabeled
4957,unlabeled
4958,unlabeled
4959,unlabeled
4960,unlabeled
4961,unlabeled
4962,unlabeled
4963,unlabeled
4964,unlabeled
4965,unlabeled
4966,unlabeled
4967,unlabeled
4968,unlabeled
4969,unlabeled
4970,unlabeled
4971,unlabeled
4972,unlabeled
4973,unlabeled
4974,unlabeled
4975,unlabeled
4976,unlabeled
4977,unlabeled
4978,unlabeled
4979,unlabeled
4980,unlabeled
4981,unlabeled
4982,unlabeled
4983,unlabeled
4984,unlabeled
4985,unlabeled
4986,unlabeled
4987,unlabeled
4988,unlabeled
4989,unlabeled
4990,unlabeled
4991,unlabeled
4992,unlabeled
4993,unlabeled
4994,unlabeled
4995,unlabeled
4996,unlabeled
4997,unlabeled
4998,unlabeled
4999,unlabeled
5000,unlabeled
5001,unlabeled
5002,unlabeled
5003,unlabeled
5004,unlabeled
5005,unlabeled
5006,unlabeled
5007,unlabeled
5008,unlabeled
5009,unlabeled
5010,unlabeled
5011,unlabeled
5012,unlabeled
5013,unlabeled
5014,unlabeled
5015,unlabeled
5016,unlabeled
5017,unlabeled
5018,unlabeled
5019,unlabeled
5020,unlabeled
5021,unlabeled
5022,unlabeled
5023,unlabeled
5024,unlabeled
5025,unlabeled
5026,unlabeled
5027,unlabeled
5028,unlabeled
5029,unlabeled
5030,unlabeled
5031,unlabeled
5032,unlabeled
5033,unlabeled
5034,unlabeled
5035,unlabeled
5036,unlabeled
5037,unlabeled
5038,unlabeled
5039,unlabeled
5040,unlabeled
5041,unlabeled
5042,unlabeled
5043,unlabeled
5044,unlabeled
5045,unlabeled
5046,unlabeled
5047,unlabeled
5048,unlabeled
5049,unlabeled
5050,unlabeled
5051,unlabeled
5052,unlabeled
5053,unlabeled
5054,unlabeled
5055,unlabeled
5056,unlabeled
5057,unlabeled
5058,unlabeled
5059,unlabeled
5060,unlabeled
5061,unlabeled
5062,unlabeled
5063,unlabeled
5064,unlabeled
5065,unlabeled
5066,unlabeled
5067,unlabeled
5068,unlabeled
5069,unlabeled
5070,unlabeled
5071,unlabeled
5072,unlabeled
5073,unlabeled
5074,unlabeled
5075,unlabeled
5076,unlabeled
5077,unlabeled
5078,unlabeled
5079,unlabeled
5080,unlabeled
5081,unlabeled
5082,unlabeled
5083,unlabeled
5084,unlabeled
5085,unlabeled
5086,unlabeled
5087,unlabeled
5088,unlabeled
5089,unlabeled
5090,unlabeled
5091,unlabeled
5092,unlabeled
5093,unlabeled
5094,unlabeled
5095,unlabeled
5096,unlabeled
5097,unlabeled
5098,unlabeled
5099,unlabeled
5100,unlabeled
5101,unlabeled
5102,unlabeled
5103,unlabeled
5104,unlabeled
5105,unlabeled
5106,unlabeled
5107,unlabeled
5108,unlabeled
5109,unlabeled
5110,unlabeled
5111,unlabeled
5112,unlabeled
5113,unlabeled
5114,unlabeled
5115,unlabeled
5116,unlabeled
5117,unlabeled
5118,unlabeled
5119,unlabeled
5120,unlabeled
5121,unlabeled
5122,unlabeled
5123,unlabeled
5124,unlabeled
5125,unlabeled
5126,unlabeled
5127,unlabeled
5128,unlabeled
5129,unlabeled
5130,unlabeled
5131,unlabeled
5132,unlabeled
5133,unlabeled
5134,unlabeled
5135,unlabeled
5136,unlabeled
5137,unlabeled
5138,unlabeled
5139,unlabeled
5140,unlabeled
5141,unlabeled
5142,unlabeled
5143,unlabeled
5144,unlabeled
5145,unlabeled
5146,unlabeled
5147,unlabeled
5148,unlabeled
5149,unlabeled
5150,unlabeled
5151,unlabeled
5152,unlabeled
5153,unlabeled
5154,unlabeled
5155,unlabeled
5156,unlabeled
5157,unlabeled
5158,unlabeled
5159,unlabeled
5160,unlabeled
5161,unlabeled
5162,unlabeled
5163,unlabeled
5164,unlabeled
5165,unlabeled
5166,unlabeled
5167,unlabeled
5168,unlabeled
5169,unlabeled
5170,unlabeled
5171,unlabeled
5172,unlabeled
5173,unlabeled
5174,unlabeled
5175,unlabeled
5176,unlabeled
5177,unlabeled
5178,unlabeled
5179,unlabeled
5180,unlabeled
5181,unlabeled
5182,unlabeled
5183,unlabeled
5184,unlabeled
5185,unlabeled
5186,unlabeled
5187,unlabeled
5188,unlabeled
5189,unlabeled
5190,unlabeled
5191,unlabeled
5192,unlabeled
5193,unlabeled
5194,unlabeled
5195,unlabeled
5196,unlabeled
5197,unlabeled
5198,unlabeled
5199,unlabeled
5200,unlabeled
5201,unlabeled
5202,unlabeled
5203,unlabeled
5204,unlabeled
5205,unlabeled
5206,unlabeled
5207,unlabeled
5208,unlabeled
5209,unlabeled
5210,unlabeled
5211,unlabeled
5212,unlabeled
5213,unlabeled
5214,unlabeled
5215,unlabeled
5216,unlabeled
5217,unlabeled
5218,unlabeled
5219,unlabeled
5220,unlabeled
5221,unlabeled
5222,unlabeled
5223,unlabeled
5224,unlabeled
5225,unlabeled
5226,unlabeled
5227,unlabeled
5228,unlabeled
5229,unlabeled
5230,unlabeled
5231,unlabeled
5232,unlabeled
5233,unlabeled
5234,unlabeled
5235,unlabeled
5236,unlabeled
5237,unlabeled
5238,unlabeled
5239,unlabeled
5240,unlabeled
5241,unlabeled
5242,unlabeled
5243,unlabeled
5244,unlabeled
5245,unlabeled
5246,unlabeled
5247,unlabeled
5248,unlabeled
5249,unlabeled
5250,unlabeled
5251,unlabeled
5252,unlabeled
5253,unlabeled
5254,unlabeled
5255,unlabeled
5256,unlabeled
5257,unlabeled
5258,unlabeled
5259,unlabeled
5260,unlabeled
5261,unlabeled
5262,unlabeled
5263,unlabeled
5264,unlabeled
5265,unlabeled
5266,unlabeled
5267,unlabeled
5268,unlabeled
5269,unlabeled
5270,unlabeled
5271,unlabeled
5272,unlabeled
5273,unlabeled
5274,unlabeled
5275,unlabeled
5276,unlabeled
5277,unlabeled
5278,unlabeled
5279,unlabeled
5280,unlabeled
5281,unlabeled
5282,unlabeled
5283,unlabeled
5284,unlabeled
5285,unlabeled
5286,unlabeled
5287,unlabeled
5288,unlabeled
5289,unlabeled
5290,unlabeled
5291,unlabeled
5292,unlabeled
5293,unlabeled
5294,unlabeled
5295,unlabeled
5296,unlabeled
5297,unlabeled
5298,unlabeled
5299,unlabeled
5300,unlabeled
5301,unlabeled
5302,unlabeled
5303,unlabeled
5304,unlabeled
5305,unlabeled
5306,unlabeled
5307,unlabeled
5308,unlabeled
5309,unlabeled
5310,unlabeled
5311,unlabeled
5312,unlabeled
5313,unlabeled
5314,unlabeled
5315,unlabeled
5316,unlabeled
5317,unlabeled
5318,unlabeled
5319,unlabeled
5320,unlabeled
5321,unlabeled
5322,unlabeled
5323,unlabeled
5324,unlabeled
5325,unlabeled
5326,unlabeled
5327,unlabeled
5328,unlabeled
5329,unlabeled
5330,unlabeled
5331,unlabeled
5332,unlabeled
5333,unlabeled
5334,unlabeled
5335,unlabeled
5336,unlabeled
5337,unlabeled
5338,unlabeled
5339,unlabeled
5340,unlabeled
5341,unlabeled
5342,unlabeled
5343,unlabeled
5344,unlabeled
5345,unlabeled
5346,unlabeled
5347,unlabeled
5348,unlabeled
5349,unlabeled
5350,unlabeled
5351,unlabeled
5352,unlabeled
5353,unlabeled
5354,unlabeled
5355,unlabeled
5356,unlabeled
5357,unlabeled
5358,unlabeled
5359,unlabeled
5360,unlabeled
5361,unlabeled
5362,unlabeled
5363,unlabeled
5364,unlabeled
5365,unlabeled
5366,unlabeled
5367,unlabeled
5368,unlabeled
5369,unlabeled
5370,unlabeled
5371,unlabeled
5372,unlabeled
5373,unlabeled
5374,unlabeled
5375,unlabeled
5376,unlabeled
5377,unlabeled
5378,unlabeled
5379,unlabeled
5380,unlabeled
5381,unlabeled
5382,unlabeled
5383,unlabeled
5384,unlabeled
5385,unlabeled
5386,unlabeled
5387,unlabeled
5388,unlabeled
5389,unlabeled
5390,unlabeled
5391,unlabeled
5392,unlabeled
5393,unlabeled
5394,unlabeled
5395,unlabeled
5396,unlabeled
5397,unlabeled
5398,unlabeled
5399,unlabeled
5400,unlabeled
5401,unlabeled
5402,unlabeled
5403,unlabeled
5404,unlabeled
5405,unlabeled
5406,unlabeled
5407,unlabeled
5408,unlabeled
5409,unlabeled
5410,unlabeled
5411,unlabeled
5412,unlabeled
5413,unlabeled
5414,unlabeled
5415,unlabeled
5416,unlabeled
5417,unlabeled
5418,unlabeled
5419,unlabeled
5420,unlabeled
5421,unlabeled
5422,unlabeled
5423,unlabeled
5424,unlabeled
5425,unlabeled
5426,unlabeled
5427,unlabeled
5428,unlabeled
5429,unlabeled
5430,unlabeled
5431,unlabeled
5432,unlabeled
5433,unlabeled
5434,unlabeled
5435,unlabeled
5436,unlabeled
5437,unlabeled
5438,unlabeled
5439,unlabeled
5440,unlabeled
5441,unlabeled
5442,unlabeled
5443,unlabeled
5444,unlabeled
5445,unlabeled
5446,unlabeled
5447,unlabeled
5448,unlabeled
5449,unlabeled
5450,unlabeled
5451,unlabeled
5452,unlabeled
5453,unlabeled
5454,unlabeled
5455,unlabeled
5456,unlabeled
5457,unlabeled
5458,unlabeled
5459,unlabeled
5460,unlabeled
5461,unlabeled
5462,unlabeled
5463,unlabeled
5464,unlabeled
5465,unlabeled
5466,unlabeled
5467,unlabeled
5468,unlabeled
5469,unlabeled
5470,unlabeled
5471,unlabeled
5472,unlabeled
5473,unlabeled
5474,unlabeled
5475,unlabeled
5476,unlabeled
5477,unlabeled
5478,unlabeled
5479,unlabeled
5480,unlabeled
5481,unlabeled
5482,unlabeled
5483,unlabeled
5484,unlabeled
5485,unlabeled
5486,unlabeled
5487,unlabeled
5488,unlabeled
5489,unlabeled
5490,unlabeled
5491,unlabeled
5492,unlabeled
5493,unlabeled
5494,unlabeled
5495,unlabeled
5496,unlabeled
5497,unlabeled
5498,unlabeled
5499,unlabeled
5500,unlabeled
5501,unlabeled
5502,unlabeled
5503,unlabeled
5504,unlabeled
5505,unlabeled
5506,unlabeled
5507,unlabeled
5508,unlabeled
5509,unlabeled
5510,unlabeled
5511,unlabeled
5512,unlabeled
5513,unlabeled
5514,unlabeled
5515,unlabeled
5516,unlabeled
5517,unlabeled
5518,unlabeled
5519,unlabeled
5520,unlabeled
5521,unlabeled
5522,unlabeled
5523,unlabeled
5524,unlabeled
5525,unlabeled
5526,unlabeled
5527,unlabeled
5528,unlabeled
5529,unlabeled
5530,unlabeled
5531,unlabeled
5532,unlabeled
5533,unlabeled
5534,unlabeled
5535,unlabeled
5536,unlabeled
5537,unlabeled
5538,unlabeled
5539,unlabeled
5540,unlabeled
5541,unlabeled
5542,unlabeled
5543,unlabeled
5544,unlabeled
5545,unlabeled
5546,unlabeled
5547,unlabeled
5548,unlabeled
5549,unlabeled
5550,unlabeled
5551,unlabeled
5552,unlabeled
5553,unlabeled
5554,unlabeled
5555,unlabeled
5556,unlabeled
5557,unlabeled
5558,unlabeled
5559,unlabeled
5560,unlabeled
5561,unlabeled
5562,unlabeled
5563,unlabeled
5564,unlabeled
5565,unlabeled
5566,unlabeled
5567,unlabeled
5568,unlabeled
5569,unlabeled
5570,unlabeled
5571,unlabeled
5572,unlabeled
5573,unlabeled
5574,unlabeled
5575,unlabeled
5576,unlabeled
5577,unlabeled
5578,unlabeled
5579,unlabeled
5580,unlabeled
5581,unlabeled
5582,unlabeled
5583,unlabeled
5584,unlabeled
5585,unlabeled
5586,unlabeled
5587,unlabeled
5588,unlabeled
5589,unlabeled
5590,unlabeled
5591,unlabeled
5592,unlabeled
5593,unlabeled
5594,unlabeled
5595,unlabeled
5596,unlabeled
5597,unlabeled
5598,unlabeled
5599,unlabeled
5600,unlabeled
5601,unlabeled
5602,unlabeled
5603,unlabeled
5604,unlabeled
5605,unlabeled
5606,unlabeled
5607,unlabeled
5608,unlabeled
5609,unlabeled
5610,unlabeled
5611,unlabeled
5612,unlabeled
5613,unlabeled
5614,unlabeled
5615,unlabeled
5616,unlabeled
5617,unlabeled
5618,unlabeled
5619,unlabeled
5620,unlabeled
5621,unlabeled
5622,unlabeled
5623,unlabeled
5624,unlabeled
5625,unlabeled
5626,unlabeled
5627,unlabeled
5628,unlabeled
5629,unlabeled
5630,unlabeled
5631,unlabeled
5632,unlabeled
5633,unlabeled
5634,unlabeled
5635,unlabeled
5636,unlabeled
5637,unlabeled
5638,unlabeled
5639,unlabeled
5640,unlabeled
5641,unlabeled
5642,unlabeled
5643,unlabeled
5644,unlabeled
5645,unlabeled
5646,unlabeled
5647,unlabeled
5648,unlabeled
5649,unlabeled
5650,unlabeled
5651,unlabeled
5652,unlabeled
5653,unlabeled
5654,unlabeled
5655,unlabeled
5656,unlabeled
5657,unlabeled
5658,unlabeled
5659,unlabeled
5660,unlabeled
5661,unlabeled
5662,unlabeled
5663,unlabeled
5664,unlabeled
5665,unlabeled
5666,unlabeled
5667,unlabeled
5668,unlabeled
5669,unlabeled
5670,unlabeled
5671,unlabeled
5672,unlabeled
5673,unlabeled
5674,unlabeled
5675,unlabeled
5676,unlabeled
5677,unlabeled
5678,unlabeled
5679,unlabeled
5680,unlabeled
5681,unlabeled
5682,unlabeled
5683,unlabeled
5684,unlabeled
5685,unlabeled
5686,unlabeled
5687,unlabeled
5688,unlabeled
5689,unlabeled
5690,unlabeled
5691,unlabeled
5692,unlabeled
5693,unlabeled
5694,unlabeled
5695,unlabeled
5696,unlabeled
5697,unlabeled
5698,unlabeled
5699,unlabeled
5700,unlabeled
5701,unlabeled
5702,unlabeled
5703,unlabeled
5704,unlabeled
5705,unlabeled
5706,unlabeled
5707,unlabeled
5708,unlabeled
5709,unlabeled
5710,unlabeled
5711,unlabeled
5712,unlabeled
5713,unlabeled
5714,unlabeled
5715,unlabeled
5716,unlabeled
5717,unlabeled
5718,unlabeled
5719,unlabeled
5720,unlabeled
5721,unlabeled
5722,unlabeled
5723,unlabeled
5724,unlabeled
5725,unlabeled
5726,unlabeled
5727,unlabeled
5728,unlabeled
5729,unlabeled
5730,unlabeled
5731,unlabeled
5732,unlabeled
5733,unlabeled
5734,unlabeled
5735,unlabeled
5736,unlabeled
5737,unlabeled
5738,unlabeled
5739,unlabeled
5740,unlabeled
5741,unlabeled
5742,unlabeled
5743,unlabeled
5744,unlabeled
5745,unlabeled
5746,unlabeled
5747,unlabeled
5748,unlabeled
5749,unlabeled
5750,unlabeled
5751,unlabeled
5752,unlabeled
5753,unlabeled
5754,unlabeled
5755,unlabeled
5756,unlabeled
5757,unlabeled
5758,unlabeled
5759,unlabeled
5760,unlabeled
5761,unlabeled
5762,unlabeled
5763,unlabeled
5764,unlabeled
5765,unlabeled
5766,unlabeled
5767,unlabeled
5768,unlabeled
5769,unlabeled
5770,unlabeled
5771,unlabeled
5772,unlabeled
5773,unlabeled
5774,unlabeled
5775,unlabeled
5776,unlabeled
5777,unlabeled
5778,unlabeled
5779,unlabeled
5780,unlabeled
5781,unlabeled
5782,unlabeled
5783,unlabeled
5784,unlabeled
5785,unlabeled
5786,unlabeled
5787,unlabeled
5788,unlabeled
5789,unlabeled
5790,unlabeled
5791,unlabeled
5792,unlabeled
5793,unlabeled
5794,unlabeled
5795,unlabeled
5796,unlabeled
5797,unlabeled
5798,unlabeled
5799,unlabeled
5800,unlabeled
5801,unlabeled
5802,unlabeled
5803,unlabeled
5804,unlabeled
5805,unlabeled
5806,unlabeled
5807,unlabeled
5808,unlabeled
5809,unlabeled
5810,unlabeled
5811,unlabeled
5812,unlabeled
5813,unlabeled
5814,unlabeled
5815,unlabeled
5816,unlabeled
5817,unlabeled
5818,unlabeled
5819,unlabeled
5820,unlabeled
5821,unlabeled
5822,unlabeled
5823,unlabeled
5824,unlabeled
5825,unlabeled
5826,unlabeled
5827,unlabeled
5828,unlabeled
5829,unlabeled
5830,unlabeled
5831,unlabeled
5832,unlabeled
5833,unlabeled
5834,unlabeled
5835,unlabeled
5836,unlabeled
5837,unlabeled
5838,unlabeled
5839,unlabeled
5840,unlabeled
5841,unlabeled
5842,unlabeled
5843,unlabeled
5844,unlabeled
5845,unlabeled
5846,unlabeled
5847,unlabeled
5848,unlabeled
5849,unlabeled
5850,unlabeled
5851,unlabeled
5852,unlabeled
5853,unlabeled
5854,unlabeled
5855,unlabeled
5856,unlabeled
5857,unlabeled
5858,unlabeled
5859,unlabeled
5860,unlabeled
5861,unlabeled
5862,unlabeled
5863,unlabeled
5864,unlabeled
5865,unlabeled
5866,unlabeled
5867,unlabeled
5868,unlabeled
5869,unlabeled
5870,unlabeled
5871,unlabeled
5872,unlabeled
5873,unlabeled
5874,unlabeled
5875,unlabeled
5876,unlabeled
5877,unlabeled
5878,unlabeled
5879,unlabeled
5880,unlabeled
5881,unlabeled
5882,unlabeled
5883,unlabeled
5884,unlabeled
5885,unlabeled
5886,unlabeled
5887,unlabeled
5888,unlabeled
5889,unlabeled
5890,unlabeled
5891,unlabeled
5892,unlabeled
5893,unlabeled
5894,unlabeled
5895,unlabeled
5896,unlabeled
5897,unlabeled
5898,unlabeled
5899,unlabeled
5900,unlabeled
5901,unlabeled
5902,unlabeled
5903,unlabeled
5904,unlabeled
5905,unlabeled
5906,unlabeled
5907,unlabeled
5908,unlabeled
5909,unlabeled
5910,unlabeled
5911,unlabeled
5912,unlabeled
5913,unlabeled
5914,unlabeled
5915,unlabeled
5916,unlabeled
5917,unlabeled
5918,unlabeled
5919,unlabeled
5920,unlabeled
5921,unlabeled
5922,unlabeled
5923,unlabeled
5924,unlabeled
5925,unlabeled
5926,unlabeled
5927,unlabeled
5928,unlabeled
5929,unlabeled
5930,unlabeled
5931,unlabeled
5932,unlabeled
5933,unlabeled
5934,unlabeled
5935,unlabeled
5936,unlabeled
5937,unlabeled
5938,unlabeled
5939,unlabeled
5940,unlabeled
5941,unlabeled
5942,unlabeled
5943,unlabeled
5944,unlabeled
5945,unlabeled
5946,unlabeled
5947,unlabeled
5948,unlabeled
5949,unlabeled
5950,unlabeled
5951,unlabeled
5952,unlabeled
5953,unlabeled
5954,unlabeled
5955,unlabeled
5956,unlabeled
5957,unlabeled
5958,unlabeled
5959,unlabeled
5960,unlabeled
5961,unlabeled
5962,unlabeled
5963,unlabeled
5964,unlabeled
5965,unlabeled
5966,unlabeled
5967,unlabeled
5968,unlabeled
5969,unlabeled
5970,unlabeled
5971,unlabeled
5972,unlabeled
5973,unlabeled
5974,unlabeled
5975,unlabeled
5976,unlabeled
5977,unlabeled
5978,unlabeled
5979,unlabeled
5980,unlabeled
5981,unlabeled
5982,unlabeled
5983,unlabeled
5984,unlabeled
5985,unlabeled
5986,unlabeled
5987,unlabeled
5988,unlabeled
5989,unlabeled
5990,unlabeled
5991,unlabeled
5992,unlabeled
5993,unlabeled
5994,unlabeled
5995,unlabeled
5996,unlabeled
5997,unlabeled
5998,unlabeled
5999,unlabeled
6000,unlabeled
6001,unlabeled
6002,unlabeled
6003,unlabeled
6004,unlabeled
6005,unlabeled
6006,unlabeled
6007,unlabeled
6008,unlabeled
6009,unlabeled
6010,unlabeled
6011,unlabeled
6012,unlabeled
6013,unlabeled
6014,unlabeled
6015,unlabeled
6016,unlabeled
6017,unlabeled
6018,unlabeled
6019,unlabeled
6020,unlabeled
6021,unlabeled
6022,unlabeled
6023,unlabeled
6024,unlabeled
6025,unlabeled
6026,unlabeled
6027,unlabeled
6028,unlabeled
6029,unlabeled
6030,unlabeled
6031,unlabeled
6032,unlabeled
6033,unlabeled
6034,unlabeled
6035,unlabeled
6036,unlabeled
6037,unlabeled
6038,unlabeled
6039,unlabeled
6040,unlabeled
6041,unlabeled
6042,unlabeled
6043,unlabeled
6044,unlabeled
6045,unlabeled
6046,unlabeled
6047,unlabeled
6048,unlabeled
6049,unlabeled
6050,unlabeled
6051,unlabeled
6052,unlabeled
6053,unlabeled
6054,unlabeled
6055,unlabeled
6056,unlabeled
6057,unlabeled
6058,unlabeled
6059,unlabeled
6060,unlabeled
6061,unlabeled
6062,unlabeled
6063,unlabeled
6064,unlabeled
6065,unlabeled
6066,unlabeled
6067,unlabeled
6068,unlabeled
6069,unlabeled
6070,unlabeled
6071,unlabeled
6072,unlabeled
6073,unlabeled
6074,unlabeled
6075,unlabeled
6076,unlabeled
6077,unlabeled
6078,unlabeled
6079,unlabeled
6080,unlabeled
6081,unlabeled
6082,unlabeled
6083,unlabeled
6084,unlabeled
6085,unlabeled
6086,unlabeled
6087,unlabeled
6088,unlabeled
6089,unlabeled
6090,unlabeled
6091,unlabeled
6092,unlabeled
6093,unlabeled
6094,unlabeled
6095,unlabeled
6096,unlabeled
6097,unlabeled
6098,unlabeled
6099,unlabeled
6100,unlabeled
6101,unlabeled
6102,unlabeled
6103,unlabeled
6104,unlabeled
6105,unlabeled
6106,unlabeled
6107,unlabeled
6108,unlabeled
6109,unlabeled
6110,unlabeled
6111,unlabeled
6112,unlabeled
6113,unlabeled
6114,unlabeled
6115,unlabeled
6116,unlabeled
6117,unlabeled
6118,unlabeled
6119,unlabeled
6120,unlabeled
6121,unlabeled
6122,unlabeled
6123,unlabeled
6124,unlabeled
6125,unlabeled
6126,unlabeled
6127,unlabeled
6128,unlabeled
6129,unlabeled
6130,unlabeled
6131,unlabeled
6132,unlabeled
6133,unlabeled
6134,unlabeled
6135,unlabeled
6136,unlabeled
6137,unlabeled
6138,unlabeled
6139,unlabeled
6140,unlabeled
6141,unlabeled
6142,unlabeled
6143,unlabeled
6144,unlabeled
6145,unlabeled
6146,unlabeled
6147,unlabeled
6148,unlabeled
6149,unlabeled
6150,unlabeled
6151,unlabeled
6152,unlabeled
6153,unlabeled
6154,unlabeled
6155,unlabeled
6156,unlabeled
6157,unlabeled
6158,unlabeled
6159,unlabeled
6160,unlabeled
6161,unlabeled
6162,unlabeled
6163,unlabeled
6164,unlabeled
6165,unlabeled
6166,unlabeled
6167,unlabeled
6168,unlabeled
6169,unlabeled
6170,unlabeled
6171,unlabeled
6172,unlabeled
6173,unlabeled
6174,unlabeled
6175,unlabeled
6176,unlabeled
6177,unlabeled
6178,unlabeled
6179,unlabeled
6180,unlabeled
6181,unlabeled
6182,unlabeled
6183,unlabeled
6184,unlabeled
6185,unlabeled
6186,unlabeled
6187,unlabeled
6188,unlabeled
6189,unlabeled
6190,unlabeled
6191,unlabeled
6192,unlabeled
6193,unlabeled
6194,unlabeled
6195,unlabeled
6196,unlabeled
6197,unlabeled
6198,unlabeled
6199,unlabeled
6200,unlabeled
6201,unlabeled
6202,unlabeled
6203,unlabeled
6204,unlabeled
6205,unlabeled
6206,unlabeled
6207,unlabeled
6208,unlabeled
6209,unlabeled
6210,unlabeled
6211,unlabeled
6212,unlabeled
6213,unlabeled
6214,unlabeled
6215,unlabeled
6216,unlabeled
6217,unlabeled
6218,unlabeled
6219,unlabeled
6220,unlabeled
6221,unlabeled
6222,unlabeled
6223,unlabeled
6224,unlabeled
6225,unlabeled
6226,unlabeled
6227,unlabeled
6228,unlabeled
6229,unlabeled
6230,unlabeled
6231,unlabeled
6232,unlabeled
6233,unlabeled
6234,unlabeled
6235,unlabeled
6236,unlabeled
6237,unlabeled
6238,unlabeled
6239,unlabeled
6240,unlabeled
6241,unlabeled
6242,unlabeled
6243,unlabeled
6244,unlabeled
6245,unlabeled
6246,unlabeled
6247,unlabeled
6248,unlabeled
6249,unlabeled
6250,unlabeled
6251,unlabeled
6252,unlabeled
6253,unlabeled
6254,unlabeled
6255,unlabeled
6256,unlabeled
6257,unlabeled
6258,unlabeled
6259,unlabeled
6260,unlabeled
6261,unlabeled
6262,unlabeled
6263,unlabeled
6264,unlabeled
6265,unlabeled
6266,unlabeled
6267,unlabeled
6268,unlabeled
6269,unlabeled
6270,unlabeled
6271,unlabeled
6272,unlabeled
6273,unlabeled
6274,unlabeled
6275,unlabeled
6276,unlabeled
6277,unlabeled
6278,unlabeled
6279,unlabeled
6280,unlabeled
6281,unlabeled
6282,unlabeled
6283,unlabeled
6284,unlabeled
6285,unlabeled
6286,unlabeled
6287,unlabeled
6288,unlabeled
6289,unlabeled
6290,unlabeled
6291,unlabeled
6292,unlabeled
6293,unlabeled
6294,unlabeled
6295,unlabeled
6296,unlabeled
6297,unlabeled
6298,unlabeled
6299,unlabeled
6300,unlabeled
6301,unlabeled
6302,unlabeled
6303,unlabeled
6304,unlabeled
6305,unlabeled
6306,unlabeled
6307,unlabeled
6308,unlabeled
6309,unlabeled
6310,unlabeled
6311,unlabeled
6312,unlabeled
6313,unlabeled
6314,unlabeled
6315,unlabeled
6316,unlabeled
6317,unlabeled
6318,unlabeled
6319,unlabeled
6320,unlabeled
6321,unlabeled
6322,unlabeled
6323,unlabeled
6324,unlabeled
6325,unlabeled
6326,unlabeled
6327,unlabeled
6328,unlabeled
6329,unlabeled
6330,unlabeled
6331,unlabeled
6332,unlabeled
6333,unlabeled
6334,unlabeled
6335,unlabeled
6336,unlabeled
6337,unlabeled
6338,unlabeled
6339,unlabeled
6340,unlabeled
6341,unlabeled
6342,unlabeled
6343,unlabeled
6344,unlabeled
6345,unlabeled
6346,unlabeled
6347,unlabeled
6348,unlabeled
6349,unlabeled
6350,unlabeled
6351,unlabeled
6352,unlabeled
6353,unlabeled
6354,unlabeled
6355,unlabeled
6356,unlabeled
6357,unlabeled
6358,unlabeled
6359,unlabeled
6360,unlabeled
6361,unlabeled
6362,unlabeled
6363,unlabeled
6364,unlabeled
6365,unlabeled
6366,unlabeled
6367,unlabeled
6368,unlabeled
6369,unlabeled
6370,unlabeled
6371,unlabeled
6372,unlabeled
6373,unlabeled
6374,unlabeled
6375,unlabeled
6376,unlabeled
6377,unlabeled
6378,unlabeled
6379,unlabeled
6380,unlabeled
6381,unlabeled
6382,unlabeled
6383,unlabeled
6384,unlabeled
6385,unlabeled
6386,unlabeled
6387,unlabeled
6388,unlabeled
6389,unlabeled
6390,unlabeled
6391,unlabeled
6392,unlabeled
6393,unlabeled
6394,unlabeled
6395,unlabeled
6396,unlabeled
6397,unlabeled
6398,unlabeled
6399,unlabeled
6400,unlabeled
6401,unlabeled
6402,unlabeled
6403,unlabeled
6404,unlabeled
6405,unlabeled
6406,unlabeled
6407,unlabeled
6408,unlabeled
6409,unlabeled
6410,unlabeled
6411,unlabeled
6412,unlabeled
6413,unlabeled
6414,unlabeled
6415,unlabeled
6416,unlabeled
6417,unlabeled
6418,unlabeled
6419,unlabeled
6420,unlabeled
6421,unlabeled
6422,unlabeled
6423,unlabeled
6424,unlabeled
6425,unlabeled
6426,unlabeled
6427,unlabeled
6428,unlabeled
6429,unlabeled
6430,unlabeled
6431,unlabeled
6432,unlabeled
6433,unlabeled
6434,unlabeled
6435,unlabeled
6436,unlabeled
6437,unlabeled
6438,unlabeled
6439,unlabeled
6440,unlabeled
6441,unlabeled
6442,unlabeled
6443,unlabeled
6444,unlabeled
6445,unlabeled
6446,unlabeled
6447,unlabeled
6448,unlabeled
6449,unlabeled
6450,unlabeled
6451,unlabeled
6452,unlabeled
6453,unlabeled
6454,unlabeled
6455,unlabeled
6456,unlabeled
6457,unlabeled
6458,unlabeled
6459,unlabeled
6460,unlabeled
6461,unlabeled
6462,unlabeled
6463,unlabeled
6464,unlabeled
6465,unlabeled
6466,unlabeled
6467,unlabeled
6468,unlabeled
6469,unlabeled
6470,unlabeled
6471,unlabeled
6472,unlabeled
6473,unlabeled
6474,unlabeled
6475,unlabeled
6476,unlabeled
6477,unlabeled
6478,unlabeled
6479,unlabeled
6480,unlabeled
6481,unlabeled
6482,unlabeled
6483,unlabeled
6484,unlabeled
6485,unlabeled
6486,unlabeled
6487,unlabeled
6488,unlabeled
6489,unlabeled
6490,unlabeled
6491,unlabeled
6492,unlabeled
6493,unlabeled
6494,unlabeled
6495,unlabeled
6496,unlabeled
6497,unlabeled
6498,unlabeled
6499,unlabeled
6500,unlabeled
6501,unlabeled
6502,unlabeled
6503,unlabeled
6504,unlabeled
6505,unlabeled
6506,unlabeled
6507,unlabeled
6508,unlabeled
6509,unlabeled
6510,unlabeled
6511,unlabeled
6512,unlabeled
6513,unlabeled
6514,unlabeled
6515,unlabeled
6516,unlabeled
6517,unlabeled
6518,unlabeled
6519,unlabeled
6520,unlabeled
6521,unlabeled
6522,unlabeled
6523,unlabeled
6524,unlabeled
6525,unlabeled
6526,unlabeled
6527,unlabeled
6528,unlabeled
6529,unlabeled
6530,unlabeled
6531,unlabeled
6532,unlabeled
6533,unlabeled
6534,unlabeled
6535,unlabeled
6536,unlabeled
6537,unlabeled
6538,unlabeled
6539,unlabeled
6540,unlabeled
6541,unlabeled
6542,unlabeled
6543,unlabeled
6544,unlabeled
6545,unlabeled
6546,unlabeled
6547,unlabeled
6548,unlabeled
6549,unlabeled
6550,unlabeled
6551,unlabeled
6552,unlabeled
6553,unlabeled
6554,unlabeled
6555,unlabeled
6556,unlabeled
6557,unlabeled
6558,unlabeled
6559,unlabeled
6560,unlabeled
6561,unlabeled
6562,unlabeled
6563,unlabeled
6564,unlabeled
6565,unlabeled
6566,unlabeled
6567,unlabeled
6568,unlabeled
6569,unlabeled
6570,unlabeled
6571,unlabeled
6572,unlabeled
6573,unlabeled
6574,unlabeled
6575,unlabeled
6576,unlabeled
6577,unlabeled
6578,unlabeled
6579,unlabeled
6580,unlabeled
6581,unlabeled
6582,unlabeled
6583,unlabeled
6584,unlabeled
6585,unlabeled
6586,unlabeled
6587,unlabeled
6588,unlabeled
6589,unlabeled
6590,unlabeled
6591,unlabeled
6592,unlabeled
6593,unlabeled
6594,unlabeled
6595,unlabeled
6596,unlabeled
6597,unlabeled
6598,unlabeled
6599,unlabeled
6600,unlabeled
6601,unlabeled
6602,unlabeled
6603,unlabeled
6604,unlabeled
6605,unlabeled
6606,unlabeled
6607,unlabeled
6608,unlabeled
6609,unlabeled
6610,unlabeled
6611,unlabeled
6612,unlabeled
6613,unlabeled
6614,unlabeled
6615,unlabeled
6616,unlabeled
6617,unlabeled
6618,unlabeled
6619,unlabeled
6620,unlabeled
6621,unlabeled
6622,unlabeled
6623,unlabeled
6624,unlabeled
6625,unlabeled
6626,unlabeled
6627,unlabeled
6628,unlabeled
6629,unlabeled
6630,unlabeled
6631,unlabeled
6632,unlabeled
6633,unlabeled
6634,unlabeled
6635,unlabeled
6636,unlabeled
6637,unlabeled
6638,unlabeled
6639,unlabeled
6640,unlabeled
6641,unlabeled
6642,unlabeled
6643,unlabeled
6644,unlabeled
6645,unlabeled
6646,unlabeled
6647,unlabeled
6648,unlabeled
6649,unlabeled
6650,unlabeled
6651,unlabeled
6652,unlabeled
6653,unlabeled
6654,unlabeled
6655,unlabeled
6656,unlabeled
6657,unlabeled
6658,unlabeled
6659,unlabeled
6660,unlabeled
6661,unlabeled
6662,unlabeled
6663,unlabeled
6664,unlabeled
6665,unlabeled
6666,unlabeled
6667,unlabeled
6668,unlabeled
6669,unlabeled
6670,unlabeled
6671,unlabeled
6672,unlabeled
6673,unlabeled
6674,unlabeled
6675,unlabeled
6676,unlabeled
6677,unlabeled
6678,unlabeled
6679,unlabeled
6680,unlabeled
6681,unlabeled
6682,unlabeled
6683,unlabeled
6684,unlabeled
6685,unlabeled
6686,unlabeled
6687,unlabeled
6688,unlabeled
6689,unlabeled
6690,unlabeled
6691,unlabeled
6692,unlabeled
6693,unlabeled
6694,unlabeled
6695,unlabeled
6696,unlabeled
6697,unlabeled
6698,unlabeled
6699,unlabeled
6700,unlabeled
6701,unlabeled
6702,unlabeled
6703,unlabeled
6704,unlabeled
6705,unlabeled
6706,unlabeled
6707,unlabeled
6708,unlabeled
6709,unlabeled
6710,unlabeled
6711,unlabeled
6712,unlabeled
6713,unlabeled
6714,unlabeled
6715,unlabeled
6716,unlabeled
6717,unlabeled
6718,unlabeled
6719,unlabeled
6720,unlabeled
6721,unlabeled
6722,unlabeled
6723,unlabeled
6724,unlabeled
6725,unlabeled
6726,unlabeled
6727,unlabeled
6728,unlabeled
6729,unlabeled
6730,unlabeled
6731,unlabeled
6732,unlabeled
6733,unlabeled
6734,unlabeled
6735,unlabeled
6736,unlabeled
6737,unlabeled
6738,unlabeled
6739,unlabeled
6740,unlabeled
6741,unlabeled
6742,unlabeled
6743,unlabeled
6744,unlabeled
6745,unlabeled
6746,unlabeled
6747,unlabeled
6748,unlabeled
6749,unlabeled
6750,unlabeled
6751,unlabeled
6752,unlabeled
6753,unlabeled
6754,unlabeled
6755,unlabeled
6756,unlabeled
6757,unlabeled
6758,unlabeled
6759,unlabeled
6760,unlabeled
6761,unlabeled
6762,unlabeled
6763,unlabeled
6764,unlabeled
6765,unlabeled
6766,unlabeled
6767,unlabeled
6768,unlabeled
6769,unlabeled
6770,unlabeled
6771,unlabeled
6772,unlabeled
6773,unlabeled
6774,unlabeled
6775,unlabeled
6776,unlabeled
6777,unlabeled
6778,unlabeled
6779,unlabeled
6780,unlabeled
6781,unlabeled
6782,unlabeled
6783,unlabeled
6784,unlabeled
6785,unlabeled
6786,unlabeled
6787,unlabeled
6788,unlabeled
6789,unlabeled
6790,unlabeled
6791,unlabeled
6792,unlabeled
6793,unlabeled
6794,unlabeled
6795,unlabeled
6796,unlabeled
6797,unlabeled
6798,unlabeled
6799,unlabeled
6800,unlabeled
6801,unlabeled
6802,unlabeled
6803,unlabeled
6804,unlabeled
6805,unlabeled
6806,unlabeled
6807,unlabeled
6808,unlabeled
6809,unlabeled
6810,unlabeled
6811,unlabeled
6812,unlabeled
6813,unlabeled
6814,unlabeled
6815,unlabeled
6816,unlabeled
6817,unlabeled
6818,unlabeled
6819,unlabeled
6820,unlabeled
6821,unlabeled
6822,unlabeled
6823,unlabeled
6824,unlabeled
6825,unlabeled
6826,unlabeled
6827,unlabeled
6828,unlabeled
6829,unlabeled
6830,unlabeled
6831,unlabeled
6832,unlabeled
6833,unlabeled
6834,unlabeled
6835,unlabeled
6836,unlabeled
6837,unlabeled
6838,unlabeled
6839,unlabeled
6840,unlabeled
6841,unlabeled
6842,unlabeled
6843,unlabeled
6844,unlabeled
6845,unlabeled
6846,unlabeled
6847,unlabeled
6848,unlabeled
6849,unlabeled
6850,unlabeled
6851,unlabeled
6852,unlabeled
6853,unlabeled
6854,unlabeled
6855,unlabeled
6856,unlabeled
6857,unlabeled
6858,unlabeled
6859,unlabeled
6860,unlabeled
6861,unlabeled
6862,unlabeled
6863,unlabeled
6864,unlabeled
6865,unlabeled
6866,unlabeled
6867,unlabeled
6868,unlabeled
6869,unlabeled
6870,unlabeled
6871,unlabeled
6872,unlabeled
6873,unlabeled
6874,unlabeled
6875,unlabeled
6876,unlabeled
6877,unlabeled
6878,unlabeled
6879,unlabeled
6880,unlabeled
6881,unlabeled
6882,unlabeled
6883,unlabeled
6884,unlabeled
6885,unlabeled
6886,unlabeled
6887,unlabeled
6888,unlabeled
6889,unlabeled
6890,unlabeled
6891,unlabeled
6892,unlabeled
6893,unlabeled
6894,unlabeled
6895,unlabeled
6896,unlabeled
6897,unlabeled
6898,unlabeled
6899,unlabeled
6900,unlabeled
6901,unlabeled
6902,unlabeled
6903,unlabeled
6904,unlabeled
6905,unlabeled
6906,unlabeled
6907,unlabeled
6908,unlabeled
6909,unlabeled
6910,unlabeled
6911,unlabeled
6912,unlabeled
6913,unlabeled
6914,unlabeled
6915,unlabeled
6916,unlabeled
6917,unlabeled
6918,unlabeled
6919,unlabeled
6920,unlabeled
6921,unlabeled
6922,unlabeled
6923,unlabeled
6924,unlabeled
6925,unlabeled
6926,unlabeled
6927,unlabeled
6928,unlabeled
6929,unlabeled
6930,unlabeled
6931,unlabeled
6932,unlabeled
6933,unlabeled
6934,unlabeled
6935,unlabeled
6936,unlabeled
6937,unlabeled
6938,unlabeled
6939,unlabeled
6940,unlabeled
6941,unlabeled
6942,unlabeled
6943,unlabeled
6944,unlabeled
6945,unlabeled
6946,unlabeled
6947,unlabeled
6948,unlabeled
6949,unlabeled
6950,unlabeled
6951,unlabeled
6952,unlabeled
6953,unlabeled
6954,unlabeled
6955,unlabeled
6956,unlabeled
6957,unlabeled
6958,unlabeled
6959,unlabeled
6960,unlabeled
6961,unlabeled
6962,unlabeled
6963,unlabeled
6964,unlabeled
6965,unlabeled
6966,unlabeled
6967,unlabeled
6968,unlabeled
6969,unlabeled
6970,unlabeled
6971,unlabeled
6972,unlabeled
6973,unlabeled
6974,unlabeled
6975,unlabeled
6976,unlabeled
6977,unlabeled
6978,unlabeled
6979,unlabeled
6980,unlabeled
6981,unlabeled
6982,unlabeled
6983,unlabeled
6984,unlabeled
6985,unlabeled
6986,unlabeled
6987,unlabeled
6988,unlabeled
6989,unlabeled
6990,unlabeled
6991,unlabeled
6992,unlabeled
6993,unlabeled
6994,unlabeled
6995,unlabeled
6996,unlabeled
6997,unlabeled
6998,unlabeled
6999,unlabeled
7000,unlabeled
7001,unlabeled
7002,unlabeled
7003,unlabeled
7004,unlabeled
7005,unlabeled
7006,unlabeled
7007,unlabeled
7008,unlabeled
7009,unlabeled
7010,unlabeled
7011,unlabeled
7012,unlabeled
7013,unlabeled
7014,unlabeled
7015,unlabeled
7016,unlabeled
7017,unlabeled
7018,unlabeled
7019,unlabeled
7020,unlabeled
7021,unlabeled
7022,unlabeled
7023,unlabeled
7024,unlabeled
7025,unlabeled
7026,unlabeled
7027,unlabeled
7028,unlabeled
7029,unlabeled
7030,unlabeled
7031,unlabeled
7032,unlabeled
7033,unlabeled
7034,unlabeled
7035,unlabeled
7036,unlabeled
7037,unlabeled
7038,unlabeled
7039,unlabeled
7040,unlabeled
7041,unlabeled
7042,unlabeled
7043,unlabeled
7044,unlabeled
7045,unlabeled
7046,unlabeled
7047,unlabeled
7048,unlabeled
7049,unlabeled
7050,unlabeled
7051,unlabeled
7052,unlabeled
7053,unlabeled
7054,unlabeled
7055,unlabeled
7056,unlabeled
7057,unlabeled
7058,unlabeled
7059,unlabeled
7060,unlabeled
7061,unlabeled
7062,unlabeled
7063,unlabeled
7064,unlabeled
7065,unlabeled
7066,unlabeled
7067,unlabeled
7068,unlabeled
7069,unlabeled
7070,unlabeled
7071,unlabeled
7072,unlabeled
7073,unlabeled
7074,unlabeled
7075,unlabeled
7076,unlabeled
7077,unlabeled
7078,unlabeled
7079,unlabeled
7080,unlabeled
7081,unlabeled
7082,unlabeled
7083,unlabeled
7084,unlabeled
7085,unlabeled
7086,unlabeled
7087,unlabeled
7088,unlabeled
7089,unlabeled
7090,unlabeled
7091,unlabeled
7092,unlabeled
7093,unlabeled
7094,unlabeled
7095,unlabeled
7096,unlabeled
7097,unlabeled
7098,unlabeled
7099,unlabeled
7100,unlabeled
7101,unlabeled
7102,unlabeled
7103,unlabeled
7104,unlabeled
7105,unlabeled
7106,unlabeled
7107,unlabeled
7108,unlabeled
7109,unlabeled
7110,unlabeled
7111,unlabeled
7112,unlabeled
7113,unlabeled
7114,unlabeled
7115,unlabeled
7116,unlabeled
7117,unlabeled
7118,unlabeled
7119,unlabeled
7120,unlabeled
7121,unlabeled
7122,unlabeled
7123,unlabeled
7124,unlabeled
7125,unlabeled
7126,unlabeled
7127,unlabeled
7128,unlabeled
7129,unlabeled
7130,unlabeled
7131,unlabeled
7132,unlabeled
7133,unlabeled
7134,unlabeled
7135,unlabeled
7136,unlabeled
7137,unlabeled
7138,unlabeled
7139,unlabeled
7140,unlabeled
7141,unlabeled
7142,unlabeled
7143,unlabeled
7144,unlabeled
7145,unlabeled
7146,unlabeled
7147,unlabeled
7148,unlabeled
7149,unlabeled
7150,unlabeled
7151,unlabeled
7152,unlabeled
7153,unlabeled
7154,unlabeled
7155,unlabeled
7156,unlabeled
7157,unlabeled
7158,unlabeled
7159,unlabeled
7160,unlabeled
7161,unlabeled
7162,unlabeled
7163,unlabeled
7164,unlabeled
7165,unlabeled
7166,unlabeled
7167,unlabeled
7168,unlabeled
7169,unlabeled
7170,unlabeled
7171,unlabeled
7172,unlabeled
7173,unlabeled
7174,unlabeled
7175,unlabeled
7176,unlabeled
7177,unlabeled
7178,unlabeled
7179,unlabeled
7180,unlabeled
7181,unlabeled
7182,unlabeled
7183,unlabeled
7184,unlabeled
7185,unlabeled
7186,unlabeled
7187,unlabeled
7188,unlabeled
7189,unlabeled
7190,unlabeled
7191,unlabeled
7192,unlabeled
7193,unlabeled
7194,unlabeled
7195,unlabeled
7196,unlabeled
7197,unlabeled
7198,unlabeled
7199,unlabeled
7200,unlabeled
7201,unlabeled
7202,unlabeled
7203,unlabeled
7204,unlabeled
7205,unlabeled
7206,unlabeled
7207,unlabeled
7208,unlabeled
7209,unlabeled
7210,unlabeled
7211,unlabeled
7212,unlabeled
7213,unlabeled
7214,unlabeled
7215,unlabeled
7216,unlabeled
7217,unlabeled
7218,unlabeled
7219,unlabeled
7220,unlabeled
7221,unlabeled
7222,unlabeled
7223,unlabeled
7224,unlabeled
7225,unlabeled
7226,unlabeled
7227,unlabeled
7228,unlabeled
7229,unlabeled
7230,unlabeled
7231,unlabeled
7232,unlabeled
7233,unlabeled
7234,unlabeled
7235,unlabeled
7236,unlabeled
7237,unlabeled
7238,unlabeled
7239,unlabeled
7240,unlabeled
7241,unlabeled
7242,unlabeled
7243,unlabeled
7244,unlabeled
7245,unlabeled
7246,unlabeled
7247,unlabeled
7248,unlabeled
7249,unlabeled
7250,unlabeled
7251,unlabeled
7252,unlabeled
7253,unlabeled
7254,unlabeled
7255,unlabeled
7256,unlabeled
7257,unlabeled
7258,unlabeled
7259,unlabeled
7260,unlabeled
7261,unlabeled
7262,unlabeled
7263,unlabeled
7264,unlabeled
7265,unlabeled
7266,unlabeled
7267,unlabeled
7268,unlabeled
7269,unlabeled
7270,unlabeled
7271,unlabeled
7272,unlabeled
7273,unlabeled
7274,unlabeled
7275,unlabeled
7276,unlabeled
7277,unlabeled
7278,unlabeled
7279,unlabeled
7280,unlabeled
7281,unlabeled
7282,unlabeled
7283,unlabeled
7284,unlabeled
7285,unlabeled
7286,unlabeled
7287,unlabeled
7288,unlabeled
7289,unlabeled
7290,unlabeled
7291,unlabeled
7292,unlabeled
7293,unlabeled
7294,unlabeled
7295,unlabeled
7296,unlabeled
7297,unlabeled
7298,unlabeled
7299,unlabeled
7300,unlabeled
7301,unlabeled
7302,unlabeled
7303,unlabeled
7304,unlabeled
7305,unlabeled
7306,unlabeled
7307,unlabeled
7308,unlabeled
7309,unlabeled
7310,unlabeled
7311,unlabeled
7312,unlabeled
7313,unlabeled
7314,unlabeled
7315,unlabeled
7316,unlabeled
7317,unlabeled
7318,unlabeled
7319,unlabeled
7320,unlabeled
7321,unlabeled
7322,unlabeled
7323,unlabeled
7324,unlabeled
7325,unlabeled
7326,unlabeled
7327,unlabeled
7328,unlabeled
7329,unlabeled
7330,unlabeled
7331,unlabeled
7332,unlabeled
7333,unlabeled
7334,unlabeled
7335,unlabeled
7336,unlabeled
7337,unlabeled
7338,unlabeled
7339,unlabeled
7340,unlabeled
7341,unlabeled
7342,unlabeled
7343,unlabeled
7344,unlabeled
7345,unlabeled
7346,unlabeled
7347,unlabeled
7348,unlabeled
7349,unlabeled
7350,unlabeled
7351,unlabeled
7352,unlabeled
7353,unlabeled
7354,unlabeled
7355,unlabeled
7356,unlabeled
7357,unlabeled
7358,unlabeled
7359,unlabeled
7360,unlabeled
7361,unlabeled
7362,unlabeled
7363,unlabeled
7364,unlabeled
7365,unlabeled
7366,unlabeled
7367,unlabeled
7368,unlabeled
7369,unlabeled
7370,unlabeled
7371,unlabeled
7372,unlabeled
7373,unlabeled
7374,unlabeled
7375,unlabeled
7376,unlabeled
7377,unlabeled
7378,unlabeled
7379,unlabeled
7380,unlabeled
7381,unlabeled
7382,unlabeled
7383,unlabeled
7384,unlabeled
7385,unlabeled
7386,unlabeled
7387,unlabeled
7388,unlabeled
7389,unlabeled
7390,unlabeled
7391,unlabeled
7392,unlabeled
7393,unlabeled
7394,unlabeled
7395,unlabeled
7396,unlabeled
7397,unlabeled
7398,unlabeled
7399,unlabeled
7400,unlabeled
7401,unlabeled
7402,unlabeled
7403,unlabeled
7404,unlabeled
7405,unlabeled
7406,unlabeled
7407,unlabeled
7408,unlabeled
7409,unlabeled
7410,unlabeled
7411,unlabeled
7412,unlabeled
7413,unlabeled
7414,unlabeled
7415,unlabeled
7416,unlabeled
7417,unlabeled
7418,unlabeled
7419,unlabeled
7420,unlabeled
7421,unlabeled
7422,unlabeled
7423,unlabeled
7424,unlabeled
7425,unlabeled
7426,unlabeled
7427,unlabeled
7428,unlabeled
7429,unlabeled
7430,unlabeled
7431,unlabeled
7432,unlabeled
7433,unlabeled
7434,unlabeled
7435,unlabeled
7436,unlabeled
7437,unlabeled
7438,unlabeled
7439,unlabeled
7440,unlabeled
7441,unlabeled
7442,unlabeled
7443,unlabeled
7444,unlabeled
7445,unlabeled
7446,unlabeled
7447,unlabeled
7448,unlabeled
7449,unlabeled
7450,unlabeled
7451,unlabeled
7452,unlabeled
7453,unlabeled
7454,unlabeled
7455,unlabeled
7456,unlabeled
7457,unlabeled
7458,unlabeled
7459,unlabeled
7460,unlabeled
7461,unlabeled
7462,unlabeled
7463,unlabeled
7464,unlabeled
7465,unlabeled
7466,unlabeled
7467,unlabeled
7468,unlabeled
7469,unlabeled
7470,unlabeled
7471,unlabeled
7472,unlabeled
7473,unlabeled
7474,unlabeled
7475,unlabeled
7476,unlabeled
7477,unlabeled
7478,unlabeled
7479,unlabeled
7480,unlabeled
7481,unlabeled
7482,unlabeled
7483,unlabeled
7484,unlabeled
7485,unlabeled
7486,unlabeled
7487,unlabeled
7488,unlabeled
7489,unlabeled
7490,unlabeled
7491,unlabeled
7492,unlabeled
7493,unlabeled
7494,unlabeled
7495,unlabeled
7496,unlabeled
7497,unlabeled
7498,unlabeled
7499,unlabeled
7500,unlabeled
7501,unlabeled
7502,unlabeled
7503,unlabeled
7504,unlabeled
7505,unlabeled
7506,unlabeled
7507,unlabeled
7508,unlabeled
7509,unlabeled
7510,unlabeled
7511,unlabeled
7512,unlabeled
7513,unlabeled
7514,unlabeled
7515,unlabeled
7516,unlabeled
7517,unlabeled
7518,unlabeled
7519,unlabeled
7520,unlabeled
7521,unlabeled
7522,unlabeled
7523,unlabeled
7524,unlabeled
7525,unlabeled
7526,unlabeled
7527,unlabeled
7528,unlabeled
7529,unlabeled
7530,unlabeled
7531,unlabeled
7532,unlabeled
7533,unlabeled
7534,unlabeled
7535,unlabeled
7536,unlabeled
7537,unlabeled
7538,unlabeled
7539,unlabeled
7540,unlabeled
7541,unlabeled
7542,unlabeled
7543,unlabeled
7544,unlabeled
7545,unlabeled
7546,unlabeled
7547,unlabeled
7548,unlabeled
7549,unlabeled
7550,unlabeled
7551,unlabeled
7552,unlabeled
7553,unlabeled
7554,unlabeled
7555,unlabeled
7556,unlabeled
7557,unlabeled
7558,unlabeled
7559,unlabeled
7560,unlabeled
7561,unlabeled
7562,unlabeled
7563,unlabeled
7564,unlabeled
7565,unlabeled
7566,unlabeled
7567,unlabeled
7568,unlabeled
7569,unlabeled
7570,unlabeled
7571,unlabeled
7572,unlabeled
7573,unlabeled
7574,unlabeled
7575,unlabeled
7576,unlabeled
7577,unlabeled
7578,unlabeled
7579,unlabeled
7580,unlabeled
7581,unlabeled
7582,unlabeled
7583,unlabeled
7584,unlabeled
7585,unlabeled
7586,unlabeled
7587,unlabeled
7588,unlabeled
7589,unlabeled
7590,unlabeled
7591,unlabeled
7592,unlabeled
7593,unlabeled
7594,unlabeled
7595,unlabeled
7596,unlabeled
7597,unlabeled
7598,unlabeled
7599,unlabeled
7600,unlabeled
7601,unlabeled
7602,unlabeled
7603,unlabeled
7604,unlabeled
7605,unlabeled
7606,unlabeled
7607,unlabeled
7608,unlabeled
7609,unlabeled
7610,unlabeled
7611,unlabeled
7612,unlabeled
7613,unlabeled
7614,unlabeled
7615,unlabeled
7616,unlabeled
7617,unlabeled
7618,unlabeled
7619,unlabeled
7620,unlabeled
7621,unlabeled
7622,unlabeled
7623,unlabeled
7624,unlabeled
7625,unlabeled
7626,unlabeled
7627,unlabeled
7628,unlabeled
7629,unlabeled
7630,unlabeled
7631,unlabeled
7632,unlabeled
7633,unlabeled
7634,unlabeled
7635,unlabeled
7636,unlabeled
7637,unlabeled
7638,unlabeled
7639,unlabeled
7640,unlabeled
7641,unlabeled
7642,unlabeled
7643,unlabeled
7644,unlabeled
7645,unlabeled
7646,unlabeled
7647,unlabeled
7648,unlabeled
7649,unlabeled
7650,unlabeled
7651,unlabeled
7652,unlabeled
7653,unlabeled
7654,unlabeled
7655,unlabeled
7656,unlabeled
7657,unlabeled
7658,unlabeled
7659,unlabeled
7660,unlabeled
7661,unlabeled
7662,unlabeled
7663,unlabeled
7664,unlabeled
7665,unlabeled
7666,unlabeled
7667,unlabeled
7668,unlabeled
7669,unlabeled
7670,unlabeled
7671,unlabeled
7672,unlabeled
7673,unlabeled
7674,unlabeled
7675,unlabeled
7676,unlabeled
7677,unlabeled
7678,unlabeled
7679,unlabeled
7680,unlabeled
7681,unlabeled
7682,unlabeled
7683,unlabeled
7684,unlabeled
7685,unlabeled
7686,unlabeled
7687,unlabeled
7688,unlabeled
7689,unlabeled
7690,unlabeled
7691,unlabeled
7692,unlabeled
7693,unlabeled
7694,unlabeled
7695,unlabeled
7696,unlabeled
7697,unlabeled
7698,unlabeled
7699,unlabeled
7700,unlabeled
7701,unlabeled
7702,unlabeled
7703,unlabeled
7704,unlabeled
7705,unlabeled
7706,unlabeled
7707,unlabeled
7708,unlabeled
7709,unlabeled
7710,unlabeled
7711,unlabeled
7712,unlabeled
7713,unlabeled
7714,unlabeled
7715,unlabeled
7716,unlabeled
7717,unlabeled
7718,unlabeled
7719,unlabeled
7720,unlabeled
7721,unlabeled
7722,unlabeled
7723,unlabeled
7724,unlabeled
7725,unlabeled
7726,unlabeled
7727,unlabeled
7728,unlabeled
7729,unlabeled
7730,unlabeled
7731,unlabeled
7732,unlabeled
7733,unlabeled
7734,unlabeled
7735,unlabeled
7736,unlabeled
7737,unlabeled
7738,unlabeled
7739,unlabeled
7740,unlabeled
7741,unlabeled
7742,unlabeled
7743,unlabeled
7744,unlabeled
7745,unlabeled
7746,unlabeled
7747,unlabeled
7748,unlabeled
7749,unlabeled
7750,unlabeled
7751,unlabeled
7752,unlabeled
7753,unlabeled
7754,unlabeled
7755,unlabeled
7756,unlabeled
7757,unlabeled
7758,unlabeled
7759,unlabeled
7760,unlabeled
7761,unlabeled
7762,unlabeled
7763,unlabeled
7764,unlabeled
7765,unlabeled
7766,unlabeled
7767,unlabeled
7768,unlabeled
7769,unlabeled
7770,unlabeled
7771,unlabeled
7772,unlabeled
7773,unlabeled
7774,unlabeled
7775,unlabeled
7776,unlabeled
7777,unlabeled
7778,unlabeled
7779,unlabeled
7780,unlabeled
7781,unlabeled
7782,unlabeled
7783,unlabeled
7784,unlabeled
7785,unlabeled
7786,unlabeled
7787,unlabeled
7788,unlabeled
7789,unlabeled
7790,unlabeled
7791,unlabeled
7792,unlabeled
7793,unlabeled
7794,unlabeled
7795,unlabeled
7796,unlabeled
7797,unlabeled
7798,unlabeled
7799,unlabeled
7800,unlabeled
7801,unlabeled
7802,unlabeled
7803,unlabeled
7804,unlabeled
7805,unlabeled
7806,unlabeled
7807,unlabeled
7808,unlabeled
7809,unlabeled
7810,unlabeled
7811,unlabeled
7812,unlabeled
7813,unlabeled
7814,unlabeled
7815,unlabeled
7816,unlabeled
7817,unlabeled
7818,unlabeled
7819,unlabeled
7820,unlabeled
7821,unlabeled
7822,unlabeled
7823,unlabeled
7824,unlabeled
7825,unlabeled
7826,unlabeled
7827,unlabeled
7828,unlabeled
7829,unlabeled
7830,unlabeled
7831,unlabeled
7832,unlabeled
7833,unlabeled
7834,unlabeled
7835,unlabeled
7836,unlabeled
7837,unlabeled
7838,unlabeled
7839,unlabeled
7840,unlabeled
7841,unlabeled
7842,unlabeled
7843,unlabeled
7844,unlabeled
7845,unlabeled
7846,unlabeled
7847,unlabeled
7848,unlabeled
7849,unlabeled
7850,unlabeled
7851,unlabeled
7852,unlabeled
7853,unlabeled
7854,unlabeled
7855,unlabeled
7856,unlabeled
7857,unlabeled
7858,unlabeled
7859,unlabeled
7860,unlabeled
7861,unlabeled
7862,unlabeled
7863,unlabeled
7864,unlabeled
7865,unlabeled
7866,unlabeled
7867,unlabeled
7868,unlabeled
7869,unlabeled
7870,unlabeled
7871,unlabeled
7872,unlabeled
7873,unlabeled
7874,unlabeled
7875,unlabeled
7876,unlabeled
7877,unlabeled
7878,unlabeled
7879,unlabeled
7880,unlabeled
7881,unlabeled
7882,unlabeled
7883,unlabeled
7884,unlabeled
7885,unlabeled
7886,unlabeled
7887,unlabeled
7888,unlabeled
7889,unlabeled
7890,unlabeled
7891,unlabeled
7892,unlabeled
7893,unlabeled
7894,unlabeled
7895,unlabeled
7896,unlabeled
7897,unlabeled
7898,unlabeled
7899,unlabeled
7900,unlabeled
7901,unlabeled
7902,unlabeled
7903,unlabeled
7904,unlabeled
7905,unlabeled
7906,unlabeled
7907,unlabeled
7908,unlabeled
7909,unlabeled
7910,unlabeled
7911,unlabeled
7912,unlabeled
7913,unlabeled
7914,unlabeled
7915,unlabeled
7916,unlabeled
7917,unlabeled
7918,unlabeled
7919,unlabeled
7920,unlabeled
7921,unlabeled
7922,unlabeled
7923,unlabeled
7924,unlabeled
7925,unlabeled
7926,unlabeled
7927,unlabeled
7928,unlabeled
7929,unlabeled
7930,unlabeled
7931,unlabeled
7932,unlabeled
7933,unlabeled
7934,unlabeled
7935,unlabeled
7936,unlabeled
7937,unlabeled
7938,unlabeled
7939,unlabeled
7940,unlabeled
7941,unlabeled
7942,unlabeled
7943,unlabeled
7944,unlabeled
7945,unlabeled
7946,unlabeled
7947,unlabeled
7948,unlabeled
7949,unlabeled
7950,unlabeled
7951,unlabeled
7952,unlabeled
7953,unlabeled
7954,unlabeled
7955,unlabeled
7956,unlabeled
7957,unlabeled
7958,unlabeled
7959,unlabeled
7960,unlabeled
7961,unlabeled
7962,unlabeled
7963,unlabeled
7964,unlabeled
7965,unlabeled
7966,unlabeled
7967,unlabeled
7968,unlabeled
7969,unlabeled
7970,unlabeled
7971,unlabeled
7972,unlabeled
7973,unlabeled
7974,unlabeled
7975,unlabeled
7976,unlabeled
7977,unlabeled
7978,unlabeled
7979,unlabeled
7980,unlabeled
7981,unlabeled
7982,unlabeled
7983,unlabeled
7984,unlabeled
7985,unlabeled
7986,unlabeled
7987,unlabeled
7988,unlabeled
7989,unlabeled
7990,unlabeled
7991,unlabeled
7992,unlabeled
7993,unlabeled
7994,unlabeled
7995,unlabeled
7996,unlabeled
7997,unlabeled
7998,unlabeled
7999,unlabeled
8000,unlabeled
8001,unlabeled
8002,unlabeled
8003,unlabeled
8004,unlabeled
8005,unlabeled
8006,unlabeled
8007,unlabeled
8008,unlabeled
8009,unlabeled
8010,unlabeled
8011,unlabeled
8012,unlabeled
8013,unlabeled
8014,unlabeled
8015,unlabeled
8016,unlabeled
8017,unlabeled
8018,unlabeled
8019,unlabeled
8020,unlabeled
8021,unlabeled
8022,unlabeled
8023,unlabeled
8024,unlabeled
8025,unlabeled
8026,unlabeled
8027,unlabeled
8028,unlabeled
8029,unlabeled
8030,unlabeled
8031,unlabeled
8032,unlabeled
8033,unlabeled
8034,unlabeled
8035,unlabeled
8036,unlabeled
8037,unlabeled
8038,unlabeled
8039,unlabeled
8040,unlabeled
8041,unlabeled
8042,unlabeled
8043,unlabeled
8044,unlabeled
8045,unlabeled
8046,unlabeled
8047,unlabeled
8048,unlabeled
8049,unlabeled
8050,unlabeled
8051,unlabeled
8052,unlabeled
8053,unlabeled
8054,unlabeled
8055,unlabeled
8056,unlabeled
8057,unlabeled
8058,unlabeled
8059,unlabeled
8060,unlabeled
8061,unlabeled
8062,unlabeled
8063,unlabeled
8064,unlabeled
8065,unlabeled
8066,unlabeled
8067,unlabeled
8068,unlabeled
8069,unlabeled
8070,unlabeled
8071,unlabeled
8072,unlabeled
8073,unlabeled
8074,unlabeled
8075,unlabeled
8076,unlabeled
8077,unlabeled
8078,unlabeled
8079,unlabeled
8080,unlabeled
8081,unlabeled
8082,unlabeled
8083,unlabeled
8084,unlabeled
8085,unlabeled
8086,unlabeled
8087,unlabeled
8088,unlabeled
8089,unlabeled
8090,unlabeled
8091,unlabeled
8092,unlabeled
8093,unlabeled
8094,unlabeled
8095,unlabeled
8096,unlabeled
8097,unlabeled
8098,unlabeled
8099,unlabeled
8100,unlabeled
8101,unlabeled
8102,unlabeled
8103,unlabeled
8104,unlabeled
8105,unlabeled
8106,unlabeled
8107,unlabeled
8108,unlabeled
8109,unlabeled
8110,unlabeled
8111,unlabeled
8112,unlabeled
8113,unlabeled
8114,unlabeled
8115,unlabeled
8116,unlabeled
8117,unlabeled
8118,unlabeled
8119,unlabeled
8120,unlabeled
8121,unlabeled
8122,unlabeled
8123,unlabeled
8124,unlabeled
8125,unlabeled
8126,unlabeled
8127,unlabeled
8128,unlabeled
8129,unlabeled
8130,unlabeled
8131,unlabeled
8132,unlabeled
8133,unlabeled
8134,unlabeled
8135,unlabeled
8136,unlabeled
8137,unlabeled
8138,unlabeled
8139,unlabeled
8140,unlabeled
8141,unlabeled
8142,unlabeled
8143,unlabeled
8144,unlabeled
8145,unlabeled
8146,unlabeled
8147,unlabeled
8148,unlabeled
8149,unlabeled
8150,unlabeled
8151,unlabeled
8152,unlabeled
8153,unlabeled
8154,unlabeled
8155,unlabeled
8156,unlabeled
8157,unlabeled
8158,unlabeled
8159,unlabeled
8160,unlabeled
8161,unlabeled
8162,unlabeled
8163,unlabeled
8164,unlabeled
8165,unlabeled
8166,unlabeled
8167,unlabeled
8168,unlabeled
8169,unlabeled
8170,unlabeled
8171,unlabeled
8172,unlabeled
8173,unlabeled
8174,unlabeled
8175,unlabeled
8176,unlabeled
8177,unlabeled
8178,unlabeled
8179,unlabeled
8180,unlabeled
8181,unlabeled
8182,unlabeled
8183,unlabeled
8184,unlabeled
8185,unlabeled
8186,unlabeled
8187,unlabeled
8188,unlabeled
8189,unlabeled
8190,unlabeled
8191,unlabeled
8192,unlabeled
8193,unlabeled
8194,unlabeled
8195,unlabeled
8196,unlabeled
8197,unlabeled
8198,unlabeled
8199,unlabeled
8200,unlabeled
8201,unlabeled
8202,unlabeled
8203,unlabeled
8204,unlabeled
8205,unlabeled
8206,unlabeled
8207,unlabeled
8208,unlabeled
8209,unlabeled
8210,unlabeled
8211,unlabeled
8212,unlabeled
8213,unlabeled
8214,unlabeled
8215,unlabeled
8216,unlabeled
8217,unlabeled
8218,unlabeled
8219,unlabeled
8220,unlabeled
8221,unlabeled
8222,unlabeled
8223,unlabeled
8224,unlabeled
8225,unlabeled
8226,unlabeled
8227,unlabeled
8228,unlabeled
8229,unlabeled
8230,unlabeled
8231,unlabeled
8232,unlabeled
8233,unlabeled
8234,unlabeled
8235,unlabeled
8236,unlabeled
8237,unlabeled
8238,unlabeled
8239,unlabeled
8240,unlabeled
8241,unlabeled
8242,unlabeled
8243,unlabeled
8244,unlabeled
8245,unlabeled
8246,unlabeled
8247,unlabeled
8248,unlabeled
8249,unlabeled
8250,unlabeled
8251,unlabeled
8252,unlabeled
8253,unlabeled
8254,unlabeled
8255,unlabeled
8256,unlabeled
8257,unlabeled
8258,unlabeled
8259,unlabeled
8260,unlabeled
8261,unlabeled
8262,unlabeled
8263,unlabeled
8264,unlabeled
8265,unlabeled
8266,unlabeled
8267,unlabeled
8268,unlabeled
8269,unlabeled
8270,unlabeled
8271,unlabeled
8272,unlabeled
8273,unlabeled
8274,unlabeled
8275,unlabeled
8276,unlabeled
8277,unlabeled
8278,unlabeled
8279,unlabeled
8280,unlabeled
8281,unlabeled
8282,unlabeled
8283,unlabeled
8284,unlabeled
8285,unlabeled
8286,unlabeled
8287,unlabeled
8288,unlabeled
8289,unlabeled
8290,unlabeled
8291,unlabeled
8292,unlabeled
8293,unlabeled
8294,unlabeled
8295,unlabeled
8296,unlabeled
8297,unlabeled
8298,unlabeled
8299,unlabeled
8300,unlabeled
8301,unlabeled
8302,unlabeled
8303,unlabeled
8304,unlabeled
8305,unlabeled
8306,unlabeled
8307,unlabeled
8308,unlabeled
8309,unlabeled
8310,unlabeled
8311,unlabeled
8312,unlabeled
8313,unlabeled
8314,unlabeled
8315,unlabeled
8316,unlabeled
8317,unlabeled
8318,unlabeled
8319,unlabeled
8320,unlabeled
8321,unlabeled
8322,unlabeled
8323,unlabeled
8324,unlabeled
8325,unlabeled
8326,unlabeled
8327,unlabeled
8328,unlabeled
8329,unlabeled
8330,unlabeled
8331,unlabeled
8332,unlabeled
8333,unlabeled
8334,unlabeled
8335,unlabeled
8336,unlabeled
8337,unlabeled
8338,unlabeled
8339,unlabeled
8340,unlabeled
8341,unlabeled
8342,unlabeled
8343,unlabeled
8344,unlabeled
8345,unlabeled
8346,unlabeled
8347,unlabeled
8348,unlabeled
8349,unlabeled
8350,unlabeled
8351,unlabeled
8352,unlabeled
8353,unlabeled
8354,unlabeled
8355,unlabeled
8356,unlabeled
8357,unlabeled
8358,unlabeled
8359,unlabeled
8360,unlabeled
8361,unlabeled
8362,unlabeled
8363,unlabeled
8364,unlabeled
8365,unlabeled
8366,unlabeled
8367,unlabeled
8368,unlabeled
8369,unlabeled
8370,unlabeled
8371,unlabeled
8372,unlabeled
8373,unlabeled
8374,unlabeled
8375,unlabeled
8376,unlabeled
8377,unlabeled
8378,unlabeled
8379,unlabeled
8380,unlabeled
8381,unlabeled
8382,unlabeled
8383,unlabeled
8384,unlabeled
8385,unlabeled
8386,unlabeled
8387,unlabeled
8388,unlabeled
8389,unlabeled
8390,unlabeled
8391,unlabeled
8392,unlabeled
8393,unlabeled
8394,unlabeled
8395,unlabeled
8396,unlabeled
8397,unlabeled
8398,unlabeled
8399,unlabeled
8400,unlabeled
8401,unlabeled
8402,unlabeled
8403,unlabeled
8404,unlabeled
8405,unlabeled
8406,unlabeled
8407,unlabeled
8408,unlabeled
8409,unlabeled
8410,unlabeled
8411,unlabeled
8412,unlabeled
8413,unlabeled
8414,unlabeled
8415,unlabeled
8416,unlabeled
8417,unlabeled
8418,unlabeled
8419,unlabeled
8420,unlabeled
8421,unlabeled
8422,unlabeled
8423,unlabeled
8424,unlabeled
8425,unlabeled
8426,unlabeled
8427,unlabeled
8428,unlabeled
8429,unlabeled
8430,unlabeled
8431,unlabeled
8432,unlabeled
8433,unlabeled
8434,unlabeled
8435,unlabeled
8436,unlabeled
8437,unlabeled
8438,unlabeled
8439,unlabeled
8440,unlabeled
8441,unlabeled
8442,unlabeled
8443,unlabeled
8444,unlabeled
8445,unlabeled
8446,unlabeled
8447,unlabeled
8448,unlabeled
8449,unlabeled
8450,unlabeled
8451,unlabeled
8452,unlabeled
8453,unlabeled
8454,unlabeled
8455,unlabeled
8456,unlabeled
8457,unlabeled
8458,unlabeled
8459,unlabeled
8460,unlabeled
8461,unlabeled
8462,unlabeled
8463,unlabeled
8464,unlabeled
8465,unlabeled
8466,unlabeled
8467,unlabeled
8468,unlabeled
8469,unlabeled
8470,unlabeled
8471,unlabeled
8472,unlabeled
8473,unlabeled
8474,unlabeled
8475,unlabeled
8476,unlabeled
8477,unlabeled
8478,unlabeled
8479,unlabeled
8480,unlabeled
8481,unlabeled
8482,unlabeled
8483,unlabeled
8484,unlabeled
8485,unlabeled
8486,unlabeled
8487,unlabeled
8488,unlabeled
8489,unlabeled
8490,unlabeled
8491,unlabeled
8492,unlabeled
8493,unlabeled
8494,unlabeled
8495,unlabeled
8496,unlabeled
8497,unlabeled
8498,unlabeled
8499,unlabeled
8500,unlabeled
8501,unlabeled
8502,unlabeled
8503,unlabeled
8504,unlabeled
8505,unlabeled
8506,unlabeled
8507,unlabeled
8508,unlabeled
8509,unlabeled
8510,unlabeled
8511,unlabeled
8512,unlabeled
8513,unlabeled
8514,unlabeled
8515,unlabeled
8516,unlabeled
8517,unlabeled
8518,unlabeled
8519,unlabeled
8520,unlabeled
8521,unlabeled
8522,unlabeled
8523,unlabeled
8524,unlabeled
8525,unlabeled
8526,unlabeled
8527,unlabeled
8528,unlabeled
8529,unlabeled
8530,unlabeled
8531,unlabeled
8532,unlabeled
8533,unlabeled
8534,unlabeled
8535,unlabeled
8536,unlabeled
8537,unlabeled
8538,unlabeled
8539,unlabeled
8540,unlabeled
8541,unlabeled
8542,unlabeled
8543,unlabeled
8544,unlabeled
8545,unlabeled
8546,unlabeled
8547,unlabeled
8548,unlabeled
8549,unlabeled
8550,unlabeled
8551,unlabeled
8552,unlabeled
8553,unlabeled
8554,unlabeled
8555,unlabeled
8556,unlabeled
8557,unlabeled
8558,unlabeled
8559,unlabeled
8560,unlabeled
8561,unlabeled
8562,unlabeled
8563,unlabeled
8564,unlabeled
8565,unlabeled
8566,unlabeled
8567,unlabeled
8568,unlabeled
8569,unlabeled
8570,unlabeled
8571,unlabeled
8572,unlabeled
8573,unlabeled
8574,unlabeled
8575,unlabeled
8576,unlabeled
8577,unlabeled
8578,unlabeled
8579,unlabeled
8580,unlabeled
8581,unlabeled
8582,unlabeled
8583,unlabeled
8584,unlabeled
8585,unlabeled
8586,unlabeled
8587,unlabeled
8588,unlabeled
8589,unlabeled
8590,unlabeled
8591,unlabeled
8592,unlabeled
8593,unlabeled
8594,unlabeled
8595,unlabeled
8596,unlabeled
8597,unlabeled
8598,unlabeled
8599,unlabeled
8600,unlabeled
8601,unlabeled
8602,unlabeled
8603,unlabeled
8604,unlabeled
8605,unlabeled
8606,unlabeled
8607,unlabeled
8608,unlabeled
8609,unlabeled
8610,unlabeled
8611,unlabeled
8612,unlabeled
8613,unlabeled
8614,unlabeled
8615,unlabeled
8616,unlabeled
8617,unlabeled
8618,unlabeled
8619,unlabeled
8620,unlabeled
8621,unlabeled
8622,unlabeled
8623,unlabeled
8624,unlabeled
8625,unlabeled
8626,unlabeled
8627,unlabeled
8628,unlabeled
8629,unlabeled
8630,unlabeled
8631,unlabeled
8632,unlabeled
8633,unlabeled
8634,unlabeled
8635,unlabeled
8636,unlabeled
8637,unlabeled
8638,unlabeled
8639,unlabeled
8640,unlabeled
8641,unlabeled
8642,unlabeled
8643,unlabeled
8644,unlabeled
8645,unlabeled
8646,unlabeled
8647,unlabeled
8648,unlabeled
8649,unlabeled
8650,unlabeled
8651,unlabeled
8652,unlabeled
8653,unlabeled
8654,unlabeled
8655,unlabeled
8656,unlabeled
8657,unlabeled
8658,unlabeled
8659,unlabeled
8660,unlabeled
8661,unlabeled
8662,unlabeled
8663,unlabeled
8664,unlabeled
8665,unlabeled
8666,unlabeled
8667,unlabeled
8668,unlabeled
8669,unlabeled
8670,unlabeled
8671,unlabeled
8672,unlabeled
8673,unlabeled
8674,unlabeled
8675,unlabeled
8676,unlabeled
8677,unlabeled
8678,unlabeled
8679,unlabeled
8680,unlabeled
8681,unlabeled
8682,unlabeled
8683,unlabeled
8684,unlabeled
8685,unlabeled
8686,unlabeled
8687,unlabeled
8688,unlabeled
8689,unlabeled
8690,unlabeled
8691,unlabeled
8692,unlabeled
8693,unlabeled
8694,unlabeled
8695,unlabeled
8696,unlabeled
8697,unlabeled
8698,unlabeled
8699,unlabeled
8700,unlabeled
8701,unlabeled
8702,unlabeled
8703,unlabeled
8704,unlabeled
8705,unlabeled
8706,unlabeled
8707,unlabeled
8708,unlabeled
8709,unlabeled
8710,unlabeled
8711,unlabeled
8712,unlabeled
8713,unlabeled
8714,unlabeled
8715,unlabeled
8716,unlabeled
8717,unlabeled
8718,unlabeled
8719,unlabeled
8720,unlabeled
8721,unlabeled
8722,unlabeled
8723,unlabeled
8724,unlabeled
8725,unlabeled
8726,unlabeled
8727,unlabeled
8728,unlabeled
8729,unlabeled
8730,unlabeled
8731,unlabeled
8732,unlabeled
8733,unlabeled
8734,unlabeled
8735,unlabeled
8736,unlabeled
8737,unlabeled
8738,unlabeled
8739,unlabeled
8740,unlabeled
8741,unlabeled
8742,unlabeled
8743,unlabeled
8744,unlabeled
8745,unlabeled
8746,unlabeled
8747,unlabeled
8748,unlabeled
8749,unlabeled
8750,unlabeled
8751,unlabeled
8752,unlabeled
8753,unlabeled
8754,unlabeled
8755,unlabeled
8756,unlabeled
8757,unlabeled
8758,unlabeled
8759,unlabeled
8760,unlabeled
8761,unlabeled
8762,unlabeled
8763,unlabeled
8764,unlabeled
8765,unlabeled
8766,unlabeled
8767,unlabeled
8768,unlabeled
8769,unlabeled
8770,unlabeled
8771,unlabeled
8772,unlabeled
8773,unlabeled
8774,unlabeled
8775,unlabeled
8776,unlabeled
8777,unlabeled
8778,unlabeled
8779,unlabeled
8780,unlabeled
8781,unlabeled
8782,unlabeled
8783,unlabeled
8784,unlabeled
8785,unlabeled
8786,unlabeled
8787,unlabeled
8788,unlabeled
8789,unlabeled
8790,unlabeled
8791,unlabeled
8792,unlabeled
8793,unlabeled
8794,unlabeled
8795,unlabeled
8796,unlabeled
8797,unlabeled
8798,unlabeled
8799,unlabeled
8800,unlabeled
8801,unlabeled
8802,unlabeled
8803,unlabeled
8804,unlabeled
8805,unlabeled
8806,unlabeled
8807,unlabeled
8808,unlabeled
8809,unlabeled
8810,unlabeled
8811,unlabeled
8812,unlabeled
8813,unlabeled
8814,unlabeled
8815,unlabeled
8816,unlabeled
8817,unlabeled
8818,unlabeled
8819,unlabeled
8820,unlabeled
8821,unlabeled
8822,unlabeled
8823,unlabeled
8824,unlabeled
8825,unlabeled
8826,unlabeled
8827,unlabeled
8828,unlabeled
8829,unlabeled
8830,unlabeled
8831,unlabeled
8832,unlabeled
8833,unlabeled
8834,unlabeled
8835,unlabeled
8836,unlabeled
8837,unlabeled
8838,unlabeled
8839,unlabeled
8840,unlabeled
8841,unlabeled
8842,unlabeled
8843,unlabeled
8844,unlabeled
8845,unlabeled
8846,unlabeled
8847,unlabeled
8848,unlabeled
8849,unlabeled
8850,unlabeled
8851,unlabeled
8852,unlabeled
8853,unlabeled
8854,unlabeled
8855,unlabeled
8856,unlabeled
8857,unlabeled
8858,unlabeled
8859,unlabeled
8860,unlabeled
8861,unlabeled
8862,unlabeled
8863,unlabeled
8864,unlabeled
8865,unlabeled
8866,unlabeled
8867,unlabeled
8868,unlabeled
8869,unlabeled
8870,unlabeled
8871,unlabeled
8872,unlabeled
8873,unlabeled
8874,unlabeled
8875,unlabeled
8876,unlabeled
8877,unlabeled
8878,unlabeled
8879,unlabeled
8880,unlabeled
8881,unlabeled
8882,unlabeled
8883,unlabeled
8884,unlabeled
8885,unlabeled
8886,unlabeled
8887,unlabeled
8888,unlabeled
8889,unlabeled
8890,unlabeled
8891,unlabeled
8892,unlabeled
8893,unlabeled
8894,unlabeled
8895,unlabeled
8896,unlabeled
8897,unlabeled
8898,unlabeled
8899,unlabeled
8900,unlabeled
8901,unlabeled
8902,unlabeled
8903,unlabeled
8904,unlabeled
8905,unlabeled
8906,unlabeled
8907,unlabeled
8908,unlabeled
8909,unlabeled
8910,unlabeled
8911,unlabeled
8912,unlabeled
8913,unlabeled
8914,unlabeled
8915,unlabeled
8916,unlabeled
8917,unlabeled
8918,unlabeled
8919,unlabeled
8920,unlabeled
8921,unlabeled
8922,unlabeled
8923,unlabeled
8924,unlabeled
8925,unlabeled
8926,unlabeled
8927,unlabeled
8928,unlabeled
8929,unlabeled
8930,unlabeled
8931,unlabeled
8932,unlabeled
8933,unlabeled
8934,unlabeled
8935,unlabeled
8936,unlabeled
8937,unlabeled
8938,unlabeled
8939,unlabeled
8940,unlabeled
8941,unlabeled
8942,unlabeled
8943,unlabeled
8944,unlabeled
8945,unlabeled
8946,unlabeled
8947,unlabeled
8948,unlabeled
8949,unlabeled
8950,unlabeled
8951,unlabeled
8952,unlabeled
8953,unlabeled
8954,unlabeled
8955,unlabeled
8956,unlabeled
8957,unlabeled
8958,unlabeled
8959,unlabeled
8960,unlabeled
8961,unlabeled
8962,unlabeled
8963,unlabeled
8964,unlabeled
8965,unlabeled
8966,unlabeled
8967,unlabeled
8968,unlabeled
8969,unlabeled
8970,unlabeled
8971,unlabeled
8972,unlabeled
8973,unlabeled
8974,unlabeled
8975,unlabeled
8976,unlabeled
8977,unlabeled
8978,unlabeled
8979,unlabeled
8980,unlabeled
8981,unlabeled
8982,unlabeled
8983,unlabeled
8984,unlabeled
8985,unlabeled
8986,unlabeled
8987,unlabeled
8988,unlabeled
8989,unlabeled
8990,unlabeled
8991,unlabeled
8992,unlabeled
8993,unlabeled
8994,unlabeled
8995,unlabeled
8996,unlabeled
8997,unlabeled
8998,unlabeled
8999,unlabeled
9000,unlabeled
9001,unlabeled
9002,unlabeled
9003,unlabeled
9004,unlabeled
9005,unlabeled
9006,unlabeled
9007,unlabeled
9008,unlabeled
9009,unlabeled
9010,unlabeled
9011,unlabeled
9012,unlabeled
9013,unlabeled
9014,unlabeled
9015,unlabeled
9016,unlabeled
9017,unlabeled
9018,unlabeled
9019,unlabeled
9020,unlabeled
9021,unlabeled
9022,unlabeled
9023,unlabeled
9024,unlabeled
9025,unlabeled
9026,unlabeled
9027,unlabeled
9028,unlabeled
9029,unlabeled
9030,unlabeled
9031,unlabeled
9032,unlabeled
9033,unlabeled
9034,unlabeled
9035,unlabeled
9036,unlabeled
9037,unlabeled
9038,unlabeled
9039,unlabeled
9040,unlabeled
9041,unlabeled
9042,unlabeled
9043,unlabeled
9044,unlabeled
9045,unlabeled
9046,unlabeled
9047,unlabeled
9048,unlabeled
9049,unlabeled
9050,unlabeled
9051,unlabeled
9052,unlabeled
9053,unlabeled
9054,unlabeled
9055,unlabeled
9056,unlabeled
9057,unlabeled
9058,unlabeled
9059,unlabeled
9060,unlabeled
9061,unlabeled
9062,unlabeled
9063,unlabeled
9064,unlabeled
9065,unlabeled
9066,unlabeled
9067,unlabeled
9068,unlabeled
9069,unlabeled
9070,unlabeled
9071,unlabeled
9072,unlabeled
9073,unlabeled
9074,unlabeled
9075,unlabeled
9076,unlabeled
9077,unlabeled
9078,unlabeled
9079,unlabeled
9080,unlabeled
9081,unlabeled
9082,unlabeled
9083,unlabeled
9084,unlabeled
9085,unlabeled
9086,unlabeled
9087,unlabeled
9088,unlabeled
9089,unlabeled
9090,unlabeled
9091,unlabeled
9092,unlabeled
9093,unlabeled
9094,unlabeled
9095,unlabeled
9096,unlabeled
9097,unlabeled
9098,unlabeled
9099,unlabeled
9100,unlabeled
9101,unlabeled
9102,unlabeled
9103,unlabeled
9104,unlabeled
9105,unlabeled
9106,unlabeled
9107,unlabeled
9108,unlabeled
9109,unlabeled
9110,unlabeled
9111,unlabeled
9112,unlabeled
9113,unlabeled
9114,unlabeled
9115,unlabeled
9116,unlabeled
9117,unlabeled
9118,unlabeled
9119,unlabeled
9120,unlabeled
9121,unlabeled
9122,unlabeled
9123,unlabeled
9124,unlabeled
9125,unlabeled
9126,unlabeled
9127,unlabeled
9128,unlabeled
9129,unlabeled
9130,unlabeled
9131,unlabeled
9132,unlabeled
9133,unlabeled
9134,unlabeled
9135,unlabeled
9136,unlabeled
9137,unlabeled
9138,unlabeled
9139,unlabeled
9140,unlabeled
9141,unlabeled
9142,unlabeled
9143,unlabeled
9144,unlabeled
9145,unlabeled
9146,unlabeled
9147,unlabeled
9148,unlabeled
9149,unlabeled
9150,unlabeled
9151,unlabeled
9152,unlabeled
9153,unlabeled
9154,unlabeled
9155,unlabeled
9156,unlabeled
9157,unlabeled
9158,unlabeled
9159,unlabeled
9160,unlabeled
9161,unlabeled
9162,unlabeled
9163,unlabeled
9164,unlabeled
9165,unlabeled
9166,unlabeled
9167,unlabeled
9168,unlabeled
9169,unlabeled
9170,unlabeled
9171,unlabeled
9172,unlabeled
9173,unlabeled
9174,unlabeled
9175,unlabeled
9176,unlabeled
9177,unlabeled
9178,unlabeled
9179,unlabeled
9180,unlabeled
9181,unlabeled
9182,unlabeled
9183,unlabeled
9184,unlabeled
9185,unlabeled
9186,unlabeled
9187,unlabeled
9188,unlabeled
9189,unlabeled
9190,unlabeled
9191,unlabeled
9192,unlabeled
9193,unlabeled
9194,unlabeled
9195,unlabeled
9196,unlabeled
9197,unlabeled
9198,unlabeled
9199,unlabeled
9200,unlabeled
9201,unlabeled
9202,unlabeled
9203,unlabeled
9204,unlabeled
9205,unlabeled
9206,unlabeled
9207,unlabeled
9208,unlabeled
9209,unlabeled
9210,unlabeled
9211,unlabeled
9212,unlabeled
9213,unlabeled
9214,unlabeled
9215,unlabeled
9216,unlabeled
9217,unlabeled
9218,unlabeled
9219,unlabeled
9220,unlabeled
9221,unlabeled
9222,unlabeled
9223,unlabeled
9224,unlabeled
9225,unlabeled
9226,unlabeled
9227,unlabeled
9228,unlabeled
9229,unlabeled
9230,unlabeled
9231,unlabeled
9232,unlabeled
9233,unlabeled
9234,unlabeled
9235,unlabeled
9236,unlabeled
9237,unlabeled
9238,unlabeled
9239,unlabeled
9240,unlabeled
9241,unlabeled
9242,unlabeled
9243,unlabeled
9244,unlabeled
9245,unlabeled
9246,unlabeled
9247,unlabeled
9248,unlabeled
9249,unlabeled
9250,unlabeled
9251,unlabeled
9252,unlabeled
9253,unlabeled
9254,unlabeled
9255,unlabeled
9256,unlabeled
9257,unlabeled
9258,unlabeled
9259,unlabeled
9260,unlabeled
9261,unlabeled
9262,unlabeled
9263,unlabeled
9264,unlabeled
9265,unlabeled
9266,unlabeled
9267,unlabeled
9268,unlabeled
9269,unlabeled
9270,unlabeled
9271,unlabeled
9272,unlabeled
9273,unlabeled
9274,unlabeled
9275,unlabeled
9276,unlabeled
9277,unlabeled
9278,unlabeled
9279,unlabeled
9280,unlabeled
9281,unlabeled
9282,unlabeled
9283,unlabeled
9284,unlabeled
9285,unlabeled
9286,unlabeled
9287,unlabeled
9288,unlabeled
9289,unlabeled
9290,unlabeled
9291,unlabeled
9292,unlabeled
9293,unlabeled
9294,unlabeled
9295,unlabeled
9296,unlabeled
9297,unlabeled
9298,unlabeled
9299,unlabeled
9300,unlabeled
9301,unlabeled
9302,unlabeled
9303,unlabeled
9304,unlabeled
9305,unlabeled
9306,unlabeled
9307,unlabeled
9308,unlabeled
9309,unlabeled
9310,unlabeled
9311,unlabeled
9312,unlabeled
9313,unlabeled
9314,unlabeled
9315,unlabeled
9316,unlabeled
9317,unlabeled
9318,unlabeled
9319,unlabeled
9320,unlabeled
9321,unlabeled
9322,unlabeled
9323,unlabeled
9324,unlabeled
9325,unlabeled
9326,unlabeled
9327,unlabeled
9328,unlabeled
9329,unlabeled
9330,unlabeled
9331,unlabeled
9332,unlabeled
9333,unlabeled
9334,unlabeled
9335,unlabeled
9336,unlabeled
9337,unlabeled
9338,unlabeled
9339,unlabeled
9340,unlabeled
9341,unlabeled
9342,unlabeled
9343,unlabeled
9344,unlabeled
9345,unlabeled
9346,unlabeled
9347,unlabeled
9348,unlabeled
9349,unlabeled
9350,unlabeled
9351,unlabeled
9352,unlabeled
9353,unlabeled
9354,unlabeled
9355,unlabeled
9356,unlabeled
9357,unlabeled
9358,unlabeled
9359,unlabeled
9360,unlabeled
9361,unlabeled
9362,unlabeled
9363,unlabeled
9364,unlabeled
9365,unlabeled
9366,unlabeled
9367,unlabeled
9368,unlabeled
9369,unlabeled
9370,unlabeled
9371,unlabeled
9372,unlabeled
9373,unlabeled
9374,unlabeled
9375,unlabeled
9376,unlabeled
9377,unlabeled
9378,unlabeled
9379,unlabeled
9380,unlabeled
9381,unlabeled
9382,unlabeled
9383,unlabeled
9384,unlabeled
9385,unlabeled
9386,unlabeled
9387,unlabeled
9388,unlabeled
9389,unlabeled
9390,unlabeled
9391,unlabeled
9392,unlabeled
9393,unlabeled
9394,unlabeled
9395,unlabeled
9396,unlabeled
9397,unlabeled
9398,unlabeled
9399,unlabeled
9400,unlabeled
9401,unlabeled
9402,unlabeled
9403,unlabeled
9404,unlabeled
9405,unlabeled
9406,unlabeled
9407,unlabeled
9408,unlabeled
9409,unlabeled
9410,unlabeled
9411,unlabeled
9412,unlabeled
9413,unlabeled
9414,unlabeled
9415,unlabeled
9416,unlabeled
9417,unlabeled
9418,unlabeled
9419,unlabeled
9420,unlabeled
9421,unlabeled
9422,unlabeled
9423,unlabeled
9424,unlabeled
9425,unlabeled
9426,unlabeled
9427,unlabeled
9428,unlabeled
9429,unlabeled
9430,unlabeled
9431,unlabeled
9432,unlabeled
9433,unlabeled
9434,unlabeled
9435,unlabeled
9436,unlabeled
9437,unlabeled
9438,unlabeled
9439,unlabeled
9440,unlabeled
9441,unlabeled
9442,unlabeled
9443,unlabeled
9444,unlabeled
9445,unlabeled
9446,unlabeled
9447,unlabeled
9448,unlabeled
9449,unlabeled
9450,unlabeled
9451,unlabeled
9452,unlabeled
9453,unlabeled
9454,unlabeled
9455,unlabeled
9456,unlabeled
9457,unlabeled
9458,unlabeled
9459,unlabeled
9460,unlabeled
9461,unlabeled
9462,unlabeled
9463,unlabeled
9464,unlabeled
9465,unlabeled
9466,unlabeled
9467,unlabeled
9468,unlabeled
9469,unlabeled
9470,unlabeled
9471,unlabeled
9472,unlabeled
9473,unlabeled
9474,unlabeled
9475,unlabeled
9476,unlabeled
9477,unlabeled
9478,unlabeled
9479,unlabeled
9480,unlabeled
9481,unlabeled
9482,unlabeled
9483,unlabeled
9484,unlabeled
9485,unlabeled
9486,unlabeled
9487,unlabeled
9488,unlabeled
9489,unlabeled
9490,unlabeled
9491,unlabeled
9492,unlabeled
9493,unlabeled
9494,unlabeled
9495,unlabeled
9496,unlabeled
9497,unlabeled
9498,unlabeled
9499,unlabeled
9500,unlabeled
9501,unlabeled
9502,unlabeled
9503,unlabeled
9504,unlabeled
9505,unlabeled
9506,unlabeled
9507,unlabeled
9508,unlabeled
9509,unlabeled
9510,unlabeled
9511,unlabeled
9512,unlabeled
9513,unlabeled
9514,unlabeled
9515,unlabeled
9516,unlabeled
9517,unlabeled
9518,unlabeled
9519,unlabeled
9520,unlabeled
9521,unlabeled
9522,unlabeled
9523,unlabeled
9524,unlabeled
9525,unlabeled
9526,unlabeled
9527,unlabeled
9528,unlabeled
9529,unlabeled
9530,unlabeled
9531,unlabeled
9532,unlabeled
9533,unlabeled
9534,unlabeled
9535,unlabeled
9536,unlabeled
9537,unlabeled
9538,unlabeled
9539,unlabeled
9540,unlabeled
9541,unlabeled
9542,unlabeled
9543,unlabeled
9544,unlabeled
9545,unlabeled
9546,unlabeled
9547,unlabeled
9548,unlabeled
9549,unlabeled
9550,unlabeled
9551,unlabeled
9552,unlabeled
9553,unlabeled
9554,unlabeled
9555,unlabeled
9556,unlabeled
9557,unlabeled
9558,unlabeled
9559,unlabeled
9560,unlabeled
9561,unlabeled
9562,unlabeled
9563,unlabeled
9564,unlabeled
9565,unlabeled
9566,unlabeled
9567,unlabeled
9568,unlabeled
9569,unlabeled
9570,unlabeled
9571,unlabeled
9572,unlabeled
9573,unlabeled
9574,unlabeled
9575,unlabeled
9576,unlabeled
9577,unlabeled
9578,unlabeled
9579,unlabeled
9580,unlabeled
9581,unlabeled
9582,unlabeled
9583,unlabeled
9584,unlabeled
9585,unlabeled
9586,unlabeled
9587,unlabeled
9588,unlabeled
9589,unlabeled
9590,unlabeled
9591,unlabeled
9592,unlabeled
9593,unlabeled
9594,unlabeled
9595,unlabeled
9596,unlabeled
9597,unlabeled
9598,unlabeled
9599,unlabeled
9600,unlabeled
9601,unlabeled
9602,unlabeled
9603,unlabeled
9604,unlabeled
9605,unlabeled
9606,unlabeled
9607,unlabeled
9608,unlabeled
9609,unlabeled
9610,unlabeled
9611,unlabeled
9612,unlabeled
9613,unlabeled
9614,unlabeled
9615,unlabeled
9616,unlabeled
9617,unlabeled
9618,unlabeled
9619,unlabeled
9620,unlabeled
9621,unlabeled
9622,unlabeled
9623,unlabeled
9624,unlabeled
9625,unlabeled
9626,unlabeled
9627,unlabeled
9628,unlabeled
9629,unlabeled
9630,unlabeled
9631,unlabeled
9632,unlabeled
9633,unlabeled
9634,unlabeled
9635,unlabeled
9636,unlabeled
9637,unlabeled
9638,unlabeled
9639,unlabeled
9640,unlabeled
9641,unlabeled
9642,unlabeled
9643,unlabeled
9644,unlabeled
9645,unlabeled
9646,unlabeled
9647,unlabeled
9648,unlabeled
9649,unlabeled
9650,unlabeled
9651,unlabeled
9652,unlabeled
9653,unlabeled
9654,unlabeled
9655,unlabeled
9656,unlabeled
9657,unlabeled
9658,unlabeled
9659,unlabeled
9660,unlabeled
9661,unlabeled
9662,unlabeled
9663,unlabeled
9664,unlabeled
9665,unlabeled
9666,unlabeled
9667,unlabeled
9668,unlabeled
9669,unlabeled
9670,unlabeled
9671,unlabeled
9672,unlabeled
9673,unlabeled
9674,unlabeled
9675,unlabeled
9676,unlabeled
9677,unlabeled
9678,unlabeled
9679,unlabeled
9680,unlabeled
9681,unlabeled
9682,unlabeled
9683,unlabeled
9684,unlabeled
9685,unlabeled
9686,unlabeled
9687,unlabeled
9688,unlabeled
9689,unlabeled
9690,unlabeled
9691,unlabeled
9692,unlabeled
9693,unlabeled
9694,unlabeled
9695,unlabeled
9696,unlabeled
9697,unlabeled
9698,unlabeled
9699,unlabeled
9700,unlabeled
9701,unlabeled
9702,unlabeled
9703,unlabeled
9704,unlabeled
9705,unlabeled
9706,unlabeled
9707,unlabeled
9708,unlabeled
9709,unlabeled
9710,unlabeled
9711,unlabeled
9712,unlabeled
9713,unlabeled
9714,unlabeled
9715,unlabeled
9716,unlabeled
9717,unlabeled
9718,unlabeled
9719,unlabeled
9720,unlabeled
9721,unlabeled
9722,unlabeled
9723,unlabeled
9724,unlabeled
9725,unlabeled
9726,unlabeled
9727,unlabeled
9728,unlabeled
9729,unlabeled
9730,unlabeled
9731,unlabeled
9732,unlabeled
9733,unlabeled
9734,unlabeled
9735,unlabeled
9736,unlabeled
9737,unlabeled
9738,unlabeled
9739,unlabeled
9740,unlabeled
9741,unlabeled
9742,unlabeled
9743,unlabeled
9744,unlabeled
9745,unlabeled
9746,unlabeled
9747,unlabeled
9748,unlabeled
9749,unlabeled
9750,unlabeled
9751,unlabeled
9752,unlabeled
9753,unlabeled
9754,unlabeled
9755,unlabeled
9756,unlabeled
9757,unlabeled
9758,unlabeled
9759,unlabeled
9760,unlabeled
9761,unlabeled
9762,unlabeled
9763,unlabeled
9764,unlabeled
9765,unlabeled
9766,unlabeled
9767,unlabeled
9768,unlabeled
9769,unlabeled
9770,unlabeled
9771,unlabeled
9772,unlabeled
9773,unlabeled
9774,unlabeled
9775,unlabeled
9776,unlabeled
9777,unlabeled
9778,unlabeled
9779,unlabeled
9780,unlabeled
9781,unlabeled
9782,unlabeled
9783,unlabeled
9784,unlabeled
9785,unlabeled
9786,unlabeled
9787,unlabeled
9788,unlabeled
9789,unlabeled
9790,unlabeled
9791,unlabeled
9792,unlabeled
9793,unlabeled
9794,unlabeled
9795,unlabeled
9796,unlabeled
9797,unlabeled
9798,unlabeled
9799,unlabeled
9800,unlabeled
9801,unlabeled
9802,unlabeled
9803,unlabeled
9804,unlabeled
9805,unlabeled
9806,unlabeled
9807,unlabeled
9808,unlabeled
9809,unlabeled
9810,unlabeled
9811,unlabeled
9812,unlabeled
9813,unlabeled
9814,unlabeled
9815,unlabeled
9816,unlabeled
9817,unlabeled
9818,unlabeled
9819,unlabeled
9820,unlabeled
9821,unlabeled
9822,unlabeled
9823,unlabeled
9824,unlabeled
9825,unlabeled
9826,unlabeled
9827,unlabeled
9828,unlabeled
9829,unlabeled
9830,unlabeled
9831,unlabeled
9832,unlabeled
9833,unlabeled
9834,unlabeled
9835,unlabeled
9836,unlabeled
9837,unlabeled
9838,unlabeled
9839,unlabeled
9840,unlabeled
9841,unlabeled
9842,unlabeled
9843,unlabeled
9844,unlabeled
9845,unlabeled
9846,unlabeled
9847,unlabeled
9848,unlabeled
9849,unlabeled
9850,unlabeled
9851,unlabeled
9852,unlabeled
9853,unlabeled
9854,unlabeled
9855,unlabeled
9856,unlabeled
9857,unlabeled
9858,unlabeled
9859,unlabeled
9860,unlabeled
9861,unlabeled
9862,unlabeled
9863,unlabeled
9864,unlabeled
9865,unlabeled
9866,unlabeled
9867,unlabeled
9868,unlabeled
9869,unlabeled
9870,unlabeled
9871,unlabeled
9872,unlabeled
9873,unlabeled
9874,unlabeled
9875,unlabeled
9876,unlabeled
9877,unlabeled
9878,unlabeled
9879,unlabeled
9880,unlabeled
9881,unlabeled
9882,unlabeled
9883,unlabeled
9884,unlabeled
9885,unlabeled
9886,unlabeled
9887,unlabeled
9888,unlabeled
9889,unlabeled
9890,unlabeled
9891,unlabeled
9892,unlabeled
9893,unlabeled
9894,unlabeled
9895,unlabeled
9896,unlabeled
9897,unlabeled
9898,unlabeled
9899,unlabeled
9900,unlabeled
9901,unlabeled
9902,unlabeled
9903,unlabeled
9904,unlabeled
9905,unlabeled
9906,unlabeled
9907,unlabeled
9908,unlabeled
9909,unlabeled
9910,unlabeled
9911,unlabeled
9912,unlabeled
9913,unlabeled
9914,unlabeled
9915,unlabeled
9916,unlabeled
9917,unlabeled
9918,unlabeled
9919,unlabeled
9920,unlabeled
9921,unlabeled
9922,unlabeled
9923,unlabeled
9924,unlabeled
9925,unlabeled
9926,unlabeled
9927,unlabeled
9928,unlabeled
9929,unlabeled
9930,unlabeled
9931,unlabeled
9932,unlabeled
9933,unlabeled
9934,unlabeled
9935,unlabeled
9936,unlabeled
9937,unlabeled
9938,unlabeled
9939,unlabeled
9940,unlabeled
9941,unlabeled
9942,unlabeled
9943,unlabeled
9944,unlabeled
9945,unlabeled
9946,unlabeled
9947,unlabeled
9948,unlabeled
9949,unlabeled
9950,unlabeled
9951,unlabeled
9952,unlabeled
9953,unlabeled
9954,unlabeled
9955,unlabeled
9956,unlabeled
9957,unlabeled
9958,unlabeled
9959,unlabeled
9960,unlabeled
9961,unlabeled
9962,unlabeled
9963,unlabeled
9964,unlabeled
9965,unlabeled
9966,unlabeled
9967,unlabeled
9968,unlabeled
9969,unlabeled
9970,unlabeled
9971,unlabeled
9972,unlabeled
9973,unlabeled
9974,unlabeled
9975,unlabeled
9976,unlabeled
9977,unlabeled
9978,unlabeled
9979,unlabeled
9980,unlabeled
9981,unlabeled
9982,unlabeled
9983,unlabeled
9984,unlabeled
9985,unlabeled
9986,unlabeled
9987,unlabeled
9988,unlabeled
9989,unlabeled
9990,unlabeled
9991,unlabeled
9992,unlabeled
9993,unlabeled
9994,unlabeled
9995,unlabeled
9996,unlabeled
9997,unlabeled
9998,unlabeled
9999,unlabeled
10000,unlabeled
10001,unlabeled
10002,unlabeled
10003,unlabeled
10004,unlabeled
10005,unlabeled
10006,unlabeled
10007,unlabeled
10008,unlabeled
10009,unlabeled
10010,unlabeled
10011,unlabeled
10012,unlabeled
10013,unlabeled
10014,unlabeled
10015,unlabeled
10016,unlabeled
10017,unlabeled
10018,unlabeled
10019,unlabeled
10020,unlabeled
10021,unlabeled
10022,unlabeled
10023,unlabeled
10024,unlabeled
10025,unlabeled
10026,unlabeled
10027,unlabeled
10028,unlabeled
10029,unlabeled
10030,unlabeled
10031,unlabeled
10032,unlabeled
10033,unlabeled
10034,unlabeled
10035,unlabeled
10036,unlabeled
10037,unlabeled
10038,unlabeled
10039,unlabeled
10040,unlabeled
10041,unlabeled
10042,unlabeled
10043,unlabeled
10044,unlabeled
10045,unlabeled
10046,unlabeled
10047,unlabeled
10048,unlabeled
10049,unlabeled
10050,unlabeled
10051,unlabeled
10052,unlabeled
10053,unlabeled
10054,unlabeled
10055,unlabeled
10056,unlabeled
10057,unlabeled
10058,unlabeled
10059,unlabeled
10060,unlabeled
10061,unlabeled
10062,unlabeled
10063,unlabeled
10064,unlabeled
10065,unlabeled
10066,unlabeled
10067,unlabeled
10068,unlabeled
10069,unlabeled
10070,unlabeled
10071,unlabeled
10072,unlabeled
10073,unlabeled
10074,unlabeled
10075,unlabeled
10076,unlabeled
10077,unlabeled
10078,unlabeled
10079,unlabeled
10080,unlabeled
10081,unlabeled
10082,unlabeled
10083,unlabeled
10084,unlabeled
10085,unlabeled
10086,unlabeled
10087,unlabeled
10088,unlabeled
10089,unlabeled
10090,unlabeled
10091,unlabeled
10092,unlabeled
10093,unlabeled
10094,unlabeled
10095,unlabeled
10096,unlabeled
10097,unlabeled
10098,unlabeled
10099,unlabeled
10100,unlabeled
10101,unlabeled
10102,unlabeled
10103,unlabeled
10104,unlabeled
10105,unlabeled
10106,unlabeled
10107,unlabeled
10108,unlabeled
10109,unlabeled
10110,unlabeled
10111,unlabeled
10112,unlabeled
10113,unlabeled
10114,unlabeled
10115,unlabeled
10116,unlabeled
10117,unlabeled
10118,unlabeled
10119,unlabeled
10120,unlabeled
10121,unlabeled
10122,unlabeled
10123,unlabeled
10124,unlabeled
10125,unlabeled
10126,unlabeled
10127,unlabeled
10128,unlabeled
10129,unlabeled
10130,unlabeled
10131,unlabeled
10132,unlabeled
10133,unlabeled
10134,unlabeled
10135,unlabeled
10136,unlabeled
10137,unlabeled
10138,unlabeled
10139,unlabeled
10140,unlabeled
10141,unlabeled
10142,unlabeled
10143,unlabeled
10144,unlabeled
10145,unlabeled
10146,unlabeled
10147,unlabeled
10148,unlabeled
10149,unlabeled
10150,unlabeled
10151,unlabeled
10152,unlabeled
10153,unlabeled
10154,unlabeled
10155,unlabeled
10156,unlabeled
10157,unlabeled
10158,unlabeled
10159,unlabeled
10160,unlabeled
10161,unlabeled
10162,unlabeled
10163,unlabeled
10164,unlabeled
10165,unlabeled
10166,unlabeled
10167,unlabeled
10168,unlabeled
10169,unlabeled
10170,unlabeled
10171,unlabeled
10172,unlabeled
10173,unlabeled
10174,unlabeled
10175,unlabeled
10176,unlabeled
10177,unlabeled
10178,unlabeled
10179,unlabeled
10180,unlabeled
10181,unlabeled
10182,unlabeled
10183,unlabeled
10184,unlabeled
10185,unlabeled
10186,unlabeled
10187,unlabeled
10188,unlabeled
10189,unlabeled
10190,unlabeled
10191,unlabeled
10192,unlabeled
10193,unlabeled
10194,unlabeled
10195,unlabeled
10196,unlabeled
10197,unlabeled
10198,unlabeled
10199,unlabeled
10200,unlabeled
10201,unlabeled
10202,unlabeled
10203,unlabeled
10204,unlabeled
10205,unlabeled
10206,unlabeled
10207,unlabeled
10208,unlabeled
10209,unlabeled
10210,unlabeled
10211,unlabeled
10212,unlabeled
10213,unlabeled
10214,unlabeled
10215,unlabeled
10216,unlabeled
10217,unlabeled
10218,unlabeled
10219,unlabeled
10220,unlabeled
10221,unlabeled
10222,unlabeled
10223,unlabeled
10224,unlabeled
10225,unlabeled
10226,unlabeled
10227,unlabeled
10228,unlabeled
10229,unlabeled
10230,unlabeled
10231,unlabeled
10232,unlabeled
10233,unlabeled
10234,unlabeled
10235,unlabeled
10236,unlabeled
10237,unlabeled
10238,unlabeled
10239,unlabeled
10240,unlabeled
10241,unlabeled
10242,unlabeled
10243,unlabeled
10244,unlabeled
10245,unlabeled
10246,unlabeled
10247,unlabeled
10248,unlabeled
10249,unlabeled
10250,unlabeled
10251,unlabeled
10252,unlabeled
10253,unlabeled
10254,unlabeled
10255,unlabeled
10256,unlabeled
10257,unlabeled
10258,unlabeled
10259,unlabeled
10260,unlabeled
10261,unlabeled
10262,unlabeled
10263,unlabeled
10264,unlabeled
10265,unlabeled
10266,unlabeled
10267,unlabeled
10268,unlabeled
10269,unlabeled
10270,unlabeled
10271,unlabeled
10272,unlabeled
10273,unlabeled
10274,unlabeled
10275,unlabeled
10276,unlabeled
10277,unlabeled
10278,unlabeled
10279,unlabeled
10280,unlabeled
10281,unlabeled
10282,unlabeled
10283,unlabeled
10284,unlabeled
10285,unlabeled
10286,unlabeled
10287,unlabeled
10288,unlabeled
10289,unlabeled
10290,unlabeled
10291,unlabeled
10292,unlabeled
10293,unlabeled
10294,unlabeled
10295,unlabeled
10296,unlabeled
10297,unlabeled
10298,unlabeled
10299,unlabeled
10300,unlabeled
10301,unlabeled
10302,unlabeled
10303,unlabeled
10304,unlabeled
10305,unlabeled
10306,unlabeled
10307,unlabeled
10308,unlabeled
10309,unlabeled
10310,unlabeled
10311,unlabeled
10312,unlabeled
10313,unlabeled
10314,unlabeled
10315,unlabeled
10316,unlabeled
10317,unlabeled
10318,unlabeled
10319,unlabeled
10320,unlabeled
10321,unlabeled
10322,unlabeled
10323,unlabeled
10324,unlabeled
10325,unlabeled
10326,unlabeled
10327,unlabeled
10328,unlabeled
10329,unlabeled
10330,unlabeled
10331,unlabeled
10332,unlabeled
10333,unlabeled
10334,unlabeled
10335,unlabeled
10336,unlabeled
10337,unlabeled
10338,unlabeled
10339,unlabeled
10340,unlabeled
10341,unlabeled
10342,unlabeled
10343,unlabeled
10344,unlabeled
10345,unlabeled
10346,unlabeled
10347,unlabeled
10348,unlabeled
10349,unlabeled
10350,unlabeled
10351,unlabeled
10352,unlabeled
10353,unlabeled
10354,unlabeled
10355,unlabeled
10356,unlabeled
10357,unlabeled
10358,unlabeled
10359,unlabeled
10360,unlabeled
10361,unlabeled
10362,unlabeled
10363,unlabeled
10364,unlabeled
10365,unlabeled
10366,unlabeled
10367,unlabeled
10368,unlabeled
10369,unlabeled
10370,unlabeled
10371,unlabeled
10372,unlabeled
10373,unlabeled
10374,unlabeled
10375,unlabeled
10376,unlabeled
10377,unlabeled
10378,unlabeled
10379,unlabeled
10380,unlabeled
10381,unlabeled
10382,unlabeled
10383,unlabeled
10384,unlabeled
10385,unlabeled
10386,unlabeled
10387,unlabeled
10388,unlabeled
10389,unlabeled
10390,unlabeled
10391,unlabeled
10392,unlabeled
10393,unlabeled
10394,unlabeled
10395,unlabeled
10396,unlabeled
10397,unlabeled
10398,unlabeled
10399,unlabeled
10400,unlabeled
10401,unlabeled
10402,unlabeled
10403,unlabeled
10404,unlabeled
10405,unlabeled
10406,unlabeled
10407,unlabeled
10408,unlabeled
10409,unlabeled
10410,unlabeled
10411,unlabeled
10412,unlabeled
10413,unlabeled
10414,unlabeled
10415,unlabeled
10416,unlabeled
10417,unlabeled
10418,unlabeled
10419,unlabeled
10420,unlabeled
10421,unlabeled
10422,unlabeled
10423,unlabeled
10424,unlabeled
10425,unlabeled
10426,unlabeled
10427,unlabeled
10428,unlabeled
10429,unlabeled
10430,unlabeled
10431,unlabeled
10432,unlabeled
10433,unlabeled
10434,unlabeled
10435,unlabeled
10436,unlabeled
10437,unlabeled
10438,unlabeled
10439,unlabeled
10440,unlabeled
10441,unlabeled
10442,unlabeled
10443,unlabeled
10444,unlabeled
10445,unlabeled
10446,unlabeled
10447,unlabeled
10448,unlabeled
10449,unlabeled
10450,unlabeled
10451,unlabeled
10452,unlabeled
10453,unlabeled
10454,unlabeled
10455,unlabeled
10456,unlabeled
10457,unlabeled
10458,unlabeled
10459,unlabeled
10460,unlabeled
10461,unlabeled
10462,unlabeled
10463,unlabeled
10464,unlabeled
10465,unlabeled
10466,unlabeled
10467,unlabeled
10468,unlabeled
10469,unlabeled
10470,unlabeled
10471,unlabeled
10472,unlabeled
10473,unlabeled
10474,unlabeled
10475,unlabeled
10476,unlabeled
10477,unlabeled
10478,unlabeled
10479,unlabeled
10480,unlabeled
10481,unlabeled
10482,unlabeled
10483,unlabeled
10484,unlabeled
10485,unlabeled
10486,unlabeled
10487,unlabeled
10488,unlabeled
10489,unlabeled
10490,unlabeled
10491,unlabeled
10492,unlabeled
10493,unlabeled
10494,unlabeled
10495,unlabeled
10496,unlabeled
10497,unlabeled
10498,unlabeled
10499,unlabeled
10500,unlabeled
10501,unlabeled
10502,unlabeled
10503,unlabeled
10504,unlabeled
10505,unlabeled
10506,unlabeled
10507,unlabeled
10508,unlabeled
10509,unlabeled
10510,unlabeled
10511,unlabeled
10512,unlabeled
10513,unlabeled
10514,unlabeled
10515,unlabeled
10516,unlabeled
10517,unlabeled
10518,unlabeled
10519,unlabeled
10520,unlabeled
10521,unlabeled
10522,unlabeled
10523,unlabeled
10524,unlabeled
10525,unlabeled
10526,unlabeled
10527,unlabeled
10528,unlabeled
10529,unlabeled
10530,unlabeled
10531,unlabeled
10532,unlabeled
10533,unlabeled
10534,unlabeled
10535,unlabeled
10536,unlabeled
10537,unlabeled
10538,unlabeled
10539,unlabeled
10540,unlabeled
10541,unlabeled
10542,unlabeled
10543,unlabeled
10544,unlabeled
10545,unlabeled
10546,unlabeled
10547,unlabeled
10548,unlabeled
10549,unlabeled
10550,unlabeled
10551,unlabeled
10552,unlabeled
10553,unlabeled
10554,unlabeled
10555,unlabeled
10556,unlabeled
10557,unlabeled
10558,unlabeled
10559,unlabeled
10560,unlabeled
10561,unlabeled
10562,unlabeled
10563,unlabeled
10564,unlabeled
10565,unlabeled
10566,unlabeled
10567,unlabeled
10568,unlabeled
10569,unlabeled
10570,unlabeled
10571,unlabeled
10572,unlabeled
10573,unlabeled
10574,unlabeled
10575,unlabeled
10576,unlabeled
10577,unlabeled
10578,unlabeled
10579,unlabeled
10580,unlabeled
10581,unlabeled
10582,unlabeled
10583,unlabeled
10584,unlabeled
10585,unlabeled
10586,unlabeled
10587,unlabeled
10588,unlabeled
10589,unlabeled
10590,unlabeled
10591,unlabeled
10592,unlabeled
10593,unlabeled
10594,unlabeled
10595,unlabeled
10596,unlabeled
10597,unlabeled
10598,unlabeled
10599,unlabeled
10600,unlabeled
10601,unlabeled
10602,unlabeled
10603,unlabeled
10604,unlabeled
10605,unlabeled
10606,unlabeled
10607,unlabeled
10608,unlabeled
10609,unlabeled
10610,unlabeled
10611,unlabeled
10612,unlabeled
10613,unlabeled
10614,unlabeled
10615,unlabeled
10616,unlabeled
10617,unlabeled
10618,unlabeled
10619,unlabeled
10620,unlabeled
10621,unlabeled
10622,unlabeled
10623,unlabeled
10624,unlabeled
10625,unlabeled
10626,unlabeled
10627,unlabeled
10628,unlabeled
10629,unlabeled
10630,unlabeled
10631,unlabeled
10632,unlabeled
10633,unlabeled
10634,unlabeled
10635,unlabeled
10636,unlabeled
10637,unlabeled
10638,unlabeled
10639,unlabeled
10640,unlabeled
10641,unlabeled
10642,unlabeled
10643,unlabeled
10644,unlabeled
10645,unlabeled
10646,unlabeled
10647,unlabeled
10648,unlabeled
10649,unlabeled
10650,unlabeled
10651,unlabeled
10652,unlabeled
10653,unlabeled
10654,unlabeled
10655,unlabeled
10656,unlabeled
10657,unlabeled
10658,unlabeled
10659,unlabeled
10660,unlabeled
10661,unlabeled
10662,unlabeled
10663,unlabeled
10664,unlabeled
10665,unlabeled
10666,unlabeled
10667,unlabeled
10668,unlabeled
10669,unlabeled
10670,unlabeled
10671,unlabeled
10672,unlabeled
10673,unlabeled
10674,unlabeled
10675,unlabeled
10676,unlabeled
10677,unlabeled
10678,unlabeled
10679,unlabeled
10680,unlabeled
10681,unlabeled
10682,unlabeled
10683,unlabeled
10684,unlabeled
10685,unlabeled
10686,unlabeled
10687,unlabeled
10688,unlabeled
10689,unlabeled
10690,unlabeled
10691,unlabeled
10692,unlabeled
10693,unlabeled
10694,unlabeled
10695,unlabeled
10696,unlabeled
10697,unlabeled
10698,unlabeled
10699,unlabeled
10700,unlabeled
10701,unlabeled
10702,unlabeled
10703,unlabeled
10704,unlabeled
10705,unlabeled
10706,unlabeled
10707,unlabeled
10708,unlabeled
10709,unlabeled
10710,unlabeled
10711,unlabeled
10712,unlabeled
10713,unlabeled
10714,unlabeled
10715,unlabeled
10716,unlabeled
10717,unlabeled
10718,unlabeled
10719,unlabeled
10720,unlabeled
10721,unlabeled
10722,unlabeled
10723,unlabeled
10724,unlabeled
10725,unlabeled
10726,unlabeled
10727,unlabeled
10728,unlabeled
10729,unlabeled
10730,unlabeled
10731,unlabeled
10732,unlabeled
10733,unlabeled
10734,unlabeled
10735,unlabeled
10736,unlabeled
10737,unlabeled
10738,unlabeled
10739,unlabeled
10740,unlabeled
10741,unlabeled
10742,unlabeled
10743,unlabeled
10744,unlabeled
10745,unlabeled
10746,unlabeled
10747,unlabeled
10748,unlabeled
10749,unlabeled
10750,unlabeled
10751,unlabeled
10752,unlabeled
10753,unlabeled
10754,unlabeled
10755,unlabeled
10756,unlabeled
10757,unlabeled
10758,unlabeled
10759,unlabeled
10760,unlabeled
10761,unlabeled
10762,unlabeled
10763,unlabeled
10764,unlabeled
10765,unlabeled
10766,unlabeled
10767,unlabeled
10768,unlabeled
10769,unlabeled
10770,unlabeled
10771,unlabeled
10772,unlabeled
10773,unlabeled
10774,unlabeled
10775,unlabeled
10776,unlabeled
10777,unlabeled
10778,unlabeled
10779,unlabeled
10780,unlabeled
10781,unlabeled
10782,unlabeled
10783,unlabeled
10784,unlabeled
10785,unlabeled
10786,unlabeled
10787,unlabeled
10788,unlabeled
10789,unlabeled
10790,unlabeled
10791,unlabeled
10792,unlabeled
10793,unlabeled
10794,unlabeled
10795,unlabeled
10796,unlabeled
10797,unlabeled
10798,unlabeled
10799,unlabeled
10800,unlabeled
10801,unlabeled
10802,unlabeled
10803,unlabeled
10804,unlabeled
10805,unlabeled
10806,unlabeled
10807,unlabeled
10808,unlabeled
10809,unlabeled
10810,unlabeled
10811,unlabeled
10812,unlabeled
10813,unlabeled
10814,unlabeled
10815,unlabeled
10816,unlabeled
10817,unlabeled
10818,unlabeled
10819,unlabeled
10820,unlabeled
10821,unlabeled
10822,unlabeled
10823,unlabeled
10824,unlabeled
10825,unlabeled
10826,unlabeled
10827,unlabeled
10828,unlabeled
10829,unlabeled
10830,unlabeled
10831,unlabeled
10832,unlabeled
10833,unlabeled
10834,unlabeled
10835,unlabeled
10836,unlabeled
10837,unlabeled
10838,unlabeled
10839,unlabeled
10840,unlabeled
10841,unlabeled
10842,unlabeled
10843,unlabeled
10844,unlabeled
10845,unlabeled
10846,unlabeled
10847,unlabeled
10848,unlabeled
10849,unlabeled
10850,unlabeled
10851,unlabeled
10852,unlabeled
10853,unlabeled
10854,unlabeled
10855,unlabeled
10856,unlabeled
10857,unlabeled
10858,unlabeled
10859,unlabeled
10860,unlabeled
10861,unlabeled
10862,unlabeled
10863,unlabeled
10864,unlabeled
10865,unlabeled
10866,unlabeled
10867,unlabeled
10868,unlabeled
10869,unlabeled
10870,unlabeled
10871,unlabeled
10872,unlabeled
10873,unlabeled
10874,unlabeled
10875,unlabeled
10876,unlabeled
10877,unlabeled
10878,unlabeled
10879,unlabeled
10880,unlabeled
10881,unlabeled
10882,unlabeled
10883,unlabeled
10884,unlabeled
10885,unlabeled
10886,unlabeled
10887,unlabeled
10888,unlabeled
10889,unlabeled
10890,unlabeled
10891,unlabeled
10892,unlabeled
10893,unlabeled
10894,unlabeled
10895,unlabeled
10896,unlabeled
10897,unlabeled
10898,unlabeled
10899,unlabeled
10900,unlabeled
10901,unlabeled
10902,unlabeled
10903,unlabeled
10904,unlabeled
10905,unlabeled
10906,unlabeled
10907,unlabeled
10908,unlabeled
10909,unlabeled
10910,unlabeled
10911,unlabeled
10912,unlabeled
10913,unlabeled
10914,unlabeled
10915,unlabeled
10916,unlabeled
10917,unlabeled
10918,unlabeled
10919,unlabeled
10920,unlabeled
10921,unlabeled
10922,unlabeled
10923,unlabeled
10924,unlabeled
10925,unlabeled
10926,unlabeled
10927,unlabeled
10928,unlabeled
10929,unlabeled
10930,unlabeled
10931,unlabeled
10932,unlabeled
10933,unlabeled
10934,unlabeled
10935,unlabeled
10936,unlabeled
10937,unlabeled
10938,unlabeled
10939,unlabeled
10940,unlabeled
10941,unlabeled
10942,unlabeled
10943,unlabeled
10944,unlabeled
10945,unlabeled
10946,unlabeled
10947,unlabeled
10948,unlabeled
10949,unlabeled
10950,unlabeled
10951,unlabeled
10952,unlabeled
10953,unlabeled
10954,unlabeled
10955,unlabeled
10956,unlabeled
10957,unlabeled
10958,unlabeled
10959,unlabeled
10960,unlabeled
10961,unlabeled
10962,unlabeled
10963,unlabeled
10964,unlabeled
10965,unlabeled
10966,unlabeled
10967,unlabeled
10968,unlabeled
10969,unlabeled
10970,unlabeled
10971,unlabeled
10972,unlabeled
10973,unlabeled
10974,unlabeled
10975,unlabeled
10976,unlabeled
10977,unlabeled
10978,unlabeled
10979,unlabeled
10980,unlabeled
10981,unlabeled
10982,unlabeled
10983,unlabeled
10984,unlabeled
10985,unlabeled
10986,unlabeled
10987,unlabeled
10988,unlabeled
10989,unlabeled
10990,unlabeled
10991,unlabeled
10992,unlabeled
10993,unlabeled
10994,unlabeled
10995,unlabeled
10996,unlabeled
10997,unlabeled
10998,unlabeled
10999,unlabeled
11000,unlabeled
11001,unlabeled
11002,unlabeled
11003,unlabeled
11004,unlabeled
11005,unlabeled
11006,unlabeled
11007,unlabeled
11008,unlabeled
11009,unlabeled
11010,unlabeled
11011,unlabeled
11012,unlabeled
11013,unlabeled
11014,unlabeled
11015,unlabeled
11016,unlabeled
11017,unlabeled
11018,unlabeled
11019,unlabeled
11020,unlabeled
11021,unlabeled
11022,unlabeled
11023,unlabeled
11024,unlabeled
11025,unlabeled
11026,unlabeled
11027,unlabeled
11028,unlabeled
11029,unlabeled
11030,unlabeled
11031,unlabeled
11032,unlabeled
11033,unlabeled
11034,unlabeled
11035,unlabeled
11036,unlabeled
11037,unlabeled
11038,unlabeled
11039,unlabeled
11040,unlabeled
11041,unlabeled
11042,unlabeled
11043,unlabeled
11044,unlabeled
11045,unlabeled
11046,unlabeled
11047,unlabeled
11048,unlabeled
11049,unlabeled
11050,unlabeled
11051,unlabeled
11052,unlabeled
11053,unlabeled
11054,unlabeled
11055,unlabeled
11056,unlabeled
11057,unlabeled
11058,unlabeled
11059,unlabeled
11060,unlabeled
11061,unlabeled
11062,unlabeled
11063,unlabeled
11064,unlabeled
11065,unlabeled
11066,unlabeled
11067,unlabeled
11068,unlabeled
11069,unlabeled
11070,unlabeled
11071,unlabeled
11072,unlabeled
11073,unlabeled
11074,unlabeled
11075,unlabeled
11076,unlabeled
11077,unlabeled
11078,unlabeled
11079,unlabeled
11080,unlabeled
11081,unlabeled
11082,unlabeled
11083,unlabeled
11084,unlabeled
11085,unlabeled
11086,unlabeled
11087,unlabeled
11088,unlabeled
11089,unlabeled
11090,unlabeled
11091,unlabeled
11092,unlabeled
11093,unlabeled
11094,unlabeled
11095,unlabeled
11096,unlabeled
11097,unlabeled
11098,unlabeled
11099,unlabeled
11100,unlabeled
11101,unlabeled
11102,unlabeled
11103,unlabeled
11104,unlabeled
11105,unlabeled
11106,unlabeled
11107,unlabeled
11108,unlabeled
11109,unlabeled
11110,unlabeled
11111,unlabeled
11112,unlabeled
11113,unlabeled
11114,unlabeled
11115,unlabeled
11116,unlabeled
11117,unlabeled
11118,unlabeled
11119,unlabeled
11120,unlabeled
11121,unlabeled
11122,unlabeled
11123,unlabeled
11124,unlabeled
11125,unlabeled
11126,unlabeled
11127,unlabeled
11128,unlabeled
11129,unlabeled
11130,unlabeled
11131,unlabeled
11132,unlabeled
11133,unlabeled
11134,unlabeled
11135,unlabeled
11136,unlabeled
11137,unlabeled
11138,unlabeled
11139,unlabeled
11140,unlabeled
11141,unlabeled
11142,unlabeled
11143,unlabeled
11144,unlabeled
11145,unlabeled
11146,unlabeled
11147,unlabeled
11148,unlabeled
11149,unlabeled
11150,unlabeled
11151,unlabeled
11152,unlabeled
11153,unlabeled
11154,unlabeled
11155,unlabeled
11156,unlabeled
11157,unlabeled
11158,unlabeled
11159,unlabeled
11160,unlabeled
11161,unlabeled
11162,unlabeled
11163,unlabeled
11164,unlabeled
11165,unlabeled
11166,unlabeled
11167,unlabeled
11168,unlabeled
11169,unlabeled
11170,unlabeled
11171,unlabeled
11172,unlabeled
11173,unlabeled
11174,unlabeled
11175,unlabeled
11176,unlabeled
11177,unlabeled
11178,unlabeled
11179,unlabeled
11180,unlabeled
11181,unlabeled
11182,unlabeled
11183,unlabeled
11184,unlabeled
11185,unlabeled
11186,unlabeled
11187,unlabeled
11188,unlabeled
11189,unlabeled
11190,unlabeled
11191,unlabeled
11192,unlabeled
11193,unlabeled
11194,unlabeled
11195,unlabeled
11196,unlabeled
11197,unlabeled
11198,unlabeled
11199,unlabeled
11200,unlabeled
11201,unlabeled
11202,unlabeled
11203,unlabeled
11204,unlabeled
11205,unlabeled
11206,unlabeled
11207,unlabeled
11208,unlabeled
11209,unlabeled
11210,unlabeled
11211,unlabeled
11212,unlabeled
11213,unlabeled
11214,unlabeled
11215,unlabeled
11216,unlabeled
11217,unlabeled
11218,unlabeled
11219,unlabeled
11220,unlabeled
11221,unlabeled
11222,unlabeled
11223,unlabeled
11224,unlabeled
11225,unlabeled
11226,unlabeled
11227,unlabeled
11228,unlabeled
11229,unlabeled
11230,unlabeled
11231,unlabeled
11232,unlabeled
11233,unlabeled
11234,unlabeled
11235,unlabeled
11236,unlabeled
11237,unlabeled
11238,unlabeled
11239,unlabeled
11240,unlabeled
11241,unlabeled
11242,unlabeled
11243,unlabeled
11244,unlabeled
11245,unlabeled
11246,unlabeled
11247,unlabeled
11248,unlabeled
11249,unlabeled
11250,unlabeled
11251,unlabeled
11252,unlabeled
11253,unlabeled
11254,unlabeled
11255,unlabeled
11256,unlabeled
11257,unlabeled
11258,unlabeled
11259,unlabeled
11260,unlabeled
11261,unlabeled
11262,unlabeled
11263,unlabeled
11264,unlabeled
11265,unlabeled
11266,unlabeled
11267,unlabeled
11268,unlabeled
11269,unlabeled
11270,unlabeled
11271,unlabeled
11272,unlabeled
11273,unlabeled
11274,unlabeled
11275,unlabeled
11276,unlabeled
11277,unlabeled
11278,unlabeled
11279,unlabeled
11280,unlabeled
11281,unlabeled
11282,unlabeled
11283,unlabeled
11284,unlabeled
11285,unlabeled
11286,unlabeled
11287,unlabeled
11288,unlabeled
11289,unlabeled
11290,unlabeled
11291,unlabeled
11292,unlabeled
11293,unlabeled
11294,unlabeled
11295,unlabeled
11296,unlabeled
11297,unlabeled
11298,unlabeled
11299,unlabeled
11300,unlabeled
11301,unlabeled
11302,unlabeled
11303,unlabeled
11304,unlabeled
11305,unlabeled
11306,unlabeled
11307,unlabeled
11308,unlabeled
11309,unlabeled
11310,unlabeled
11311,unlabeled
11312,unlabeled
11313,unlabeled
11314,unlabeled
11315,unlabeled
11316,unlabeled
11317,unlabeled
11318,unlabeled
11319,unlabeled
11320,unlabeled
11321,unlabeled
11322,unlabeled
11323,unlabeled
11324,unlabeled
11325,unlabeled
11326,unlabeled
11327,unlabeled
11328,unlabeled
11329,unlabeled
11330,unlabeled
11331,unlabeled
11332,unlabeled
11333,unlabeled
11334,unlabeled
11335,unlabeled
11336,unlabeled
11337,unlabeled
11338,unlabeled
11339,unlabeled
11340,unlabeled
11341,unlabeled
11342,unlabeled
11343,unlabeled
11344,unlabeled
11345,unlabeled
11346,unlabeled
11347,unlabeled
11348,unlabeled
11349,unlabeled
11350,unlabeled
11351,unlabeled
11352,unlabeled
11353,unlabeled
11354,unlabeled
11355,unlabeled
11356,unlabeled
11357,unlabeled
11358,unlabeled
11359,unlabeled
11360,unlabeled
11361,unlabeled
11362,unlabeled
11363,unlabeled
11364,unlabeled
11365,unlabeled
11366,unlabeled
11367,unlabeled
11368,unlabeled
11369,unlabeled
11370,unlabeled
11371,unlabeled
11372,unlabeled
11373,unlabeled
11374,unlabeled
11375,unlabeled
11376,unlabeled
11377,unlabeled
11378,unlabeled
11379,unlabeled
11380,unlabeled
11381,unlabeled
11382,unlabeled
11383,unlabeled
11384,unlabeled
11385,unlabeled
11386,unlabeled
11387,unlabeled
11388,unlabeled
11389,unlabeled
11390,unlabeled
11391,unlabeled
11392,unlabeled
11393,unlabeled
11394,unlabeled
11395,unlabeled
11396,unlabeled
11397,unlabeled
11398,unlabeled
11399,unlabeled
11400,unlabeled
11401,unlabeled
11402,unlabeled
11403,unlabeled
11404,unlabeled
11405,unlabeled
11406,unlabeled
11407,unlabeled
11408,unlabeled
11409,unlabeled
11410,unlabeled
11411,unlabeled
11412,unlabeled
11413,unlabeled
11414,unlabeled
11415,unlabeled
11416,unlabeled
11417,unlabeled
11418,unlabeled
11419,unlabeled
11420,unlabeled
11421,unlabeled
11422,unlabeled
11423,unlabeled
11424,unlabeled
11425,unlabeled
11426,unlabeled
11427,unlabeled
11428,unlabeled
11429,unlabeled
11430,unlabeled
11431,unlabeled
11432,unlabeled
11433,unlabeled
11434,unlabeled
11435,unlabeled
11436,unlabeled
11437,unlabeled
11438,unlabeled
11439,unlabeled
11440,unlabeled
11441,unlabeled
11442,unlabeled
11443,unlabeled
11444,unlabeled
11445,unlabeled
11446,unlabeled
11447,unlabeled
11448,unlabeled
11449,unlabeled
11450,unlabeled
11451,unlabeled
11452,unlabeled
11453,unlabeled
11454,unlabeled
11455,unlabeled
11456,unlabeled
11457,unlabeled
11458,unlabeled
11459,unlabeled
11460,unlabeled
11461,unlabeled
11462,unlabeled
11463,unlabeled
11464,unlabeled
11465,unlabeled
11466,unlabeled
11467,unlabeled
11468,unlabeled
11469,unlabeled
11470,unlabeled
11471,unlabeled
11472,unlabeled
11473,unlabeled
11474,unlabeled
11475,unlabeled
11476,unlabeled
11477,unlabeled
11478,unlabeled
11479,unlabeled
11480,unlabeled
11481,unlabeled
11482,unlabeled
11483,unlabeled
11484,unlabeled
11485,unlabeled
11486,unlabeled
11487,unlabeled
11488,unlabeled
11489,unlabeled
11490,unlabeled
11491,unlabeled
11492,unlabeled
11493,unlabeled
11494,unlabeled
11495,unlabeled
11496,unlabeled
11497,unlabeled
11498,unlabeled
11499,unlabeled
11500,unlabeled
11501,unlabeled
11502,unlabeled
11503,unlabeled
11504,unlabeled
11505,unlabeled
11506,unlabeled
11507,unlabeled
11508,unlabeled
11509,unlabeled
11510,unlabeled
11511,unlabeled
11512,unlabeled
11513,unlabeled
11514,unlabeled
11515,unlabeled
11516,unlabeled
11517,unlabeled
11518,unlabeled
11519,unlabeled
11520,unlabeled
11521,unlabeled
11522,unlabeled
11523,unlabeled
11524,unlabeled
11525,unlabeled
11526,unlabeled
11527,unlabeled
11528,unlabeled
11529,unlabeled
11530,unlabeled
11531,unlabeled
11532,unlabeled
11533,unlabeled
11534,unlabeled
11535,unlabeled
11536,unlabeled
11537,unlabeled
11538,unlabeled
11539,unlabeled
11540,unlabeled
11541,unlabeled
11542,unlabeled
11543,unlabeled
11544,unlabeled
11545,unlabeled
11546,unlabeled
11547,unlabeled
11548,unlabeled
11549,unlabeled
11550,unlabeled
11551,unlabeled
11552,unlabeled
11553,unlabeled
11554,unlabeled
11555,unlabeled
11556,unlabeled
11557,unlabeled
11558,unlabeled
11559,unlabeled
11560,unlabeled
11561,unlabeled
11562,unlabeled
11563,unlabeled
11564,unlabeled
11565,unlabeled
11566,unlabeled
11567,unlabeled
11568,unlabeled
11569,unlabeled
11570,unlabeled
11571,unlabeled
11572,unlabeled
11573,unlabeled
11574,unlabeled
11575,unlabeled
11576,unlabeled
11577,unlabeled
11578,unlabeled
11579,unlabeled
11580,unlabeled
11581,unlabeled
11582,unlabeled
11583,unlabeled
11584,unlabeled
11585,unlabeled
11586,unlabeled
11587,unlabeled
11588,unlabeled
11589,unlabeled
11590,unlabeled
11591,unlabeled
11592,unlabeled
11593,unlabeled
11594,unlabeled
11595,unlabeled
11596,unlabeled
11597,unlabeled
11598,unlabeled
11599,unlabeled
11600,unlabeled
11601,unlabeled
11602,unlabeled
11603,unlabeled
11604,unlabeled
11605,unlabeled
11606,unlabeled
11607,unlabeled
11608,unlabeled
11609,unlabeled
11610,unlabeled
11611,unlabeled
11612,unlabeled
11613,unlabeled
11614,unlabeled
11615,unlabeled
11616,unlabeled
11617,unlabeled
11618,unlabeled
11619,unlabeled
11620,unlabeled
11621,unlabeled
11622,unlabeled
11623,unlabeled
11624,unlabeled
11625,unlabeled
11626,unlabeled
11627,unlabeled
11628,unlabeled
11629,unlabeled
11630,unlabeled
11631,unlabeled
11632,unlabeled
11633,unlabeled
11634,unlabeled
11635,unlabeled
11636,unlabeled
11637,unlabeled
11638,unlabeled
11639,unlabeled
11640,unlabeled
11641,unlabeled
11642,unlabeled
11643,unlabeled
11644,unlabeled
11645,unlabeled
11646,unlabeled
11647,unlabeled
11648,unlabeled
11649,unlabeled
11650,unlabeled
11651,unlabeled
11652,unlabeled
11653,unlabeled
11654,unlabeled
11655,unlabeled
11656,unlabeled
11657,unlabeled
11658,unlabeled
11659,unlabeled
11660,unlabeled
11661,unlabeled
11662,unlabeled
11663,unlabeled
11664,unlabeled
11665,unlabeled
11666,unlabeled
11667,unlabeled
11668,unlabeled
11669,unlabeled
11670,unlabeled
11671,unlabeled
11672,unlabeled
11673,unlabeled
11674,unlabeled
11675,unlabeled
11676,unlabeled
11677,unlabeled
11678,unlabeled
11679,unlabeled
11680,unlabeled
11681,unlabeled
11682,unlabeled
11683,unlabeled
11684,unlabeled
11685,unlabeled
11686,unlabeled
11687,unlabeled
11688,unlabeled
11689,unlabeled
11690,unlabeled
11691,unlabeled
11692,unlabeled
11693,unlabeled
11694,unlabeled
11695,unlabeled
11696,unlabeled
11697,unlabeled
11698,unlabeled
11699,unlabeled
11700,unlabeled
11701,unlabeled
11702,unlabeled
11703,unlabeled
11704,unlabeled
11705,unlabeled
11706,unlabeled
11707,unlabeled
11708,unlabeled
11709,unlabeled
11710,unlabeled
11711,unlabeled
11712,unlabeled
11713,unlabeled
11714,unlabeled
11715,unlabeled
11716,unlabeled
11717,unlabeled
11718,unlabeled
11719,unlabeled
11720,unlabeled
11721,unlabeled
11722,unlabeled
11723,unlabeled
11724,unlabeled
11725,unlabeled
11726,unlabeled
11727,unlabeled
11728,unlabeled
11729,unlabeled
11730,unlabeled
11731,unlabeled
11732,unlabeled
11733,unlabeled
11734,unlabeled
11735,unlabeled
11736,unlabeled
11737,unlabeled
11738,unlabeled
11739,unlabeled
11740,unlabeled
11741,unlabeled
11742,unlabeled
11743,unlabeled
11744,unlabeled
11745,unlabeled
11746,unlabeled
11747,unlabeled
11748,unlabeled
11749,unlabeled
11750,unlabeled
11751,unlabeled
11752,unlabeled
11753,unlabeled
11754,unlabeled
11755,unlabeled
11756,unlabeled
11757,unlabeled
11758,unlabeled
11759,unlabeled
11760,unlabeled
11761,unlabeled
11762,unlabeled
11763,unlabeled
11764,unlabeled
11765,unlabeled
11766,unlabeled
11767,unlabeled
11768,unlabeled
11769,unlabeled
11770,unlabeled
11771,unlabeled
11772,unlabeled
11773,unlabeled
11774,unlabeled
11775,unlabeled
11776,unlabeled
11777,unlabeled
11778,unlabeled
11779,unlabeled
11780,unlabeled
11781,unlabeled
11782,unlabeled
11783,unlabeled
11784,unlabeled
11785,unlabeled
11786,unlabeled
11787,unlabeled
11788,unlabeled
11789,unlabeled
11790,unlabeled
11791,unlabeled
11792,unlabeled
11793,unlabeled
11794,unlabeled
11795,unlabeled
11796,unlabeled
11797,unlabeled
11798,unlabeled
11799,unlabeled
11800,unlabeled
11801,unlabeled
11802,unlabeled
11803,unlabeled
11804,unlabeled
11805,unlabeled
11806,unlabeled
11807,unlabeled
11808,unlabeled
11809,unlabeled
11810,unlabeled
11811,unlabeled
11812,unlabeled
11813,unlabeled
11814,unlabeled
11815,unlabeled
11816,unlabeled
11817,unlabeled
11818,unlabeled
11819,unlabeled
11820,unlabeled
11821,unlabeled
11822,unlabeled
11823,unlabeled
11824,unlabeled
11825,unlabeled
11826,unlabeled
11827,unlabeled
11828,unlabeled
11829,unlabeled
11830,unlabeled
11831,unlabeled
11832,unlabeled
11833,unlabeled
11834,unlabeled
11835,unlabeled
11836,unlabeled
11837,unlabeled
11838,unlabeled
11839,unlabeled
11840,unlabeled
11841,unlabeled
11842,unlabeled
11843,unlabeled
11844,unlabeled
11845,unlabeled
11846,unlabeled
11847,unlabeled
11848,unlabeled
11849,unlabeled
11850,unlabeled
11851,unlabeled
11852,unlabeled
11853,unlabeled
11854,unlabeled
11855,unlabeled
11856,unlabeled
11857,unlabeled
11858,unlabeled
11859,unlabeled
11860,unlabeled
11861,unlabeled
11862,unlabeled
11863,unlabeled
11864,unlabeled
11865,unlabeled
11866,unlabeled
11867,unlabeled
11868,unlabeled
11869,unlabeled
11870,unlabeled
11871,unlabeled
11872,unlabeled
11873,unlabeled
11874,unlabeled
11875,unlabeled
11876,unlabeled
11877,unlabeled
11878,unlabeled
11879,unlabeled
11880,unlabeled
11881,unlabeled
11882,unlabeled
11883,unlabeled
11884,unlabeled
11885,unlabeled
11886,unlabeled
11887,unlabeled
11888,unlabeled
11889,unlabeled
11890,unlabeled
11891,unlabeled
11892,unlabeled
11893,unlabeled
11894,unlabeled
11895,unlabeled
11896,unlabeled
11897,unlabeled
11898,unlabeled
11899,unlabeled
11900,unlabeled
11901,unlabeled
11902,unlabeled
11903,unlabeled
11904,unlabeled
11905,unlabeled
11906,unlabeled
11907,unlabeled
11908,unlabeled
11909,unlabeled
11910,unlabeled
11911,unlabeled
11912,unlabeled
11913,unlabeled
11914,unlabeled
11915,unlabeled
11916,unlabeled
11917,unlabeled
11918,unlabeled
11919,unlabeled
11920,unlabeled
11921,unlabeled
11922,unlabeled
11923,unlabeled
11924,unlabeled
11925,unlabeled
11926,unlabeled
11927,unlabeled
11928,unlabeled
11929,unlabeled
11930,unlabeled
11931,unlabeled
11932,unlabeled
11933,unlabeled
11934,unlabeled
11935,unlabeled
11936,unlabeled
11937,unlabeled
11938,unlabeled
11939,unlabeled
11940,unlabeled
11941,unlabeled
11942,unlabeled
11943,unlabeled
11944,unlabeled
11945,unlabeled
11946,unlabeled
11947,unlabeled
11948,unlabeled
11949,unlabeled
11950,unlabeled
11951,unlabeled
11952,unlabeled
11953,unlabeled
11954,unlabeled
11955,unlabeled
11956,unlabeled
11957,unlabeled
11958,unlabeled
11959,unlabeled
11960,unlabeled
11961,unlabeled
11962,unlabeled
11963,unlabeled
11964,unlabeled
11965,unlabeled
11966,unlabeled
11967,unlabeled
11968,unlabeled
11969,unlabeled
11970,unlabeled
11971,unlabeled
11972,unlabeled
11973,unlabeled
11974,unlabeled
11975,unlabeled
11976,unlabeled
11977,unlabeled
11978,unlabeled
11979,unlabeled
11980,unlabeled
11981,unlabeled
11982,unlabeled
11983,unlabeled
11984,unlabeled
11985,unlabeled
11986,unlabeled
11987,unlabeled
11988,unlabeled
11989,unlabeled
11990,unlabeled
11991,unlabeled
11992,unlabeled
11993,unlabeled
11994,unlabeled
11995,unlabeled
11996,unlabeled
11997,unlabeled
11998,unlabeled
11999,unlabeled
12000,unlabeled
12001,unlabeled
12002,unlabeled
12003,unlabeled
12004,unlabeled
12005,unlabeled
12006,unlabeled
12007,unlabeled
12008,unlabeled
12009,unlabeled
12010,unlabeled
12011,unlabeled
12012,unlabeled
12013,unlabeled
12014,unlabeled
12015,unlabeled
12016,unlabeled
12017,unlabeled
12018,unlabeled
12019,unlabeled
12020,unlabeled
12021,unlabeled
12022,unlabeled
12023,unlabeled
12024,unlabeled
12025,unlabeled
12026,unlabeled
12027,unlabeled
12028,unlabeled
12029,unlabeled
12030,unlabeled
12031,unlabeled
12032,unlabeled
12033,unlabeled
12034,unlabeled
12035,unlabeled
12036,unlabeled
12037,unlabeled
12038,unlabeled
12039,unlabeled
12040,unlabeled
12041,unlabeled
12042,unlabeled
12043,unlabeled
12044,unlabeled
12045,unlabeled
12046,unlabeled
12047,unlabeled
12048,unlabeled
12049,unlabeled
12050,unlabeled
12051,unlabeled
12052,unlabeled
12053,unlabeled
12054,unlabeled
12055,unlabeled
12056,unlabeled
12057,unlabeled
12058,unlabeled
12059,unlabeled
12060,unlabeled
12061,unlabeled
12062,unlabeled
12063,unlabeled
12064,unlabeled
12065,unlabeled
12066,unlabeled
12067,unlabeled
12068,unlabeled
12069,unlabeled
12070,unlabeled
12071,unlabeled
12072,unlabeled
12073,unlabeled
12074,unlabeled
12075,unlabeled
12076,unlabeled
12077,unlabeled
12078,unlabeled
12079,unlabeled
12080,unlabeled
12081,unlabeled
12082,unlabeled
12083,unlabeled
12084,unlabeled
12085,unlabeled
12086,unlabeled
12087,unlabeled
12088,unlabeled
12089,unlabeled
12090,unlabeled
12091,unlabeled
12092,unlabeled
12093,unlabeled
12094,unlabeled
12095,unlabeled
12096,unlabeled
12097,unlabeled
12098,unlabeled
12099,unlabeled
12100,unlabeled
12101,unlabeled
12102,unlabeled
12103,unlabeled
12104,unlabeled
12105,unlabeled
12106,unlabeled
12107,unlabeled
12108,unlabeled
12109,unlabeled
12110,unlabeled
12111,unlabeled
12112,unlabeled
12113,unlabeled
12114,unlabeled
12115,unlabeled
12116,unlabeled
12117,unlabeled
12118,unlabeled
12119,unlabeled
12120,unlabeled
12121,unlabeled
12122,unlabeled
12123,unlabeled
12124,unlabeled
12125,unlabeled
12126,unlabeled
12127,unlabeled
12128,unlabeled
12129,unlabeled
12130,unlabeled
12131,unlabeled
12132,unlabeled
12133,unlabeled
12134,unlabeled
12135,unlabeled
12136,unlabeled
12137,unlabeled
12138,unlabeled
12139,unlabeled
12140,unlabeled
12141,unlabeled
12142,unlabeled
12143,unlabeled
12144,unlabeled
12145,unlabeled
12146,unlabeled
12147,unlabeled
12148,unlabeled
12149,unlabeled
12150,unlabeled
12151,unlabeled
12152,unlabeled
12153,unlabeled
12154,unlabeled
12155,unlabeled
12156,unlabeled
12157,unlabeled
12158,unlabeled
12159,unlabeled
12160,unlabeled
12161,unlabeled
12162,unlabeled
12163,unlabeled
12164,unlabeled
12165,unlabeled
12166,unlabeled
12167,unlabeled
12168,unlabeled
12169,unlabeled
12170,unlabeled
12171,unlabeled
12172,unlabeled
12173,unlabeled
12174,unlabeled
12175,unlabeled
12176,unlabeled
12177,unlabeled
12178,unlabeled
12179,unlabeled
12180,unlabeled
12181,unlabeled
12182,unlabeled
12183,unlabeled
12184,unlabeled
12185,unlabeled
12186,unlabeled
12187,unlabeled
12188,unlabeled
12189,unlabeled
12190,unlabeled
12191,unlabeled
12192,unlabeled
12193,unlabeled
12194,unlabeled
12195,unlabeled
12196,unlabeled
12197,unlabeled
12198,unlabeled
12199,unlabeled
12200,unlabeled
12201,unlabeled
12202,unlabeled
12203,unlabeled
12204,unlabeled
12205,unlabeled
12206,unlabeled
12207,unlabeled
12208,unlabeled
12209,unlabeled
12210,unlabeled
12211,unlabeled
12212,unlabeled
12213,unlabeled
12214,unlabeled
12215,unlabeled
12216,unlabeled
12217,unlabeled
12218,unlabeled
12219,unlabeled
12220,unlabeled
12221,unlabeled
12222,unlabeled
12223,unlabeled
12224,unlabeled
12225,unlabeled
12226,unlabeled
12227,unlabeled
12228,unlabeled
12229,unlabeled
12230,unlabeled
12231,unlabeled
12232,unlabeled
12233,unlabeled
12234,unlabeled
12235,unlabeled
12236,unlabeled
12237,unlabeled
12238,unlabeled
12239,unlabeled
12240,unlabeled
12241,unlabeled
12242,unlabeled
12243,unlabeled
12244,unlabeled
12245,unlabeled
12246,unlabeled
12247,unlabeled
12248,unlabeled
12249,unlabeled
12250,unlabeled
12251,unlabeled
12252,unlabeled
12253,unlabeled
12254,unlabeled
12255,unlabeled
12256,unlabeled
12257,unlabeled
12258,unlabeled
12259,unlabeled
12260,unlabeled
12261,unlabeled
12262,unlabeled
12263,unlabeled
12264,unlabeled
12265,unlabeled
12266,unlabeled
12267,unlabeled
12268,unlabeled
12269,unlabeled
12270,unlabeled
12271,unlabeled
12272,unlabeled
12273,unlabeled
12274,unlabeled
12275,unlabeled
12276,unlabeled
12277,unlabeled
12278,unlabeled
12279,unlabeled
12280,unlabeled
12281,unlabeled
12282,unlabeled
12283,unlabeled
12284,unlabeled
12285,unlabeled
12286,unlabeled
12287,unlabeled
12288,unlabeled
12289,unlabeled
12290,unlabeled
12291,unlabeled
12292,unlabeled
12293,unlabeled
12294,unlabeled
12295,unlabeled
12296,unlabeled
12297,unlabeled
12298,unlabeled
12299,unlabeled
12300,unlabeled
12301,unlabeled
12302,unlabeled
12303,unlabeled
12304,unlabeled
12305,unlabeled
12306,unlabeled
12307,unlabeled
12308,unlabeled
12309,unlabeled
12310,unlabeled
12311,unlabeled
12312,unlabeled
12313,unlabeled
12314,unlabeled
12315,unlabeled
12316,unlabeled
12317,unlabeled
12318,unlabeled
12319,unlabeled
12320,unlabeled
12321,unlabeled
12322,unlabeled
12323,unlabeled
12324,unlabeled
12325,unlabeled
12326,unlabeled
12327,unlabeled
12328,unlabeled
12329,unlabeled
12330,unlabeled
12331,unlabeled
12332,unlabeled
12333,unlabeled
12334,unlabeled
12335,unlabeled
12336,unlabeled
12337,unlabeled
12338,unlabeled
12339,unlabeled
12340,unlabeled
12341,unlabeled
12342,unlabeled
12343,unlabeled
12344,unlabeled
12345,unlabeled
12346,unlabeled
12347,unlabeled
12348,unlabeled
12349,unlabeled
12350,unlabeled
12351,unlabeled
12352,unlabeled
12353,unlabeled
12354,unlabeled
12355,unlabeled
12356,unlabeled
12357,unlabeled
12358,unlabeled
12359,unlabeled
12360,unlabeled
12361,unlabeled
12362,unlabeled
12363,unlabeled
12364,unlabeled
12365,unlabeled
12366,unlabeled
12367,unlabeled
12368,unlabeled
12369,unlabeled
12370,unlabeled
12371,unlabeled
12372,unlabeled
12373,unlabeled
12374,unlabeled
12375,unlabeled
12376,unlabeled
12377,unlabeled
12378,unlabeled
12379,unlabeled
12380,unlabeled
12381,unlabeled
12382,unlabeled
12383,unlabeled
12384,unlabeled
12385,unlabeled
12386,unlabeled
12387,unlabeled
12388,unlabeled
12389,unlabeled
12390,unlabeled
12391,unlabeled
12392,unlabeled
12393,unlabeled
12394,unlabeled
12395,unlabeled
12396,unlabeled
12397,unlabeled
12398,unlabeled
12399,unlabeled
12400,unlabeled
12401,unlabeled
12402,unlabeled
12403,unlabeled
12404,unlabeled
12405,unlabeled
12406,unlabeled
12407,unlabeled
12408,unlabeled
12409,unlabeled
12410,unlabeled
12411,unlabeled
12412,unlabeled
12413,unlabeled
12414,unlabeled
12415,unlabeled
12416,unlabeled
12417,unlabeled
12418,unlabeled
12419,unlabeled
12420,unlabeled
12421,unlabeled
12422,unlabeled
12423,unlabeled
12424,unlabeled
12425,unlabeled
12426,unlabeled
12427,unlabeled
12428,unlabeled
12429,unlabeled
12430,unlabeled
12431,unlabeled
12432,unlabeled
12433,unlabeled
12434,unlabeled
12435,unlabeled
12436,unlabeled
12437,unlabeled
12438,unlabeled
12439,unlabeled
12440,unlabeled
12441,unlabeled
12442,unlabeled
12443,unlabeled
12444,unlabeled
12445,unlabeled
12446,unlabeled
12447,unlabeled
12448,unlabeled
12449,unlabeled
12450,unlabeled
12451,unlabeled
12452,unlabeled
12453,unlabeled
12454,unlabeled
12455,unlabeled
12456,unlabeled
12457,unlabeled
12458,unlabeled
12459,unlabeled
12460,unlabeled
12461,unlabeled
12462,unlabeled
12463,unlabeled
12464,unlabeled
12465,unlabeled
12466,unlabeled
12467,unlabeled
12468,unlabeled
12469,unlabeled
12470,unlabeled
12471,unlabeled
12472,unlabeled
12473,unlabeled
12474,unlabeled
12475,unlabeled
12476,unlabeled
12477,unlabeled
12478,unlabeled
12479,unlabeled
12480,unlabeled
12481,unlabeled
12482,unlabeled
12483,unlabeled
12484,unlabeled
12485,unlabeled
12486,unlabeled
12487,unlabeled
12488,unlabeled
12489,unlabeled
12490,unlabeled
12491,unlabeled
12492,unlabeled
12493,unlabeled
12494,unlabeled
12495,unlabeled
12496,unlabeled
12497,unlabeled
12498,unlabeled
12499,unlabeled
12500,unlabeled
12501,unlabeled
12502,unlabeled
12503,unlabeled
12504,unlabeled
12505,unlabeled
12506,unlabeled
12507,unlabeled
12508,unlabeled
12509,unlabeled
12510,unlabeled
12511,unlabeled
12512,unlabeled
12513,unlabeled
12514,unlabeled
12515,unlabeled
12516,unlabeled
12517,unlabeled
12518,unlabeled
12519,unlabeled
12520,unlabeled
12521,unlabeled
12522,unlabeled
12523,unlabeled
12524,unlabeled
12525,unlabeled
12526,unlabeled
12527,unlabeled
12528,unlabeled
12529,unlabeled
12530,unlabeled
12531,unlabeled
12532,unlabeled
12533,unlabeled
12534,unlabeled
12535,unlabeled
12536,unlabeled
12537,unlabeled
12538,unlabeled
12539,unlabeled
12540,unlabeled
12541,unlabeled
12542,unlabeled
12543,unlabeled
12544,unlabeled
12545,unlabeled
12546,unlabeled
12547,unlabeled
12548,unlabeled
12549,unlabeled
12550,unlabeled
12551,unlabeled
12552,unlabeled
12553,unlabeled
12554,unlabeled
12555,unlabeled
12556,unlabeled
12557,unlabeled
12558,unlabeled
12559,unlabeled
12560,unlabeled
12561,unlabeled
12562,unlabeled
12563,unlabeled
12564,unlabeled
12565,unlabeled
12566,unlabeled
12567,unlabeled
12568,unlabeled
12569,unlabeled
12570,unlabeled
12571,unlabeled
12572,unlabeled
12573,unlabeled
12574,unlabeled
12575,unlabeled
12576,unlabeled
12577,unlabeled
12578,unlabeled
12579,unlabeled
12580,unlabeled
12581,unlabeled
12582,unlabeled
12583,unlabeled
12584,unlabeled
12585,unlabeled
12586,unlabeled
12587,unlabeled
12588,unlabeled
12589,unlabeled
12590,unlabeled
12591,unlabeled
12592,unlabeled
12593,unlabeled
12594,unlabeled
12595,unlabeled
12596,unlabeled
12597,unlabeled
12598,unlabeled
12599,unlabeled
12600,unlabeled
12601,unlabeled
12602,unlabeled
12603,unlabeled
12604,unlabeled
12605,unlabeled
12606,unlabeled
12607,unlabeled
12608,unlabeled
12609,unlabeled
12610,unlabeled
12611,unlabeled
12612,unlabeled
12613,unlabeled
12614,unlabeled
12615,unlabeled
12616,unlabeled
12617,unlabeled
12618,unlabeled
12619,unlabeled
12620,unlabeled
12621,unlabeled
12622,unlabeled
12623,unlabeled
12624,unlabeled
12625,unlabeled
12626,unlabeled
12627,unlabeled
12628,unlabeled
12629,unlabeled
12630,unlabeled
12631,unlabeled
12632,unlabeled
12633,unlabeled
12634,unlabeled
12635,unlabeled
12636,unlabeled
12637,unlabeled
12638,unlabeled
12639,unlabeled
12640,unlabeled
12641,unlabeled
12642,unlabeled
12643,unlabeled
12644,unlabeled
12645,unlabeled
12646,unlabeled
12647,unlabeled
12648,unlabeled
12649,unlabeled
12650,unlabeled
12651,unlabeled
12652,unlabeled
12653,unlabeled
12654,unlabeled
12655,unlabeled
12656,unlabeled
12657,unlabeled
12658,unlabeled
12659,unlabeled
12660,unlabeled
12661,unlabeled
12662,unlabeled
12663,unlabeled
12664,unlabeled
12665,unlabeled
12666,unlabeled
12667,unlabeled
12668,unlabeled
12669,unlabeled
12670,unlabeled
12671,unlabeled
12672,unlabeled
12673,unlabeled
12674,unlabeled
12675,unlabeled
12676,unlabeled
12677,unlabeled
12678,unlabeled
12679,unlabeled
12680,unlabeled
12681,unlabeled
12682,unlabeled
12683,unlabeled
12684,unlabeled
12685,unlabeled
12686,unlabeled
12687,unlabeled
12688,unlabeled
12689,unlabeled
12690,unlabeled
12691,unlabeled
12692,unlabeled
12693,unlabeled
12694,unlabeled
12695,unlabeled
12696,unlabeled
12697,unlabeled
12698,unlabeled
12699,unlabeled
12700,unlabeled
12701,unlabeled
12702,unlabeled
12703,unlabeled
12704,unlabeled
12705,unlabeled
12706,unlabeled
12707,unlabeled
12708,unlabeled
12709,unlabeled
12710,unlabeled
12711,unlabeled
12712,unlabeled
12713,unlabeled
12714,unlabeled
12715,unlabeled
12716,unlabeled
12717,unlabeled
12718,unlabeled
12719,unlabeled
12720,unlabeled
12721,unlabeled
12722,unlabeled
12723,unlabeled
12724,unlabeled
12725,unlabeled
12726,unlabeled
12727,unlabeled
12728,unlabeled
12729,unlabeled
12730,unlabeled
12731,unlabeled
12732,unlabeled
12733,unlabeled
12734,unlabeled
12735,unlabeled
12736,unlabeled
12737,unlabeled
12738,unlabeled
12739,unlabeled
12740,unlabeled
12741,unlabeled
12742,unlabeled
12743,unlabeled
12744,unlabeled
12745,unlabeled
12746,unlabeled
12747,unlabeled
12748,unlabeled
12749,unlabeled
12750,unlabeled
12751,unlabeled
12752,unlabeled
12753,unlabeled
12754,unlabeled
12755,unlabeled
12756,unlabeled
12757,unlabeled
12758,unlabeled
12759,unlabeled
12760,unlabeled
12761,unlabeled
12762,unlabeled
12763,unlabeled
12764,unlabeled
12765,unlabeled
12766,unlabeled
12767,unlabeled
12768,unlabeled
12769,unlabeled
12770,unlabeled
12771,unlabeled
12772,unlabeled
12773,unlabeled
12774,unlabeled
12775,unlabeled
12776,unlabeled
12777,unlabeled
12778,unlabeled
12779,unlabeled
12780,unlabeled
12781,unlabeled
12782,unlabeled
12783,unlabeled
12784,unlabeled
12785,unlabeled
12786,unlabeled
12787,unlabeled
12788,unlabeled
12789,unlabeled
12790,unlabeled
12791,unlabeled
12792,unlabeled
12793,unlabeled
12794,unlabeled
12795,unlabeled
12796,unlabeled
12797,unlabeled
12798,unlabeled
12799,unlabeled
12800,unlabeled
12801,unlabeled
12802,unlabeled
12803,unlabeled
12804,unlabeled
12805,unlabeled
12806,unlabeled
12807,unlabeled
12808,unlabeled
12809,unlabeled
12810,unlabeled
12811,unlabeled
12812,unlabeled
12813,unlabeled
12814,unlabeled
12815,unlabeled
12816,unlabeled
12817,unlabeled
12818,unlabeled
12819,unlabeled
12820,unlabeled
12821,unlabeled
12822,unlabeled
12823,unlabeled
12824,unlabeled
12825,unlabeled
12826,unlabeled
12827,unlabeled
12828,unlabeled
12829,unlabeled
12830,unlabeled
12831,unlabeled
12832,unlabeled
12833,unlabeled
12834,unlabeled
12835,unlabeled
12836,unlabeled
12837,unlabeled
12838,unlabeled
12839,unlabeled
12840,unlabeled
12841,unlabeled
12842,unlabeled
12843,unlabeled
12844,unlabeled
12845,unlabeled
12846,unlabeled
12847,unlabeled
12848,unlabeled
12849,unlabeled
12850,unlabeled
12851,unlabeled
12852,unlabeled
12853,unlabeled
12854,unlabeled
12855,unlabeled
12856,unlabeled
12857,unlabeled
12858,unlabeled
12859,unlabeled
12860,unlabeled
12861,unlabeled
12862,unlabeled
12863,unlabeled
12864,unlabeled
12865,unlabeled
12866,unlabeled
12867,unlabeled
12868,unlabeled
12869,unlabeled
12870,unlabeled
12871,unlabeled
12872,unlabeled
12873,unlabeled
12874,unlabeled
12875,unlabeled
12876,unlabeled
12877,unlabeled
12878,unlabeled
12879,unlabeled
12880,unlabeled
12881,unlabeled
12882,unlabeled
12883,unlabeled
12884,unlabeled
12885,unlabeled
12886,unlabeled
12887,unlabeled
12888,unlabeled
12889,unlabeled
12890,unlabeled
12891,unlabeled
12892,unlabeled
12893,unlabeled
12894,unlabeled
12895,unlabeled
12896,unlabeled
12897,unlabeled
12898,unlabeled
12899,unlabeled
12900,unlabeled
12901,unlabeled
12902,unlabeled
12903,unlabeled
12904,unlabeled
12905,unlabeled
12906,unlabeled
12907,unlabeled
12908,unlabeled
12909,unlabeled
12910,unlabeled
12911,unlabeled
12912,unlabeled
12913,unlabeled
12914,unlabeled
12915,unlabeled
12916,unlabeled
12917,unlabeled
12918,unlabeled
12919,unlabeled
12920,unlabeled
12921,unlabeled
12922,unlabeled
12923,unlabeled
12924,unlabeled
12925,unlabeled
12926,unlabeled
12927,unlabeled
12928,unlabeled
12929,unlabeled
12930,unlabeled
12931,unlabeled
12932,unlabeled
12933,unlabeled
12934,unlabeled
12935,unlabeled
12936,unlabeled
12937,unlabeled
12938,unlabeled
12939,unlabeled
12940,unlabeled
12941,unlabeled
12942,unlabeled
12943,unlabeled
12944,unlabeled
12945,unlabeled
12946,unlabeled
12947,unlabeled
12948,unlabeled
12949,unlabeled
12950,unlabeled
12951,unlabeled
12952,unlabeled
12953,unlabeled
12954,unlabeled
12955,unlabeled
12956,unlabeled
12957,unlabeled
12958,unlabeled
12959,unlabeled
12960,unlabeled
12961,unlabeled
12962,unlabeled
12963,unlabeled
12964,unlabeled
12965,unlabeled
12966,unlabeled
12967,unlabeled
12968,unlabeled
12969,unlabeled
12970,unlabeled
12971,unlabeled
12972,unlabeled
12973,unlabeled
12974,unlabeled
12975,unlabeled
12976,unlabeled
12977,unlabeled
12978,unlabeled
12979,unlabeled
12980,unlabeled
12981,unlabeled
12982,unlabeled
12983,unlabeled
12984,unlabeled
12985,unlabeled
12986,unlabeled
12987,unlabeled
12988,unlabeled
12989,unlabeled
12990,unlabeled
12991,unlabeled
12992,unlabeled
12993,unlabeled
12994,unlabeled
12995,unlabeled
12996,unlabeled
12997,unlabeled
12998,unlabeled
12999,unlabeled
13000,unlabeled
13001,unlabeled
13002,unlabeled
13003,unlabeled
13004,unlabeled
13005,unlabeled
13006,unlabeled
13007,unlabeled
13008,unlabeled
13009,unlabeled
13010,unlabeled
13011,unlabeled
13012,unlabeled
13013,unlabeled
13014,unlabeled
13015,unlabeled
13016,unlabeled
13017,unlabeled
13018,unlabeled
13019,unlabeled
13020,unlabeled
13021,unlabeled
13022,unlabeled
13023,unlabeled
13024,unlabeled
13025,unlabeled
13026,unlabeled
13027,unlabeled
13028,unlabeled
13029,unlabeled
13030,unlabeled
13031,unlabeled
13032,unlabeled
13033,unlabeled
13034,unlabeled
13035,unlabeled
13036,unlabeled
13037,unlabeled
13038,unlabeled
13039,unlabeled
13040,unlabeled
13041,unlabeled
13042,unlabeled
13043,unlabeled
13044,unlabeled
13045,unlabeled
13046,unlabeled
13047,unlabeled
13048,unlabeled
13049,unlabeled
13050,unlabeled
13051,unlabeled
13052,unlabeled
13053,unlabeled
13054,unlabeled
13055,unlabeled
13056,unlabeled
13057,unlabeled
13058,unlabeled
13059,unlabeled
13060,unlabeled
13061,unlabeled
13062,unlabeled
13063,unlabeled
13064,unlabeled
13065,unlabeled
13066,unlabeled
13067,unlabeled
13068,unlabeled
13069,unlabeled
13070,unlabeled
13071,unlabeled
13072,unlabeled
13073,unlabeled
13074,unlabeled
13075,unlabeled
13076,unlabeled
13077,unlabeled
13078,unlabeled
13079,unlabeled
13080,unlabeled
13081,unlabeled
13082,unlabeled
13083,unlabeled
13084,unlabeled
13085,unlabeled
13086,unlabeled
13087,unlabeled
13088,unlabeled
13089,unlabeled
13090,unlabeled
13091,unlabeled
13092,unlabeled
13093,unlabeled
13094,unlabeled
13095,unlabeled
13096,unlabeled
13097,unlabeled
13098,unlabeled
13099,unlabeled
13100,unlabeled
13101,unlabeled
13102,unlabeled
13103,unlabeled
13104,unlabeled
13105,unlabeled
13106,unlabeled
13107,unlabeled
13108,unlabeled
13109,unlabeled
13110,unlabeled
13111,unlabeled
13112,unlabeled
13113,unlabeled
13114,unlabeled
13115,unlabeled
13116,unlabeled
13117,unlabeled
13118,unlabeled
13119,unlabeled
13120,unlabeled
13121,unlabeled
13122,unlabeled
13123,unlabeled
13124,unlabeled
13125,unlabeled
13126,unlabeled
13127,unlabeled
13128,unlabeled
13129,unlabeled
13130,unlabeled
13131,unlabeled
13132,unlabeled
13133,unlabeled
13134,unlabeled
13135,unlabeled
13136,unlabeled
13137,unlabeled
13138,unlabeled
13139,unlabeled
13140,unlabeled
13141,unlabeled
13142,unlabeled
13143,unlabeled
13144,unlabeled
13145,unlabeled
13146,unlabeled
13147,unlabeled
13148,unlabeled
13149,unlabeled
13150,unlabeled
13151,unlabeled
13152,unlabeled
13153,unlabeled
13154,unlabeled
13155,unlabeled
13156,unlabeled
13157,unlabeled
13158,unlabeled
13159,unlabeled
13160,unlabeled
13161,unlabeled
13162,unlabeled
13163,unlabeled
13164,unlabeled
13165,unlabeled
13166,unlabeled
13167,unlabeled
13168,unlabeled
13169,unlabeled
13170,unlabeled
13171,unlabeled
13172,unlabeled
13173,unlabeled
13174,unlabeled
13175,unlabeled
13176,unlabeled
13177,unlabeled
13178,unlabeled
13179,unlabeled
13180,unlabeled
13181,unlabeled
13182,unlabeled
13183,unlabeled
13184,unlabeled
13185,unlabeled
13186,unlabeled
13187,unlabeled
13188,unlabeled
13189,unlabeled
13190,unlabeled
13191,unlabeled
13192,unlabeled
13193,unlabeled
13194,unlabeled
13195,unlabeled
13196,unlabeled
13197,unlabeled
13198,unlabeled
13199,unlabeled
13200,unlabeled
13201,unlabeled
13202,unlabeled
13203,unlabeled
13204,unlabeled
13205,unlabeled
13206,unlabeled
13207,unlabeled
13208,unlabeled
13209,unlabeled
13210,unlabeled
13211,unlabeled
13212,unlabeled
13213,unlabeled
13214,unlabeled
13215,unlabeled
13216,unlabeled
13217,unlabeled
13218,unlabeled
13219,unlabeled
13220,unlabeled
13221,unlabeled
13222,unlabeled
13223,unlabeled
13224,unlabeled
13225,unlabeled
13226,unlabeled
13227,unlabeled
13228,unlabeled
13229,unlabeled
13230,unlabeled
13231,unlabeled
13232,unlabeled
13233,unlabeled
13234,unlabeled
13235,unlabeled
13236,unlabeled
13237,unlabeled
13238,unlabeled
13239,unlabeled
13240,unlabeled
13241,unlabeled
13242,unlabeled
13243,unlabeled
13244,unlabeled
13245,unlabeled
13246,unlabeled
13247,unlabeled
13248,unlabeled
13249,unlabeled
13250,unlabeled
13251,unlabeled
13252,unlabeled
13253,unlabeled
13254,unlabeled
13255,unlabeled
13256,unlabeled
13257,unlabeled
13258,unlabeled
13259,unlabeled
13260,unlabeled
13261,unlabeled
13262,unlabeled
13263,unlabeled
13264,unlabeled
13265,unlabeled
13266,unlabeled
13267,unlabeled
13268,unlabeled
13269,unlabeled
13270,unlabeled
13271,unlabeled
13272,unlabeled
13273,unlabeled
13274,unlabeled
13275,unlabeled
13276,unlabeled
13277,unlabeled
13278,unlabeled
13279,unlabeled
13280,unlabeled
13281,unlabeled
13282,unlabeled
13283,unlabeled
13284,unlabeled
13285,unlabeled
13286,unlabeled
13287,unlabeled
13288,unlabeled
13289,unlabeled
13290,unlabeled
13291,unlabeled
13292,unlabeled
13293,unlabeled
13294,unlabeled
13295,unlabeled
13296,unlabeled
13297,unlabeled
13298,unlabeled
13299,unlabeled
13300,unlabeled
13301,unlabeled
13302,unlabeled
13303,unlabeled
13304,unlabeled
13305,unlabeled
13306,unlabeled
13307,unlabeled
13308,unlabeled
13309,unlabeled
13310,unlabeled
13311,unlabeled
13312,unlabeled
13313,unlabeled
13314,unlabeled
13315,unlabeled
13316,unlabeled
13317,unlabeled
13318,unlabeled
13319,unlabeled
13320,unlabeled
13321,unlabeled
13322,unlabeled
13323,unlabeled
13324,unlabeled
13325,unlabeled
13326,unlabeled
13327,unlabeled
13328,unlabeled
13329,unlabeled
13330,unlabeled
13331,unlabeled
13332,unlabeled
13333,unlabeled
13334,unlabeled
13335,unlabeled
13336,unlabeled
13337,unlabeled
13338,unlabeled
13339,unlabeled
13340,unlabeled
13341,unlabeled
13342,unlabeled
13343,unlabeled
13344,unlabeled
13345,unlabeled
13346,unlabeled
13347,unlabeled
13348,unlabeled
13349,unlabeled
13350,unlabeled
13351,unlabeled
13352,unlabeled
13353,unlabeled
13354,unlabeled
13355,unlabeled
13356,unlabeled
13357,unlabeled
13358,unlabeled
13359,unlabeled
13360,unlabeled
13361,unlabeled
13362,unlabeled
13363,unlabeled
13364,unlabeled
13365,unlabeled
13366,unlabeled
13367,unlabeled
13368,unlabeled
13369,unlabeled
13370,unlabeled
13371,unlabeled
13372,unlabeled
13373,unlabeled
13374,unlabeled
13375,unlabeled
13376,unlabeled
13377,unlabeled
13378,unlabeled
13379,unlabeled
13380,unlabeled
13381,unlabeled
13382,unlabeled
13383,unlabeled
13384,unlabeled
13385,unlabeled
13386,unlabeled
13387,unlabeled
13388,unlabeled
13389,unlabeled
13390,unlabeled
13391,unlabeled
13392,unlabeled
13393,unlabeled
13394,unlabeled
13395,unlabeled
13396,unlabeled
13397,unlabeled
13398,unlabeled
13399,unlabeled
13400,unlabeled
13401,unlabeled
13402,unlabeled
13403,unlabeled
13404,unlabeled
13405,unlabeled
13406,unlabeled
13407,unlabeled
13408,unlabeled
13409,unlabeled
13410,unlabeled
13411,unlabeled
13412,unlabeled
13413,unlabeled
13414,unlabeled
13415,unlabeled
13416,unlabeled
13417,unlabeled
13418,unlabeled
13419,unlabeled
13420,unlabeled
13421,unlabeled
13422,unlabeled
13423,unlabeled
13424,unlabeled
13425,unlabeled
13426,unlabeled
13427,unlabeled
13428,unlabeled
13429,unlabeled
13430,unlabeled
13431,unlabeled
13432,unlabeled
13433,unlabeled
13434,unlabeled
13435,unlabeled
13436,unlabeled
13437,unlabeled
13438,unlabeled
13439,unlabeled
13440,unlabeled
13441,unlabeled
13442,unlabeled
13443,unlabeled
13444,unlabeled
13445,unlabeled
13446,unlabeled
13447,unlabeled
13448,unlabeled
13449,unlabeled
13450,unlabeled
13451,unlabeled
13452,unlabeled
13453,unlabeled
13454,unlabeled
13455,unlabeled
13456,unlabeled
13457,unlabeled
13458,unlabeled
13459,unlabeled
13460,unlabeled
13461,unlabeled
13462,unlabeled
13463,unlabeled
13464,unlabeled
13465,unlabeled
13466,unlabeled
13467,unlabeled
13468,unlabeled
13469,unlabeled
13470,unlabeled
13471,unlabeled
13472,unlabeled
13473,unlabeled
13474,unlabeled
13475,unlabeled
13476,unlabeled
13477,unlabeled
13478,unlabeled
13479,unlabeled
13480,unlabeled
13481,unlabeled
13482,unlabeled
13483,unlabeled
13484,unlabeled
13485,unlabeled
13486,unlabeled
13487,unlabeled
13488,unlabeled
13489,unlabeled
13490,unlabeled
13491,unlabeled
13492,unlabeled
13493,unlabeled
13494,unlabeled
13495,unlabeled
13496,unlabeled
13497,unlabeled
13498,unlabeled
13499,unlabeled
13500,unlabeled
13501,unlabeled
13502,unlabeled
13503,unlabeled
13504,unlabeled
13505,unlabeled
13506,unlabeled
13507,unlabeled
13508,unlabeled
13509,unlabeled
13510,unlabeled
13511,unlabeled
13512,unlabeled
13513,unlabeled
13514,unlabeled
13515,unlabeled
13516,unlabeled
13517,unlabeled
13518,unlabeled
13519,unlabeled
13520,unlabeled
13521,unlabeled
13522,unlabeled
13523,unlabeled
13524,unlabeled
13525,unlabeled
13526,unlabeled
13527,unlabeled
13528,unlabeled
13529,unlabeled
13530,unlabeled
13531,unlabeled
13532,unlabeled
13533,unlabeled
13534,unlabeled
13535,unlabeled
13536,unlabeled
13537,unlabeled
13538,unlabeled
13539,unlabeled
13540,unlabeled
13541,unlabeled
13542,unlabeled
13543,unlabeled
13544,unlabeled
13545,unlabeled
13546,unlabeled
13547,unlabeled
13548,unlabeled
13549,unlabeled
13550,unlabeled
13551,unlabeled
13552,unlabeled
13553,unlabeled
13554,unlabeled
13555,unlabeled
13556,unlabeled
13557,unlabeled
13558,unlabeled
13559,unlabeled
13560,unlabeled
13561,unlabeled
13562,unlabeled
13563,unlabeled
13564,unlabeled
13565,unlabeled
13566,unlabeled
13567,unlabeled
13568,unlabeled
13569,unlabeled
13570,unlabeled
13571,unlabeled
13572,unlabeled
13573,unlabeled
13574,unlabeled
13575,unlabeled
13576,unlabeled
13577,unlabeled
13578,unlabeled
13579,unlabeled
13580,unlabeled
13581,unlabeled
13582,unlabeled
13583,unlabeled
13584,unlabeled
13585,unlabeled
13586,unlabeled
13587,unlabeled
13588,unlabeled
13589,unlabeled
13590,unlabeled
13591,unlabeled
13592,unlabeled
13593,unlabeled
13594,unlabeled
13595,unlabeled
13596,unlabeled
13597,unlabeled
13598,unlabeled
13599,unlabeled
13600,unlabeled
13601,unlabeled
13602,unlabeled
13603,unlabeled
13604,unlabeled
13605,unlabeled
13606,unlabeled
13607,unlabeled
13608,unlabeled
13609,unlabeled
13610,unlabeled
13611,unlabeled
13612,unlabeled
13613,unlabeled
13614,unlabeled
13615,unlabeled
13616,unlabeled
13617,unlabeled
13618,unlabeled
13619,unlabeled
13620,unlabeled
13621,unlabeled
13622,unlabeled
13623,unlabeled
13624,unlabeled
13625,unlabeled
13626,unlabeled
13627,unlabeled
13628,unlabeled
13629,unlabeled
13630,unlabeled
13631,unlabeled
13632,unlabeled
13633,unlabeled
13634,unlabeled
13635,unlabeled
13636,unlabeled
13637,unlabeled
13638,unlabeled
13639,unlabeled
13640,unlabeled
13641,unlabeled
13642,unlabeled
13643,unlabeled
13644,unlabeled
13645,unlabeled
13646,unlabeled
13647,unlabeled
13648,unlabeled
13649,unlabeled
13650,unlabeled
13651,unlabeled
13652,unlabeled
13653,unlabeled
13654,unlabeled
13655,unlabeled
13656,unlabeled
13657,unlabeled
13658,unlabeled
13659,unlabeled
13660,unlabeled
13661,unlabeled
13662,unlabeled
13663,unlabeled
13664,unlabeled
13665,unlabeled
13666,unlabeled
13667,unlabeled
13668,unlabeled
13669,unlabeled
13670,unlabeled
13671,unlabeled
13672,unlabeled
13673,unlabeled
13674,unlabeled
13675,unlabeled
13676,unlabeled
13677,unlabeled
13678,unlabeled
13679,unlabeled
13680,unlabeled
13681,unlabeled
13682,unlabeled
13683,unlabeled
13684,unlabeled
13685,unlabeled
13686,unlabeled
13687,unlabeled
13688,unlabeled
13689,unlabeled
13690,unlabeled
13691,unlabeled
13692,unlabeled
13693,unlabeled
13694,unlabeled
13695,unlabeled
13696,unlabeled
13697,unlabeled
13698,unlabeled
13699,unlabeled
13700,unlabeled
13701,unlabeled
13702,unlabeled
13703,unlabeled
13704,unlabeled
13705,unlabeled
13706,unlabeled
13707,unlabeled
13708,unlabeled
13709,unlabeled
13710,unlabeled
13711,unlabeled
13712,unlabeled
13713,unlabeled
13714,unlabeled
13715,unlabeled
13716,unlabeled
13717,unlabeled
13718,unlabeled
13719,unlabeled
13720,unlabeled
13721,unlabeled
13722,unlabeled
13723,unlabeled
13724,unlabeled
13725,unlabeled
13726,unlabeled
13727,unlabeled
13728,unlabeled
13729,unlabeled
13730,unlabeled
13731,unlabeled
13732,unlabeled
13733,unlabeled
13734,unlabeled
13735,unlabeled
13736,unlabeled
13737,unlabeled
13738,unlabeled
13739,unlabeled
13740,unlabeled
13741,unlabeled
13742,unlabeled
13743,unlabeled
13744,unlabeled
13745,unlabeled
13746,unlabeled
13747,unlabeled
13748,unlabeled
13749,unlabeled
13750,unlabeled
13751,unlabeled
13752,unlabeled
13753,unlabeled
13754,unlabeled
13755,unlabeled
13756,unlabeled
13757,unlabeled
13758,unlabeled
13759,unlabeled
13760,unlabeled
13761,unlabeled
13762,unlabeled
13763,unlabeled
13764,unlabeled
13765,unlabeled
13766,unlabeled
13767,unlabeled
13768,unlabeled
13769,unlabeled
13770,unlabeled
13771,unlabeled
13772,unlabeled
13773,unlabeled
13774,unlabeled
13775,unlabeled
13776,unlabeled
13777,unlabeled
13778,unlabeled
13779,unlabeled
13780,unlabeled
13781,unlabeled
13782,unlabeled
13783,unlabeled
13784,unlabeled
13785,unlabeled
13786,unlabeled
13787,unlabeled
13788,unlabeled
13789,unlabeled
13790,unlabeled
13791,unlabeled
13792,unlabeled
13793,unlabeled
13794,unlabeled
13795,unlabeled
13796,unlabeled
13797,unlabeled
13798,unlabeled
13799,unlabeled
13800,unlabeled
13801,unlabeled
13802,unlabeled
13803,unlabeled
13804,unlabeled
13805,unlabeled
13806,unlabeled
13807,unlabeled
13808,unlabeled
13809,unlabeled
13810,unlabeled
13811,unlabeled
13812,unlabeled
13813,unlabeled
13814,unlabeled
13815,unlabeled
13816,unlabeled
13817,unlabeled
13818,unlabeled
13819,unlabeled
13820,unlabeled
13821,unlabeled
13822,unlabeled
13823,unlabeled
13824,unlabeled
13825,unlabeled
13826,unlabeled
13827,unlabeled
13828,unlabeled
13829,unlabeled
13830,unlabeled
13831,unlabeled
13832,unlabeled
13833,unlabeled
13834,unlabeled
13835,unlabeled
13836,unlabeled
13837,unlabeled
13838,unlabeled
13839,unlabeled
13840,unlabeled
13841,unlabeled
13842,unlabeled
13843,unlabeled
13844,unlabeled
13845,unlabeled
13846,unlabeled
13847,unlabeled
13848,unlabeled
13849,unlabeled
13850,unlabeled
13851,unlabeled
13852,unlabeled
13853,unlabeled
13854,unlabeled
13855,unlabeled
13856,unlabeled
13857,unlabeled
13858,unlabeled
13859,unlabeled
13860,unlabeled
13861,unlabeled
13862,unlabeled
13863,unlabeled
13864,unlabeled
13865,unlabeled
13866,unlabeled
13867,unlabeled
13868,unlabeled
13869,unlabeled
13870,unlabeled
13871,unlabeled
13872,unlabeled
13873,unlabeled
13874,unlabeled
13875,unlabeled
13876,unlabeled
13877,unlabeled
13878,unlabeled
13879,unlabeled
13880,unlabeled
13881,unlabeled
13882,unlabeled
13883,unlabeled
13884,unlabeled
13885,unlabeled
13886,unlabeled
13887,unlabeled
13888,unlabeled
13889,unlabeled
13890,unlabeled
13891,unlabeled
13892,unlabeled
13893,unlabeled
13894,unlabeled
13895,unlabeled
13896,unlabeled
13897,unlabeled
13898,unlabeled
13899,unlabeled
13900,unlabeled
13901,unlabeled
13902,unlabeled
13903,unlabeled
13904,unlabeled
13905,unlabeled
13906,unlabeled
13907,unlabeled
13908,unlabeled
13909,unlabeled
13910,unlabeled
13911,unlabeled
13912,unlabeled
13913,unlabeled
13914,unlabeled
13915,unlabeled
13916,unlabeled
13917,unlabeled
13918,unlabeled
13919,unlabeled
13920,unlabeled
13921,unlabeled
13922,unlabeled
13923,unlabeled
13924,unlabeled
13925,unlabeled
13926,unlabeled
13927,unlabeled
13928,unlabeled
13929,unlabeled
13930,unlabeled
13931,unlabeled
13932,unlabeled
13933,unlabeled
13934,unlabeled
13935,unlabeled
13936,unlabeled
13937,unlabeled
13938,unlabeled
13939,unlabeled
13940,unlabeled
13941,unlabeled
13942,unlabeled
13943,unlabeled
13944,unlabeled
13945,unlabeled
13946,unlabeled
13947,unlabeled
13948,unlabeled
13949,unlabeled
13950,unlabeled
13951,unlabeled
13952,unlabeled
13953,unlabeled
13954,unlabeled
13955,unlabeled
13956,unlabeled
13957,unlabeled
13958,unlabeled
13959,unlabeled
13960,unlabeled
13961,unlabeled
13962,unlabeled
13963,unlabeled
13964,unlabeled
13965,unlabeled
13966,unlabeled
13967,unlabeled
13968,unlabeled
13969,unlabeled
13970,unlabeled
13971,unlabeled
13972,unlabeled
13973,unlabeled
13974,unlabeled
13975,unlabeled
13976,unlabeled
13977,unlabeled
13978,unlabeled
13979,unlabeled
13980,unlabeled
13981,unlabeled
13982,unlabeled
13983,unlabeled
13984,unlabeled
13985,unlabeled
13986,unlabeled
13987,unlabeled
13988,unlabeled
13989,unlabeled
13990,unlabeled
13991,unlabeled
13992,unlabeled
13993,unlabeled
13994,unlabeled
13995,unlabeled
13996,unlabeled
13997,unlabeled
13998,unlabeled
13999,unlabeled
14000,unlabeled
14001,unlabeled
14002,unlabeled
14003,unlabeled
14004,unlabeled
14005,unlabeled
14006,unlabeled
14007,unlabeled
14008,unlabeled
14009,unlabeled
14010,unlabeled
14011,unlabeled
14012,unlabeled
14013,unlabeled
14014,unlabeled
14015,unlabeled
14016,unlabeled
14017,unlabeled
14018,unlabeled
14019,unlabeled
14020,unlabeled
14021,unlabeled
14022,unlabeled
14023,unlabeled
14024,unlabeled
14025,unlabeled
14026,unlabeled
14027,unlabeled
14028,unlabeled
14029,unlabeled
14030,unlabeled
14031,unlabeled
14032,unlabeled
14033,unlabeled
14034,unlabeled
14035,unlabeled
14036,unlabeled
14037,unlabeled
14038,unlabeled
14039,unlabeled
14040,unlabeled
14041,unlabeled
14042,unlabeled
14043,unlabeled
14044,unlabeled
14045,unlabeled
14046,unlabeled
14047,unlabeled
14048,unlabeled
14049,unlabeled
14050,unlabeled
14051,unlabeled
14052,unlabeled
14053,unlabeled
14054,unlabeled
14055,unlabeled
14056,unlabeled
14057,unlabeled
14058,unlabeled
14059,unlabeled
14060,unlabeled
14061,unlabeled
14062,unlabeled
14063,unlabeled
14064,unlabeled
14065,unlabeled
14066,unlabeled
14067,unlabeled
14068,unlabeled
14069,unlabeled
14070,unlabeled
14071,unlabeled
14072,unlabeled
14073,unlabeled
14074,unlabeled
14075,unlabeled
14076,unlabeled
14077,unlabeled
14078,unlabeled
14079,unlabeled
14080,unlabeled
14081,unlabeled
14082,unlabeled
14083,unlabeled
14084,unlabeled
14085,unlabeled
14086,unlabeled
14087,unlabeled
14088,unlabeled
14089,unlabeled
14090,unlabeled
14091,unlabeled
14092,unlabeled
14093,unlabeled
14094,unlabeled
14095,unlabeled
14096,unlabeled
14097,unlabeled
14098,unlabeled
14099,unlabeled
14100,unlabeled
14101,unlabeled
14102,unlabeled
14103,unlabeled
14104,unlabeled
14105,unlabeled
14106,unlabeled
14107,unlabeled
14108,unlabeled
14109,unlabeled
14110,unlabeled
14111,unlabeled
14112,unlabeled
14113,unlabeled
14114,unlabeled
14115,unlabeled
14116,unlabeled
14117,unlabeled
14118,unlabeled
14119,unlabeled
14120,unlabeled
14121,unlabeled
14122,unlabeled
14123,unlabeled
14124,unlabeled
14125,unlabeled
14126,unlabeled
14127,unlabeled
14128,unlabeled
14129,unlabeled
14130,unlabeled
14131,unlabeled
14132,unlabeled
14133,unlabeled
14134,unlabeled
14135,unlabeled
14136,unlabeled
14137,unlabeled
14138,unlabeled
14139,unlabeled
14140,unlabeled
14141,unlabeled
14142,unlabeled
14143,unlabeled
14144,unlabeled
14145,unlabeled
14146,unlabeled
14147,unlabeled
14148,unlabeled
14149,unlabeled
14150,unlabeled
14151,unlabeled
14152,unlabeled
14153,unlabeled
14154,unlabeled
14155,unlabeled
14156,unlabeled
14157,unlabeled
14158,unlabeled
14159,unlabeled
14160,unlabeled
14161,unlabeled
14162,unlabeled
14163,unlabeled
14164,unlabeled
14165,unlabeled
14166,unlabeled
14167,unlabeled
14168,unlabeled
14169,unlabeled
14170,unlabeled
14171,unlabeled
14172,unlabeled
14173,unlabeled
14174,unlabeled
14175,unlabeled
14176,unlabeled
14177,unlabeled
14178,unlabeled
14179,unlabeled
14180,unlabeled
14181,unlabeled
14182,unlabeled
14183,unlabeled
14184,unlabeled
14185,unlabeled
14186,unlabeled
14187,unlabeled
14188,unlabeled
14189,unlabeled
14190,unlabeled
14191,unlabeled
14192,unlabeled
14193,unlabeled
14194,unlabeled
14195,unlabeled
14196,unlabeled
14197,unlabeled
14198,unlabeled
14199,unlabeled
14200,unlabeled
14201,unlabeled
14202,unlabeled
14203,unlabeled
14204,unlabeled
14205,unlabeled
14206,unlabeled
14207,unlabeled
14208,unlabeled
14209,unlabeled
14210,unlabeled
14211,unlabeled
14212,unlabeled
14213,unlabeled
14214,unlabeled
14215,unlabeled
14216,unlabeled
14217,unlabeled
14218,unlabeled
14219,unlabeled
14220,unlabeled
14221,unlabeled
14222,unlabeled
14223,unlabeled
14224,unlabeled
14225,unlabeled
14226,unlabeled
14227,unlabeled
14228,unlabeled
14229,unlabeled
14230,unlabeled
14231,unlabeled
14232,unlabeled
14233,unlabeled
14234,unlabeled
14235,unlabeled
14236,unlabeled
14237,unlabeled
14238,unlabeled
14239,unlabeled
14240,unlabeled
14241,unlabeled
14242,unlabeled
14243,unlabeled
14244,unlabeled
14245,unlabeled
14246,unlabeled
14247,unlabeled
14248,unlabeled
14249,unlabeled
14250,unlabeled
14251,unlabeled
14252,unlabeled
14253,unlabeled
14254,unlabeled
14255,unlabeled
14256,unlabeled
14257,unlabeled
14258,unlabeled
14259,unlabeled
14260,unlabeled
14261,unlabeled
14262,unlabeled
14263,unlabeled
14264,unlabeled
14265,unlabeled
14266,unlabeled
14267,unlabeled
14268,unlabeled
14269,unlabeled
14270,unlabeled
14271,unlabeled
14272,unlabeled
14273,unlabeled
14274,unlabeled
14275,unlabeled
14276,unlabeled
14277,unlabeled
14278,unlabeled
14279,unlabeled
14280,unlabeled
14281,unlabeled
14282,unlabeled
14283,unlabeled
14284,unlabeled
14285,unlabeled
14286,unlabeled
14287,unlabeled
14288,unlabeled
14289,unlabeled
14290,unlabeled
14291,unlabeled
14292,unlabeled
14293,unlabeled
14294,unlabeled
14295,unlabeled
14296,unlabeled
14297,unlabeled
14298,unlabeled
14299,unlabeled
14300,unlabeled
14301,unlabeled
14302,unlabeled
14303,unlabeled
14304,unlabeled
14305,unlabeled
14306,unlabeled
14307,unlabeled
14308,unlabeled
14309,unlabeled
14310,unlabeled
14311,unlabeled
14312,unlabeled
14313,unlabeled
14314,unlabeled
14315,unlabeled
14316,unlabeled
14317,unlabeled
14318,unlabeled
14319,unlabeled
14320,unlabeled
14321,unlabeled
14322,unlabeled
14323,unlabeled
14324,unlabeled
14325,unlabeled
14326,unlabeled
14327,unlabeled
14328,unlabeled
14329,unlabeled
14330,unlabeled
14331,unlabeled
14332,unlabeled
14333,unlabeled
14334,unlabeled
14335,unlabeled
14336,unlabeled
14337,unlabeled
14338,unlabeled
14339,unlabeled
14340,unlabeled
14341,unlabeled
14342,unlabeled
14343,unlabeled
14344,unlabeled
14345,unlabeled
14346,unlabeled
14347,unlabeled
14348,unlabeled
14349,unlabeled
14350,unlabeled
14351,unlabeled
14352,unlabeled
14353,unlabeled
14354,unlabeled
14355,unlabeled
14356,unlabeled
14357,unlabeled
14358,unlabeled
14359,unlabeled
14360,unlabeled
14361,unlabeled
14362,unlabeled
14363,unlabeled
14364,unlabeled
14365,unlabeled
14366,unlabeled
14367,unlabeled
14368,unlabeled
14369,unlabeled
14370,unlabeled
14371,unlabeled
14372,unlabeled
14373,unlabeled
14374,unlabeled
14375,unlabeled
14376,unlabeled
14377,unlabeled
14378,unlabeled
14379,unlabeled
14380,unlabeled
14381,unlabeled
14382,unlabeled
14383,unlabeled
14384,unlabeled
14385,unlabeled
14386,unlabeled
14387,unlabeled
14388,unlabeled
14389,unlabeled
14390,unlabeled
14391,unlabeled
14392,unlabeled
14393,unlabeled
14394,unlabeled
14395,unlabeled
14396,unlabeled
14397,unlabeled
14398,unlabeled
14399,unlabeled
14400,unlabeled
14401,unlabeled
14402,unlabeled
14403,unlabeled
14404,unlabeled
14405,unlabeled
14406,unlabeled
14407,unlabeled
14408,unlabeled
14409,unlabeled
14410,unlabeled
14411,unlabeled
14412,unlabeled
14413,unlabeled
14414,unlabeled
14415,unlabeled
14416,unlabeled
14417,unlabeled
14418,unlabeled
14419,unlabeled
14420,unlabeled
14421,unlabeled
14422,unlabeled
14423,unlabeled
14424,unlabeled
14425,unlabeled
14426,unlabeled
14427,unlabeled
14428,unlabeled
14429,unlabeled
14430,unlabeled
14431,unlabeled
14432,unlabeled
14433,unlabeled
14434,unlabeled
14435,unlabeled
14436,unlabeled
14437,unlabeled
14438,unlabeled
14439,unlabeled
14440,unlabeled
14441,unlabeled
14442,unlabeled
14443,unlabeled
14444,unlabeled
14445,unlabeled
14446,unlabeled
14447,unlabeled
14448,unlabeled
14449,unlabeled
14450,unlabeled
14451,unlabeled
14452,unlabeled
14453,unlabeled
14454,unlabeled
14455,unlabeled
14456,unlabeled
14457,unlabeled
14458,unlabeled
14459,unlabeled
14460,unlabeled
14461,unlabeled
14462,unlabeled
14463,unlabeled
14464,unlabeled
14465,unlabeled
14466,unlabeled
14467,unlabeled
14468,unlabeled
14469,unlabeled
14470,unlabeled
14471,unlabeled
14472,unlabeled
14473,unlabeled
14474,unlabeled
14475,unlabeled
14476,unlabeled
14477,unlabeled
14478,unlabeled
14479,unlabeled
14480,unlabeled
14481,unlabeled
14482,unlabeled
14483,unlabeled
14484,unlabeled
14485,unlabeled
14486,unlabeled
14487,unlabeled
14488,unlabeled
14489,unlabeled
14490,unlabeled
14491,unlabeled
14492,unlabeled
14493,unlabeled
14494,unlabeled
14495,unlabeled
14496,unlabeled
14497,unlabeled
14498,unlabeled
14499,unlabeled
14500,unlabeled
14501,unlabeled
14502,unlabeled
14503,unlabeled
14504,unlabeled
14505,unlabeled
14506,unlabeled
14507,unlabeled
14508,unlabeled
14509,unlabeled
14510,unlabeled
14511,unlabeled
14512,unlabeled
14513,unlabeled
14514,unlabeled
14515,unlabeled
14516,unlabeled
14517,unlabeled
14518,unlabeled
14519,unlabeled
14520,unlabeled
14521,unlabeled
14522,unlabeled
14523,unlabeled
14524,unlabeled
14525,unlabeled
14526,unlabeled
14527,unlabeled
14528,unlabeled
14529,unlabeled
14530,unlabeled
14531,unlabeled
14532,unlabeled
14533,unlabeled
14534,unlabeled
14535,unlabeled
14536,unlabeled
14537,unlabeled
14538,unlabeled
14539,unlabeled
14540,unlabeled
14541,unlabeled
14542,unlabeled
14543,unlabeled
14544,unlabeled
14545,unlabeled
14546,unlabeled
14547,unlabeled
14548,unlabeled
14549,unlabeled
14550,unlabeled
14551,unlabeled
14552,unlabeled
14553,unlabeled
14554,unlabeled
14555,unlabeled
14556,unlabeled
14557,unlabeled
14558,unlabeled
14559,unlabeled
14560,unlabeled
14561,unlabeled
14562,unlabeled
14563,unlabeled
14564,unlabeled
14565,unlabeled
14566,unlabeled
14567,unlabeled
14568,unlabeled
14569,unlabeled
14570,unlabeled
14571,unlabeled
14572,unlabeled
14573,unlabeled
14574,unlabeled
14575,unlabeled
14576,unlabeled
14577,unlabeled
14578,unlabeled
14579,unlabeled
14580,unlabeled
14581,unlabeled
14582,unlabeled
14583,unlabeled
14584,unlabeled
14585,unlabeled
14586,unlabeled
14587,unlabeled
14588,unlabeled
14589,unlabeled
14590,unlabeled
14591,unlabeled
14592,unlabeled
14593,unlabeled
14594,unlabeled
14595,unlabeled
14596,unlabeled
14597,unlabeled
14598,unlabeled
14599,unlabeled
14600,unlabeled
14601,unlabeled
14602,unlabeled
14603,unlabeled
14604,unlabeled
14605,unlabeled
14606,unlabeled
14607,unlabeled
14608,unlabeled
14609,unlabeled
14610,unlabeled
14611,unlabeled
14612,unlabeled
14613,unlabeled
14614,unlabeled
14615,unlabeled
14616,unlabeled
14617,unlabeled
14618,unlabeled
14619,unlabeled
14620,unlabeled
14621,unlabeled
14622,unlabeled
14623,unlabeled
14624,unlabeled
14625,unlabeled
14626,unlabeled
14627,unlabeled
14628,unlabeled
14629,unlabeled
14630,unlabeled
14631,unlabeled
14632,unlabeled
14633,unlabeled
14634,unlabeled
14635,unlabeled
14636,unlabeled
14637,unlabeled
14638,unlabeled
14639,unlabeled
14640,unlabeled
14641,unlabeled
14642,unlabeled
14643,unlabeled
14644,unlabeled
14645,unlabeled
14646,unlabeled
14647,unlabeled
14648,unlabeled
14649,unlabeled
14650,unlabeled
14651,unlabeled
14652,unlabeled
14653,unlabeled
14654,unlabeled
14655,unlabeled
14656,unlabeled
14657,unlabeled
14658,unlabeled
14659,unlabeled
14660,unlabeled
14661,unlabeled
14662,unlabeled
14663,unlabeled
14664,unlabeled
14665,unlabeled
14666,unlabeled
14667,unlabeled
14668,unlabeled
14669,unlabeled
14670,unlabeled
14671,unlabeled
14672,unlabeled
14673,unlabeled
14674,unlabeled
14675,unlabeled
14676,unlabeled
14677,unlabeled
14678,unlabeled
14679,unlabeled
14680,unlabeled
14681,unlabeled
14682,unlabeled
14683,unlabeled
14684,unlabeled
14685,unlabeled
14686,unlabeled
14687,unlabeled
14688,unlabeled
14689,unlabeled
14690,unlabeled
14691,unlabeled
14692,unlabeled
14693,unlabeled
14694,unlabeled
14695,unlabeled
14696,unlabeled
14697,unlabeled
14698,unlabeled
14699,unlabeled
14700,unlabeled
14701,unlabeled
14702,unlabeled
14703,unlabeled
14704,unlabeled
14705,unlabeled
14706,unlabeled
14707,unlabeled
14708,unlabeled
14709,unlabeled
14710,unlabeled
14711,unlabeled
14712,unlabeled
14713,unlabeled
14714,unlabeled
14715,unlabeled
14716,unlabeled
14717,unlabeled
14718,unlabeled
14719,unlabeled
14720,unlabeled
14721,unlabeled
14722,unlabeled
14723,unlabeled
14724,unlabeled
14725,unlabeled
14726,unlabeled
14727,unlabeled
14728,unlabeled
14729,unlabeled
14730,unlabeled
14731,unlabeled
14732,unlabeled
14733,unlabeled
14734,unlabeled
14735,unlabeled
14736,unlabeled
14737,unlabeled
14738,unlabeled
14739,unlabeled
14740,unlabeled
14741,unlabeled
14742,unlabeled
14743,unlabeled
14744,unlabeled
14745,unlabeled
14746,unlabeled
14747,unlabeled
14748,unlabeled
14749,unlabeled
14750,unlabeled
14751,unlabeled
14752,unlabeled
14753,unlabeled
14754,unlabeled
14755,unlabeled
14756,unlabeled
14757,unlabeled
14758,unlabeled
14759,unlabeled
14760,unlabeled
14761,unlabeled
14762,unlabeled
14763,unlabeled
14764,unlabeled
14765,unlabeled
14766,unlabeled
14767,unlabeled
14768,unlabeled
14769,unlabeled
14770,unlabeled
14771,unlabeled
14772,unlabeled
14773,unlabeled
14774,unlabeled
14775,unlabeled
14776,unlabeled
14777,unlabeled
14778,unlabeled
14779,unlabeled
14780,unlabeled
14781,unlabeled
14782,unlabeled
14783,unlabeled
14784,unlabeled
14785,unlabeled
14786,unlabeled
14787,unlabeled
14788,unlabeled
14789,unlabeled
14790,unlabeled
14791,unlabeled
14792,unlabeled
14793,unlabeled
14794,unlabeled
14795,unlabeled
14796,unlabeled
14797,unlabeled
14798,unlabeled
14799,unlabeled
14800,unlabeled
14801,unlabeled
14802,unlabeled
14803,unlabeled
14804,unlabeled
14805,unlabeled
14806,unlabeled
14807,unlabeled
14808,unlabeled
14809,unlabeled
14810,unlabeled
14811,unlabeled
14812,unlabeled
14813,unlabeled
14814,unlabeled
14815,unlabeled
14816,unlabeled
14817,unlabeled
14818,unlabeled
14819,unlabeled
14820,unlabeled
14821,unlabeled
14822,unlabeled
14823,unlabeled
14824,unlabeled
14825,unlabeled
14826,unlabeled
14827,unlabeled
14828,unlabeled
14829,unlabeled
14830,unlabeled
14831,unlabeled
14832,unlabeled
14833,unlabeled
14834,unlabeled
14835,unlabeled
14836,unlabeled
14837,unlabeled
14838,unlabeled
14839,unlabeled
14840,unlabeled
14841,unlabeled
14842,unlabeled
14843,unlabeled
14844,unlabeled
14845,unlabeled
14846,unlabeled
14847,unlabeled
14848,unlabeled
14849,unlabeled
14850,unlabeled
14851,unlabeled
14852,unlabeled
14853,unlabeled
14854,unlabeled
14855,unlabeled
14856,unlabeled
14857,unlabeled
14858,unlabeled
14859,unlabeled
14860,unlabeled
14861,unlabeled
14862,unlabeled
14863,unlabeled
14864,unlabeled
14865,unlabeled
14866,unlabeled
14867,unlabeled
14868,unlabeled
14869,unlabeled
14870,unlabeled
14871,unlabeled
14872,unlabeled
14873,unlabeled
14874,unlabeled
14875,unlabeled
14876,unlabeled
14877,unlabeled
14878,unlabeled
14879,unlabeled
14880,unlabeled
14881,unlabeled
14882,unlabeled
14883,unlabeled
14884,unlabeled
14885,unlabeled
14886,unlabeled
14887,unlabeled
14888,unlabeled
14889,unlabeled
14890,unlabeled
14891,unlabeled
14892,unlabeled
14893,unlabeled
14894,unlabeled
14895,unlabeled
14896,unlabeled
14897,unlabeled
14898,unlabeled
14899,unlabeled
14900,unlabeled
14901,unlabeled
14902,unlabeled
14903,unlabeled
14904,unlabeled
14905,unlabeled
14906,unlabeled
14907,unlabeled
14908,unlabeled
14909,unlabeled
14910,unlabeled
14911,unlabeled
14912,unlabeled
14913,unlabeled
14914,unlabeled
14915,unlabeled
14916,unlabeled
14917,unlabeled
14918,unlabeled
14919,unlabeled
14920,unlabeled
14921,unlabeled
14922,unlabeled
14923,unlabeled
14924,unlabeled
14925,unlabeled
14926,unlabeled
14927,unlabeled
14928,unlabeled
14929,unlabeled
14930,unlabeled
14931,unlabeled
14932,unlabeled
14933,unlabeled
14934,unlabeled
14935,unlabeled
14936,unlabeled
14937,unlabeled
14938,unlabeled
14939,unlabeled
14940,unlabeled
14941,unlabeled
14942,unlabeled
14943,unlabeled
14944,unlabeled
14945,unlabeled
14946,unlabeled
14947,unlabeled
14948,unlabeled
14949,unlabeled
14950,unlabeled
14951,unlabeled
14952,unlabeled
14953,unlabeled
14954,unlabeled
14955,unlabeled
14956,unlabeled
14957,unlabeled
14958,unlabeled
14959,unlabeled
14960,unlabeled
14961,unlabeled
14962,unlabeled
14963,unlabeled
14964,unlabeled
14965,unlabeled
14966,unlabeled
14967,unlabeled
14968,unlabeled
14969,unlabeled
14970,unlabeled
14971,unlabeled
14972,unlabeled
14973,unlabeled
14974,unlabeled
14975,unlabeled
14976,unlabeled
14977,unlabeled
14978,unlabeled
14979,unlabeled
14980,unlabeled
14981,unlabeled
14982,unlabeled
14983,unlabeled
14984,unlabeled
14985,unlabeled
14986,unlabeled
14987,unlabeled
14988,unlabeled
14989,unlabeled
14990,unlabeled
14991,unlabeled
14992,unlabeled
14993,unlabeled
14994,unlabeled
14995,unlabeled
14996,unlabeled
14997,unlabeled
14998,unlabeled
14999,unlabeled
15000,unlabeled
15001,unlabeled
15002,unlabeled
15003,unlabeled
15004,unlabeled
15005,unlabeled
15006,unlabeled
15007,unlabeled
15008,unlabeled
15009,unlabeled
15010,unlabeled
15011,unlabeled
15012,unlabeled
15013,unlabeled
15014,unlabeled
15015,unlabeled
15016,unlabeled
15017,unlabeled
15018,unlabeled
15019,unlabeled
15020,unlabeled
15021,unlabeled
15022,unlabeled
15023,unlabeled
15024,unlabeled
15025,unlabeled
15026,unlabeled
15027,unlabeled
15028,unlabeled
15029,unlabeled
15030,unlabeled
15031,unlabeled
15032,unlabeled
15033,unlabeled
15034,unlabeled
15035,unlabeled
15036,unlabeled
15037,unlabeled
15038,unlabeled
15039,unlabeled
15040,unlabeled
15041,unlabeled
15042,unlabeled
15043,unlabeled
15044,unlabeled
15045,unlabeled
15046,unlabeled
15047,unlabeled
15048,unlabeled
15049,unlabeled
15050,unlabeled
15051,unlabeled
15052,unlabeled
15053,unlabeled
15054,unlabeled
15055,unlabeled
15056,unlabeled
15057,unlabeled
15058,unlabeled
15059,unlabeled
15060,unlabeled
15061,unlabeled
15062,unlabeled
15063,unlabeled
15064,unlabeled
15065,unlabeled
15066,unlabeled
15067,unlabeled
15068,unlabeled
15069,unlabeled
15070,unlabeled
15071,unlabeled
15072,unlabeled
15073,unlabeled
15074,unlabeled
15075,unlabeled
15076,unlabeled
15077,unlabeled
15078,unlabeled
15079,unlabeled
15080,unlabeled
15081,unlabeled
15082,unlabeled
15083,unlabeled
15084,unlabeled
15085,unlabeled
15086,unlabeled
15087,unlabeled
15088,unlabeled
15089,unlabeled
15090,unlabeled
15091,unlabeled
15092,unlabeled
15093,unlabeled
15094,unlabeled
15095,unlabeled
15096,unlabeled
15097,unlabeled
15098,unlabeled
15099,unlabeled
15100,unlabeled
15101,unlabeled
15102,unlabeled
15103,unlabeled
15104,unlabeled
15105,unlabeled
15106,unlabeled
15107,unlabeled
15108,unlabeled
15109,unlabeled
15110,unlabeled
15111,unlabeled
15112,unlabeled
15113,unlabeled
15114,unlabeled
15115,unlabeled
15116,unlabeled
15117,unlabeled
15118,unlabeled
15119,unlabeled
15120,unlabeled
15121,unlabeled
15122,unlabeled
15123,unlabeled
15124,unlabeled
15125,unlabeled
15126,unlabeled
15127,unlabeled
15128,unlabeled
15129,unlabeled
15130,unlabeled
15131,unlabeled
15132,unlabeled
15133,unlabeled
15134,unlabeled
15135,unlabeled
15136,unlabeled
15137,unlabeled
15138,unlabeled
15139,unlabeled
15140,unlabeled
15141,unlabeled
15142,unlabeled
15143,unlabeled
15144,unlabeled
15145,unlabeled
15146,unlabeled
15147,unlabeled
15148,unlabeled
15149,unlabeled
15150,unlabeled
15151,unlabeled
15152,unlabeled
15153,unlabeled
15154,unlabeled
15155,unlabeled
15156,unlabeled
15157,unlabeled
15158,unlabeled
15159,unlabeled
15160,unlabeled
15161,unlabeled
15162,unlabeled
15163,unlabeled
15164,unlabeled
15165,unlabeled
15166,unlabeled
15167,unlabeled
15168,unlabeled
15169,unlabeled
15170,unlabeled
15171,unlabeled
15172,unlabeled
15173,unlabeled
15174,unlabeled
15175,unlabeled
15176,unlabeled
15177,unlabeled
15178,unlabeled
15179,unlabeled
15180,unlabeled
15181,unlabeled
15182,unlabeled
15183,unlabeled
15184,unlabeled
15185,unlabeled
15186,unlabeled
15187,unlabeled
15188,unlabeled
15189,unlabeled
15190,unlabeled
15191,unlabeled
15192,unlabeled
15193,unlabeled
15194,unlabeled
15195,unlabeled
15196,unlabeled
15197,unlabeled
15198,unlabeled
15199,unlabeled
15200,unlabeled
15201,unlabeled
15202,unlabeled
15203,unlabeled
15204,unlabeled
15205,unlabeled
15206,unlabeled
15207,unlabeled
15208,unlabeled
15209,unlabeled
15210,unlabeled
15211,unlabeled
15212,unlabeled
15213,unlabeled
15214,unlabeled
15215,unlabeled
15216,unlabeled
15217,unlabeled
15218,unlabeled
15219,unlabeled
15220,unlabeled
15221,unlabeled
15222,unlabeled
15223,unlabeled
15224,unlabeled
15225,unlabeled
15226,unlabeled
15227,unlabeled
15228,unlabeled
15229,unlabeled
15230,unlabeled
15231,unlabeled
15232,unlabeled
15233,unlabeled
15234,unlabeled
15235,unlabeled
15236,unlabeled
15237,unlabeled
15238,unlabeled
15239,unlabeled
15240,unlabeled
15241,unlabeled
15242,unlabeled
15243,unlabeled
15244,unlabeled
15245,unlabeled
15246,unlabeled
15247,unlabeled
15248,unlabeled
15249,unlabeled
15250,unlabeled
15251,unlabeled
15252,unlabeled
15253,unlabeled
15254,unlabeled
15255,unlabeled
15256,unlabeled
15257,unlabeled
15258,unlabeled
15259,unlabeled
15260,unlabeled
15261,unlabeled
15262,unlabeled
15263,unlabeled
15264,unlabeled
15265,unlabeled
15266,unlabeled
15267,unlabeled
15268,unlabeled
15269,unlabeled
15270,unlabeled
15271,unlabeled
15272,unlabeled
15273,unlabeled
15274,unlabeled
15275,unlabeled
15276,unlabeled
15277,unlabeled
15278,unlabeled
15279,unlabeled
15280,unlabeled
15281,unlabeled
15282,unlabeled
15283,unlabeled
15284,unlabeled
15285,unlabeled
15286,unlabeled
15287,unlabeled
15288,unlabeled
15289,unlabeled
15290,unlabeled
15291,unlabeled
15292,unlabeled
15293,unlabeled
15294,unlabeled
15295,unlabeled
15296,unlabeled
15297,unlabeled
15298,unlabeled
15299,unlabeled
15300,unlabeled
15301,unlabeled
15302,unlabeled
15303,unlabeled
15304,unlabeled
15305,unlabeled
15306,unlabeled
15307,unlabeled
15308,unlabeled
15309,unlabeled
15310,unlabeled
15311,unlabeled
15312,unlabeled
15313,unlabeled
15314,unlabeled
15315,unlabeled
15316,unlabeled
15317,unlabeled
15318,unlabeled
15319,unlabeled
15320,unlabeled
15321,unlabeled
15322,unlabeled
15323,unlabeled
15324,unlabeled
15325,unlabeled
15326,unlabeled
15327,unlabeled
15328,unlabeled
15329,unlabeled
15330,unlabeled
15331,unlabeled
15332,unlabeled
15333,unlabeled
15334,unlabeled
15335,unlabeled
15336,unlabeled
15337,unlabeled
15338,unlabeled
15339,unlabeled
15340,unlabeled
15341,unlabeled
15342,unlabeled
15343,unlabeled
15344,unlabeled
15345,unlabeled
15346,unlabeled
15347,unlabeled
15348,unlabeled
15349,unlabeled
15350,unlabeled
15351,unlabeled
15352,unlabeled
15353,unlabeled
15354,unlabeled
15355,unlabeled
15356,unlabeled
15357,unlabeled
15358,unlabeled
15359,unlabeled
15360,unlabeled
15361,unlabeled
15362,unlabeled
15363,unlabeled
15364,unlabeled
15365,unlabeled
15366,unlabeled
15367,unlabeled
15368,unlabeled
15369,unlabeled
15370,unlabeled
15371,unlabeled
15372,unlabeled
15373,unlabeled
15374,unlabeled
15375,unlabeled
15376,unlabeled
15377,unlabeled
15378,unlabeled
15379,unlabeled
15380,unlabeled
15381,unlabeled
15382,unlabeled
15383,unlabeled
15384,unlabeled
15385,unlabeled
15386,unlabeled
15387,unlabeled
15388,unlabeled
15389,unlabeled
15390,unlabeled
15391,unlabeled
15392,unlabeled
15393,unlabeled
15394,unlabeled
15395,unlabeled
15396,unlabeled
15397,unlabeled
15398,unlabeled
15399,unlabeled
15400,unlabeled
15401,unlabeled
15402,unlabeled
15403,unlabeled
15404,unlabeled
15405,unlabeled
15406,unlabeled
15407,unlabeled
15408,unlabeled
15409,unlabeled
15410,unlabeled
15411,unlabeled
15412,unlabeled
15413,unlabeled
15414,unlabeled
15415,unlabeled
15416,unlabeled
15417,unlabeled
15418,unlabeled
15419,unlabeled
15420,unlabeled
15421,unlabeled
15422,unlabeled
15423,unlabeled
15424,unlabeled
15425,unlabeled
15426,unlabeled
15427,unlabeled
15428,unlabeled
15429,unlabeled
15430,unlabeled
15431,unlabeled
15432,unlabeled
15433,unlabeled
15434,unlabeled
15435,unlabeled
15436,unlabeled
15437,unlabeled
15438,unlabeled
15439,unlabeled
15440,unlabeled
15441,unlabeled
15442,unlabeled
15443,unlabeled
15444,unlabeled
15445,unlabeled
15446,unlabeled
15447,unlabeled
15448,unlabeled
15449,unlabeled
15450,unlabeled
15451,unlabeled
15452,unlabeled
15453,unlabeled
15454,unlabeled
15455,unlabeled
15456,unlabeled
15457,unlabeled
15458,unlabeled
15459,unlabeled
15460,unlabeled
15461,unlabeled
15462,unlabeled
15463,unlabeled
15464,unlabeled
15465,unlabeled
15466,unlabeled
15467,unlabeled
15468,unlabeled
15469,unlabeled
15470,unlabeled
15471,unlabeled
15472,unlabeled
15473,unlabeled
15474,unlabeled
15475,unlabeled
15476,unlabeled
15477,unlabeled
15478,unlabeled
15479,unlabeled
15480,unlabeled
15481,unlabeled
15482,unlabeled
15483,unlabeled
15484,unlabeled
15485,unlabeled
15486,unlabeled
15487,unlabeled
15488,unlabeled
15489,unlabeled
15490,unlabeled
15491,unlabeled
15492,unlabeled
15493,unlabeled
15494,unlabeled
15495,unlabeled
15496,unlabeled
15497,unlabeled
15498,unlabeled
15499,unlabeled
15500,unlabeled
15501,unlabeled
15502,unlabeled
15503,unlabeled
15504,unlabeled
15505,unlabeled
15506,unlabeled
15507,unlabeled
15508,unlabeled
15509,unlabeled
15510,unlabeled
15511,unlabeled
15512,unlabeled
15513,unlabeled
15514,unlabeled
15515,unlabeled
15516,unlabeled
15517,unlabeled
15518,unlabeled
15519,unlabeled
15520,unlabeled
15521,unlabeled
15522,unlabeled
15523,unlabeled
15524,unlabeled
15525,unlabeled
15526,unlabeled
15527,unlabeled
15528,unlabeled
15529,unlabeled
15530,unlabeled
15531,unlabeled
15532,unlabeled
15533,unlabeled
15534,unlabeled
15535,unlabeled
15536,unlabeled
15537,unlabeled
15538,unlabeled
15539,unlabeled
15540,unlabeled
15541,unlabeled
15542,unlabeled
15543,unlabeled
15544,unlabeled
15545,unlabeled
15546,unlabeled
15547,unlabeled
15548,unlabeled
15549,unlabeled
15550,unlabeled
15551,unlabeled
15552,unlabeled
15553,unlabeled
15554,unlabeled
15555,unlabeled
15556,unlabeled
15557,unlabeled
15558,unlabeled
15559,unlabeled
15560,unlabeled
15561,unlabeled
15562,unlabeled
15563,unlabeled
15564,unlabeled
15565,unlabeled
15566,unlabeled
15567,unlabeled
15568,unlabeled
15569,unlabeled
15570,unlabeled
15571,unlabeled
15572,unlabeled
15573,unlabeled
15574,unlabeled
15575,unlabeled
15576,unlabeled
15577,unlabeled
15578,unlabeled
15579,unlabeled
15580,unlabeled
15581,unlabeled
15582,unlabeled
15583,unlabeled
15584,unlabeled
15585,unlabeled
15586,unlabeled
15587,unlabeled
15588,unlabeled
15589,unlabeled
15590,unlabeled
15591,unlabeled
15592,unlabeled
15593,unlabeled
15594,unlabeled
15595,unlabeled
15596,unlabeled
15597,unlabeled
15598,unlabeled
15599,unlabeled
15600,unlabeled
15601,unlabeled
15602,unlabeled
15603,unlabeled
15604,unlabeled
15605,unlabeled
15606,unlabeled
15607,unlabeled
15608,unlabeled
15609,unlabeled
15610,unlabeled
15611,unlabeled
15612,unlabeled
15613,unlabeled
15614,unlabeled
15615,unlabeled
15616,unlabeled
15617,unlabeled
15618,unlabeled
15619,unlabeled
15620,unlabeled
15621,unlabeled
15622,unlabeled
15623,unlabeled
15624,unlabeled
15625,unlabeled
15626,unlabeled
15627,unlabeled
15628,unlabeled
15629,unlabeled
15630,unlabeled
15631,unlabeled
15632,unlabeled
15633,unlabeled
15634,unlabeled
15635,unlabeled
15636,unlabeled
15637,unlabeled
15638,unlabeled
15639,unlabeled
15640,unlabeled
15641,unlabeled
15642,unlabeled
15643,unlabeled
15644,unlabeled
15645,unlabeled
15646,unlabeled
15647,unlabeled
15648,unlabeled
15649,unlabeled
15650,unlabeled
15651,unlabeled
15652,unlabeled
15653,unlabeled
15654,unlabeled
15655,unlabeled
15656,unlabeled
15657,unlabeled
15658,unlabeled
15659,unlabeled
15660,unlabeled
15661,unlabeled
15662,unlabeled
15663,unlabeled
15664,unlabeled
15665,unlabeled
15666,unlabeled
15667,unlabeled
15668,unlabeled
15669,unlabeled
15670,unlabeled
15671,unlabeled
15672,unlabeled
15673,unlabeled
15674,unlabeled
15675,unlabeled
15676,unlabeled
15677,unlabeled
15678,unlabeled
15679,unlabeled
15680,unlabeled
15681,unlabeled
15682,unlabeled
15683,unlabeled
15684,unlabeled
15685,unlabeled
15686,unlabeled
15687,unlabeled
15688,unlabeled
15689,unlabeled
15690,unlabeled
15691,unlabeled
15692,unlabeled
15693,unlabeled
15694,unlabeled
15695,unlabeled
15696,unlabeled
15697,unlabeled
15698,unlabeled
15699,unlabeled
15700,unlabeled
15701,unlabeled
15702,unlabeled
15703,unlabeled
15704,unlabeled
15705,unlabeled
15706,unlabeled
15707,unlabeled
15708,unlabeled
15709,unlabeled
15710,unlabeled
15711,unlabeled
15712,unlabeled
15713,unlabeled
15714,unlabeled
15715,unlabeled
15716,unlabeled
15717,unlabeled
15718,unlabeled
15719,unlabeled
15720,unlabeled
15721,unlabeled
15722,unlabeled
15723,unlabeled
15724,unlabeled
15725,unlabeled
15726,unlabeled
15727,unlabeled
15728,unlabeled
15729,unlabeled
15730,unlabeled
15731,unlabeled
15732,unlabeled
15733,unlabeled
15734,unlabeled
15735,unlabeled
15736,unlabeled
15737,unlabeled
15738,unlabeled
15739,unlabeled
15740,unlabeled
15741,unlabeled
15742,unlabeled
15743,unlabeled
15744,unlabeled
15745,unlabeled
15746,unlabeled
15747,unlabeled
15748,unlabeled
15749,unlabeled
15750,unlabeled
15751,unlabeled
15752,unlabeled
15753,unlabeled
15754,unlabeled
15755,unlabeled
15756,unlabeled
15757,unlabeled
15758,unlabeled
15759,unlabeled
15760,unlabeled
15761,unlabeled
15762,unlabeled
15763,unlabeled
15764,unlabeled
15765,unlabeled
15766,unlabeled
15767,unlabeled
15768,unlabeled
15769,unlabeled
15770,unlabeled
15771,unlabeled
15772,unlabeled
15773,unlabeled
15774,unlabeled
15775,unlabeled
15776,unlabeled
15777,unlabeled
15778,unlabeled
15779,unlabeled
15780,unlabeled
15781,unlabeled
15782,unlabeled
15783,unlabeled
15784,unlabeled
15785,unlabeled
15786,unlabeled
15787,unlabeled
15788,unlabeled
15789,unlabeled
15790,unlabeled
15791,unlabeled
15792,unlabeled
15793,unlabeled
15794,unlabeled
15795,unlabeled
15796,unlabeled
15797,unlabeled
15798,unlabeled
15799,unlabeled
15800,unlabeled
15801,unlabeled
15802,unlabeled
15803,unlabeled
15804,unlabeled
15805,unlabeled
15806,unlabeled
15807,unlabeled
15808,unlabeled
15809,unlabeled
15810,unlabeled
15811,unlabeled
15812,unlabeled
15813,unlabeled
15814,unlabeled
15815,unlabeled
15816,unlabeled
15817,unlabeled
15818,unlabeled
15819,unlabeled
15820,unlabeled
15821,unlabeled
15822,unlabeled
15823,unlabeled
15824,unlabeled
15825,unlabeled
15826,unlabeled
15827,unlabeled
15828,unlabeled
15829,unlabeled
15830,unlabeled
15831,unlabeled
15832,unlabeled
15833,unlabeled
15834,unlabeled
15835,unlabeled
15836,unlabeled
15837,unlabeled
15838,unlabeled
15839,unlabeled
15840,unlabeled
15841,unlabeled
15842,unlabeled
15843,unlabeled
15844,unlabeled
15845,unlabeled
15846,unlabeled
15847,unlabeled
15848,unlabeled
15849,unlabeled
15850,unlabeled
15851,unlabeled
15852,unlabeled
15853,unlabeled
15854,unlabeled
15855,unlabeled
15856,unlabeled
15857,unlabeled
15858,unlabeled
15859,unlabeled
15860,unlabeled
15861,unlabeled
15862,unlabeled
15863,unlabeled
15864,unlabeled
15865,unlabeled
15866,unlabeled
15867,unlabeled
15868,unlabeled
15869,unlabeled
15870,unlabeled
15871,unlabeled
15872,unlabeled
15873,unlabeled
15874,unlabeled
15875,unlabeled
15876,unlabeled
15877,unlabeled
15878,unlabeled
15879,unlabeled
15880,unlabeled
15881,unlabeled
15882,unlabeled
15883,unlabeled
15884,unlabeled
15885,unlabeled
15886,unlabeled
15887,unlabeled
15888,unlabeled
15889,unlabeled
15890,unlabeled
15891,unlabeled
15892,unlabeled
15893,unlabeled
15894,unlabeled
15895,unlabeled
15896,unlabeled
15897,unlabeled
15898,unlabeled
15899,unlabeled
15900,unlabeled
15901,unlabeled
15902,unlabeled
15903,unlabeled
15904,unlabeled
15905,unlabeled
15906,unlabeled
15907,unlabeled
15908,unlabeled
15909,unlabeled
15910,unlabeled
15911,unlabeled
15912,unlabeled
15913,unlabeled
15914,unlabeled
15915,unlabeled
15916,unlabeled
15917,unlabeled
15918,unlabeled
15919,unlabeled
15920,unlabeled
15921,unlabeled
15922,unlabeled
15923,unlabeled
15924,unlabeled
15925,unlabeled
15926,unlabeled
15927,unlabeled
15928,unlabeled
15929,unlabeled
15930,unlabeled
15931,unlabeled
15932,unlabeled
15933,unlabeled
15934,unlabeled
15935,unlabeled
15936,unlabeled
15937,unlabeled
15938,unlabeled
15939,unlabeled
15940,unlabeled
15941,unlabeled
15942,unlabeled
15943,unlabeled
15944,unlabeled
15945,unlabeled
15946,unlabeled
15947,unlabeled
15948,unlabeled
15949,unlabeled
15950,unlabeled
15951,unlabeled
15952,unlabeled
15953,unlabeled
15954,unlabeled
15955,unlabeled
15956,unlabeled
15957,unlabeled
15958,unlabeled
15959,unlabeled
15960,unlabeled
15961,unlabeled
15962,unlabeled
15963,unlabeled
15964,unlabeled
15965,unlabeled
15966,unlabeled
15967,unlabeled
15968,unlabeled
15969,unlabeled
15970,unlabeled
15971,unlabeled
15972,unlabeled
15973,unlabeled
15974,unlabeled
15975,unlabeled
15976,unlabeled
15977,unlabeled
15978,unlabeled
15979,unlabeled
15980,unlabeled
15981,unlabeled
15982,unlabeled
15983,unlabeled
15984,unlabeled
15985,unlabeled
15986,unlabeled
15987,unlabeled
15988,unlabeled
15989,unlabeled
15990,unlabeled
15991,unlabeled
15992,unlabeled
15993,unlabeled
15994,unlabeled
15995,unlabeled
15996,unlabeled
15997,unlabeled
15998,unlabeled
15999,unlabeled
16000,unlabeled
16001,unlabeled
16002,unlabeled
16003,unlabeled
16004,unlabeled
16005,unlabeled
16006,unlabeled
16007,unlabeled
16008,unlabeled
16009,unlabeled
16010,unlabeled
16011,unlabeled
16012,unlabeled
16013,unlabeled
16014,unlabeled
16015,unlabeled
16016,unlabeled
16017,unlabeled
16018,unlabeled
16019,unlabeled
16020,unlabeled
16021,unlabeled
16022,unlabeled
16023,unlabeled
16024,unlabeled
16025,unlabeled
16026,unlabeled
16027,unlabeled
16028,unlabeled
16029,unlabeled
16030,unlabeled
16031,unlabeled
16032,unlabeled
16033,unlabeled
16034,unlabeled
16035,unlabeled
16036,unlabeled
16037,unlabeled
16038,unlabeled
16039,unlabeled
16040,unlabeled
16041,unlabeled
16042,unlabeled
16043,unlabeled
16044,unlabeled
16045,unlabeled
16046,unlabeled
16047,unlabeled
16048,unlabeled
16049,unlabeled
16050,unlabeled
16051,unlabeled
16052,unlabeled
16053,unlabeled
16054,unlabeled
16055,unlabeled
16056,unlabeled
16057,unlabeled
16058,unlabeled
16059,unlabeled
16060,unlabeled
16061,unlabeled
16062,unlabeled
16063,unlabeled
16064,unlabeled
16065,unlabeled
16066,unlabeled
16067,unlabeled
16068,unlabeled
16069,unlabeled
16070,unlabeled
16071,unlabeled
16072,unlabeled
16073,unlabeled
16074,unlabeled
16075,unlabeled
16076,unlabeled
16077,unlabeled
16078,unlabeled
16079,unlabeled
16080,unlabeled
16081,unlabeled
16082,unlabeled
16083,unlabeled
16084,unlabeled
16085,unlabeled
16086,unlabeled
16087,unlabeled
16088,unlabeled
16089,unlabeled
16090,unlabeled
16091,unlabeled
16092,unlabeled
16093,unlabeled
16094,unlabeled
16095,unlabeled
16096,unlabeled
16097,unlabeled
16098,unlabeled
16099,unlabeled
16100,unlabeled
16101,unlabeled
16102,unlabeled
16103,unlabeled
16104,unlabeled
16105,unlabeled
16106,unlabeled
16107,unlabeled
16108,unlabeled
16109,unlabeled
16110,unlabeled
16111,unlabeled
16112,unlabeled
16113,unlabeled
16114,unlabeled
16115,unlabeled
16116,unlabeled
16117,unlabeled
16118,unlabeled
16119,unlabeled
16120,unlabeled
16121,unlabeled
16122,unlabeled
16123,unlabeled
16124,unlabeled
16125,unlabeled
16126,unlabeled
16127,unlabeled
16128,unlabeled
16129,unlabeled
16130,unlabeled
16131,unlabeled
16132,unlabeled
16133,unlabeled
16134,unlabeled
16135,unlabeled
16136,unlabeled
16137,unlabeled
16138,unlabeled
16139,unlabeled
16140,unlabeled
16141,unlabeled
16142,unlabeled
16143,unlabeled
16144,unlabeled
16145,unlabeled
16146,unlabeled
16147,unlabeled
16148,unlabeled
16149,unlabeled
16150,unlabeled
16151,unlabeled
16152,unlabeled
16153,unlabeled
16154,unlabeled
16155,unlabeled
16156,unlabeled
16157,unlabeled
16158,unlabeled
16159,unlabeled
16160,unlabeled
16161,unlabeled
16162,unlabeled
16163,unlabeled
16164,unlabeled
16165,unlabeled
16166,unlabeled
16167,unlabeled
16168,unlabeled
16169,unlabeled
16170,unlabeled
16171,unlabeled
16172,unlabeled
16173,unlabeled
16174,unlabeled
16175,unlabeled
16176,unlabeled
16177,unlabeled
16178,unlabeled
16179,unlabeled
16180,unlabeled
16181,unlabeled
16182,unlabeled
16183,unlabeled
16184,unlabeled
16185,unlabeled
16186,unlabeled
16187,unlabeled
16188,unlabeled
16189,unlabeled
16190,unlabeled
16191,unlabeled
16192,unlabeled
16193,unlabeled
16194,unlabeled
16195,unlabeled
16196,unlabeled
16197,unlabeled
16198,unlabeled
16199,unlabeled
16200,unlabeled
16201,unlabeled
16202,unlabeled
16203,unlabeled
16204,unlabeled
16205,unlabeled
16206,unlabeled
16207,unlabeled
16208,unlabeled
16209,unlabeled
16210,unlabeled
16211,unlabeled
16212,unlabeled
16213,unlabeled
16214,unlabeled
16215,unlabeled
16216,unlabeled
16217,unlabeled
16218,unlabeled
16219,unlabeled
16220,unlabeled
16221,unlabeled
16222,unlabeled
16223,unlabeled
16224,unlabeled
16225,unlabeled
16226,unlabeled
16227,unlabeled
16228,unlabeled
16229,unlabeled
16230,unlabeled
16231,unlabeled
16232,unlabeled
16233,unlabeled
16234,unlabeled
16235,unlabeled
16236,unlabeled
16237,unlabeled
16238,unlabeled
16239,unlabeled
16240,unlabeled
16241,unlabeled
16242,unlabeled
16243,unlabeled
16244,unlabeled
16245,unlabeled
16246,unlabeled
16247,unlabeled
16248,unlabeled
16249,unlabeled
16250,unlabeled
16251,unlabeled
16252,unlabeled
16253,unlabeled
16254,unlabeled
16255,unlabeled
16256,unlabeled
16257,unlabeled
16258,unlabeled
16259,unlabeled
16260,unlabeled
16261,unlabeled
16262,unlabeled
16263,unlabeled
16264,unlabeled
16265,unlabeled
16266,unlabeled
16267,unlabeled
16268,unlabeled
16269,unlabeled
16270,unlabeled
16271,unlabeled
16272,unlabeled
16273,unlabeled
16274,unlabeled
16275,unlabeled
16276,unlabeled
16277,unlabeled
16278,unlabeled
16279,unlabeled
16280,unlabeled
16281,unlabeled
16282,unlabeled
16283,unlabeled
16284,unlabeled
16285,unlabeled
16286,unlabeled
16287,unlabeled
16288,unlabeled
16289,unlabeled
16290,unlabeled
16291,unlabeled
16292,unlabeled
16293,unlabeled
16294,unlabeled
16295,unlabeled
16296,unlabeled
16297,unlabeled
16298,unlabeled
16299,unlabeled
16300,unlabeled
16301,unlabeled
16302,unlabeled
16303,unlabeled
16304,unlabeled
16305,unlabeled
16306,unlabeled
16307,unlabeled
16308,unlabeled
16309,unlabeled
16310,unlabeled
16311,unlabeled
16312,unlabeled
16313,unlabeled
16314,unlabeled
16315,unlabeled
16316,unlabeled
16317,unlabeled
16318,unlabeled
16319,unlabeled
16320,unlabeled
16321,unlabeled
16322,unlabeled
16323,unlabeled
16324,unlabeled
16325,unlabeled
16326,unlabeled
16327,unlabeled
16328,unlabeled
16329,unlabeled
16330,unlabeled
16331,unlabeled
16332,unlabeled
16333,unlabeled
16334,unlabeled
16335,unlabeled
16336,unlabeled
16337,unlabeled
16338,unlabeled
16339,unlabeled
16340,unlabeled
16341,unlabeled
16342,unlabeled
16343,unlabeled
16344,unlabeled
16345,unlabeled
16346,unlabeled
16347,unlabeled
16348,unlabeled
16349,unlabeled
16350,unlabeled
16351,unlabeled
16352,unlabeled
16353,unlabeled
16354,unlabeled
16355,unlabeled
16356,unlabeled
16357,unlabeled
16358,unlabeled
16359,unlabeled
16360,unlabeled
16361,unlabeled
16362,unlabeled
16363,unlabeled
16364,unlabeled
16365,unlabeled
16366,unlabeled
16367,unlabeled
16368,unlabeled
16369,unlabeled
16370,unlabeled
16371,unlabeled
16372,unlabeled
16373,unlabeled
16374,unlabeled
16375,unlabeled
16376,unlabeled
16377,unlabeled
16378,unlabeled
16379,unlabeled
16380,unlabeled
16381,unlabeled
16382,unlabeled
16383,unlabeled
16384,unlabeled
16385,unlabeled
16386,unlabeled
16387,unlabeled
16388,unlabeled
16389,unlabeled
16390,unlabeled
16391,unlabeled
16392,unlabeled
16393,unlabeled
16394,unlabeled
16395,unlabeled
16396,unlabeled
16397,unlabeled
16398,unlabeled
16399,unlabeled
16400,unlabeled
16401,unlabeled
16402,unlabeled
16403,unlabeled
16404,unlabeled
16405,unlabeled
16406,unlabeled
16407,unlabeled
16408,unlabeled
16409,unlabeled
16410,unlabeled
16411,unlabeled
16412,unlabeled
16413,unlabeled
16414,unlabeled
16415,unlabeled
16416,unlabeled
16417,unlabeled
16418,unlabeled
16419,unlabeled
16420,unlabeled
16421,unlabeled
16422,unlabeled
16423,unlabeled
16424,unlabeled
16425,unlabeled
16426,unlabeled
16427,unlabeled
16428,unlabeled
16429,unlabeled
16430,unlabeled
16431,unlabeled
16432,unlabeled
16433,unlabeled
16434,unlabeled
16435,unlabeled
16436,unlabeled
16437,unlabeled
16438,unlabeled
16439,unlabeled
16440,unlabeled
16441,unlabeled
16442,unlabeled
16443,unlabeled
16444,unlabeled
16445,unlabeled
16446,unlabeled
16447,unlabeled
16448,unlabeled
16449,unlabeled
16450,unlabeled
16451,unlabeled
16452,unlabeled
16453,unlabeled
16454,unlabeled
16455,unlabeled
16456,unlabeled
16457,unlabeled
16458,unlabeled
16459,unlabeled
16460,unlabeled
16461,unlabeled
16462,unlabeled
16463,unlabeled
16464,unlabeled
16465,unlabeled
16466,unlabeled
16467,unlabeled
16468,unlabeled
16469,unlabeled
16470,unlabeled
16471,unlabeled
16472,unlabeled
16473,unlabeled
16474,unlabeled
16475,unlabeled
16476,unlabeled
16477,unlabeled
16478,unlabeled
16479,unlabeled
16480,unlabeled
16481,unlabeled
16482,unlabeled
16483,unlabeled
16484,unlabeled
16485,unlabeled
16486,unlabeled
16487,unlabeled
16488,unlabeled
16489,unlabeled
16490,unlabeled
16491,unlabeled
16492,unlabeled
16493,unlabeled
16494,unlabeled
16495,unlabeled
16496,unlabeled
16497,unlabeled
16498,unlabeled
16499,unlabeled
16500,unlabeled
16501,unlabeled
16502,unlabeled
16503,unlabeled
16504,unlabeled
16505,unlabeled
16506,unlabeled
16507,unlabeled
16508,unlabeled
16509,unlabeled
16510,unlabeled
16511,unlabeled
16512,unlabeled
16513,unlabeled
16514,unlabeled
16515,unlabeled
16516,unlabeled
16517,unlabeled
16518,unlabeled
16519,unlabeled
16520,unlabeled
16521,unlabeled
16522,unlabeled
16523,unlabeled
16524,unlabeled
16525,unlabeled
16526,unlabeled
16527,unlabeled
16528,unlabeled
16529,unlabeled
16530,unlabeled
16531,unlabeled
16532,unlabeled
16533,unlabeled
16534,unlabeled
16535,unlabeled
16536,unlabeled
16537,unlabeled
16538,unlabeled
16539,unlabeled
16540,unlabeled
16541,unlabeled
16542,unlabeled
16543,unlabeled
16544,unlabeled
16545,unlabeled
16546,unlabeled
16547,unlabeled
16548,unlabeled
16549,unlabeled
16550,unlabeled
16551,unlabeled
16552,unlabeled
16553,unlabeled
16554,unlabeled
16555,unlabeled
16556,unlabeled
16557,unlabeled
16558,unlabeled
16559,unlabeled
16560,unlabeled
16561,unlabeled
16562,unlabeled
16563,unlabeled
16564,unlabeled
16565,unlabeled
16566,unlabeled
16567,unlabeled
16568,unlabeled
16569,unlabeled
16570,unlabeled
16571,unlabeled
16572,unlabeled
16573,unlabeled
16574,unlabeled
16575,unlabeled
16576,unlabeled
16577,unlabeled
16578,unlabeled
16579,unlabeled
16580,unlabeled
16581,unlabeled
16582,unlabeled
16583,unlabeled
16584,unlabeled
16585,unlabeled
16586,unlabeled
16587,unlabeled
16588,unlabeled
16589,unlabeled
16590,unlabeled
16591,unlabeled
16592,unlabeled
16593,unlabeled
16594,unlabeled
16595,unlabeled
16596,unlabeled
16597,unlabeled
16598,unlabeled
16599,unlabeled
16600,unlabeled
16601,unlabeled
16602,unlabeled
16603,unlabeled
16604,unlabeled
16605,unlabeled
16606,unlabeled
16607,unlabeled
16608,unlabeled
16609,unlabeled
16610,unlabeled
16611,unlabeled
16612,unlabeled
16613,unlabeled
16614,unlabeled
16615,unlabeled
16616,unlabeled
16617,unlabeled
16618,unlabeled
16619,unlabeled
16620,unlabeled
16621,unlabeled
16622,unlabeled
16623,unlabeled
16624,unlabeled
16625,unlabeled
16626,unlabeled
16627,unlabeled
16628,unlabeled
16629,unlabeled
16630,unlabeled
16631,unlabeled
16632,unlabeled
16633,unlabeled
16634,unlabeled
16635,unlabeled
16636,unlabeled
16637,unlabeled
16638,unlabeled
16639,unlabeled
16640,unlabeled
16641,unlabeled
16642,unlabeled
16643,unlabeled
16644,unlabeled
16645,unlabeled
16646,unlabeled
16647,unlabeled
16648,unlabeled
16649,unlabeled
16650,unlabeled
16651,unlabeled
16652,unlabeled
16653,unlabeled
16654,unlabeled
16655,unlabeled
16656,unlabeled
16657,unlabeled
16658,unlabeled
16659,unlabeled
16660,unlabeled
16661,unlabeled
16662,unlabeled
16663,unlabeled
16664,unlabeled
16665,unlabeled
16666,unlabeled
16667,unlabeled
16668,unlabeled
16669,unlabeled
16670,unlabeled
16671,unlabeled
16672,unlabeled
16673,unlabeled
16674,unlabeled
16675,unlabeled
16676,unlabeled
16677,unlabeled
16678,unlabeled
16679,unlabeled
16680,unlabeled
16681,unlabeled
16682,unlabeled
16683,unlabeled
16684,unlabeled
16685,unlabeled
16686,unlabeled
16687,unlabeled
16688,unlabeled
16689,unlabeled
16690,unlabeled
16691,unlabeled
16692,unlabeled
16693,unlabeled
16694,unlabeled
16695,unlabeled
16696,unlabeled
16697,unlabeled
16698,unlabeled
16699,unlabeled
16700,unlabeled
16701,unlabeled
16702,unlabeled
16703,unlabeled
16704,unlabeled
16705,unlabeled
16706,unlabeled
16707,unlabeled
16708,unlabeled
16709,unlabeled
16710,unlabeled
16711,unlabeled
16712,unlabeled
16713,unlabeled
16714,unlabeled
16715,unlabeled
16716,unlabeled
16717,unlabeled
16718,unlabeled
16719,unlabeled
16720,unlabeled
16721,unlabeled
16722,unlabeled
16723,unlabeled
16724,unlabeled
16725,unlabeled
16726,unlabeled
16727,unlabeled
16728,unlabeled
16729,unlabeled
16730,unlabeled
16731,unlabeled
16732,unlabeled
16733,unlabeled
16734,unlabeled
16735,unlabeled
16736,unlabeled
16737,unlabeled
16738,unlabeled
16739,unlabeled
16740,unlabeled
16741,unlabeled
16742,unlabeled
16743,unlabeled
16744,unlabeled
16745,unlabeled
16746,unlabeled
16747,unlabeled
16748,unlabeled
16749,unlabeled
16750,unlabeled
16751,unlabeled
16752,unlabeled
16753,unlabeled
16754,unlabeled
16755,unlabeled
16756,unlabeled
16757,unlabeled
16758,unlabeled
16759,unlabeled
16760,unlabeled
16761,unlabeled
16762,unlabeled
16763,unlabeled
16764,unlabeled
16765,unlabeled
16766,unlabeled
16767,unlabeled
16768,unlabeled
16769,unlabeled
16770,unlabeled
16771,unlabeled
16772,unlabeled
16773,unlabeled
16774,unlabeled
16775,unlabeled
16776,unlabeled
16777,unlabeled
16778,unlabeled
16779,unlabeled
16780,unlabeled
16781,unlabeled
16782,unlabeled
16783,unlabeled
16784,unlabeled
16785,unlabeled
16786,unlabeled
16787,unlabeled
16788,unlabeled
16789,unlabeled
16790,unlabeled
16791,unlabeled
16792,unlabeled
16793,unlabeled
16794,unlabeled
16795,unlabeled
16796,unlabeled
16797,unlabeled
16798,unlabeled
16799,unlabeled
16800,unlabeled
16801,unlabeled
16802,unlabeled
16803,unlabeled
16804,unlabeled
16805,unlabeled
16806,unlabeled
16807,unlabeled
16808,unlabeled
16809,unlabeled
16810,unlabeled
16811,unlabeled
16812,unlabeled
16813,unlabeled
16814,unlabeled
16815,unlabeled
16816,unlabeled
16817,unlabeled
16818,unlabeled
16819,unlabeled
16820,unlabeled
16821,unlabeled
16822,unlabeled
16823,unlabeled
16824,unlabeled
16825,unlabeled
16826,unlabeled
16827,unlabeled
16828,unlabeled
16829,unlabeled
16830,unlabeled
16831,unlabeled
16832,unlabeled
16833,unlabeled
16834,unlabeled
16835,unlabeled
16836,unlabeled
16837,unlabeled
16838,unlabeled
16839,unlabeled
16840,unlabeled
16841,unlabeled
16842,unlabeled
16843,unlabeled
16844,unlabeled
16845,unlabeled
16846,unlabeled
16847,unlabeled
16848,unlabeled
16849,unlabeled
16850,unlabeled
16851,unlabeled
16852,unlabeled
16853,unlabeled
16854,unlabeled
16855,unlabeled
16856,unlabeled
16857,unlabeled
16858,unlabeled
16859,unlabeled
16860,unlabeled
16861,unlabeled
16862,unlabeled
16863,unlabeled
16864,unlabeled
16865,unlabeled
16866,unlabeled
16867,unlabeled
16868,unlabeled
16869,unlabeled
16870,unlabeled
16871,unlabeled
16872,unlabeled
16873,unlabeled
16874,unlabeled
16875,unlabeled
16876,unlabeled
16877,unlabeled
16878,unlabeled
16879,unlabeled
16880,unlabeled
16881,unlabeled
16882,unlabeled
16883,unlabeled
16884,unlabeled
16885,unlabeled
16886,unlabeled
16887,unlabeled
16888,unlabeled
16889,unlabeled
16890,unlabeled
16891,unlabeled
16892,unlabeled
16893,unlabeled
16894,unlabeled
16895,unlabeled
16896,unlabeled
16897,unlabeled
16898,unlabeled
16899,unlabeled
16900,unlabeled
16901,unlabeled
16902,unlabeled
16903,unlabeled
16904,unlabeled
16905,unlabeled
16906,unlabeled
16907,unlabeled
16908,unlabeled
16909,unlabeled
16910,unlabeled
16911,unlabeled
16912,unlabeled
16913,unlabeled
16914,unlabeled
16915,unlabeled
16916,unlabeled
16917,unlabeled
16918,unlabeled
16919,unlabeled
16920,unlabeled
16921,unlabeled
16922,unlabeled
16923,unlabeled
16924,unlabeled
16925,unlabeled
16926,unlabeled
16927,unlabeled
16928,unlabeled
16929,unlabeled
16930,unlabeled
16931,unlabeled
16932,unlabeled
16933,unlabeled
16934,unlabeled
16935,unlabeled
16936,unlabeled
16937,unlabeled
16938,unlabeled
16939,unlabeled
16940,unlabeled
16941,unlabeled
16942,unlabeled
16943,unlabeled
16944,unlabeled
16945,unlabeled
16946,unlabeled
16947,unlabeled
16948,unlabeled
16949,unlabeled
16950,unlabeled
16951,unlabeled
16952,unlabeled
16953,unlabeled
16954,unlabeled
16955,unlabeled
16956,unlabeled
16957,unlabeled
16958,unlabeled
16959,unlabeled
16960,unlabeled
16961,unlabeled
16962,unlabeled
16963,unlabeled
16964,unlabeled
16965,unlabeled
16966,unlabeled
16967,unlabeled
16968,unlabeled
16969,unlabeled
16970,unlabeled
16971,unlabeled
16972,unlabeled
16973,unlabeled
16974,unlabeled
16975,unlabeled
16976,unlabeled
16977,unlabeled
16978,unlabeled
16979,unlabeled
16980,unlabeled
16981,unlabeled
16982,unlabeled
16983,unlabeled
16984,unlabeled
16985,unlabeled
16986,unlabeled
16987,unlabeled
16988,unlabeled
16989,unlabeled
16990,unlabeled
16991,unlabeled
16992,unlabeled
16993,unlabeled
16994,unlabeled
16995,unlabeled
16996,unlabeled
16997,unlabeled
16998,unlabeled
16999,unlabeled
17000,unlabeled
17001,unlabeled
17002,unlabeled
17003,unlabeled
17004,unlabeled
17005,unlabeled
17006,unlabeled
17007,unlabeled
17008,unlabeled
17009,unlabeled
17010,unlabeled
17011,unlabeled
17012,unlabeled
17013,unlabeled
17014,unlabeled
17015,unlabeled
17016,unlabeled
17017,unlabeled
17018,unlabeled
17019,unlabeled
17020,unlabeled
17021,unlabeled
17022,unlabeled
17023,unlabeled
17024,unlabeled
17025,unlabeled
17026,unlabeled
17027,unlabeled
17028,unlabeled
17029,unlabeled
17030,unlabeled
17031,unlabeled
17032,unlabeled
17033,unlabeled
17034,unlabeled
17035,unlabeled
17036,unlabeled
17037,unlabeled
17038,unlabeled
17039,unlabeled
17040,unlabeled
17041,unlabeled
17042,unlabeled
17043,unlabeled
17044,unlabeled
17045,unlabeled
17046,unlabeled
17047,unlabeled
17048,unlabeled
17049,unlabeled
17050,unlabeled
17051,unlabeled
17052,unlabeled
17053,unlabeled
17054,unlabeled
17055,unlabeled
17056,unlabeled
17057,unlabeled
17058,unlabeled
17059,unlabeled
17060,unlabeled
17061,unlabeled
17062,unlabeled
17063,unlabeled
17064,unlabeled
17065,unlabeled
17066,unlabeled
17067,unlabeled
17068,unlabeled
17069,unlabeled
17070,unlabeled
17071,unlabeled
17072,unlabeled
17073,unlabeled
17074,unlabeled
17075,unlabeled
17076,unlabeled
17077,unlabeled
17078,unlabeled
17079,unlabeled
17080,unlabeled
17081,unlabeled
17082,unlabeled
17083,unlabeled
17084,unlabeled
17085,unlabeled
17086,unlabeled
17087,unlabeled
17088,unlabeled
17089,unlabeled
17090,unlabeled
17091,unlabeled
17092,unlabeled
17093,unlabeled
17094,unlabeled
17095,unlabeled
17096,unlabeled
17097,unlabeled
17098,unlabeled
17099,unlabeled
17100,unlabeled
17101,unlabeled
17102,unlabeled
17103,unlabeled
17104,unlabeled
17105,unlabeled
17106,unlabeled
17107,unlabeled
17108,unlabeled
17109,unlabeled
17110,unlabeled
17111,unlabeled
17112,unlabeled
17113,unlabeled
17114,unlabeled
17115,unlabeled
17116,unlabeled
17117,unlabeled
17118,unlabeled
17119,unlabeled
17120,unlabeled
17121,unlabeled
17122,unlabeled
17123,unlabeled
17124,unlabeled
17125,unlabeled
17126,unlabeled
17127,unlabeled
17128,unlabeled
17129,unlabeled
17130,unlabeled
17131,unlabeled
17132,unlabeled
17133,unlabeled
17134,unlabeled
17135,unlabeled
17136,unlabeled
17137,unlabeled
17138,unlabeled
17139,unlabeled
17140,unlabeled
17141,unlabeled
17142,unlabeled
17143,unlabeled
17144,unlabeled
17145,unlabeled
17146,unlabeled
17147,unlabeled
17148,unlabeled
17149,unlabeled
17150,unlabeled
17151,unlabeled
17152,unlabeled
17153,unlabeled
17154,unlabeled
17155,unlabeled
17156,unlabeled
17157,unlabeled
17158,unlabeled
17159,unlabeled
17160,unlabeled
17161,unlabeled
17162,unlabeled
17163,unlabeled
17164,unlabeled
17165,unlabeled
17166,unlabeled
17167,unlabeled
17168,unlabeled
17169,unlabeled
17170,unlabeled
17171,unlabeled
17172,unlabeled
17173,unlabeled
17174,unlabeled
17175,unlabeled
17176,unlabeled
17177,unlabeled
17178,unlabeled
17179,unlabeled
17180,unlabeled
17181,unlabeled
17182,unlabeled
17183,unlabeled
17184,unlabeled
17185,unlabeled
17186,unlabeled
17187,unlabeled
17188,unlabeled
17189,unlabeled
17190,unlabeled
17191,unlabeled
17192,unlabeled
17193,unlabeled
17194,unlabeled
17195,unlabeled
17196,unlabeled
17197,unlabeled
17198,unlabeled
17199,unlabeled
17200,unlabeled
17201,unlabeled
17202,unlabeled
17203,unlabeled
17204,unlabeled
17205,unlabeled
17206,unlabeled
17207,unlabeled
17208,unlabeled
17209,unlabeled
17210,unlabeled
17211,unlabeled
17212,unlabeled
17213,unlabeled
17214,unlabeled
17215,unlabeled
17216,unlabeled
17217,unlabeled
17218,unlabeled
17219,unlabeled
17220,unlabeled
17221,unlabeled
17222,unlabeled
17223,unlabeled
17224,unlabeled
17225,unlabeled
17226,unlabeled
17227,unlabeled
17228,unlabeled
17229,unlabeled
17230,unlabeled
17231,unlabeled
17232,unlabeled
17233,unlabeled
17234,unlabeled
17235,unlabeled
17236,unlabeled
17237,unlabeled
17238,unlabeled
17239,unlabeled
17240,unlabeled
17241,unlabeled
17242,unlabeled
17243,unlabeled
17244,unlabeled
17245,unlabeled
17246,unlabeled
17247,unlabeled
17248,unlabeled
17249,unlabeled
17250,unlabeled
17251,unlabeled
17252,unlabeled
17253,unlabeled
17254,unlabeled
17255,unlabeled
17256,unlabeled
17257,unlabeled
17258,unlabeled
17259,unlabeled
17260,unlabeled
17261,unlabeled
17262,unlabeled
17263,unlabeled
17264,unlabeled
17265,unlabeled
17266,unlabeled
17267,unlabeled
17268,unlabeled
17269,unlabeled
17270,unlabeled
17271,unlabeled
17272,unlabeled
17273,unlabeled
17274,unlabeled
17275,unlabeled
17276,unlabeled
17277,unlabeled
17278,unlabeled
17279,unlabeled
17280,unlabeled
17281,unlabeled
17282,unlabeled
17283,unlabeled
17284,unlabeled
17285,unlabeled
17286,unlabeled
17287,unlabeled
17288,unlabeled
17289,unlabeled
17290,unlabeled
17291,unlabeled
17292,unlabeled
17293,unlabeled
17294,unlabeled
17295,unlabeled
17296,unlabeled
17297,unlabeled
17298,unlabeled
17299,unlabeled
17300,unlabeled
17301,unlabeled
17302,unlabeled
17303,unlabeled
17304,unlabeled
17305,unlabeled
17306,unlabeled
17307,unlabeled
17308,unlabeled
17309,unlabeled
17310,unlabeled
17311,unlabeled
17312,unlabeled
17313,unlabeled
17314,unlabeled
17315,unlabeled
17316,unlabeled
17317,unlabeled
17318,unlabeled
17319,unlabeled
17320,unlabeled
17321,unlabeled
17322,unlabeled
17323,unlabeled
17324,unlabeled
17325,unlabeled
17326,unlabeled
17327,unlabeled
17328,unlabeled
17329,unlabeled
17330,unlabeled
17331,unlabeled
17332,unlabeled
17333,unlabeled
17334,unlabeled
17335,unlabeled
17336,unlabeled
17337,unlabeled
17338,unlabeled
17339,unlabeled
17340,unlabeled
17341,unlabeled
17342,unlabeled
17343,unlabeled
17344,unlabeled
17345,unlabeled
17346,unlabeled
17347,unlabeled
17348,unlabeled
17349,unlabeled
17350,unlabeled
17351,unlabeled
17352,unlabeled
17353,unlabeled
17354,unlabeled
17355,unlabeled
17356,unlabeled
17357,unlabeled
17358,unlabeled
17359,unlabeled
17360,unlabeled
17361,unlabeled
17362,unlabeled
17363,unlabeled
17364,unlabeled
17365,unlabeled
17366,unlabeled
17367,unlabeled
17368,unlabeled
17369,unlabeled
17370,unlabeled
17371,unlabeled
17372,unlabeled
17373,unlabeled
17374,unlabeled
17375,unlabeled
17376,unlabeled
17377,unlabeled
17378,unlabeled
17379,unlabeled
17380,unlabeled
17381,unlabeled
17382,unlabeled
17383,unlabeled
17384,unlabeled
17385,unlabeled
17386,unlabeled
17387,unlabeled
17388,unlabeled
17389,unlabeled
17390,unlabeled
17391,unlabeled
17392,unlabeled
17393,unlabeled
17394,unlabeled
17395,unlabeled
17396,unlabeled
17397,unlabeled
17398,unlabeled
17399,unlabeled
17400,unlabeled
17401,unlabeled
17402,unlabeled
17403,unlabeled
17404,unlabeled
17405,unlabeled
17406,unlabeled
17407,unlabeled
17408,unlabeled
17409,unlabeled
17410,unlabeled
17411,unlabeled
17412,unlabeled
17413,unlabeled
17414,unlabeled
17415,unlabeled
17416,unlabeled
17417,unlabeled
17418,unlabeled
17419,unlabeled
17420,unlabeled
17421,unlabeled
17422,unlabeled
17423,unlabeled
17424,unlabeled
17425,unlabeled
17426,unlabeled
17427,unlabeled
17428,unlabeled
17429,unlabeled
17430,unlabeled
17431,unlabeled
17432,unlabeled
17433,unlabeled
17434,unlabeled
17435,unlabeled
17436,unlabeled
17437,unlabeled
17438,unlabeled
17439,unlabeled
17440,unlabeled
17441,unlabeled
17442,unlabeled
17443,unlabeled
17444,unlabeled
17445,unlabeled
17446,unlabeled
17447,unlabeled
17448,unlabeled
17449,unlabeled
17450,unlabeled
17451,unlabeled
17452,unlabeled
17453,unlabeled
17454,unlabeled
17455,unlabeled
17456,unlabeled
17457,unlabeled
17458,unlabeled
17459,unlabeled
17460,unlabeled
17461,unlabeled
17462,unlabeled
17463,unlabeled
17464,unlabeled
17465,unlabeled
17466,unlabeled
17467,unlabeled
17468,unlabeled
17469,unlabeled
17470,unlabeled
17471,unlabeled
17472,unlabeled
17473,unlabeled
17474,unlabeled
17475,unlabeled
17476,unlabeled
17477,unlabeled
17478,unlabeled
17479,unlabeled
17480,unlabeled
17481,unlabeled
17482,unlabeled
17483,unlabeled
17484,unlabeled
17485,unlabeled
17486,unlabeled
17487,unlabeled
17488,unlabeled
17489,unlabeled
17490,unlabeled
17491,unlabeled
17492,unlabeled
17493,unlabeled
17494,unlabeled
17495,unlabeled
17496,unlabeled
17497,unlabeled
17498,unlabeled
17499,unlabeled
17500,unlabeled
17501,unlabeled
17502,unlabeled
17503,unlabeled
17504,unlabeled
17505,unlabeled
17506,unlabeled
17507,unlabeled
17508,unlabeled
17509,unlabeled
17510,unlabeled
17511,unlabeled
17512,unlabeled
17513,unlabeled
17514,unlabeled
17515,unlabeled
17516,unlabeled
17517,unlabeled
17518,unlabeled
17519,unlabeled
17520,unlabeled
17521,unlabeled
17522,unlabeled
17523,unlabeled
17524,unlabeled
17525,unlabeled
17526,unlabeled
17527,unlabeled
17528,unlabeled
17529,unlabeled
17530,unlabeled
17531,unlabeled
17532,unlabeled
17533,unlabeled
17534,unlabeled
17535,unlabeled
17536,unlabeled
17537,unlabeled
17538,unlabeled
17539,unlabeled
17540,unlabeled
17541,unlabeled
17542,unlabeled
17543,unlabeled
17544,unlabeled
17545,unlabeled
17546,unlabeled
17547,unlabeled
17548,unlabeled
17549,unlabeled
17550,unlabeled
17551,unlabeled
17552,unlabeled
17553,unlabeled
17554,unlabeled
17555,unlabeled
17556,unlabeled
17557,unlabeled
17558,unlabeled
17559,unlabeled
17560,unlabeled
17561,unlabeled
17562,unlabeled
17563,unlabeled
17564,unlabeled
17565,unlabeled
17566,unlabeled
17567,unlabeled
17568,unlabeled
17569,unlabeled
17570,unlabeled
17571,unlabeled
17572,unlabeled
17573,unlabeled
17574,unlabeled
17575,unlabeled
17576,unlabeled
17577,unlabeled
17578,unlabeled
17579,unlabeled
17580,unlabeled
17581,unlabeled
17582,unlabeled
17583,unlabeled
17584,unlabeled
17585,unlabeled
17586,unlabeled
17587,unlabeled
17588,unlabeled
17589,unlabeled
17590,unlabeled
17591,unlabeled
17592,unlabeled
17593,unlabeled
17594,unlabeled
17595,unlabeled
17596,unlabeled
17597,unlabeled
17598,unlabeled
17599,unlabeled
17600,unlabeled
17601,unlabeled
17602,unlabeled
17603,unlabeled
17604,unlabeled
17605,unlabeled
17606,unlabeled
17607,unlabeled
17608,unlabeled
17609,unlabeled
17610,unlabeled
17611,unlabeled
17612,unlabeled
17613,unlabeled
17614,unlabeled
17615,unlabeled
17616,unlabeled
17617,unlabeled
17618,unlabeled
17619,unlabeled
17620,unlabeled
17621,unlabeled
17622,unlabeled
17623,unlabeled
17624,unlabeled
17625,unlabeled
17626,unlabeled
17627,unlabeled
17628,unlabeled
17629,unlabeled
17630,unlabeled
17631,unlabeled
17632,unlabeled
17633,unlabeled
17634,unlabeled
17635,unlabeled
17636,unlabeled
17637,unlabeled
17638,unlabeled
17639,unlabeled
17640,unlabeled
17641,unlabeled
17642,unlabeled
17643,unlabeled
17644,unlabeled
17645,unlabeled
17646,unlabeled
17647,unlabeled
17648,unlabeled
17649,unlabeled
17650,unlabeled
17651,unlabeled
17652,unlabeled
17653,unlabeled
17654,unlabeled
17655,unlabeled
17656,unlabeled
17657,unlabeled
17658,unlabeled
17659,unlabeled
17660,unlabeled
17661,unlabeled
17662,unlabeled
17663,unlabeled
17664,unlabeled
17665,unlabeled
17666,unlabeled
17667,unlabeled
17668,unlabeled
17669,unlabeled
17670,unlabeled
17671,unlabeled
17672,unlabeled
17673,unlabeled
17674,unlabeled
17675,unlabeled
17676,unlabeled
17677,unlabeled
17678,unlabeled
17679,unlabeled
17680,unlabeled
17681,unlabeled
17682,unlabeled
17683,unlabeled
17684,unlabeled
17685,unlabeled
17686,unlabeled
17687,unlabeled
17688,unlabeled
17689,unlabeled
17690,unlabeled
17691,unlabeled
17692,unlabeled
17693,unlabeled
17694,unlabeled
17695,unlabeled
17696,unlabeled
17697,unlabeled
17698,unlabeled
17699,unlabeled
17700,unlabeled
17701,unlabeled
17702,unlabeled
17703,unlabeled
17704,unlabeled
17705,unlabeled
17706,unlabeled
17707,unlabeled
17708,unlabeled
17709,unlabeled
17710,unlabeled
17711,unlabeled
17712,unlabeled
17713,unlabeled
17714,unlabeled
17715,unlabeled
17716,unlabeled
17717,unlabeled
17718,unlabeled
17719,unlabeled
17720,unlabeled
17721,unlabeled
17722,unlabeled
17723,unlabeled
17724,unlabeled
17725,unlabeled
17726,unlabeled
17727,unlabeled
17728,unlabeled
17729,unlabeled
17730,unlabeled
17731,unlabeled
17732,unlabeled
17733,unlabeled
17734,unlabeled
17735,unlabeled
17736,unlabeled
17737,unlabeled
17738,unlabeled
17739,unlabeled
17740,unlabeled
17741,unlabeled
17742,unlabeled
17743,unlabeled
17744,unlabeled
17745,unlabeled
17746,unlabeled
17747,unlabeled
17748,unlabeled
17749,unlabeled
17750,unlabeled
17751,unlabeled
17752,unlabeled
17753,unlabeled
17754,unlabeled
17755,unlabeled
17756,unlabeled
17757,unlabeled
17758,unlabeled
17759,unlabeled
17760,unlabeled
17761,unlabeled
17762,unlabeled
17763,unlabeled
17764,unlabeled
17765,unlabeled
17766,unlabeled
17767,unlabeled
17768,unlabeled
17769,unlabeled
17770,unlabeled
17771,unlabeled
17772,unlabeled
17773,unlabeled
17774,unlabeled
17775,unlabeled
17776,unlabeled
17777,unlabeled
17778,unlabeled
17779,unlabeled
17780,unlabeled
17781,unlabeled
17782,unlabeled
17783,unlabeled
17784,unlabeled
17785,unlabeled
17786,unlabeled
17787,unlabeled
17788,unlabeled
17789,unlabeled
17790,unlabeled
17791,unlabeled
17792,unlabeled
17793,unlabeled
17794,unlabeled
17795,unlabeled
17796,unlabeled
17797,unlabeled
17798,unlabeled
17799,unlabeled
17800,unlabeled
17801,unlabeled
17802,unlabeled
17803,unlabeled
17804,unlabeled
17805,unlabeled
17806,unlabeled
17807,unlabeled
17808,unlabeled
17809,unlabeled
17810,unlabeled
17811,unlabeled
17812,unlabeled
17813,unlabeled
17814,unlabeled
17815,unlabeled
17816,unlabeled
17817,unlabeled
17818,unlabeled
17819,unlabeled
17820,unlabeled
17821,unlabeled
17822,unlabeled
17823,unlabeled
17824,unlabeled
17825,unlabeled
17826,unlabeled
17827,unlabeled
17828,unlabeled
17829,unlabeled
17830,unlabeled
17831,unlabeled
17832,unlabeled
17833,unlabeled
17834,unlabeled
17835,unlabeled
17836,unlabeled
17837,unlabeled
17838,unlabeled
17839,unlabeled
17840,unlabeled
17841,unlabeled
17842,unlabeled
17843,unlabeled
17844,unlabeled
17845,unlabeled
17846,unlabeled
17847,unlabeled
17848,unlabeled
17849,unlabeled
17850,unlabeled
17851,unlabeled
17852,unlabeled
17853,unlabeled
17854,unlabeled
17855,unlabeled
17856,unlabeled
17857,unlabeled
17858,unlabeled
17859,unlabeled
17860,unlabeled
17861,unlabeled
17862,unlabeled
17863,unlabeled
17864,unlabeled
17865,unlabeled
17866,unlabeled
17867,unlabeled
17868,unlabeled
17869,unlabeled
17870,unlabeled
17871,unlabeled
17872,unlabeled
17873,unlabeled
17874,unlabeled
17875,unlabeled
17876,unlabeled
17877,unlabeled
17878,unlabeled
17879,unlabeled
17880,unlabeled
17881,unlabeled
17882,unlabeled
17883,unlabeled
17884,unlabeled
17885,unlabeled
17886,unlabeled
17887,unlabeled
17888,unlabeled
17889,unlabeled
17890,unlabeled
17891,unlabeled
17892,unlabeled
17893,unlabeled
17894,unlabeled
17895,unlabeled
17896,unlabeled
17897,unlabeled
17898,unlabeled
17899,unlabeled
17900,unlabeled
17901,unlabeled
17902,unlabeled
17903,unlabeled
17904,unlabeled
17905,unlabeled
17906,unlabeled
17907,unlabeled
17908,unlabeled
17909,unlabeled
17910,unlabeled
17911,unlabeled
17912,unlabeled
17913,unlabeled
17914,unlabeled
17915,unlabeled
17916,unlabeled
17917,unlabeled
17918,unlabeled
17919,unlabeled
17920,unlabeled
17921,unlabeled
17922,unlabeled
17923,unlabeled
17924,unlabeled
17925,unlabeled
17926,unlabeled
17927,unlabeled
17928,unlabeled
17929,unlabeled
17930,unlabeled
17931,unlabeled
17932,unlabeled
17933,unlabeled
17934,unlabeled
17935,unlabeled
17936,unlabeled
17937,unlabeled
17938,unlabeled
17939,unlabeled
17940,unlabeled
17941,unlabeled
17942,unlabeled
17943,unlabeled
17944,unlabeled
17945,unlabeled
17946,unlabeled
17947,unlabeled
17948,unlabeled
17949,unlabeled
17950,unlabeled
17951,unlabeled
17952,unlabeled
17953,unlabeled
17954,unlabeled
17955,unlabeled
17956,unlabeled
17957,unlabeled
17958,unlabeled
17959,unlabeled
17960,unlabeled
17961,unlabeled
17962,unlabeled
17963,unlabeled
17964,unlabeled
17965,unlabeled
17966,unlabeled
17967,unlabeled
17968,unlabeled
17969,unlabeled
17970,unlabeled
17971,unlabeled
17972,unlabeled
17973,unlabeled
17974,unlabeled
17975,unlabeled
17976,unlabeled
17977,unlabeled
17978,unlabeled
17979,unlabeled
17980,unlabeled
17981,unlabeled
17982,unlabeled
17983,unlabeled
17984,unlabeled
17985,unlabeled
17986,unlabeled
17987,unlabeled
17988,unlabeled
17989,unlabeled
17990,unlabeled
17991,unlabeled
17992,unlabeled
17993,unlabeled
17994,unlabeled
17995,unlabeled
17996,unlabeled
17997,unlabeled
17998,unlabeled
17999,unlabeled
18000,unlabeled
18001,unlabeled
18002,unlabeled
18003,unlabeled
18004,unlabeled
18005,unlabeled
18006,unlabeled
18007,unlabeled
18008,unlabeled
18009,unlabeled
18010,unlabeled
18011,unlabeled
18012,unlabeled
18013,unlabeled
18014,unlabeled
18015,unlabeled
18016,unlabeled
18017,unlabeled
18018,unlabeled
18019,unlabeled
18020,unlabeled
18021,unlabeled
18022,unlabeled
18023,unlabeled
18024,unlabeled
18025,unlabeled
18026,unlabeled
18027,unlabeled
18028,unlabeled
18029,unlabeled
18030,unlabeled
18031,unlabeled
18032,unlabeled
18033,unlabeled
18034,unlabeled
18035,unlabeled
18036,unlabeled
18037,unlabeled
18038,unlabeled
18039,unlabeled
18040,unlabeled
18041,unlabeled
18042,unlabeled
18043,unlabeled
18044,unlabeled
18045,unlabeled
18046,unlabeled
18047,unlabeled
18048,unlabeled
18049,unlabeled
18050,unlabeled
18051,unlabeled
18052,unlabeled
18053,unlabeled
18054,unlabeled
18055,unlabeled
18056,unlabeled
18057,unlabeled
18058,unlabeled
18059,unlabeled
18060,unlabeled
18061,unlabeled
18062,unlabeled
18063,unlabeled
18064,unlabeled
18065,unlabeled
18066,unlabeled
18067,unlabeled
18068,unlabeled
18069,unlabeled
18070,unlabeled
18071,unlabeled
18072,unlabeled
18073,unlabeled
18074,unlabeled
18075,unlabeled
18076,unlabeled
18077,unlabeled
18078,unlabeled
18079,unlabeled
18080,unlabeled
18081,unlabeled
18082,unlabeled
18083,unlabeled
18084,unlabeled
18085,unlabeled
18086,unlabeled
18087,unlabeled
18088,unlabeled
18089,unlabeled
18090,unlabeled
18091,unlabeled
18092,unlabeled
18093,unlabeled
18094,unlabeled
18095,unlabeled
18096,unlabeled
18097,unlabeled
18098,unlabeled
18099,unlabeled
18100,unlabeled
18101,unlabeled
18102,unlabeled
18103,unlabeled
18104,unlabeled
18105,unlabeled
18106,unlabeled
18107,unlabeled
18108,unlabeled
18109,unlabeled
18110,unlabeled
18111,unlabeled
18112,unlabeled
18113,unlabeled
18114,unlabeled
18115,unlabeled
18116,unlabeled
18117,unlabeled
18118,unlabeled
18119,unlabeled
18120,unlabeled
18121,unlabeled
18122,unlabeled
18123,unlabeled
18124,unlabeled
18125,unlabeled
18126,unlabeled
18127,unlabeled
18128,unlabeled
18129,unlabeled
18130,unlabeled
18131,unlabeled
18132,unlabeled
18133,unlabeled
18134,unlabeled
18135,unlabeled
18136,unlabeled
18137,unlabeled
18138,unlabeled
18139,unlabeled
18140,unlabeled
18141,unlabeled
18142,unlabeled
18143,unlabeled
18144,unlabeled
18145,unlabeled
18146,unlabeled
18147,unlabeled
18148,unlabeled
18149,unlabeled
18150,unlabeled
18151,unlabeled
18152,unlabeled
18153,unlabeled
18154,unlabeled
18155,unlabeled
18156,unlabeled
18157,unlabeled
18158,unlabeled
18159,unlabeled
18160,unlabeled
18161,unlabeled
18162,unlabeled
18163,unlabeled
18164,unlabeled
18165,unlabeled
18166,unlabeled
18167,unlabeled
18168,unlabeled
18169,unlabeled
18170,unlabeled
18171,unlabeled
18172,unlabeled
18173,unlabeled
18174,unlabeled
18175,unlabeled
18176,unlabeled
18177,unlabeled
18178,unlabeled
18179,unlabeled
18180,unlabeled
18181,unlabeled
18182,unlabeled
18183,unlabeled
18184,unlabeled
18185,unlabeled
18186,unlabeled
18187,unlabeled
18188,unlabeled
18189,unlabeled
18190,unlabeled
18191,unlabeled
18192,unlabeled
18193,unlabeled
18194,unlabeled
18195,unlabeled
18196,unlabeled
18197,unlabeled
18198,unlabeled
18199,unlabeled
18200,unlabeled
18201,unlabeled
18202,unlabeled
18203,unlabeled
18204,unlabeled
18205,unlabeled
18206,unlabeled
18207,unlabeled
18208,unlabeled
18209,unlabeled
18210,unlabeled
18211,unlabeled
18212,unlabeled
18213,unlabeled
18214,unlabeled
18215,unlabeled
18216,unlabeled
18217,unlabeled
18218,unlabeled
18219,unlabeled
18220,unlabeled
18221,unlabeled
18222,unlabeled
18223,unlabeled
18224,unlabeled
18225,unlabeled
18226,unlabeled
18227,unlabeled
18228,unlabeled
18229,unlabeled
18230,unlabeled
18231,unlabeled
18232,unlabeled
18233,unlabeled
18234,unlabeled
18235,unlabeled
18236,unlabeled
18237,unlabeled
18238,unlabeled
18239,unlabeled
18240,unlabeled
18241,unlabeled
18242,unlabeled
18243,unlabeled
18244,unlabeled
18245,unlabeled
18246,unlabeled
18247,unlabeled
18248,unlabeled
18249,unlabeled
18250,unlabeled
18251,unlabeled
18252,unlabeled
18253,unlabeled
18254,unlabeled
18255,unlabeled
18256,unlabeled
18257,unlabeled
18258,unlabeled
18259,unlabeled
18260,unlabeled
18261,unlabeled
18262,unlabeled
18263,unlabeled
18264,unlabeled
18265,unlabeled
18266,unlabeled
18267,unlabeled
18268,unlabeled
18269,unlabeled
18270,unlabeled
18271,unlabeled
18272,unlabeled
18273,unlabeled
18274,unlabeled
18275,unlabeled
18276,unlabeled
18277,unlabeled
18278,unlabeled
18279,unlabeled
18280,unlabeled
18281,unlabeled
18282,unlabeled
18283,unlabeled
18284,unlabeled
18285,unlabeled
18286,unlabeled
18287,unlabeled
18288,unlabeled
18289,unlabeled
18290,unlabeled
18291,unlabeled
18292,unlabeled
18293,unlabeled
18294,unlabeled
18295,unlabeled
18296,unlabeled
18297,unlabeled
18298,unlabeled
18299,unlabeled
18300,unlabeled
18301,unlabeled
18302,unlabeled
18303,unlabeled
18304,unlabeled
18305,unlabeled
18306,unlabeled
18307,unlabeled
18308,unlabeled
18309,unlabeled
18310,unlabeled
18311,unlabeled
18312,unlabeled
18313,unlabeled
18314,unlabeled
18315,unlabeled
18316,unlabeled
18317,unlabeled
18318,unlabeled
18319,unlabeled
18320,unlabeled
18321,unlabeled
18322,unlabeled
18323,unlabeled
18324,unlabeled
18325,unlabeled
18326,unlabeled
18327,unlabeled
18328,unlabeled
18329,unlabeled
18330,unlabeled
18331,unlabeled
18332,unlabeled
18333,unlabeled
18334,unlabeled
18335,unlabeled
18336,unlabeled
18337,unlabeled
18338,unlabeled
18339,unlabeled
18340,unlabeled
18341,unlabeled
18342,unlabeled
18343,unlabeled
18344,unlabeled
18345,unlabeled
18346,unlabeled
18347,unlabeled
18348,unlabeled
18349,unlabeled
18350,unlabeled
18351,unlabeled
18352,unlabeled
18353,unlabeled
18354,unlabeled
18355,unlabeled
18356,unlabeled
18357,unlabeled
18358,unlabeled
18359,unlabeled
18360,unlabeled
18361,unlabeled
18362,unlabeled
18363,unlabeled
18364,unlabeled
18365,unlabeled
18366,unlabeled
18367,unlabeled
18368,unlabeled
18369,unlabeled
18370,unlabeled
18371,unlabeled
18372,unlabeled
18373,unlabeled
18374,unlabeled
18375,unlabeled
18376,unlabeled
18377,unlabeled
18378,unlabeled
18379,unlabeled
18380,unlabeled
18381,unlabeled
18382,unlabeled
18383,unlabeled
18384,unlabeled
18385,unlabeled
18386,unlabeled
18387,unlabeled
18388,unlabeled
18389,unlabeled
18390,unlabeled
18391,unlabeled
18392,unlabeled
18393,unlabeled
18394,unlabeled
18395,unlabeled
18396,unlabeled
18397,unlabeled
18398,unlabeled
18399,unlabeled
18400,unlabeled
18401,unlabeled
18402,unlabeled
18403,unlabeled
18404,unlabeled
18405,unlabeled
18406,unlabeled
18407,unlabeled
18408,unlabeled
18409,unlabeled
18410,unlabeled
18411,unlabeled
18412,unlabeled
18413,unlabeled
18414,unlabeled
18415,unlabeled
18416,unlabeled
18417,unlabeled
18418,unlabeled
18419,unlabeled
18420,unlabeled
18421,unlabeled
18422,unlabeled
18423,unlabeled
18424,unlabeled
18425,unlabeled
18426,unlabeled
18427,unlabeled
18428,unlabeled
18429,unlabeled
18430,unlabeled
18431,unlabeled
18432,unlabeled
18433,unlabeled
18434,unlabeled
18435,unlabeled
18436,unlabeled
18437,unlabeled
18438,unlabeled
18439,unlabeled
18440,unlabeled
18441,unlabeled
18442,unlabeled
18443,unlabeled
18444,unlabeled
18445,unlabeled
18446,unlabeled
18447,unlabeled
18448,unlabeled
18449,unlabeled
18450,unlabeled
18451,unlabeled
18452,unlabeled
18453,unlabeled
18454,unlabeled
18455,unlabeled
18456,unlabeled
18457,unlabeled
18458,unlabeled
18459,unlabeled
18460,unlabeled
18461,unlabeled
18462,unlabeled
18463,unlabeled
18464,unlabeled
18465,unlabeled
18466,unlabeled
18467,unlabeled
18468,unlabeled
18469,unlabeled
18470,unlabeled
18471,unlabeled
18472,unlabeled
18473,unlabeled
18474,unlabeled
18475,unlabeled
18476,unlabeled
18477,unlabeled
18478,unlabeled
18479,unlabeled
18480,unlabeled
18481,unlabeled
18482,unlabeled
18483,unlabeled
18484,unlabeled
18485,unlabeled
18486,unlabeled
18487,unlabeled
18488,unlabeled
18489,unlabeled
18490,unlabeled
18491,unlabeled
18492,unlabeled
18493,unlabeled
18494,unlabeled
18495,unlabeled
18496,unlabeled
18497,unlabeled
18498,unlabeled
18499,unlabeled
18500,unlabeled
18501,unlabeled
18502,unlabeled
18503,unlabeled
18504,unlabeled
18505,unlabeled
18506,unlabeled
18507,unlabeled
18508,unlabeled
18509,unlabeled
18510,unlabeled
18511,unlabeled
18512,unlabeled
18513,unlabeled
18514,unlabeled
18515,unlabeled
18516,unlabeled
18517,unlabeled
18518,unlabeled
18519,unlabeled
18520,unlabeled
18521,unlabeled
18522,unlabeled
18523,unlabeled
18524,unlabeled
18525,unlabeled
18526,unlabeled
18527,unlabeled
18528,unlabeled
18529,unlabeled
18530,unlabeled
18531,unlabeled
18532,unlabeled
18533,unlabeled
18534,unlabeled
18535,unlabeled
18536,unlabeled
18537,unlabeled
18538,unlabeled
18539,unlabeled
18540,unlabeled
18541,unlabeled
18542,unlabeled
18543,unlabeled
18544,unlabeled
18545,unlabeled
18546,unlabeled
18547,unlabeled
18548,unlabeled
18549,unlabeled
18550,unlabeled
18551,unlabeled
18552,unlabeled
18553,unlabeled
18554,unlabeled
18555,unlabeled
18556,unlabeled
18557,unlabeled
18558,unlabeled
18559,unlabeled
18560,unlabeled
18561,unlabeled
18562,unlabeled
18563,unlabeled
18564,unlabeled
18565,unlabeled
18566,unlabeled
18567,unlabeled
18568,unlabeled
18569,unlabeled
18570,unlabeled
18571,unlabeled
18572,unlabeled
18573,unlabeled
18574,unlabeled
18575,unlabeled
18576,unlabeled
18577,unlabeled
18578,unlabeled
18579,unlabeled
18580,unlabeled
18581,unlabeled
18582,unlabeled
18583,unlabeled
18584,unlabeled
18585,unlabeled
18586,unlabeled
18587,unlabeled
18588,unlabeled
18589,unlabeled
18590,unlabeled
18591,unlabeled
18592,unlabeled
18593,unlabeled
18594,unlabeled
18595,unlabeled
18596,unlabeled
18597,unlabeled
18598,unlabeled
18599,unlabeled
18600,unlabeled
18601,unlabeled
18602,unlabeled
18603,unlabeled
18604,unlabeled
18605,unlabeled
18606,unlabeled
18607,unlabeled
18608,unlabeled
18609,unlabeled
18610,unlabeled
18611,unlabeled
18612,unlabeled
18613,unlabeled
18614,unlabeled
18615,unlabeled
18616,unlabeled
18617,unlabeled
18618,unlabeled
18619,unlabeled
18620,unlabeled
18621,unlabeled
18622,unlabeled
18623,unlabeled
18624,unlabeled
18625,unlabeled
18626,unlabeled
18627,unlabeled
18628,unlabeled
18629,unlabeled
18630,unlabeled
18631,unlabeled
18632,unlabeled
18633,unlabeled
18634,unlabeled
18635,unlabeled
18636,unlabeled
18637,unlabeled
18638,unlabeled
18639,unlabeled
18640,unlabeled
18641,unlabeled
18642,unlabeled
18643,unlabeled
18644,unlabeled
18645,unlabeled
18646,unlabeled
18647,unlabeled
18648,unlabeled
18649,unlabeled
18650,unlabeled
18651,unlabeled
18652,unlabeled
18653,unlabeled
18654,unlabeled
18655,unlabeled
18656,unlabeled
18657,unlabeled
18658,unlabeled
18659,unlabeled
18660,unlabeled
18661,unlabeled
18662,unlabeled
18663,unlabeled
18664,unlabeled
18665,unlabeled
18666,unlabeled
18667,unlabeled
18668,unlabeled
18669,unlabeled
18670,unlabeled
18671,unlabeled
18672,unlabeled
18673,unlabeled
18674,unlabeled
18675,unlabeled
18676,unlabeled
18677,unlabeled
18678,unlabeled
18679,unlabeled
18680,unlabeled
18681,unlabeled
18682,unlabeled
18683,unlabeled
18684,unlabeled
18685,unlabeled
18686,unlabeled
18687,unlabeled
18688,unlabeled
18689,unlabeled
18690,unlabeled
18691,unlabeled
18692,unlabeled
18693,unlabeled
18694,unlabeled
18695,unlabeled
18696,unlabeled
18697,unlabeled
18698,unlabeled
18699,unlabeled
18700,unlabeled
18701,unlabeled
18702,unlabeled
18703,unlabeled
18704,unlabeled
18705,unlabeled
18706,unlabeled
18707,unlabeled
18708,unlabeled
18709,unlabeled
18710,unlabeled
18711,unlabeled
18712,unlabeled
18713,unlabeled
18714,unlabeled
18715,unlabeled
18716,unlabeled
18717,unlabeled
18718,unlabeled
18719,unlabeled
18720,unlabeled
18721,unlabeled
18722,unlabeled
18723,unlabeled
18724,unlabeled
18725,unlabeled
18726,unlabeled
18727,unlabeled
18728,unlabeled
18729,unlabeled
18730,unlabeled
18731,unlabeled
18732,unlabeled
18733,unlabeled
18734,unlabeled
18735,unlabeled
18736,unlabeled
18737,unlabeled
18738,unlabeled
18739,unlabeled
18740,unlabeled
18741,unlabeled
18742,unlabeled
18743,unlabeled
18744,unlabeled
18745,unlabeled
18746,unlabeled
18747,unlabeled
18748,unlabeled
18749,unlabeled
18750,unlabeled
18751,unlabeled
18752,unlabeled
18753,unlabeled
18754,unlabeled
18755,unlabeled
18756,unlabeled
18757,unlabeled
18758,unlabeled
18759,unlabeled
18760,unlabeled
18761,unlabeled
18762,unlabeled
18763,unlabeled
18764,unlabeled
18765,unlabeled
18766,unlabeled
18767,unlabeled
18768,unlabeled
18769,unlabeled
18770,unlabeled
18771,unlabeled
18772,unlabeled
18773,unlabeled
18774,unlabeled
18775,unlabeled
18776,unlabeled
18777,unlabeled
18778,unlabeled
18779,unlabeled
18780,unlabeled
18781,unlabeled
18782,unlabeled
18783,unlabeled
18784,unlabeled
18785,unlabeled
18786,unlabeled
18787,unlabeled
18788,unlabeled
18789,unlabeled
18790,unlabeled
18791,unlabeled
18792,unlabeled
18793,unlabeled
18794,unlabeled
18795,unlabeled
18796,unlabeled
18797,unlabeled
18798,unlabeled
18799,unlabeled
18800,unlabeled
18801,unlabeled
18802,unlabeled
18803,unlabeled
18804,unlabeled
18805,unlabeled
18806,unlabeled
18807,unlabeled
18808,unlabeled
18809,unlabeled
18810,unlabeled
18811,unlabeled
18812,unlabeled
18813,unlabeled
18814,unlabeled
18815,unlabeled
18816,unlabeled
18817,unlabeled
18818,unlabeled
18819,unlabeled
18820,unlabeled
18821,unlabeled
18822,unlabeled
18823,unlabeled
18824,unlabeled
18825,unlabeled
18826,unlabeled
18827,unlabeled
18828,unlabeled
18829,unlabeled
18830,unlabeled
18831,unlabeled
18832,unlabeled
18833,unlabeled
18834,unlabeled
18835,unlabeled
18836,unlabeled
18837,unlabeled
18838,unlabeled
18839,unlabeled
18840,unlabeled
18841,unlabeled
18842,unlabeled
18843,unlabeled
18844,unlabeled
18845,unlabeled
18846,unlabeled
18847,unlabeled
18848,unlabeled
18849,unlabeled
18850,unlabeled
18851,unlabeled
18852,unlabeled
18853,unlabeled
18854,unlabeled
18855,unlabeled
18856,unlabeled
18857,unlabeled
18858,unlabeled
18859,unlabeled
18860,unlabeled
18861,unlabeled
18862,unlabeled
18863,unlabeled
18864,unlabeled
18865,unlabeled
18866,unlabeled
18867,unlabeled
18868,unlabeled
18869,unlabeled
18870,unlabeled
18871,unlabeled
18872,unlabeled
18873,unlabeled
18874,unlabeled
18875,unlabeled
18876,unlabeled
18877,unlabeled
18878,unlabeled
18879,unlabeled
18880,unlabeled
18881,unlabeled
18882,unlabeled
18883,unlabeled
18884,unlabeled
18885,unlabeled
18886,unlabeled
18887,unlabeled
18888,unlabeled
18889,unlabeled
18890,unlabeled
18891,unlabeled
18892,unlabeled
18893,unlabeled
18894,unlabeled
18895,unlabeled
18896,unlabeled
18897,unlabeled
18898,unlabeled
18899,unlabeled
18900,unlabeled
18901,unlabeled
18902,unlabeled
18903,unlabeled
18904,unlabeled
18905,unlabeled
18906,unlabeled
18907,unlabeled
18908,unlabeled
18909,unlabeled
18910,unlabeled
18911,unlabeled
18912,unlabeled
18913,unlabeled
18914,unlabeled
18915,unlabeled
18916,unlabeled
18917,unlabeled
18918,unlabeled
18919,unlabeled
18920,unlabeled
18921,unlabeled
18922,unlabeled
18923,unlabeled
18924,unlabeled
18925,unlabeled
18926,unlabeled
18927,unlabeled
18928,unlabeled
18929,unlabeled
18930,unlabeled
18931,unlabeled
18932,unlabeled
18933,unlabeled
18934,unlabeled
18935,unlabeled
18936,unlabeled
18937,unlabeled
18938,unlabeled
18939,unlabeled
18940,unlabeled
18941,unlabeled
18942,unlabeled
18943,unlabeled
18944,unlabeled
18945,unlabeled
18946,unlabeled
18947,unlabeled
18948,unlabeled
18949,unlabeled
18950,unlabeled
18951,unlabeled
18952,unlabeled
18953,unlabeled
18954,unlabeled
18955,unlabeled
18956,unlabeled
18957,unlabeled
18958,unlabeled
18959,unlabeled
18960,unlabeled
18961,unlabeled
18962,unlabeled
18963,unlabeled
18964,unlabeled
18965,unlabeled
18966,unlabeled
18967,unlabeled
18968,unlabeled
18969,unlabeled
18970,unlabeled
18971,unlabeled
18972,unlabeled
18973,unlabeled
18974,unlabeled
18975,unlabeled
18976,unlabeled
18977,unlabeled
18978,unlabeled
18979,unlabeled
18980,unlabeled
18981,unlabeled
18982,unlabeled
18983,unlabeled
18984,unlabeled
18985,unlabeled
18986,unlabeled
18987,unlabeled
18988,unlabeled
18989,unlabeled
18990,unlabeled
18991,unlabeled
18992,unlabeled
18993,unlabeled
18994,unlabeled
18995,unlabeled
18996,unlabeled
18997,unlabeled
18998,unlabeled
18999,unlabeled
19000,unlabeled
19001,unlabeled
19002,unlabeled
19003,unlabeled
19004,unlabeled
19005,unlabeled
19006,unlabeled
19007,unlabeled
19008,unlabeled
19009,unlabeled
19010,unlabeled
19011,unlabeled
19012,unlabeled
19013,unlabeled
19014,unlabeled
19015,unlabeled
19016,unlabeled
19017,unlabeled
19018,unlabeled
19019,unlabeled
19020,unlabeled
19021,unlabeled
19022,unlabeled
19023,unlabeled
19024,unlabeled
19025,unlabeled
19026,unlabeled
19027,unlabeled
19028,unlabeled
19029,unlabeled
19030,unlabeled
19031,unlabeled
19032,unlabeled
19033,unlabeled
19034,unlabeled
19035,unlabeled
19036,unlabeled
19037,unlabeled
19038,unlabeled
19039,unlabeled
19040,unlabeled
19041,unlabeled
19042,unlabeled
19043,unlabeled
19044,unlabeled
19045,unlabeled
19046,unlabeled
19047,unlabeled
19048,unlabeled
19049,unlabeled
19050,unlabeled
19051,unlabeled
19052,unlabeled
19053,unlabeled
19054,unlabeled
19055,unlabeled
19056,unlabeled
19057,unlabeled
19058,unlabeled
19059,unlabeled
19060,unlabeled
19061,unlabeled
19062,unlabeled
19063,unlabeled
19064,unlabeled
19065,unlabeled
19066,unlabeled
19067,unlabeled
19068,unlabeled
19069,unlabeled
19070,unlabeled
19071,unlabeled
19072,unlabeled
19073,unlabeled
19074,unlabeled
19075,unlabeled
19076,unlabeled
19077,unlabeled
19078,unlabeled
19079,unlabeled
19080,unlabeled
19081,unlabeled
19082,unlabeled
19083,unlabeled
19084,unlabeled
19085,unlabeled
19086,unlabeled
19087,unlabeled
19088,unlabeled
19089,unlabeled
19090,unlabeled
19091,unlabeled
19092,unlabeled
19093,unlabeled
19094,unlabeled
19095,unlabeled
19096,unlabeled
19097,unlabeled
19098,unlabeled
19099,unlabeled
19100,unlabeled
19101,unlabeled
19102,unlabeled
19103,unlabeled
19104,unlabeled
19105,unlabeled
19106,unlabeled
19107,unlabeled
19108,unlabeled
19109,unlabeled
19110,unlabeled
19111,unlabeled
19112,unlabeled
19113,unlabeled
19114,unlabeled
19115,unlabeled
19116,unlabeled
19117,unlabeled
19118,unlabeled
19119,unlabeled
19120,unlabeled
19121,unlabeled
19122,unlabeled
19123,unlabeled
19124,unlabeled
19125,unlabeled
19126,unlabeled
19127,unlabeled
19128,unlabeled
19129,unlabeled
19130,unlabeled
19131,unlabeled
19132,unlabeled
19133,unlabeled
19134,unlabeled
19135,unlabeled
19136,unlabeled
19137,unlabeled
19138,unlabeled
19139,unlabeled
19140,unlabeled
19141,unlabeled
19142,unlabeled
19143,unlabeled
19144,unlabeled
19145,unlabeled
19146,unlabeled
19147,unlabeled
19148,unlabeled
19149,unlabeled
19150,unlabeled
19151,unlabeled
19152,unlabeled
19153,unlabeled
19154,unlabeled
19155,unlabeled
19156,unlabeled
19157,unlabeled
19158,unlabeled
19159,unlabeled
19160,unlabeled
19161,unlabeled
19162,unlabeled
19163,unlabeled
19164,unlabeled
19165,unlabeled
19166,unlabeled
19167,unlabeled
19168,unlabeled
19169,unlabeled
19170,unlabeled
19171,unlabeled
19172,unlabeled
19173,unlabeled
19174,unlabeled
19175,unlabeled
19176,unlabeled
19177,unlabeled
19178,unlabeled
19179,unlabeled
19180,unlabeled
19181,unlabeled
19182,unlabeled
19183,unlabeled
19184,unlabeled
19185,unlabeled
19186,unlabeled
19187,unlabeled
19188,unlabeled
19189,unlabeled
19190,unlabeled
19191,unlabeled
19192,unlabeled
19193,unlabeled
19194,unlabeled
19195,unlabeled
19196,unlabeled
19197,unlabeled
19198,unlabeled
19199,unlabeled
19200,unlabeled
19201,unlabeled
19202,unlabeled
19203,unlabeled
19204,unlabeled
19205,unlabeled
19206,unlabeled
19207,unlabeled
19208,unlabeled
19209,unlabeled
19210,unlabeled
19211,unlabeled
19212,unlabeled
19213,unlabeled
19214,unlabeled
19215,unlabeled
19216,unlabeled
19217,unlabeled
19218,unlabeled
19219,unlabeled
19220,unlabeled
19221,unlabeled
19222,unlabeled
19223,unlabeled
19224,unlabeled
19225,unlabeled
19226,unlabeled
19227,unlabeled
19228,unlabeled
19229,unlabeled
19230,unlabeled
19231,unlabeled
19232,unlabeled
19233,unlabeled
19234,unlabeled
19235,unlabeled
19236,unlabeled
19237,unlabeled
19238,unlabeled
19239,unlabeled
19240,unlabeled
19241,unlabeled
19242,unlabeled
19243,unlabeled
19244,unlabeled
19245,unlabeled
19246,unlabeled
19247,unlabeled
19248,unlabeled
19249,unlabeled
19250,unlabeled
19251,unlabeled
19252,unlabeled
19253,unlabeled
19254,unlabeled
19255,unlabeled
19256,unlabeled
19257,unlabeled
19258,unlabeled
19259,unlabeled
19260,unlabeled
19261,unlabeled
19262,unlabeled
19263,unlabeled
19264,unlabeled
19265,unlabeled
19266,unlabeled
19267,unlabeled
19268,unlabeled
19269,unlabeled
19270,unlabeled
19271,unlabeled
19272,unlabeled
19273,unlabeled
19274,unlabeled
19275,unlabeled
19276,unlabeled
19277,unlabeled
19278,unlabeled
19279,unlabeled
19280,unlabeled
19281,unlabeled
19282,unlabeled
19283,unlabeled
19284,unlabeled
19285,unlabeled
19286,unlabeled
19287,unlabeled
19288,unlabeled
19289,unlabeled
19290,unlabeled
19291,unlabeled
19292,unlabeled
19293,unlabeled
19294,unlabeled
19295,unlabeled
19296,unlabeled
19297,unlabeled
19298,unlabeled
19299,unlabeled
19300,unlabeled
19301,unlabeled
19302,unlabeled
19303,unlabeled
19304,unlabeled
19305,unlabeled
19306,unlabeled
19307,unlabeled
19308,unlabeled
19309,unlabeled
19310,unlabeled
19311,unlabeled
19312,unlabeled
19313,unlabeled
19314,unlabeled
19315,unlabeled
19316,unlabeled
19317,unlabeled
19318,unlabeled
19319,unlabeled
19320,unlabeled
19321,unlabeled
19322,unlabeled
19323,unlabeled
19324,unlabeled
19325,unlabeled
19326,unlabeled
19327,unlabeled
19328,unlabeled
19329,unlabeled
19330,unlabeled
19331,unlabeled
19332,unlabeled
19333,unlabeled
19334,unlabeled
19335,unlabeled
19336,unlabeled
19337,unlabeled
19338,unlabeled
19339,unlabeled
19340,unlabeled
19341,unlabeled
19342,unlabeled
19343,unlabeled
19344,unlabeled
19345,unlabeled
19346,unlabeled
19347,unlabeled
19348,unlabeled
19349,unlabeled
19350,unlabeled
19351,unlabeled
19352,unlabeled
19353,unlabeled
19354,unlabeled
19355,unlabeled
19356,unlabeled
19357,unlabeled
19358,unlabeled
19359,unlabeled
19360,unlabeled
19361,unlabeled
19362,unlabeled
19363,unlabeled
19364,unlabeled
19365,unlabeled
19366,unlabeled
19367,unlabeled
19368,unlabeled
19369,unlabeled
19370,unlabeled
19371,unlabeled
19372,unlabeled
19373,unlabeled
19374,unlabeled
19375,unlabeled
19376,unlabeled
19377,unlabeled
19378,unlabeled
19379,unlabeled
19380,unlabeled
19381,unlabeled
19382,unlabeled
19383,unlabeled
19384,unlabeled
19385,unlabeled
19386,unlabeled
19387,unlabeled
19388,unlabeled
19389,unlabeled
19390,unlabeled
19391,unlabeled
19392,unlabeled
19393,unlabeled
19394,unlabeled
19395,unlabeled
19396,unlabeled
19397,unlabeled
19398,unlabeled
19399,unlabeled
19400,unlabeled
19401,unlabeled
19402,unlabeled
19403,unlabeled
19404,unlabeled
19405,unlabeled
19406,unlabeled
19407,unlabeled
19408,unlabeled
19409,unlabeled
19410,unlabeled
19411,unlabeled
19412,unlabeled
19413,unlabeled
19414,unlabeled
19415,unlabeled
19416,unlabeled
19417,unlabeled
19418,unlabeled
19419,unlabeled
19420,unlabeled
19421,unlabeled
19422,unlabeled
19423,unlabeled
19424,unlabeled
19425,unlabeled
19426,unlabeled
19427,unlabeled
19428,unlabeled
19429,unlabeled
19430,unlabeled
19431,unlabeled
19432,unlabeled
19433,unlabeled
19434,unlabeled
19435,unlabeled
19436,unlabeled
19437,unlabeled
19438,unlabeled
19439,unlabeled
19440,unlabeled
19441,unlabeled
19442,unlabeled
19443,unlabeled
19444,unlabeled
19445,unlabeled
19446,unlabeled
19447,unlabeled
19448,unlabeled
19449,unlabeled
19450,unlabeled
19451,unlabeled
19452,unlabeled
19453,unlabeled
19454,unlabeled
19455,unlabeled
19456,unlabeled
19457,unlabeled
19458,unlabeled
19459,unlabeled
19460,unlabeled
19461,unlabeled
19462,unlabeled
19463,unlabeled
19464,unlabeled
19465,unlabeled
19466,unlabeled
19467,unlabeled
19468,unlabeled
19469,unlabeled
19470,unlabeled
19471,unlabeled
19472,unlabeled
19473,unlabeled
19474,unlabeled
19475,unlabeled
19476,unlabeled
19477,unlabeled
19478,unlabeled
19479,unlabeled
19480,unlabeled
19481,unlabeled
19482,unlabeled
19483,unlabeled
19484,unlabeled
19485,unlabeled
19486,unlabeled
19487,unlabeled
19488,unlabeled
19489,unlabeled
19490,unlabeled
19491,unlabeled
19492,unlabeled
19493,unlabeled
19494,unlabeled
19495,unlabeled
19496,unlabeled
19497,unlabeled
19498,unlabeled
19499,unlabeled
19500,unlabeled
19501,unlabeled
19502,unlabeled
19503,unlabeled
19504,unlabeled
19505,unlabeled
19506,unlabeled
19507,unlabeled
19508,unlabeled
19509,unlabeled
19510,unlabeled
19511,unlabeled
19512,unlabeled
19513,unlabeled
19514,unlabeled
19515,unlabeled
19516,unlabeled
19517,unlabeled
19518,unlabeled
19519,unlabeled
19520,unlabeled
19521,unlabeled
19522,unlabeled
19523,unlabeled
19524,unlabeled
19525,unlabeled
19526,unlabeled
19527,unlabeled
19528,unlabeled
19529,unlabeled
19530,unlabeled
19531,unlabeled
19532,unlabeled
19533,unlabeled
19534,unlabeled
19535,unlabeled
19536,unlabeled
19537,unlabeled
19538,unlabeled
19539,unlabeled
19540,unlabeled
19541,unlabeled
19542,unlabeled
19543,unlabeled
19544,unlabeled
19545,unlabeled
19546,unlabeled
19547,unlabeled
19548,unlabeled
19549,unlabeled
19550,unlabeled
19551,unlabeled
19552,unlabeled
19553,unlabeled
19554,unlabeled
19555,unlabeled
19556,unlabeled
19557,unlabeled
19558,unlabeled
19559,unlabeled
19560,unlabeled
19561,unlabeled
19562,unlabeled
19563,unlabeled
19564,unlabeled
19565,unlabeled
19566,unlabeled
19567,unlabeled
19568,unlabeled
19569,unlabeled
19570,unlabeled
19571,unlabeled
19572,unlabeled
19573,unlabeled
19574,unlabeled
19575,unlabeled
19576,unlabeled
19577,unlabeled
19578,unlabeled
19579,unlabeled
19580,unlabeled
19581,unlabeled
19582,unlabeled
19583,unlabeled
19584,unlabeled
19585,unlabeled
19586,unlabeled
19587,unlabeled
19588,unlabeled
19589,unlabeled
19590,unlabeled
19591,unlabeled
19592,unlabeled
19593,unlabeled
19594,unlabeled
19595,unlabeled
19596,unlabeled
19597,unlabeled
19598,unlabeled
19599,unlabeled
19600,unlabeled
19601,unlabeled
19602,unlabeled
19603,unlabeled
19604,unlabeled
19605,unlabeled
19606,unlabeled
19607,unlabeled
19608,unlabeled
19609,unlabeled
19610,unlabeled
19611,unlabeled
19612,unlabeled
19613,unlabeled
19614,unlabeled
19615,unlabeled
19616,unlabeled
19617,unlabeled
19618,unlabeled
19619,unlabeled
19620,unlabeled
19621,unlabeled
19622,unlabeled
19623,unlabeled
19624,unlabeled
19625,unlabeled
19626,unlabeled
19627,unlabeled
19628,unlabeled
19629,unlabeled
19630,unlabeled
19631,unlabeled
19632,unlabeled
19633,unlabeled
19634,unlabeled
19635,unlabeled
19636,unlabeled
19637,unlabeled
19638,unlabeled
19639,unlabeled
19640,unlabeled
19641,unlabeled
19642,unlabeled
19643,unlabeled
19644,unlabeled
19645,unlabeled
19646,unlabeled
19647,unlabeled
19648,unlabeled
19649,unlabeled
19650,unlabeled
19651,unlabeled
19652,unlabeled
19653,unlabeled
19654,unlabeled
19655,unlabeled
19656,unlabeled
19657,unlabeled
19658,unlabeled
19659,unlabeled
19660,unlabeled
19661,unlabeled
19662,unlabeled
19663,unlabeled
19664,unlabeled
19665,unlabeled
19666,unlabeled
19667,unlabeled
19668,unlabeled
19669,unlabeled
19670,unlabeled
19671,unlabeled
19672,unlabeled
19673,unlabeled
19674,unlabeled
19675,unlabeled
19676,unlabeled
19677,unlabeled
19678,unlabeled
19679,unlabeled
19680,unlabeled
19681,unlabeled
19682,unlabeled
19683,unlabeled
19684,unlabeled
19685,unlabeled
19686,unlabeled
19687,unlabeled
19688,unlabeled
19689,unlabeled
19690,unlabeled
19691,unlabeled
19692,unlabeled
19693,unlabeled
19694,unlabeled
19695,unlabeled
19696,unlabeled
19697,unlabeled
19698,unlabeled
19699,unlabeled
19700,unlabeled
19701,unlabeled
19702,unlabeled
19703,unlabeled
19704,unlabeled
19705,unlabeled
19706,unlabeled
19707,unlabeled
19708,unlabeled
19709,unlabeled
19710,unlabeled
19711,unlabeled
19712,unlabeled
19713,unlabeled
19714,unlabeled
19715,unlabeled
19716,unlabeled
19717,unlabeled
19718,unlabeled
19719,unlabeled
19720,unlabeled
19721,unlabeled
19722,unlabeled
19723,unlabeled
19724,unlabeled
19725,unlabeled
19726,unlabeled
19727,unlabeled
19728,unlabeled
19729,unlabeled
19730,unlabeled
19731,unlabeled
19732,unlabeled
19733,unlabeled
19734,unlabeled
19735,unlabeled
19736,unlabeled
19737,unlabeled
19738,unlabeled
19739,unlabeled
19740,unlabeled
19741,unlabeled
19742,unlabeled
19743,unlabeled
19744,unlabeled
19745,unlabeled
19746,unlabeled
19747,unlabeled
19748,unlabeled
19749,unlabeled
19750,unlabeled
19751,unlabeled
19752,unlabeled
19753,unlabeled
19754,unlabeled
19755,unlabeled
19756,unlabeled
19757,unlabeled
19758,unlabeled
19759,unlabeled
19760,unlabeled
19761,unlabeled
19762,unlabeled
19763,unlabeled
19764,unlabeled
19765,unlabeled
19766,unlabeled
19767,unlabeled
19768,unlabeled
19769,unlabeled
19770,unlabeled
19771,unlabeled
19772,unlabeled
19773,unlabeled
19774,unlabeled
19775,unlabeled
19776,unlabeled
19777,unlabeled
19778,unlabeled
19779,unlabeled
19780,unlabeled
19781,unlabeled
19782,unlabeled
19783,unlabeled
19784,unlabeled
19785,unlabeled
19786,unlabeled
19787,unlabeled
19788,unlabeled
19789,unlabeled
19790,unlabeled
19791,unlabeled
19792,unlabeled
19793,unlabeled
19794,unlabeled
19795,unlabeled
19796,unlabeled
19797,unlabeled
19798,unlabeled
19799,unlabeled
19800,unlabeled
19801,unlabeled
19802,unlabeled
19803,unlabeled
19804,unlabeled
19805,unlabeled
19806,unlabeled
19807,unlabeled
19808,unlabeled
19809,unlabeled
19810,unlabeled
19811,unlabeled
19812,unlabeled
19813,unlabeled
19814,unlabeled
19815,unlabeled
19816,unlabeled
19817,unlabeled
19818,unlabeled
19819,unlabeled
19820,unlabeled
19821,unlabeled
19822,unlabeled
19823,unlabeled
19824,unlabeled
19825,unlabeled
19826,unlabeled
19827,unlabeled
19828,unlabeled
19829,unlabeled
19830,unlabeled
19831,unlabeled
19832,unlabeled
19833,unlabeled
19834,unlabeled
19835,unlabeled
19836,unlabeled
19837,unlabeled
19838,unlabeled
19839,unlabeled
19840,unlabeled
19841,unlabeled
19842,unlabeled
19843,unlabeled
19844,unlabeled
19845,unlabeled
19846,unlabeled
19847,unlabeled
19848,unlabeled
19849,unlabeled
19850,unlabeled
19851,unlabeled
19852,unlabeled
19853,unlabeled
19854,unlabeled
19855,unlabeled
19856,unlabeled
19857,unlabeled
19858,unlabeled
19859,unlabeled
19860,unlabeled
19861,unlabeled
19862,unlabeled
19863,unlabeled
19864,unlabeled
19865,unlabeled
19866,unlabeled
19867,unlabeled
19868,unlabeled
19869,unlabeled
19870,unlabeled
19871,unlabeled
19872,unlabeled
19873,unlabeled
19874,unlabeled
19875,unlabeled
19876,unlabeled
19877,unlabeled
19878,unlabeled
19879,unlabeled
19880,unlabeled
19881,unlabeled
19882,unlabeled
19883,unlabeled
19884,unlabeled
19885,unlabeled
19886,unlabeled
19887,unlabeled
19888,unlabeled
19889,unlabeled
19890,unlabeled
19891,unlabeled
19892,unlabeled
19893,unlabeled
19894,unlabeled
19895,unlabeled
19896,unlabeled
19897,unlabeled
19898,unlabeled
19899,unlabeled
19900,unlabeled
19901,unlabeled
19902,unlabeled
19903,unlabeled
19904,unlabeled
19905,unlabeled
19906,unlabeled
19907,unlabeled
19908,unlabeled
19909,unlabeled
19910,unlabeled
19911,unlabeled
19912,unlabeled
19913,unlabeled
19914,unlabeled
19915,unlabeled
19916,unlabeled
19917,unlabeled
19918,unlabeled
19919,unlabeled
19920,unlabeled
19921,unlabeled
19922,unlabeled
19923,unlabeled
19924,unlabeled
19925,unlabeled
19926,unlabeled
19927,unlabeled
19928,unlabeled
19929,unlabeled
19930,unlabeled
19931,unlabeled
19932,unlabeled
19933,unlabeled
19934,unlabeled
19935,unlabeled
19936,unlabeled
19937,unlabeled
19938,unlabeled
19939,unlabeled
19940,unlabeled
19941,unlabeled
19942,unlabeled
19943,unlabeled
19944,unlabeled
19945,unlabeled
19946,unlabeled
19947,unlabeled
19948,unlabeled
19949,unlabeled
19950,unlabeled
19951,unlabeled
19952,unlabeled
19953,unlabeled
19954,unlabeled
19955,unlabeled
19956,unlabeled
19957,unlabeled
19958,unlabeled
19959,unlabeled
19960,unlabeled
19961,unlabeled
19962,unlabeled
19963,unlabeled
19964,unlabeled
19965,unlabeled
19966,unlabeled
19967,unlabeled
19968,unlabeled
19969,unlabeled
19970,unlabeled
19971,unlabeled
19972,unlabeled
19973,unlabeled
19974,unlabeled
19975,unlabeled
19976,unlabeled
19977,unlabeled
19978,unlabeled
19979,unlabeled
19980,unlabeled
19981,unlabeled
19982,unlabeled
19983,unlabeled
19984,unlabeled
19985,unlabeled
19986,unlabeled
19987,unlabeled
19988,unlabeled
19989,unlabeled
19990,unlabeled
19991,unlabeled
19992,unlabeled
19993,unlabeled
19994,unlabeled
19995,unlabeled
19996,unlabeled
19997,unlabeled
19998,unlabeled
19999,unlabeled
20000,unlabeled
20001,unlabeled
20002,unlabeled
20003,unlabeled
20004,unlabeled
20005,unlabeled
20006,unlabeled
20007,unlabeled
20008,unlabeled
20009,unlabeled
20010,unlabeled
20011,unlabeled
20012,unlabeled
20013,unlabeled
20014,unlabeled
20015,unlabeled
20016,unlabeled
20017,unlabeled
20018,unlabeled
20019,unlabeled
20020,unlabeled
20021,unlabeled
20022,unlabeled
20023,unlabeled
20024,unlabeled
20025,unlabeled
20026,unlabeled
20027,unlabeled
20028,unlabeled
20029,unlabeled
20030,unlabeled
20031,unlabeled
20032,unlabeled
20033,unlabeled
20034,unlabeled
20035,unlabeled
20036,unlabeled
20037,unlabeled
20038,unlabeled
20039,unlabeled
20040,unlabeled
20041,unlabeled
20042,unlabeled
20043,unlabeled
20044,unlabeled
20045,unlabeled
20046,unlabeled
20047,unlabeled
20048,unlabeled
20049,unlabeled
20050,unlabeled
20051,unlabeled
20052,unlabeled
20053,unlabeled
20054,unlabeled
20055,unlabeled
20056,unlabeled
20057,unlabeled
20058,unlabeled
20059,unlabeled
20060,unlabeled
20061,unlabeled
20062,unlabeled
20063,unlabeled
20064,unlabeled
20065,unlabeled
20066,unlabeled
20067,unlabeled
20068,unlabeled
20069,unlabeled
20070,unlabeled
20071,unlabeled
20072,unlabeled
20073,unlabeled
20074,unlabeled
20075,unlabeled
20076,unlabeled
20077,unlabeled
20078,unlabeled
20079,unlabeled
20080,unlabeled
20081,unlabeled
20082,unlabeled
20083,unlabeled
20084,unlabeled
20085,unlabeled
20086,unlabeled
20087,unlabeled
20088,unlabeled
20089,unlabeled
20090,unlabeled
20091,unlabeled
20092,unlabeled
20093,unlabeled
20094,unlabeled
20095,unlabeled
20096,unlabeled
20097,unlabeled
20098,unlabeled
20099,unlabeled
20100,unlabeled
20101,unlabeled
20102,unlabeled
20103,unlabeled
20104,unlabeled
20105,unlabeled
20106,unlabeled
20107,unlabeled
20108,unlabeled
20109,unlabeled
20110,unlabeled
20111,unlabeled
20112,unlabeled
20113,unlabeled
20114,unlabeled
20115,unlabeled
20116,unlabeled
20117,unlabeled
20118,unlabeled
20119,unlabeled
20120,unlabeled
20121,unlabeled
20122,unlabeled
20123,unlabeled
20124,unlabeled
20125,unlabeled
20126,unlabeled
20127,unlabeled
20128,unlabeled
20129,unlabeled
20130,unlabeled
20131,unlabeled
20132,unlabeled
20133,unlabeled
20134,unlabeled
20135,unlabeled
20136,unlabeled
20137,unlabeled
20138,unlabeled
20139,unlabeled
20140,unlabeled
20141,unlabeled
20142,unlabeled
20143,unlabeled
20144,unlabeled
20145,unlabeled
20146,unlabeled
20147,unlabeled
20148,unlabeled
20149,unlabeled
20150,unlabeled
20151,unlabeled
20152,unlabeled
20153,unlabeled
20154,unlabeled
20155,unlabeled
20156,unlabeled
20157,unlabeled
20158,unlabeled
20159,unlabeled
20160,unlabeled
20161,unlabeled
20162,unlabeled
20163,unlabeled
20164,unlabeled
20165,unlabeled
20166,unlabeled
20167,unlabeled
20168,unlabeled
20169,unlabeled
20170,unlabeled
20171,unlabeled
20172,unlabeled
20173,unlabeled
20174,unlabeled
20175,unlabeled
20176,unlabeled
20177,unlabeled
20178,unlabeled
20179,unlabeled
20180,unlabeled
20181,unlabeled
20182,unlabeled
20183,unlabeled
20184,unlabeled
20185,unlabeled
20186,unlabeled
20187,unlabeled
20188,unlabeled
20189,unlabeled
20190,unlabeled
20191,unlabeled
20192,unlabeled
20193,unlabeled
20194,unlabeled
20195,unlabeled
20196,unlabeled
20197,unlabeled
20198,unlabeled
20199,unlabeled
20200,unlabeled
20201,unlabeled
20202,unlabeled
20203,unlabeled
20204,unlabeled
20205,unlabeled
20206,unlabeled
20207,unlabeled
20208,unlabeled
20209,unlabeled
20210,unlabeled
20211,unlabeled
20212,unlabeled
20213,unlabeled
20214,unlabeled
20215,unlabeled
20216,unlabeled
20217,unlabeled
20218,unlabeled
20219,unlabeled
20220,unlabeled
20221,unlabeled
20222,unlabeled
20223,unlabeled
20224,unlabeled
20225,unlabeled
20226,unlabeled
20227,unlabeled
20228,unlabeled
20229,unlabeled
20230,unlabeled
20231,unlabeled
20232,unlabeled
20233,unlabeled
20234,unlabeled
20235,unlabeled
20236,unlabeled
20237,unlabeled
20238,unlabeled
20239,unlabeled
20240,unlabeled
20241,unlabeled
20242,unlabeled
20243,unlabeled
20244,unlabeled
20245,unlabeled
20246,unlabeled
20247,unlabeled
20248,unlabeled
20249,unlabeled
20250,unlabeled
20251,unlabeled
20252,unlabeled
20253,unlabeled
20254,unlabeled
20255,unlabeled
20256,unlabeled
20257,unlabeled
20258,unlabeled
20259,unlabeled
20260,unlabeled
20261,unlabeled
20262,unlabeled
20263,unlabeled
20264,unlabeled
20265,unlabeled
20266,unlabeled
20267,unlabeled
20268,unlabeled
20269,unlabeled
20270,unlabeled
20271,unlabeled
20272,unlabeled
20273,unlabeled
20274,unlabeled
20275,unlabeled
20276,unlabeled
20277,unlabeled
20278,unlabeled
20279,unlabeled
20280,unlabeled
20281,unlabeled
20282,unlabeled
20283,unlabeled
20284,unlabeled
20285,unlabeled
20286,unlabeled
20287,unlabeled
20288,unlabeled
20289,unlabeled
20290,unlabeled
20291,unlabeled
20292,unlabeled
20293,unlabeled
20294,unlabeled
20295,unlabeled
20296,unlabeled
20297,unlabeled
20298,unlabeled
20299,unlabeled
20300,unlabeled
20301,unlabeled
20302,unlabeled
20303,unlabeled
20304,unlabeled
20305,unlabeled
20306,unlabeled
20307,unlabeled
20308,unlabeled
20309,unlabeled
20310,unlabeled
20311,unlabeled
20312,unlabeled
20313,unlabeled
20314,unlabeled
20315,unlabeled
20316,unlabeled
20317,unlabeled
20318,unlabeled
20319,unlabeled
20320,unlabeled
20321,unlabeled
20322,unlabeled
20323,unlabeled
20324,unlabeled
20325,unlabeled
20326,unlabeled
20327,unlabeled
20328,unlabeled
20329,unlabeled
20330,unlabeled
20331,unlabeled
20332,unlabeled
20333,unlabeled
20334,unlabeled
20335,unlabeled
20336,unlabeled
20337,unlabeled
20338,unlabeled
20339,unlabeled
20340,unlabeled
20341,unlabeled
20342,unlabeled
20343,unlabeled
20344,unlabeled
20345,unlabeled
20346,unlabeled
20347,unlabeled
20348,unlabeled
20349,unlabeled
20350,unlabeled
20351,unlabeled
20352,unlabeled
20353,unlabeled
20354,unlabeled
20355,unlabeled
20356,unlabeled
20357,unlabeled
20358,unlabeled
20359,unlabeled
20360,unlabeled
20361,unlabeled
20362,unlabeled
20363,unlabeled
20364,unlabeled
20365,unlabeled
20366,unlabeled
20367,unlabeled
20368,unlabeled
20369,unlabeled
20370,unlabeled
20371,unlabeled
20372,unlabeled
20373,unlabeled
20374,unlabeled
20375,unlabeled
20376,unlabeled
20377,unlabeled
20378,unlabeled
20379,unlabeled
20380,unlabeled
20381,unlabeled
20382,unlabeled
20383,unlabeled
20384,unlabeled
20385,unlabeled
20386,unlabeled
20387,unlabeled
20388,unlabeled
20389,unlabeled
20390,unlabeled
20391,unlabeled
20392,unlabeled
20393,unlabeled
20394,unlabeled
20395,unlabeled
20396,unlabeled
20397,unlabeled
20398,unlabeled
20399,unlabeled
20400,unlabeled
20401,unlabeled
20402,unlabeled
20403,unlabeled
20404,unlabeled
20405,unlabeled
20406,unlabeled
20407,unlabeled
20408,unlabeled
20409,unlabeled
20410,unlabeled
20411,unlabeled
20412,unlabeled
20413,unlabeled
20414,unlabeled
20415,unlabeled
20416,unlabeled
20417,unlabeled
20418,unlabeled
20419,unlabeled
20420,unlabeled
20421,unlabeled
20422,unlabeled
20423,unlabeled
20424,unlabeled
20425,unlabeled
20426,unlabeled
20427,unlabeled
20428,unlabeled
20429,unlabeled
20430,unlabeled
20431,unlabeled
20432,unlabeled
20433,unlabeled
20434,unlabeled
20435,unlabeled
20436,unlabeled
20437,unlabeled
20438,unlabeled
20439,unlabeled
20440,unlabeled
20441,unlabeled
20442,unlabeled
20443,unlabeled
20444,unlabeled
20445,unlabeled
20446,unlabeled
20447,unlabeled
20448,unlabeled
20449,unlabeled
20450,unlabeled
20451,unlabeled
20452,unlabeled
20453,unlabeled
20454,unlabeled
20455,unlabeled
20456,unlabeled
20457,unlabeled
20458,unlabeled
20459,unlabeled
20460,unlabeled
20461,unlabeled
20462,unlabeled
20463,unlabeled
20464,unlabeled
20465,unlabeled
20466,unlabeled
20467,unlabeled
20468,unlabeled
20469,unlabeled
20470,unlabeled
20471,unlabeled
20472,unlabeled
20473,unlabeled
20474,unlabeled
20475,unlabeled
20476,unlabeled
20477,unlabeled
20478,unlabeled
20479,unlabeled
20480,unlabeled
20481,unlabeled
20482,unlabeled
20483,unlabeled
20484,unlabeled
20485,unlabeled
20486,unlabeled
20487,unlabeled
20488,unlabeled
20489,unlabeled
20490,unlabeled
20491,unlabeled
20492,unlabeled
20493,unlabeled
20494,unlabeled
20495,unlabeled
20496,unlabeled
20497,unlabeled
20498,unlabeled
20499,unlabeled
20500,unlabeled
20501,unlabeled
20502,unlabeled
20503,unlabeled
20504,unlabeled
20505,unlabeled
20506,unlabeled
20507,unlabeled
20508,unlabeled
20509,unlabeled
20510,unlabeled
20511,unlabeled
20512,unlabeled
20513,unlabeled
20514,unlabeled
20515,unlabeled
20516,unlabeled
20517,unlabeled
20518,unlabeled
20519,unlabeled
20520,unlabeled
20521,unlabeled
20522,unlabeled
20523,unlabeled
20524,unlabeled
20525,unlabeled
20526,unlabeled
20527,unlabeled
20528,unlabeled
20529,unlabeled
20530,unlabeled
20531,unlabeled
20532,unlabeled
20533,unlabeled
20534,unlabeled
20535,unlabeled
20536,unlabeled
20537,unlabeled
20538,unlabeled
20539,unlabeled
20540,unlabeled
20541,unlabeled
20542,unlabeled
20543,unlabeled
20544,unlabeled
20545,unlabeled
20546,unlabeled
20547,unlabeled
20548,unlabeled
20549,unlabeled
20550,unlabeled
20551,unlabeled
20552,unlabeled
20553,unlabeled
20554,unlabeled
20555,unlabeled
20556,unlabeled
20557,unlabeled
20558,unlabeled
20559,unlabeled
20560,unlabeled
20561,unlabeled
20562,unlabeled
20563,unlabeled
20564,unlabeled
20565,unlabeled
20566,unlabeled
20567,unlabeled
20568,unlabeled
20569,unlabeled
20570,unlabeled
20571,unlabeled
20572,unlabeled
20573,unlabeled
20574,unlabeled
20575,unlabeled
20576,unlabeled
20577,unlabeled
20578,unlabeled
20579,unlabeled
20580,unlabeled
20581,unlabeled
20582,unlabeled
20583,unlabeled
20584,unlabeled
20585,unlabeled
20586,unlabeled
20587,unlabeled
20588,unlabeled
20589,unlabeled
20590,unlabeled
20591,unlabeled
20592,unlabeled
20593,unlabeled
20594,unlabeled
20595,unlabeled
20596,unlabeled
20597,unlabeled
20598,unlabeled
20599,unlabeled
20600,unlabeled
20601,unlabeled
20602,unlabeled
20603,unlabeled
20604,unlabeled
20605,unlabeled
20606,unlabeled
20607,unlabeled
20608,unlabeled
20609,unlabeled
20610,unlabeled
20611,unlabeled
20612,unlabeled
20613,unlabeled
20614,unlabeled
20615,unlabeled
20616,unlabeled
20617,unlabeled
20618,unlabeled
20619,unlabeled
20620,unlabeled
20621,unlabeled
20622,unlabeled
20623,unlabeled
20624,unlabeled
20625,unlabeled
20626,unlabeled
20627,unlabeled
20628,unlabeled
20629,unlabeled
20630,unlabeled
20631,unlabeled
20632,unlabeled
20633,unlabeled
20634,unlabeled
20635,unlabeled
20636,unlabeled
20637,unlabeled
20638,unlabeled
20639,unlabeled
20640,unlabeled
20641,unlabeled
20642,unlabeled
20643,unlabeled
20644,unlabeled
20645,unlabeled
20646,unlabeled
20647,unlabeled
20648,unlabeled
20649,unlabeled
20650,unlabeled
20651,unlabeled
20652,unlabeled
20653,unlabeled
20654,unlabeled
20655,unlabeled
20656,unlabeled
20657,unlabeled
20658,unlabeled
20659,unlabeled
20660,unlabeled
20661,unlabeled
20662,unlabeled
20663,unlabeled
20664,unlabeled
20665,unlabeled
20666,unlabeled
20667,unlabeled
20668,unlabeled
20669,unlabeled
20670,unlabeled
20671,unlabeled
20672,unlabeled
20673,unlabeled
20674,unlabeled
20675,unlabeled
20676,unlabeled
20677,unlabeled
20678,unlabeled
20679,unlabeled
20680,unlabeled
20681,unlabeled
20682,unlabeled
20683,unlabeled
20684,unlabeled
20685,unlabeled
20686,unlabeled
20687,unlabeled
20688,unlabeled
20689,unlabeled
20690,unlabeled
20691,unlabeled
20692,unlabeled
20693,unlabeled
20694,unlabeled
20695,unlabeled
20696,unlabeled
20697,unlabeled
20698,unlabeled
20699,unlabeled
20700,unlabeled
20701,unlabeled
20702,unlabeled
20703,unlabeled
20704,unlabeled
20705,unlabeled
20706,unlabeled
20707,unlabeled
20708,unlabeled
20709,unlabeled
20710,unlabeled
20711,unlabeled
20712,unlabeled
20713,unlabeled
20714,unlabeled
20715,unlabeled
20716,unlabeled
20717,unlabeled
20718,unlabeled
20719,unlabeled
20720,unlabeled
20721,unlabeled
20722,unlabeled
20723,unlabeled
20724,unlabeled
20725,unlabeled
20726,unlabeled
20727,unlabeled
20728,unlabeled
20729,unlabeled
20730,unlabeled
20731,unlabeled
20732,unlabeled
20733,unlabeled
20734,unlabeled
20735,unlabeled
20736,unlabeled
20737,unlabeled
20738,unlabeled
20739,unlabeled
20740,unlabeled
20741,unlabeled
20742,unlabeled
20743,unlabeled
20744,unlabeled
20745,unlabeled
20746,unlabeled
20747,unlabeled
20748,unlabeled
20749,unlabeled
20750,unlabeled
20751,unlabeled
20752,unlabeled
20753,unlabeled
20754,unlabeled
20755,unlabeled
20756,unlabeled
20757,unlabeled
20758,unlabeled
20759,unlabeled
20760,unlabeled
20761,unlabeled
20762,unlabeled
20763,unlabeled
20764,unlabeled
20765,unlabeled
20766,unlabeled
20767,unlabeled
20768,unlabeled
20769,unlabeled
20770,unlabeled
20771,unlabeled
20772,unlabeled
20773,unlabeled
20774,unlabeled
20775,unlabeled
20776,unlabeled
20777,unlabeled
20778,unlabeled
20779,unlabeled
20780,unlabeled
20781,unlabeled
20782,unlabeled
20783,unlabeled
20784,unlabeled
20785,unlabeled
20786,unlabeled
20787,unlabeled
20788,unlabeled
20789,unlabeled
20790,unlabeled
20791,unlabeled
20792,unlabeled
20793,unlabeled
20794,unlabeled
20795,unlabeled
20796,unlabeled
20797,unlabeled
20798,unlabeled
20799,unlabeled
20800,unlabeled
20801,unlabeled
20802,unlabeled
20803,unlabeled
20804,unlabeled
20805,unlabeled
20806,unlabeled
20807,unlabeled
20808,unlabeled
20809,unlabeled
20810,unlabeled
20811,unlabeled
20812,unlabeled
20813,unlabeled
20814,unlabeled
20815,unlabeled
20816,unlabeled
20817,unlabeled
20818,unlabeled
20819,unlabeled
20820,unlabeled
20821,unlabeled
20822,unlabeled
20823,unlabeled
20824,unlabeled
20825,unlabeled
20826,unlabeled
20827,unlabeled
20828,unlabeled
20829,unlabeled
20830,unlabeled
20831,unlabeled
20832,unlabeled
20833,unlabeled
20834,unlabeled
20835,unlabeled
20836,unlabeled
20837,unlabeled
20838,unlabeled
20839,unlabeled
20840,unlabeled
20841,unlabeled
20842,unlabeled
20843,unlabeled
20844,unlabeled
20845,unlabeled
20846,unlabeled
20847,unlabeled
20848,unlabeled
20849,unlabeled
20850,unlabeled
20851,unlabeled
20852,unlabeled
20853,unlabeled
20854,unlabeled
20855,unlabeled
20856,unlabeled
20857,unlabeled
20858,unlabeled
20859,unlabeled
20860,unlabeled
20861,unlabeled
20862,unlabeled
20863,unlabeled
20864,unlabeled
20865,unlabeled
20866,unlabeled
20867,unlabeled
20868,unlabeled
20869,unlabeled
20870,unlabeled
20871,unlabeled
20872,unlabeled
20873,unlabeled
20874,unlabeled
20875,unlabeled
20876,unlabeled
20877,unlabeled
20878,unlabeled
20879,unlabeled
20880,unlabeled
20881,unlabeled
20882,unlabeled
20883,unlabeled
20884,unlabeled
20885,unlabeled
20886,unlabeled
20887,unlabeled
20888,unlabeled
20889,unlabeled
20890,unlabeled
20891,unlabeled
20892,unlabeled
20893,unlabeled
20894,unlabeled
20895,unlabeled
20896,unlabeled
20897,unlabeled
20898,unlabeled
20899,unlabeled
20900,unlabeled
20901,unlabeled
20902,unlabeled
20903,unlabeled
20904,unlabeled
20905,unlabeled
20906,unlabeled
20907,unlabeled
20908,unlabeled
20909,unlabeled
20910,unlabeled
20911,unlabeled
20912,unlabeled
20913,unlabeled
20914,unlabeled
20915,unlabeled
20916,unlabeled
20917,unlabeled
20918,unlabeled
20919,unlabeled
20920,unlabeled
20921,unlabeled
20922,unlabeled
20923,unlabeled
20924,unlabeled
20925,unlabeled
20926,unlabeled
20927,unlabeled
20928,unlabeled
20929,unlabeled
20930,unlabeled
20931,unlabeled
20932,unlabeled
20933,unlabeled
20934,unlabeled
20935,unlabeled
20936,unlabeled
20937,unlabeled
20938,unlabeled
20939,unlabeled
20940,unlabeled
20941,unlabeled
20942,unlabeled
20943,unlabeled
20944,unlabeled
20945,unlabeled
20946,unlabeled
20947,unlabeled
20948,unlabeled
20949,unlabeled
20950,unlabeled
20951,unlabeled
20952,unlabeled
20953,unlabeled
20954,unlabeled
20955,unlabeled
20956,unlabeled
20957,unlabeled
20958,unlabeled
20959,unlabeled
20960,unlabeled
20961,unlabeled
20962,unlabeled
20963,unlabeled
20964,unlabeled
20965,unlabeled
20966,unlabeled
20967,unlabeled
20968,unlabeled
20969,unlabeled
20970,unlabeled
20971,unlabeled
20972,unlabeled
20973,unlabeled
20974,unlabeled
20975,unlabeled
20976,unlabeled
20977,unlabeled
20978,unlabeled
20979,unlabeled
20980,unlabeled
20981,unlabeled
20982,unlabeled
20983,unlabeled
20984,unlabeled
20985,unlabeled
20986,unlabeled
20987,unlabeled
20988,unlabeled
20989,unlabeled
20990,unlabeled
20991,unlabeled
20992,unlabeled
20993,unlabeled
20994,unlabeled
20995,unlabeled
20996,unlabeled
20997,unlabeled
20998,unlabeled
20999,unlabeled
21000,unlabeled
21001,unlabeled
21002,unlabeled
21003,unlabeled
21004,unlabeled
21005,unlabeled
21006,unlabeled
21007,unlabeled
21008,unlabeled
21009,unlabeled
21010,unlabeled
21011,unlabeled
21012,unlabeled
21013,unlabeled
21014,unlabeled
21015,unlabeled
21016,unlabeled
21017,unlabeled
21018,unlabeled
21019,unlabeled
21020,unlabeled
21021,unlabeled
21022,unlabeled
21023,unlabeled
21024,unlabeled
21025,unlabeled
21026,unlabeled
21027,unlabeled
21028,unlabeled
21029,unlabeled
21030,unlabeled
21031,unlabeled
21032,unlabeled
21033,unlabeled
21034,unlabeled
21035,unlabeled
21036,unlabeled
21037,unlabeled
21038,unlabeled
21039,unlabeled
21040,unlabeled
21041,unlabeled
21042,unlabeled
21043,unlabeled
21044,unlabeled
21045,unlabeled
21046,unlabeled
21047,unlabeled
21048,unlabeled
21049,unlabeled
21050,unlabeled
21051,unlabeled
21052,unlabeled
21053,unlabeled
21054,unlabeled
21055,unlabeled
21056,unlabeled
21057,unlabeled
21058,unlabeled
21059,unlabeled
21060,unlabeled
21061,unlabeled
21062,unlabeled
21063,unlabeled
21064,unlabeled
21065,unlabeled
21066,unlabeled
21067,unlabeled
21068,unlabeled
21069,unlabeled
21070,unlabeled
21071,unlabeled
21072,unlabeled
21073,unlabeled
21074,unlabeled
21075,unlabeled
21076,unlabeled
21077,unlabeled
21078,unlabeled
21079,unlabeled
21080,unlabeled
21081,unlabeled
21082,unlabeled
21083,unlabeled
21084,unlabeled
21085,unlabeled
21086,unlabeled
21087,unlabeled
21088,unlabeled
21089,unlabeled
21090,unlabeled
21091,unlabeled
21092,unlabeled
21093,unlabeled
21094,unlabeled
21095,unlabeled
21096,unlabeled
21097,unlabeled
21098,unlabeled
21099,unlabeled
21100,unlabeled
21101,unlabeled
21102,unlabeled
21103,unlabeled
21104,unlabeled
21105,unlabeled
21106,unlabeled
21107,unlabeled
21108,unlabeled
21109,unlabeled
21110,unlabeled
21111,unlabeled
21112,unlabeled
21113,unlabeled
21114,unlabeled
21115,unlabeled
21116,unlabeled
21117,unlabeled
21118,unlabeled
21119,unlabeled
21120,unlabeled
21121,unlabeled
21122,unlabeled
21123,unlabeled
21124,unlabeled
21125,unlabeled
21126,unlabeled
21127,unlabeled
21128,unlabeled
21129,unlabeled
21130,unlabeled
21131,unlabeled
21132,unlabeled
21133,unlabeled
21134,unlabeled
21135,unlabeled
21136,unlabeled
21137,unlabeled
21138,unlabeled
21139,unlabeled
21140,unlabeled
21141,unlabeled
21142,unlabeled
21143,unlabeled
21144,unlabeled
21145,unlabeled
21146,unlabeled
21147,unlabeled
21148,unlabeled
21149,unlabeled
21150,unlabeled
21151,unlabeled
21152,unlabeled
21153,unlabeled
21154,unlabeled
21155,unlabeled
21156,unlabeled
21157,unlabeled
21158,unlabeled
21159,unlabeled
21160,unlabeled
21161,unlabeled
21162,unlabeled
21163,unlabeled
21164,unlabeled
21165,unlabeled
21166,unlabeled
21167,unlabeled
21168,unlabeled
21169,unlabeled
21170,unlabeled
21171,unlabeled
21172,unlabeled
21173,unlabeled
21174,unlabeled
21175,unlabeled
21176,unlabeled
21177,unlabeled
21178,unlabeled
21179,unlabeled
21180,unlabeled
21181,unlabeled
21182,unlabeled
21183,unlabeled
21184,unlabeled
21185,unlabeled
21186,unlabeled
21187,unlabeled
21188,unlabeled
21189,unlabeled
21190,unlabeled
21191,unlabeled
21192,unlabeled
21193,unlabeled
21194,unlabeled
21195,unlabeled
21196,unlabeled
21197,unlabeled
21198,unlabeled
21199,unlabeled
21200,unlabeled
21201,unlabeled
21202,unlabeled
21203,unlabeled
21204,unlabeled
21205,unlabeled
21206,unlabeled
21207,unlabeled
21208,unlabeled
21209,unlabeled
21210,unlabeled
21211,unlabeled
21212,unlabeled
21213,unlabeled
21214,unlabeled
21215,unlabeled
21216,unlabeled
21217,unlabeled
21218,unlabeled
21219,unlabeled
21220,unlabeled
21221,unlabeled
21222,unlabeled
21223,unlabeled
21224,unlabeled
21225,unlabeled
21226,unlabeled
21227,unlabeled
21228,unlabeled
21229,unlabeled
21230,unlabeled
21231,unlabeled
21232,unlabeled
21233,unlabeled
21234,unlabeled
21235,unlabeled
21236,unlabeled
21237,unlabeled
21238,unlabeled
21239,unlabeled
21240,unlabeled
21241,unlabeled
21242,unlabeled
21243,unlabeled
21244,unlabeled
21245,unlabeled
21246,unlabeled
21247,unlabeled
21248,unlabeled
21249,unlabeled
21250,unlabeled
21251,unlabeled
21252,unlabeled
21253,unlabeled
21254,unlabeled
21255,unlabeled
21256,unlabeled
21257,unlabeled
21258,unlabeled
21259,unlabeled
21260,unlabeled
21261,unlabeled
21262,unlabeled
21263,unlabeled
21264,unlabeled
21265,unlabeled
21266,unlabeled
21267,unlabeled
21268,unlabeled
21269,unlabeled
21270,unlabeled
21271,unlabeled
21272,unlabeled
21273,unlabeled
21274,unlabeled
21275,unlabeled
21276,unlabeled
21277,unlabeled
21278,unlabeled
21279,unlabeled
21280,unlabeled
21281,unlabeled
21282,unlabeled
21283,unlabeled
21284,unlabeled
21285,unlabeled
21286,unlabeled
21287,unlabeled
21288,unlabeled
21289,unlabeled
21290,unlabeled
21291,unlabeled
21292,unlabeled
21293,unlabeled
21294,unlabeled
21295,unlabeled
21296,unlabeled
21297,unlabeled
21298,unlabeled
21299,unlabeled
21300,unlabeled
21301,unlabeled
21302,unlabeled
21303,unlabeled
21304,unlabeled
21305,unlabeled
21306,unlabeled
21307,unlabeled
21308,unlabeled
21309,unlabeled
21310,unlabeled
21311,unlabeled
21312,unlabeled
21313,unlabeled
21314,unlabeled
21315,unlabeled
21316,unlabeled
21317,unlabeled
21318,unlabeled
21319,unlabeled
21320,unlabeled
21321,unlabeled
21322,unlabeled
21323,unlabeled
21324,unlabeled
21325,unlabeled
21326,unlabeled
21327,unlabeled
21328,unlabeled
21329,unlabeled
21330,unlabeled
21331,unlabeled
21332,unlabeled
21333,unlabeled
21334,unlabeled
21335,unlabeled
21336,unlabeled
21337,unlabeled
21338,unlabeled
21339,unlabeled
21340,unlabeled
21341,unlabeled
21342,unlabeled
21343,unlabeled
21344,unlabeled
21345,unlabeled
21346,unlabeled
21347,unlabeled
21348,unlabeled
21349,unlabeled
21350,unlabeled
21351,unlabeled
21352,unlabeled
21353,unlabeled
21354,unlabeled
21355,unlabeled
21356,unlabeled
21357,unlabeled
21358,unlabeled
21359,unlabeled
21360,unlabeled
21361,unlabeled
21362,unlabeled
21363,unlabeled
21364,unlabeled
21365,unlabeled
21366,unlabeled
21367,unlabeled
21368,unlabeled
21369,unlabeled
21370,unlabeled
21371,unlabeled
21372,unlabeled
21373,unlabeled
21374,unlabeled
21375,unlabeled
21376,unlabeled
21377,unlabeled
21378,unlabeled
21379,unlabeled
21380,unlabeled
21381,unlabeled
21382,unlabeled
21383,unlabeled
21384,unlabeled
21385,unlabeled
21386,unlabeled
21387,unlabeled
21388,unlabeled
21389,unlabeled
21390,unlabeled
21391,unlabeled
21392,unlabeled
21393,unlabeled
21394,unlabeled
21395,unlabeled
21396,unlabeled
21397,unlabeled
21398,unlabeled
21399,unlabeled
21400,unlabeled
21401,unlabeled
21402,unlabeled
21403,unlabeled
21404,unlabeled
21405,unlabeled
21406,unlabeled
21407,unlabeled
21408,unlabeled
21409,unlabeled
21410,unlabeled
21411,unlabeled
21412,unlabeled
21413,unlabeled
21414,unlabeled
21415,unlabeled
21416,unlabeled
21417,unlabeled
21418,unlabeled
21419,unlabeled
21420,unlabeled
21421,unlabeled
21422,unlabeled
21423,unlabeled
21424,unlabeled
21425,unlabeled
21426,unlabeled
21427,unlabeled
21428,unlabeled
21429,unlabeled
21430,unlabeled
21431,unlabeled
21432,unlabeled
21433,unlabeled
21434,unlabeled
21435,unlabeled
21436,unlabeled
21437,unlabeled
21438,unlabeled
21439,unlabeled
21440,unlabeled
21441,unlabeled
21442,unlabeled
21443,unlabeled
21444,unlabeled
21445,unlabeled
21446,unlabeled
21447,unlabeled
21448,unlabeled
21449,unlabeled
21450,unlabeled
21451,unlabeled
21452,unlabeled
21453,unlabeled
21454,unlabeled
21455,unlabeled
21456,unlabeled
21457,unlabeled
21458,unlabeled
21459,unlabeled
21460,unlabeled
21461,unlabeled
21462,unlabeled
21463,unlabeled
21464,unlabeled
21465,unlabeled
21466,unlabeled
21467,unlabeled
21468,unlabeled
21469,unlabeled
21470,unlabeled
21471,unlabeled
21472,unlabeled
21473,unlabeled
21474,unlabeled
21475,unlabeled
21476,unlabeled
21477,unlabeled
21478,unlabeled
21479,unlabeled
21480,unlabeled
21481,unlabeled
21482,unlabeled
21483,unlabeled
21484,unlabeled
21485,unlabeled
21486,unlabeled
21487,unlabeled
21488,unlabeled
21489,unlabeled
21490,unlabeled
21491,unlabeled
21492,unlabeled
21493,unlabeled
21494,unlabeled
21495,unlabeled
21496,unlabeled
21497,unlabeled
21498,unlabeled
21499,unlabeled
21500,unlabeled
21501,unlabeled
21502,unlabeled
21503,unlabeled
21504,unlabeled
21505,unlabeled
21506,unlabeled
21507,unlabeled
21508,unlabeled
21509,unlabeled
21510,unlabeled
21511,unlabeled
21512,unlabeled
21513,unlabeled
21514,unlabeled
21515,unlabeled
21516,unlabeled
21517,unlabeled
21518,unlabeled
21519,unlabeled
21520,unlabeled
21521,unlabeled
21522,unlabeled
21523,unlabeled
21524,unlabeled
21525,unlabeled
21526,unlabeled
21527,unlabeled
21528,unlabeled
21529,unlabeled
21530,unlabeled
21531,unlabeled
21532,unlabeled
21533,unlabeled
21534,unlabeled
21535,unlabeled
21536,unlabeled
21537,unlabeled
21538,unlabeled
21539,unlabeled
21540,unlabeled
21541,unlabeled
21542,unlabeled
21543,unlabeled
21544,unlabeled
21545,unlabeled
21546,unlabeled
21547,unlabeled
21548,unlabeled
21549,unlabeled
21550,unlabeled
21551,unlabeled
21552,unlabeled
21553,unlabeled
21554,unlabeled
21555,unlabeled
21556,unlabeled
21557,unlabeled
21558,unlabeled
21559,unlabeled
21560,unlabeled
21561,unlabeled
21562,unlabeled
21563,unlabeled
21564,unlabeled
21565,unlabeled
21566,unlabeled
21567,unlabeled
21568,unlabeled
21569,unlabeled
21570,unlabeled
21571,unlabeled
21572,unlabeled
21573,unlabeled
21574,unlabeled
21575,unlabeled
21576,unlabeled
21577,unlabeled
21578,unlabeled
21579,unlabeled
21580,unlabeled
21581,unlabeled
21582,unlabeled
21583,unlabeled
21584,unlabeled
21585,unlabeled
21586,unlabeled
21587,unlabeled
21588,unlabeled
21589,unlabeled
21590,unlabeled
21591,unlabeled
21592,unlabeled
21593,unlabeled
21594,unlabeled
21595,unlabeled
21596,unlabeled
21597,unlabeled
21598,unlabeled
21599,unlabeled
21600,unlabeled
21601,unlabeled
21602,unlabeled
21603,unlabeled
21604,unlabeled
21605,unlabeled
21606,unlabeled
21607,unlabeled
21608,unlabeled
21609,unlabeled
21610,unlabeled
21611,unlabeled
21612,unlabeled
21613,unlabeled
21614,unlabeled
21615,unlabeled
21616,unlabeled
21617,unlabeled
21618,unlabeled
21619,unlabeled
21620,unlabeled
21621,unlabeled
21622,unlabeled
21623,unlabeled
21624,unlabeled
21625,unlabeled
21626,unlabeled
21627,unlabeled
21628,unlabeled
21629,unlabeled
21630,unlabeled
21631,unlabeled
21632,unlabeled
21633,unlabeled
21634,unlabeled
21635,unlabeled
21636,unlabeled
21637,unlabeled
21638,unlabeled
21639,unlabeled
21640,unlabeled
21641,unlabeled
21642,unlabeled
21643,unlabeled
21644,unlabeled
21645,unlabeled
21646,unlabeled
21647,unlabeled
21648,unlabeled
21649,unlabeled
21650,unlabeled
21651,unlabeled
21652,unlabeled
21653,unlabeled
21654,unlabeled
21655,unlabeled
21656,unlabeled
21657,unlabeled
21658,unlabeled
21659,unlabeled
21660,unlabeled
21661,unlabeled
21662,unlabeled
21663,unlabeled
21664,unlabeled
21665,unlabeled
21666,unlabeled
21667,unlabeled
21668,unlabeled
21669,unlabeled
21670,unlabeled
21671,unlabeled
21672,unlabeled
21673,unlabeled
21674,unlabeled
21675,unlabeled
21676,unlabeled
21677,unlabeled
21678,unlabeled
21679,unlabeled
21680,unlabeled
21681,unlabeled
21682,unlabeled
21683,unlabeled
21684,unlabeled
21685,unlabeled
21686,unlabeled
21687,unlabeled
21688,unlabeled
21689,unlabeled
21690,unlabeled
21691,unlabeled
21692,unlabeled
21693,unlabeled
21694,unlabeled
21695,unlabeled
21696,unlabeled
21697,unlabeled
21698,unlabeled
21699,unlabeled
21700,unlabeled
21701,unlabeled
21702,unlabeled
21703,unlabeled
21704,unlabeled
21705,unlabeled
21706,unlabeled
21707,unlabeled
21708,unlabeled
21709,unlabeled
21710,unlabeled
21711,unlabeled
21712,unlabeled
21713,unlabeled
21714,unlabeled
21715,unlabeled
21716,unlabeled
21717,unlabeled
21718,unlabeled
21719,unlabeled
21720,unlabeled
21721,unlabeled
21722,unlabeled
21723,unlabeled
21724,unlabeled
21725,unlabeled
21726,unlabeled
21727,unlabeled
21728,unlabeled
21729,unlabeled
21730,unlabeled
21731,unlabeled
21732,unlabeled
21733,unlabeled
21734,unlabeled
21735,unlabeled
21736,unlabeled
21737,unlabeled
21738,unlabeled
21739,unlabeled
21740,unlabeled
21741,unlabeled
21742,unlabeled
21743,unlabeled
21744,unlabeled
21745,unlabeled
21746,unlabeled
21747,unlabeled
21748,unlabeled
21749,unlabeled
21750,unlabeled
21751,unlabeled
21752,unlabeled
21753,unlabeled
21754,unlabeled
21755,unlabeled
21756,unlabeled
21757,unlabeled
21758,unlabeled
21759,unlabeled
21760,unlabeled
21761,unlabeled
21762,unlabeled
21763,unlabeled
21764,unlabeled
21765,unlabeled
21766,unlabeled
21767,unlabeled
21768,unlabeled
21769,unlabeled
21770,unlabeled
21771,unlabeled
21772,unlabeled
21773,unlabeled
21774,unlabeled
21775,unlabeled
21776,unlabeled
21777,unlabeled
21778,unlabeled
21779,unlabeled
21780,unlabeled
21781,unlabeled
21782,unlabeled
21783,unlabeled
21784,unlabeled
21785,unlabeled
21786,unlabeled
21787,unlabeled
21788,unlabeled
21789,unlabeled
21790,unlabeled
21791,unlabeled
21792,unlabeled
21793,unlabeled
21794,unlabeled
21795,unlabeled
21796,unlabeled
21797,unlabeled
21798,unlabeled
21799,unlabeled
21800,unlabeled
21801,unlabeled
21802,unlabeled
21803,unlabeled
21804,unlabeled
21805,unlabeled
21806,unlabeled
21807,unlabeled
21808,unlabeled
21809,unlabeled
21810,unlabeled
21811,unlabeled
21812,unlabeled
21813,unlabeled
21814,unlabeled
21815,unlabeled
21816,unlabeled
21817,unlabeled
21818,unlabeled
21819,unlabeled
21820,unlabeled
21821,unlabeled
21822,unlabeled
21823,unlabeled
21824,unlabeled
21825,unlabeled
21826,unlabeled
21827,unlabeled
21828,unlabeled
21829,unlabeled
21830,unlabeled
21831,unlabeled
21832,unlabeled
21833,unlabeled
21834,unlabeled
21835,unlabeled
21836,unlabeled
21837,unlabeled
21838,unlabeled
21839,unlabeled
21840,unlabeled
21841,unlabeled
21842,unlabeled
21843,unlabeled
21844,unlabeled
21845,unlabeled
21846,unlabeled
21847,unlabeled
21848,unlabeled
21849,unlabeled
21850,unlabeled
21851,unlabeled
21852,unlabeled
21853,unlabeled
21854,unlabeled
21855,unlabeled
21856,unlabeled
21857,unlabeled
21858,unlabeled
21859,unlabeled
21860,unlabeled
21861,unlabeled
21862,unlabeled
21863,unlabeled
21864,unlabeled
21865,unlabeled
21866,unlabeled
21867,unlabeled
21868,unlabeled
21869,unlabeled
21870,unlabeled
21871,unlabeled
21872,unlabeled
21873,unlabeled
21874,unlabeled
21875,unlabeled
21876,unlabeled
21877,unlabeled
21878,unlabeled
21879,unlabeled
21880,unlabeled
21881,unlabeled
21882,unlabeled
21883,unlabeled
21884,unlabeled
21885,unlabeled
21886,unlabeled
21887,unlabeled
21888,unlabeled
21889,unlabeled
21890,unlabeled
21891,unlabeled
21892,unlabeled
21893,unlabeled
21894,unlabeled
21895,unlabeled
21896,unlabeled
21897,unlabeled
21898,unlabeled
21899,unlabeled
21900,unlabeled
21901,unlabeled
21902,unlabeled
21903,unlabeled
21904,unlabeled
21905,unlabeled
21906,unlabeled
21907,unlabeled
21908,unlabeled
21909,unlabeled
21910,unlabeled
21911,unlabeled
21912,unlabeled
21913,unlabeled
21914,unlabeled
21915,unlabeled
21916,unlabeled
21917,unlabeled
21918,unlabeled
21919,unlabeled
21920,unlabeled
21921,unlabeled
21922,unlabeled
21923,unlabeled
21924,unlabeled
21925,unlabeled
21926,unlabeled
21927,unlabeled
21928,unlabeled
21929,unlabeled
21930,unlabeled
21931,unlabeled
21932,unlabeled
21933,unlabeled
21934,unlabeled
21935,unlabeled
21936,unlabeled
21937,unlabeled
21938,unlabeled
21939,unlabeled
21940,unlabeled
21941,unlabeled
21942,unlabeled
21943,unlabeled
21944,unlabeled
21945,unlabeled
21946,unlabeled
21947,unlabeled
21948,unlabeled
21949,unlabeled
21950,unlabeled
21951,unlabeled
21952,unlabeled
21953,unlabeled
21954,unlabeled
21955,unlabeled
21956,unlabeled
21957,unlabeled
21958,unlabeled
21959,unlabeled
21960,unlabeled
21961,unlabeled
21962,unlabeled
21963,unlabeled
21964,unlabeled
21965,unlabeled
21966,unlabeled
21967,unlabeled
21968,unlabeled
21969,unlabeled
21970,unlabeled
21971,unlabeled
21972,unlabeled
21973,unlabeled
21974,unlabeled
21975,unlabeled
21976,unlabeled
21977,unlabeled
21978,unlabeled
21979,unlabeled
21980,unlabeled
21981,unlabeled
21982,unlabeled
21983,unlabeled
21984,unlabeled
21985,unlabeled
21986,unlabeled
21987,unlabeled
21988,unlabeled
21989,unlabeled
21990,unlabeled
21991,unlabeled
21992,unlabeled
21993,unlabeled
21994,unlabeled
21995,unlabeled
21996,unlabeled
21997,unlabeled
21998,unlabeled
21999,unlabeled
22000,unlabeled
22001,unlabeled
22002,unlabeled
22003,unlabeled
22004,unlabeled
22005,unlabeled
22006,unlabeled
22007,unlabeled
22008,unlabeled
22009,unlabeled
22010,unlabeled
22011,unlabeled
22012,unlabeled
22013,unlabeled
22014,unlabeled
22015,unlabeled
22016,unlabeled
22017,unlabeled
22018,unlabeled
22019,unlabeled
22020,unlabeled
22021,unlabeled
22022,unlabeled
22023,unlabeled
22024,unlabeled
22025,unlabeled
22026,unlabeled
22027,unlabeled
22028,unlabeled
22029,unlabeled
22030,unlabeled
22031,unlabeled
22032,unlabeled
22033,unlabeled
22034,unlabeled
22035,unlabeled
22036,unlabeled
22037,unlabeled
22038,unlabeled
22039,unlabeled
22040,unlabeled
22041,unlabeled
22042,unlabeled
22043,unlabeled
22044,unlabeled
22045,unlabeled
22046,unlabeled
22047,unlabeled
22048,unlabeled
22049,unlabeled
22050,unlabeled
22051,unlabeled
22052,unlabeled
22053,unlabeled
22054,unlabeled
22055,unlabeled
22056,unlabeled
22057,unlabeled
22058,unlabeled
22059,unlabeled
22060,unlabeled
22061,unlabeled
22062,unlabeled
22063,unlabeled
22064,unlabeled
22065,unlabeled
22066,unlabeled
22067,unlabeled
22068,unlabeled
22069,unlabeled
22070,unlabeled
22071,unlabeled
22072,unlabeled
22073,unlabeled
22074,unlabeled
22075,unlabeled
22076,unlabeled
22077,unlabeled
22078,unlabeled
22079,unlabeled
22080,unlabeled
22081,unlabeled
22082,unlabeled
22083,unlabeled
22084,unlabeled
22085,unlabeled
22086,unlabeled
22087,unlabeled
22088,unlabeled
22089,unlabeled
22090,unlabeled
22091,unlabeled
22092,unlabeled
22093,unlabeled
22094,unlabeled
22095,unlabeled
22096,unlabeled
22097,unlabeled
22098,unlabeled
22099,unlabeled
22100,unlabeled
22101,unlabeled
22102,unlabeled
22103,unlabeled
22104,unlabeled
22105,unlabeled
22106,unlabeled
22107,unlabeled
22108,unlabeled
22109,unlabeled
22110,unlabeled
22111,unlabeled
22112,unlabeled
22113,unlabeled
22114,unlabeled
22115,unlabeled
22116,unlabeled
22117,unlabeled
22118,unlabeled
22119,unlabeled
22120,unlabeled
22121,unlabeled
22122,unlabeled
22123,unlabeled
22124,unlabeled
22125,unlabeled
22126,unlabeled
22127,unlabeled
22128,unlabeled
22129,unlabeled
22130,unlabeled
22131,unlabeled
22132,unlabeled
22133,unlabeled
22134,unlabeled
22135,unlabeled
22136,unlabeled
22137,unlabeled
22138,unlabeled
22139,unlabeled
22140,unlabeled
22141,unlabeled
22142,unlabeled
22143,unlabeled
22144,unlabeled
22145,unlabeled
22146,unlabeled
22147,unlabeled
22148,unlabeled
22149,unlabeled
22150,unlabeled
22151,unlabeled
22152,unlabeled
22153,unlabeled
22154,unlabeled
22155,unlabeled
22156,unlabeled
22157,unlabeled
22158,unlabeled
22159,unlabeled
22160,unlabeled
22161,unlabeled
22162,unlabeled
22163,unlabeled
22164,unlabeled
22165,unlabeled
22166,unlabeled
22167,unlabeled
22168,unlabeled
22169,unlabeled
22170,unlabeled
22171,unlabeled
22172,unlabeled
22173,unlabeled
22174,unlabeled
22175,unlabeled
22176,unlabeled
22177,unlabeled
22178,unlabeled
22179,unlabeled
22180,unlabeled
22181,unlabeled
22182,unlabeled
22183,unlabeled
22184,unlabeled
22185,unlabeled
22186,unlabeled
22187,unlabeled
22188,unlabeled
22189,unlabeled
22190,unlabeled
22191,unlabeled
22192,unlabeled
22193,unlabeled
22194,unlabeled
22195,unlabeled
22196,unlabeled
22197,unlabeled
22198,unlabeled
22199,unlabeled
22200,unlabeled
22201,unlabeled
22202,unlabeled
22203,unlabeled
22204,unlabeled
22205,unlabeled
22206,unlabeled
22207,unlabeled
22208,unlabeled
22209,unlabeled
22210,unlabeled
22211,unlabeled
22212,unlabeled
22213,unlabeled
22214,unlabeled
22215,unlabeled
22216,unlabeled
22217,unlabeled
22218,unlabeled
22219,unlabeled
22220,unlabeled
22221,unlabeled
22222,unlabeled
22223,unlabeled
22224,unlabeled
22225,unlabeled
22226,unlabeled
22227,unlabeled
22228,unlabeled
22229,unlabeled
22230,unlabeled
22231,unlabeled
22232,unlabeled
22233,unlabeled
22234,unlabeled
22235,unlabeled
22236,unlabeled
22237,unlabeled
22238,unlabeled
22239,unlabeled
22240,unlabeled
22241,unlabeled
22242,unlabeled
22243,unlabeled
22244,unlabeled
22245,unlabeled
22246,unlabeled
22247,unlabeled
22248,unlabeled
22249,unlabeled
22250,unlabeled
22251,unlabeled
22252,unlabeled
22253,unlabeled
22254,unlabeled
22255,unlabeled
22256,unlabeled
22257,unlabeled
22258,unlabeled
22259,unlabeled
22260,unlabeled
22261,unlabeled
22262,unlabeled
22263,unlabeled
22264,unlabeled
22265,unlabeled
22266,unlabeled
22267,unlabeled
22268,unlabeled
22269,unlabeled
22270,unlabeled
22271,unlabeled
22272,unlabeled
22273,unlabeled
22274,unlabeled
22275,unlabeled
22276,unlabeled
22277,unlabeled
22278,unlabeled
22279,unlabeled
22280,unlabeled
22281,unlabeled
22282,unlabeled
22283,unlabeled
22284,unlabeled
22285,unlabeled
22286,unlabeled
22287,unlabeled
22288,unlabeled
22289,unlabeled
22290,unlabeled
22291,unlabeled
22292,unlabeled
22293,unlabeled
22294,unlabeled
22295,unlabeled
22296,unlabeled
22297,unlabeled
22298,unlabeled
22299,unlabeled
22300,unlabeled
22301,unlabeled
22302,unlabeled
22303,unlabeled
22304,unlabeled
22305,unlabeled
22306,unlabeled
22307,unlabeled
22308,unlabeled
22309,unlabeled
22310,unlabeled
22311,unlabeled
22312,unlabeled
22313,unlabeled
22314,unlabeled
22315,unlabeled
22316,unlabeled
22317,unlabeled
22318,unlabeled
22319,unlabeled
22320,unlabeled
22321,unlabeled
22322,unlabeled
22323,unlabeled
22324,unlabeled
22325,unlabeled
22326,unlabeled
22327,unlabeled
22328,unlabeled
22329,unlabeled
22330,unlabeled
22331,unlabeled
22332,unlabeled
22333,unlabeled
22334,unlabeled
22335,unlabeled
22336,unlabeled
22337,unlabeled
22338,unlabeled
22339,unlabeled
22340,unlabeled
22341,unlabeled
22342,unlabeled
22343,unlabeled
22344,unlabeled
22345,unlabeled
22346,unlabeled
22347,unlabeled
22348,unlabeled
22349,unlabeled
22350,unlabeled
22351,unlabeled
22352,unlabeled
22353,unlabeled
22354,unlabeled
22355,unlabeled
22356,unlabeled
22357,unlabeled
22358,unlabeled
22359,unlabeled
22360,unlabeled
22361,unlabeled
22362,unlabeled
22363,unlabeled
22364,unlabeled
22365,unlabeled
22366,unlabeled
22367,unlabeled
22368,unlabeled
22369,unlabeled
22370,unlabeled
22371,unlabeled
22372,unlabeled
22373,unlabeled
22374,unlabeled
22375,unlabeled
22376,unlabeled
22377,unlabeled
22378,unlabeled
22379,unlabeled
22380,unlabeled
22381,unlabeled
22382,unlabeled
22383,unlabeled
22384,unlabeled
22385,unlabeled
22386,unlabeled
22387,unlabeled
22388,unlabeled
22389,unlabeled
22390,unlabeled
22391,unlabeled
22392,unlabeled
22393,unlabeled
22394,unlabeled
22395,unlabeled
22396,unlabeled
22397,unlabeled
22398,unlabeled
22399,unlabeled
22400,unlabeled
22401,unlabeled
22402,unlabeled
22403,unlabeled
22404,unlabeled
22405,unlabeled
22406,unlabeled
22407,unlabeled
22408,unlabeled
22409,unlabeled
22410,unlabeled
22411,unlabeled
22412,unlabeled
22413,unlabeled
22414,unlabeled
22415,unlabeled
22416,unlabeled
22417,unlabeled
22418,unlabeled
22419,unlabeled
22420,unlabeled
22421,unlabeled
22422,unlabeled
22423,unlabeled
22424,unlabeled
22425,unlabeled
22426,unlabeled
22427,unlabeled
22428,unlabeled
22429,unlabeled
22430,unlabeled
22431,unlabeled
22432,unlabeled
22433,unlabeled
22434,unlabeled
22435,unlabeled
22436,unlabeled
22437,unlabeled
22438,unlabeled
22439,unlabeled
22440,unlabeled
22441,unlabeled
22442,unlabeled
22443,unlabeled
22444,unlabeled
22445,unlabeled
22446,unlabeled
22447,unlabeled
22448,unlabeled
22449,unlabeled
22450,unlabeled
22451,unlabeled
22452,unlabeled
22453,unlabeled
22454,unlabeled
22455,unlabeled
22456,unlabeled
22457,unlabeled
22458,unlabeled
22459,unlabeled
22460,unlabeled
22461,unlabeled
22462,unlabeled
22463,unlabeled
22464,unlabeled
22465,unlabeled
22466,unlabeled
22467,unlabeled
22468,unlabeled
22469,unlabeled
22470,unlabeled
22471,unlabeled
22472,unlabeled
22473,unlabeled
22474,unlabeled
22475,unlabeled
22476,unlabeled
22477,unlabeled
22478,unlabeled
22479,unlabeled
22480,unlabeled
22481,unlabeled
22482,unlabeled
22483,unlabeled
22484,unlabeled
22485,unlabeled
22486,unlabeled
22487,unlabeled
22488,unlabeled
22489,unlabeled
22490,unlabeled
22491,unlabeled
22492,unlabeled
22493,unlabeled
22494,unlabeled
22495,unlabeled
22496,unlabeled
22497,unlabeled
22498,unlabeled
22499,unlabeled
22500,unlabeled
22501,unlabeled
22502,unlabeled
22503,unlabeled
22504,unlabeled
22505,unlabeled
22506,unlabeled
22507,unlabeled
22508,unlabeled
22509,unlabeled
22510,unlabeled
22511,unlabeled
22512,unlabeled
22513,unlabeled
22514,unlabeled
22515,unlabeled
22516,unlabeled
22517,unlabeled
22518,unlabeled
22519,unlabeled
22520,unlabeled
22521,unlabeled
22522,unlabeled
22523,unlabeled
22524,unlabeled
22525,unlabeled
22526,unlabeled
22527,unlabeled
22528,unlabeled
22529,unlabeled
22530,unlabeled
22531,unlabeled
22532,unlabeled
22533,unlabeled
22534,unlabeled
22535,unlabeled
22536,unlabeled
22537,unlabeled
22538,unlabeled
22539,unlabeled
22540,unlabeled
22541,unlabeled
22542,unlabeled
22543,unlabeled
22544,unlabeled
22545,unlabeled
22546,unlabeled
22547,unlabeled
22548,unlabeled
22549,unlabeled
22550,unlabeled
22551,unlabeled
22552,unlabeled
22553,unlabeled
22554,unlabeled
22555,unlabeled
22556,unlabeled
22557,unlabeled
22558,unlabeled
22559,unlabeled
22560,unlabeled
22561,unlabeled
22562,unlabeled
22563,unlabeled
22564,unlabeled
22565,unlabeled
22566,unlabeled
22567,unlabeled
22568,unlabeled
22569,unlabeled
22570,unlabeled
22571,unlabeled
22572,unlabeled
22573,unlabeled
22574,unlabeled
22575,unlabeled
22576,unlabeled
22577,unlabeled
22578,unlabeled
22579,unlabeled
22580,unlabeled
22581,unlabeled
22582,unlabeled
22583,unlabeled
22584,unlabeled
22585,unlabeled
22586,unlabeled
22587,unlabeled
22588,unlabeled
22589,unlabeled
22590,unlabeled
22591,unlabeled
22592,unlabeled
22593,unlabeled
22594,unlabeled
22595,unlabeled
22596,unlabeled
22597,unlabeled
22598,unlabeled
22599,unlabeled
22600,unlabeled
22601,unlabeled
22602,unlabeled
22603,unlabeled
22604,unlabeled
22605,unlabeled
22606,unlabeled
22607,unlabeled
22608,unlabeled
22609,unlabeled
22610,unlabeled
22611,unlabeled
22612,unlabeled
22613,unlabeled
22614,unlabeled
22615,unlabeled
22616,unlabeled
22617,unlabeled
22618,unlabeled
22619,unlabeled
22620,unlabeled
22621,unlabeled
22622,unlabeled
22623,unlabeled
22624,unlabeled
22625,unlabeled
22626,unlabeled
22627,unlabeled
22628,unlabeled
22629,unlabeled
22630,unlabeled
22631,unlabeled
22632,unlabeled
22633,unlabeled
22634,unlabeled
22635,unlabeled
22636,unlabeled
22637,unlabeled
22638,unlabeled
22639,unlabeled
22640,unlabeled
22641,unlabeled
22642,unlabeled
22643,unlabeled
22644,unlabeled
22645,unlabeled
22646,unlabeled
22647,unlabeled
22648,unlabeled
22649,unlabeled
22650,unlabeled
22651,unlabeled
22652,unlabeled
22653,unlabeled
22654,unlabeled
22655,unlabeled
22656,unlabeled
22657,unlabeled
22658,unlabeled
22659,unlabeled
22660,unlabeled
22661,unlabeled
22662,unlabeled
22663,unlabeled
22664,unlabeled
22665,unlabeled
22666,unlabeled
22667,unlabeled
22668,unlabeled
22669,unlabeled
22670,unlabeled
22671,unlabeled
22672,unlabeled
22673,unlabeled
22674,unlabeled
22675,unlabeled
22676,unlabeled
22677,unlabeled
22678,unlabeled
22679,unlabeled
22680,unlabeled
22681,unlabeled
22682,unlabeled
22683,unlabeled
22684,unlabeled
22685,unlabeled
22686,unlabeled
22687,unlabeled
22688,unlabeled
22689,unlabeled
22690,unlabeled
22691,unlabeled
22692,unlabeled
22693,unlabeled
22694,unlabeled
22695,unlabeled
22696,unlabeled
22697,unlabeled
22698,unlabeled
22699,unlabeled
22700,unlabeled
22701,unlabeled
22702,unlabeled
22703,unlabeled
22704,unlabeled
22705,unlabeled
22706,unlabeled
22707,unlabeled
22708,unlabeled
22709,unlabeled
22710,unlabeled
22711,unlabeled
22712,unlabeled
22713,unlabeled
22714,unlabeled
22715,unlabeled
22716,unlabeled
22717,unlabeled
22718,unlabeled
22719,unlabeled
22720,unlabeled
22721,unlabeled
22722,unlabeled
22723,unlabeled
22724,unlabeled
22725,unlabeled
22726,unlabeled
22727,unlabeled
22728,unlabeled
22729,unlabeled
22730,unlabeled
22731,unlabeled
22732,unlabeled
22733,unlabeled
22734,unlabeled
22735,unlabeled
22736,unlabeled
22737,unlabeled
22738,unlabeled
22739,unlabeled
22740,unlabeled
22741,unlabeled
22742,unlabeled
22743,unlabeled
22744,unlabeled
22745,unlabeled
22746,unlabeled
22747,unlabeled
22748,unlabeled
22749,unlabeled
22750,unlabeled
22751,unlabeled
22752,unlabeled
22753,unlabeled
22754,unlabeled
22755,unlabeled
22756,unlabeled
22757,unlabeled
22758,unlabeled
22759,unlabeled
22760,unlabeled
22761,unlabeled
22762,unlabeled
22763,unlabeled
22764,unlabeled
22765,unlabeled
22766,unlabeled
22767,unlabeled
22768,unlabeled
22769,unlabeled
22770,unlabeled
22771,unlabeled
22772,unlabeled
22773,unlabeled
22774,unlabeled
22775,unlabeled
22776,unlabeled
22777,unlabeled
22778,unlabeled
22779,unlabeled
22780,unlabeled
22781,unlabeled
22782,unlabeled
22783,unlabeled
22784,unlabeled
22785,unlabeled
22786,unlabeled
22787,unlabeled
22788,unlabeled
22789,unlabeled
22790,unlabeled
22791,unlabeled
22792,unlabeled
22793,unlabeled
22794,unlabeled
22795,unlabeled
22796,unlabeled
22797,unlabeled
22798,unlabeled
22799,unlabeled
22800,unlabeled
22801,unlabeled
22802,unlabeled
22803,unlabeled
22804,unlabeled
22805,unlabeled
22806,unlabeled
22807,unlabeled
22808,unlabeled
22809,unlabeled
22810,unlabeled
22811,unlabeled
22812,unlabeled
22813,unlabeled
22814,unlabeled
22815,unlabeled
22816,unlabeled
22817,unlabeled
22818,unlabeled
22819,unlabeled
22820,unlabeled
22821,unlabeled
22822,unlabeled
22823,unlabeled
22824,unlabeled
22825,unlabeled
22826,unlabeled
22827,unlabeled
22828,unlabeled
22829,unlabeled
22830,unlabeled
22831,unlabeled
22832,unlabeled
22833,unlabeled
22834,unlabeled
22835,unlabeled
22836,unlabeled
22837,unlabeled
22838,unlabeled
22839,unlabeled
22840,unlabeled
22841,unlabeled
22842,unlabeled
22843,unlabeled
22844,unlabeled
22845,unlabeled
22846,unlabeled
22847,unlabeled
22848,unlabeled
22849,unlabeled
22850,unlabeled
22851,unlabeled
22852,unlabeled
22853,unlabeled
22854,unlabeled
22855,unlabeled
22856,unlabeled
22857,unlabeled
22858,unlabeled
22859,unlabeled
22860,unlabeled
22861,unlabeled
22862,unlabeled
22863,unlabeled
22864,unlabeled
22865,unlabeled
22866,unlabeled
22867,unlabeled
22868,unlabeled
22869,unlabeled
22870,unlabeled
22871,unlabeled
22872,unlabeled
22873,unlabeled
22874,unlabeled
22875,unlabeled
22876,unlabeled
22877,unlabeled
22878,unlabeled
22879,unlabeled
22880,unlabeled
22881,unlabeled
22882,unlabeled
22883,unlabeled
22884,unlabeled
22885,unlabeled
22886,unlabeled
22887,unlabeled
22888,unlabeled
22889,unlabeled
22890,unlabeled
22891,unlabeled
22892,unlabeled
22893,unlabeled
22894,unlabeled
22895,unlabeled
22896,unlabeled
22897,unlabeled
22898,unlabeled
22899,unlabeled
22900,unlabeled
22901,unlabeled
22902,unlabeled
22903,unlabeled
22904,unlabeled
22905,unlabeled
22906,unlabeled
22907,unlabeled
22908,unlabeled
22909,unlabeled
22910,unlabeled
22911,unlabeled
22912,unlabeled
22913,unlabeled
22914,unlabeled
22915,unlabeled
22916,unlabeled
22917,unlabeled
22918,unlabeled
22919,unlabeled
22920,unlabeled
22921,unlabeled
22922,unlabeled
22923,unlabeled
22924,unlabeled
22925,unlabeled
22926,unlabeled
22927,unlabeled
22928,unlabeled
22929,unlabeled
22930,unlabeled
22931,unlabeled
22932,unlabeled
22933,unlabeled
22934,unlabeled
22935,unlabeled
22936,unlabeled
22937,unlabeled
22938,unlabeled
22939,unlabeled
22940,unlabeled
22941,unlabeled
22942,unlabeled
22943,unlabeled
22944,unlabeled
22945,unlabeled
22946,unlabeled
22947,unlabeled
22948,unlabeled
22949,unlabeled
22950,unlabeled
22951,unlabeled
22952,unlabeled
22953,unlabeled
22954,unlabeled
22955,unlabeled
22956,unlabeled
22957,unlabeled
22958,unlabeled
22959,unlabeled
22960,unlabeled
22961,unlabeled
22962,unlabeled
22963,unlabeled
22964,unlabeled
22965,unlabeled
22966,unlabeled
22967,unlabeled
22968,unlabeled
22969,unlabeled
22970,unlabeled
22971,unlabeled
22972,unlabeled
22973,unlabeled
22974,unlabeled
22975,unlabeled
22976,unlabeled
22977,unlabeled
22978,unlabeled
22979,unlabeled
22980,unlabeled
22981,unlabeled
22982,unlabeled
22983,unlabeled
22984,unlabeled
22985,unlabeled
22986,unlabeled
22987,unlabeled
22988,unlabeled
22989,unlabeled
22990,unlabeled
22991,unlabeled
22992,unlabeled
22993,unlabeled
22994,unlabeled
22995,unlabeled
22996,unlabeled
22997,unlabeled
22998,unlabeled
22999,unlabeled
23000,unlabeled
23001,unlabeled
23002,unlabeled
23003,unlabeled
23004,unlabeled
23005,unlabeled
23006,unlabeled
23007,unlabeled
23008,unlabeled
23009,unlabeled
23010,unlabeled
23011,unlabeled
23012,unlabeled
23013,unlabeled
23014,unlabeled
23015,unlabeled
23016,unlabeled
23017,unlabeled
23018,unlabeled
23019,unlabeled
23020,unlabeled
23021,unlabeled
23022,unlabeled
23023,unlabeled
23024,unlabeled
23025,unlabeled
23026,unlabeled
23027,unlabeled
23028,unlabeled
23029,unlabeled
23030,unlabeled
23031,unlabeled
23032,unlabeled
23033,unlabeled
23034,unlabeled
23035,unlabeled
23036,unlabeled
23037,unlabeled
23038,unlabeled
23039,unlabeled
23040,unlabeled
23041,unlabeled
23042,unlabeled
23043,unlabeled
23044,unlabeled
23045,unlabeled
23046,unlabeled
23047,unlabeled
23048,unlabeled
23049,unlabeled
23050,unlabeled
23051,unlabeled
23052,unlabeled
23053,unlabeled
23054,unlabeled
23055,unlabeled
23056,unlabeled
23057,unlabeled
23058,unlabeled
23059,unlabeled
23060,unlabeled
23061,unlabeled
23062,unlabeled
23063,unlabeled
23064,unlabeled
23065,unlabeled
23066,unlabeled
23067,unlabeled
23068,unlabeled
23069,unlabeled
23070,unlabeled
23071,unlabeled
23072,unlabeled
23073,unlabeled
23074,unlabeled
23075,unlabeled
23076,unlabeled
23077,unlabeled
23078,unlabeled
23079,unlabeled
23080,unlabeled
23081,unlabeled
23082,unlabeled
23083,unlabeled
23084,unlabeled
23085,unlabeled
23086,unlabeled
23087,unlabeled
23088,unlabeled
23089,unlabeled
23090,unlabeled
23091,unlabeled
23092,unlabeled
23093,unlabeled
23094,unlabeled
23095,unlabeled
23096,unlabeled
23097,unlabeled
23098,unlabeled
23099,unlabeled
23100,unlabeled
23101,unlabeled
23102,unlabeled
23103,unlabeled
23104,unlabeled
23105,unlabeled
23106,unlabeled
23107,unlabeled
23108,unlabeled
23109,unlabeled
23110,unlabeled
23111,unlabeled
23112,unlabeled
23113,unlabeled
23114,unlabeled
23115,unlabeled
23116,unlabeled
23117,unlabeled
23118,unlabeled
23119,unlabeled
23120,unlabeled
23121,unlabeled
23122,unlabeled
23123,unlabeled
23124,unlabeled
23125,unlabeled
23126,unlabeled
23127,unlabeled
23128,unlabeled
23129,unlabeled
23130,unlabeled
23131,unlabeled
23132,unlabeled
23133,unlabeled
23134,unlabeled
23135,unlabeled
23136,unlabeled
23137,unlabeled
23138,unlabeled
23139,unlabeled
23140,unlabeled
23141,unlabeled
23142,unlabeled
23143,unlabeled
23144,unlabeled
23145,unlabeled
23146,unlabeled
23147,unlabeled
23148,unlabeled
23149,unlabeled
23150,unlabeled
23151,unlabeled
23152,unlabeled
23153,unlabeled
23154,unlabeled
23155,unlabeled
23156,unlabeled
23157,unlabeled
23158,unlabeled
23159,unlabeled
23160,unlabeled
23161,unlabeled
23162,unlabeled
23163,unlabeled
23164,unlabeled
23165,unlabeled
23166,unlabeled
23167,unlabeled
23168,unlabeled
23169,unlabeled
23170,unlabeled
23171,unlabeled
23172,unlabeled
23173,unlabeled
23174,unlabeled
23175,unlabeled
23176,unlabeled
23177,unlabeled
23178,unlabeled
23179,unlabeled
23180,unlabeled
23181,unlabeled
23182,unlabeled
23183,unlabeled
23184,unlabeled
23185,unlabeled
23186,unlabeled
23187,unlabeled
23188,unlabeled
23189,unlabeled
23190,unlabeled
23191,unlabeled
23192,unlabeled
23193,unlabeled
23194,unlabeled
23195,unlabeled
23196,unlabeled
23197,unlabeled
23198,unlabeled
23199,unlabeled
23200,unlabeled
23201,unlabeled
23202,unlabeled
23203,unlabeled
23204,unlabeled
23205,unlabeled
23206,unlabeled
23207,unlabeled
23208,unlabeled
23209,unlabeled
23210,unlabeled
23211,unlabeled
23212,unlabeled
23213,unlabeled
23214,unlabeled
23215,unlabeled
23216,unlabeled
23217,unlabeled
23218,unlabeled
23219,unlabeled
23220,unlabeled
23221,unlabeled
23222,unlabeled
23223,unlabeled
23224,unlabeled
23225,unlabeled
23226,unlabeled
23227,unlabeled
23228,unlabeled
23229,unlabeled
23230,unlabeled
23231,unlabeled
23232,unlabeled
23233,unlabeled
23234,unlabeled
23235,unlabeled
23236,unlabeled
23237,unlabeled
23238,unlabeled
23239,unlabeled
23240,unlabeled
23241,unlabeled
23242,unlabeled
23243,unlabeled
23244,unlabeled
23245,unlabeled
23246,unlabeled
23247,unlabeled
23248,unlabeled
23249,unlabeled
23250,unlabeled
23251,unlabeled
23252,unlabeled
23253,unlabeled
23254,unlabeled
23255,unlabeled
23256,unlabeled
23257,unlabeled
23258,unlabeled
23259,unlabeled
23260,unlabeled
23261,unlabeled
23262,unlabeled
23263,unlabeled
23264,unlabeled
23265,unlabeled
23266,unlabeled
23267,unlabeled
23268,unlabeled
23269,unlabeled
23270,unlabeled
23271,unlabeled
23272,unlabeled
23273,unlabeled
23274,unlabeled
23275,unlabeled
23276,unlabeled
23277,unlabeled
23278,unlabeled
23279,unlabeled
23280,unlabeled
23281,unlabeled
23282,unlabeled
23283,unlabeled
23284,unlabeled
23285,unlabeled
23286,unlabeled
23287,unlabeled
23288,unlabeled
23289,unlabeled
23290,unlabeled
23291,unlabeled
23292,unlabeled
23293,unlabeled
23294,unlabeled
23295,unlabeled
23296,unlabeled
23297,unlabeled
23298,unlabeled
23299,unlabeled
23300,unlabeled
23301,unlabeled
23302,unlabeled
23303,unlabeled
23304,unlabeled
23305,unlabeled
23306,unlabeled
23307,unlabeled
23308,unlabeled
23309,unlabeled
23310,unlabeled
23311,unlabeled
23312,unlabeled
23313,unlabeled
23314,unlabeled
23315,unlabeled
23316,unlabeled
23317,unlabeled
23318,unlabeled
23319,unlabeled
23320,unlabeled
23321,unlabeled
23322,unlabeled
23323,unlabeled
23324,unlabeled
23325,unlabeled
23326,unlabeled
23327,unlabeled
23328,unlabeled
23329,unlabeled
23330,unlabeled
23331,unlabeled
23332,unlabeled
23333,unlabeled
23334,unlabeled
23335,unlabeled
23336,unlabeled
23337,unlabeled
23338,unlabeled
23339,unlabeled
23340,unlabeled
23341,unlabeled
23342,unlabeled
23343,unlabeled
23344,unlabeled
23345,unlabeled
23346,unlabeled
23347,unlabeled
23348,unlabeled
23349,unlabeled
23350,unlabeled
23351,unlabeled
23352,unlabeled
23353,unlabeled
23354,unlabeled
23355,unlabeled
23356,unlabeled
23357,unlabeled
23358,unlabeled
23359,unlabeled
23360,unlabeled
23361,unlabeled
23362,unlabeled
23363,unlabeled
23364,unlabeled
23365,unlabeled
23366,unlabeled
23367,unlabeled
23368,unlabeled
23369,unlabeled
23370,unlabeled
23371,unlabeled
23372,unlabeled
23373,unlabeled
23374,unlabeled
23375,unlabeled
23376,unlabeled
23377,unlabeled
23378,unlabeled
23379,unlabeled
23380,unlabeled
23381,unlabeled
23382,unlabeled
23383,unlabeled
23384,unlabeled
23385,unlabeled
23386,unlabeled
23387,unlabeled
23388,unlabeled
23389,unlabeled
23390,unlabeled
23391,unlabeled
23392,unlabeled
23393,unlabeled
23394,unlabeled
23395,unlabeled
23396,unlabeled
23397,unlabeled
23398,unlabeled
23399,unlabeled
23400,unlabeled
23401,unlabeled
23402,unlabeled
23403,unlabeled
23404,unlabeled
23405,unlabeled
23406,unlabeled
23407,unlabeled
23408,unlabeled
23409,unlabeled
23410,unlabeled
23411,unlabeled
23412,unlabeled
23413,unlabeled
23414,unlabeled
23415,unlabeled
23416,unlabeled
23417,unlabeled
23418,unlabeled
23419,unlabeled
23420,unlabeled
23421,unlabeled
23422,unlabeled
23423,unlabeled
23424,unlabeled
23425,unlabeled
23426,unlabeled
23427,unlabeled
23428,unlabeled
23429,unlabeled
23430,unlabeled
23431,unlabeled
23432,unlabeled
23433,unlabeled
23434,unlabeled
23435,unlabeled
23436,unlabeled
23437,unlabeled
23438,unlabeled
23439,unlabeled
23440,unlabeled
23441,unlabeled
23442,unlabeled
23443,unlabeled
23444,unlabeled
23445,unlabeled
23446,unlabeled
23447,unlabeled
23448,unlabeled
23449,unlabeled
23450,unlabeled
23451,unlabeled
23452,unlabeled
23453,unlabeled
23454,unlabeled
23455,unlabeled
23456,unlabeled
23457,unlabeled
23458,unlabeled
23459,unlabeled
23460,unlabeled
23461,unlabeled
23462,unlabeled
23463,unlabeled
23464,unlabeled
23465,unlabeled
23466,unlabeled
23467,unlabeled
23468,unlabeled
23469,unlabeled
23470,unlabeled
23471,unlabeled
23472,unlabeled
23473,unlabeled
23474,unlabeled
23475,unlabeled
23476,unlabeled
23477,unlabeled
23478,unlabeled
23479,unlabeled
23480,unlabeled
23481,unlabeled
23482,unlabeled
23483,unlabeled
23484,unlabeled
23485,unlabeled
23486,unlabeled
23487,unlabeled
23488,unlabeled
23489,unlabeled
23490,unlabeled
23491,unlabeled
23492,unlabeled
23493,unlabeled
23494,unlabeled
23495,unlabeled
23496,unlabeled
23497,unlabeled
23498,unlabeled
23499,unlabeled
23500,unlabeled
23501,unlabeled
23502,unlabeled
23503,unlabeled
23504,unlabeled
23505,unlabeled
23506,unlabeled
23507,unlabeled
23508,unlabeled
23509,unlabeled
23510,unlabeled
23511,unlabeled
23512,unlabeled
23513,unlabeled
23514,unlabeled
23515,unlabeled
23516,unlabeled
23517,unlabeled
23518,unlabeled
23519,unlabeled
23520,unlabeled
23521,unlabeled
23522,unlabeled
23523,unlabeled
23524,unlabeled
23525,unlabeled
23526,unlabeled
23527,unlabeled
23528,unlabeled
23529,unlabeled
23530,unlabeled
23531,unlabeled
23532,unlabeled
23533,unlabeled
23534,unlabeled
23535,unlabeled
23536,unlabeled
23537,unlabeled
23538,unlabeled
23539,unlabeled
23540,unlabeled
23541,unlabeled
23542,unlabeled
23543,unlabeled
23544,unlabeled
23545,unlabeled
23546,unlabeled
23547,unlabeled
23548,unlabeled
23549,unlabeled
23550,unlabeled
23551,unlabeled
23552,unlabeled
23553,unlabeled
23554,unlabeled
23555,unlabeled
23556,unlabeled
23557,unlabeled
23558,unlabeled
23559,unlabeled
23560,unlabeled
23561,unlabeled
23562,unlabeled
23563,unlabeled
23564,unlabeled
23565,unlabeled
23566,unlabeled
23567,unlabeled
23568,unlabeled
23569,unlabeled
23570,unlabeled
23571,unlabeled
23572,unlabeled
23573,unlabeled
23574,unlabeled
23575,unlabeled
23576,unlabeled
23577,unlabeled
23578,unlabeled
23579,unlabeled
23580,unlabeled
23581,unlabeled
23582,unlabeled
23583,unlabeled
23584,unlabeled
23585,unlabeled
23586,unlabeled
23587,unlabeled
23588,unlabeled
23589,unlabeled
23590,unlabeled
23591,unlabeled
23592,unlabeled
23593,unlabeled
23594,unlabeled
23595,unlabeled
23596,unlabeled
23597,unlabeled
23598,unlabeled
23599,unlabeled
23600,unlabeled
23601,unlabeled
23602,unlabeled
23603,unlabeled
23604,unlabeled
23605,unlabeled
23606,unlabeled
23607,unlabeled
23608,unlabeled
23609,unlabeled
23610,unlabeled
23611,unlabeled
23612,unlabeled
23613,unlabeled
23614,unlabeled
23615,unlabeled
23616,unlabeled
23617,unlabeled
23618,unlabeled
23619,unlabeled
23620,unlabeled
23621,unlabeled
23622,unlabeled
23623,unlabeled
23624,unlabeled
23625,unlabeled
23626,unlabeled
23627,unlabeled
23628,unlabeled
23629,unlabeled
23630,unlabeled
23631,unlabeled
23632,unlabeled
23633,unlabeled
23634,unlabeled
23635,unlabeled
23636,unlabeled
23637,unlabeled
23638,unlabeled
23639,unlabeled
23640,unlabeled
23641,unlabeled
23642,unlabeled
23643,unlabeled
23644,unlabeled
23645,unlabeled
23646,unlabeled
23647,unlabeled
23648,unlabeled
23649,unlabeled
23650,unlabeled
23651,unlabeled
23652,unlabeled
23653,unlabeled
23654,unlabeled
23655,unlabeled
23656,unlabeled
23657,unlabeled
23658,unlabeled
23659,unlabeled
23660,unlabeled
23661,unlabeled
23662,unlabeled
23663,unlabeled
23664,unlabeled
23665,unlabeled
23666,unlabeled
23667,unlabeled
23668,unlabeled
23669,unlabeled
23670,unlabeled
23671,unlabeled
23672,unlabeled
23673,unlabeled
23674,unlabeled
23675,unlabeled
23676,unlabeled
23677,unlabeled
23678,unlabeled
23679,unlabeled
23680,unlabeled
23681,unlabeled
23682,unlabeled
23683,unlabeled
23684,unlabeled
23685,unlabeled
23686,unlabeled
23687,unlabeled
23688,unlabeled
23689,unlabeled
23690,unlabeled
23691,unlabeled
23692,unlabeled
23693,unlabeled
23694,unlabeled
23695,unlabeled
23696,unlabeled
23697,unlabeled
23698,unlabeled
23699,unlabeled
23700,unlabeled
23701,unlabeled
23702,unlabeled
23703,unlabeled
23704,unlabeled
23705,unlabeled
23706,unlabeled
23707,unlabeled
23708,unlabeled
23709,unlabeled
23710,unlabeled
23711,unlabeled
23712,unlabeled
23713,unlabeled
23714,unlabeled
23715,unlabeled
23716,unlabeled
23717,unlabeled
23718,unlabeled
23719,unlabeled
23720,unlabeled
23721,unlabeled
23722,unlabeled
23723,unlabeled
23724,unlabeled
23725,unlabeled
23726,unlabeled
23727,unlabeled
23728,unlabeled
23729,unlabeled
23730,unlabeled
23731,unlabeled
23732,unlabeled
23733,unlabeled
23734,unlabeled
23735,unlabeled
23736,unlabeled
23737,unlabeled
23738,unlabeled
23739,unlabeled
23740,unlabeled
23741,unlabeled
23742,unlabeled
23743,unlabeled
23744,unlabeled
23745,unlabeled
23746,unlabeled
23747,unlabeled
23748,unlabeled
23749,unlabeled
23750,unlabeled
23751,unlabeled
23752,unlabeled
23753,unlabeled
23754,unlabeled
23755,unlabeled
23756,unlabeled
23757,unlabeled
23758,unlabeled
23759,unlabeled
23760,unlabeled
23761,unlabeled
23762,unlabeled
23763,unlabeled
23764,unlabeled
23765,unlabeled
23766,unlabeled
23767,unlabeled
23768,unlabeled
23769,unlabeled
23770,unlabeled
23771,unlabeled
23772,unlabeled
23773,unlabeled
23774,unlabeled
23775,unlabeled
23776,unlabeled
23777,unlabeled
23778,unlabeled
23779,unlabeled
23780,unlabeled
23781,unlabeled
23782,unlabeled
23783,unlabeled
23784,unlabeled
23785,unlabeled
23786,unlabeled
23787,unlabeled
23788,unlabeled
23789,unlabeled
23790,unlabeled
23791,unlabeled
23792,unlabeled
23793,unlabeled
23794,unlabeled
23795,unlabeled
23796,unlabeled
23797,unlabeled
23798,unlabeled
23799,unlabeled
23800,unlabeled
23801,unlabeled
23802,unlabeled
23803,unlabeled
23804,unlabeled
23805,unlabeled
23806,unlabeled
23807,unlabeled
23808,unlabeled
23809,unlabeled
23810,unlabeled
23811,unlabeled
23812,unlabeled
23813,unlabeled
23814,unlabeled
23815,unlabeled
23816,unlabeled
23817,unlabeled
23818,unlabeled
23819,unlabeled
23820,unlabeled
23821,unlabeled
23822,unlabeled
23823,unlabeled
23824,unlabeled
23825,unlabeled
23826,unlabeled
23827,unlabeled
23828,unlabeled
23829,unlabeled
23830,unlabeled
23831,unlabeled
23832,unlabeled
23833,unlabeled
23834,unlabeled
23835,unlabeled
23836,unlabeled
23837,unlabeled
23838,unlabeled
23839,unlabeled
23840,unlabeled
23841,unlabeled
23842,unlabeled
23843,unlabeled
23844,unlabeled
23845,unlabeled
23846,unlabeled
23847,unlabeled
23848,unlabeled
23849,unlabeled
23850,unlabeled
23851,unlabeled
23852,unlabeled
23853,unlabeled
23854,unlabeled
23855,unlabeled
23856,unlabeled
23857,unlabeled
23858,unlabeled
23859,unlabeled
23860,unlabeled
23861,unlabeled
23862,unlabeled
23863,unlabeled
23864,unlabeled
23865,unlabeled
23866,unlabeled
23867,unlabeled
23868,unlabeled
23869,unlabeled
23870,unlabeled
23871,unlabeled
23872,unlabeled
23873,unlabeled
23874,unlabeled
23875,unlabeled
23876,unlabeled
23877,unlabeled
23878,unlabeled
23879,unlabeled
23880,unlabeled
23881,unlabeled
23882,unlabeled
23883,unlabeled
23884,unlabeled
23885,unlabeled
23886,unlabeled
23887,unlabeled
23888,unlabeled
23889,unlabeled
23890,unlabeled
23891,unlabeled
23892,unlabeled
23893,unlabeled
23894,unlabeled
23895,unlabeled
23896,unlabeled
23897,unlabeled
23898,unlabeled
23899,unlabeled
23900,unlabeled
23901,unlabeled
23902,unlabeled
23903,unlabeled
23904,unlabeled
23905,unlabeled
23906,unlabeled
23907,unlabeled
23908,unlabeled
23909,unlabeled
23910,unlabeled
23911,unlabeled
23912,unlabeled
23913,unlabeled
23914,unlabeled
23915,unlabeled
23916,unlabeled
23917,unlabeled
23918,unlabeled
23919,unlabeled
23920,unlabeled
23921,unlabeled
23922,unlabeled
23923,unlabeled
23924,unlabeled
23925,unlabeled
23926,unlabeled
23927,unlabeled
23928,unlabeled
23929,unlabeled
23930,unlabeled
23931,unlabeled
23932,unlabeled
23933,unlabeled
23934,unlabeled
23935,unlabeled
23936,unlabeled
23937,unlabeled
23938,unlabeled
23939,unlabeled
23940,unlabeled
23941,unlabeled
23942,unlabeled
23943,unlabeled
23944,unlabeled
23945,unlabeled
23946,unlabeled
23947,unlabeled
23948,unlabeled
23949,unlabeled
23950,unlabeled
23951,unlabeled
23952,unlabeled
23953,unlabeled
23954,unlabeled
23955,unlabeled
23956,unlabeled
23957,unlabeled
23958,unlabeled
23959,unlabeled
23960,unlabeled
23961,unlabeled
23962,unlabeled
23963,unlabeled
23964,unlabeled
23965,unlabeled
23966,unlabeled
23967,unlabeled
23968,unlabeled
23969,unlabeled
23970,unlabeled
23971,unlabeled
23972,unlabeled
23973,unlabeled
23974,unlabeled
23975,unlabeled
23976,unlabeled
23977,unlabeled
23978,unlabeled
23979,unlabeled
23980,unlabeled
23981,unlabeled
23982,unlabeled
23983,unlabeled
23984,unlabeled
23985,unlabeled
23986,unlabeled
23987,unlabeled
23988,unlabeled
23989,unlabeled
23990,unlabeled
23991,unlabeled
23992,unlabeled
23993,unlabeled
23994,unlabeled
23995,unlabeled
23996,unlabeled
23997,unlabeled
23998,unlabeled
23999,unlabeled
24000,unlabeled
24001,unlabeled
24002,unlabeled
24003,unlabeled
24004,unlabeled
24005,unlabeled
24006,unlabeled
24007,unlabeled
24008,unlabeled
24009,unlabeled
24010,unlabeled
24011,unlabeled
24012,unlabeled
24013,unlabeled
24014,unlabeled
24015,unlabeled
24016,unlabeled
24017,unlabeled
24018,unlabeled
24019,unlabeled
24020,unlabeled
24021,unlabeled
24022,unlabeled
24023,unlabeled
24024,unlabeled
24025,unlabeled
24026,unlabeled
